sensor_label,channel,frequency_hz,amplitude
1,1,0,1.3199274e-06
1,1,0.50003418,1.161658e-06
1,1,1.0000684,8.3871079e-07
1,1,1.5001025,6.7113302e-06
1,1,2.0001367,1.5927855e-05
1,1,2.5001709,1.5088422e-05
1,1,3.0002051,6.5853466e-06
1,1,3.5002393,1.1660286e-05
1,1,4.0002735,1.9655486e-05
1,1,4.5003076,1.6157496e-05
1,1,5.0003418,6.058598e-06
1,1,5.500376,1.9506681e-05
1,1,6.0004102,3.3174515e-05
1,1,6.5004444,2.2370919e-05
1,1,7.0004785,1.1454281e-05
1,1,7.5005127,1.6213244e-05
1,1,8.0005469,3.2686575e-05
1,1,8.5005811,3.4114854e-05
1,1,9.0006153,2.2921786e-05
1,1,9.5006495,2.5552583e-05
1,1,10.000684,2.8461801e-05
1,1,10.500718,2.3338948e-05
1,1,11.000752,1.9588712e-05
1,1,11.500786,2.6535675e-05
1,1,12.00082,3.4251924e-05
1,1,12.500855,2.023074e-05
1,1,13.000889,2.332973e-05
1,1,13.500923,2.2793592e-05
1,1,14.000957,4.0018205e-05
1,1,14.500991,2.0988313e-05
1,1,15.001025,1.7502343e-05
1,1,15.50106,2.5389408e-05
1,1,16.001094,2.6393359e-05
1,1,16.501128,1.5598908e-05
1,1,17.001162,2.0442648e-05
1,1,17.501196,2.9755954e-05
1,1,18.001231,5.3822586e-05
1,1,18.501265,5.3467231e-05
1,1,19.001299,2.4520996e-05
1,1,19.501333,7.2970432e-05
1,1,20.001367,0.00010958267
1,1,20.501401,3.3106848e-05
1,1,21.001436,1.8830164e-05
1,1,21.50147,2.7297667e-05
1,1,22.001504,7.6335529e-05
1,1,22.501538,6.059386e-05
1,1,23.001572,3.7673399e-05
1,1,23.501607,4.2326644e-05
1,1,24.001641,0.00011132936
1,1,24.501675,6.0055063e-05
1,1,25.001709,1.9626799e-05
1,1,25.501743,6.0835006e-05
1,1,26.001777,0.00010008703
1,1,26.501812,1.1594905e-05
1,1,27.001846,3.2598479e-05
1,1,27.50188,5.2952375e-05
1,1,28.001914,8.9660113e-05
1,1,28.501948,6.7611611e-05
1,1,29.001983,8.4953181e-05
1,1,29.502017,6.351414e-05
1,1,30.002051,0.00016902761
1,1,30.502085,0.00010758332
1,1,31.002119,6.4993172e-05
1,1,31.502153,0.00010209915
1,1,32.002188,0.00019901734
1,1,32.502222,8.6990371e-05
1,1,33.002256,3.9544107e-05
1,1,33.50229,0.00015659238
1,1,34.002324,0.00021269983
1,1,34.502359,7.2301112e-05
1,1,35.002393,4.7931328e-05
1,1,35.502427,0.00016457009
1,1,36.002461,0.0002272215
1,1,36.502495,0.00014945872
1,1,37.002529,6.0941057e-05
1,1,37.502564,0.00017127
1,1,38.002598,0.00043114215
1,1,38.502632,0.00040390787
1,1,39.002666,9.5027759e-05
1,1,39.5027,9.4770903e-05
1,1,40.002735,8.5654947e-05
1,1,40.502769,5.4957397e-05
1,1,41.002803,1.3176634e-05
1,1,41.502837,9.2291976e-05
1,1,42.002871,0.00013171499
1,1,42.502905,3.1965295e-05
1,1,43.00294,4.2687178e-05
1,1,43.502974,7.0876211e-05
1,1,44.003008,5.6244717e-05
1,1,44.503042,3.7621592e-05
1,1,45.003076,4.2770635e-05
1,1,45.503111,3.6092868e-05
1,1,46.003145,2.1212044e-05
1,1,46.503179,4.9963967e-05
1,1,47.003213,4.3233249e-05
1,1,47.503247,1.159084e-05
1,1,48.003281,2.112958e-05
1,1,48.503316,3.7809252e-05
1,1,49.00335,2.626576e-05
1,1,49.503384,1.142576e-05
1,1,50.003418,2.2367408e-05
1,1,50.503452,4.5011052e-05
1,1,51.003487,3.8523096e-05
1,1,51.503521,8.3923882e-06
1,1,52.003555,1.2300931e-05
1,1,52.503589,2.8868735e-05
1,1,53.003623,2.7865521e-05
1,1,53.503657,1.4648931e-05
1,1,54.003692,1.7079166e-05
1,1,54.503726,2.6990116e-05
1,1,55.00376,2.4935018e-05
1,1,55.503794,1.98528e-05
1,1,56.003828,2.0575272e-05
1,1,56.503863,7.3735745e-06
1,1,57.003897,2.7191375e-06
1,1,57.503931,1.3835867e-05
1,1,58.003965,2.4312242e-05
1,1,58.503999,3.2347503e-05
1,1,59.004033,4.1589401e-05
1,1,59.504068,0.00011659153
1,1,60.004102,8.5927323e-05
1,1,60.504136,2.8713188e-05
1,1,61.00417,3.8824437e-05
1,1,61.504204,2.1510597e-05
1,1,62.004239,3.3972076e-05
1,1,62.504273,4.0343022e-05
1,1,63.004307,5.0200153e-05
1,1,63.504341,4.2735622e-05
1,1,64.004375,5.3211254e-05
1,1,64.504409,5.6304791e-05
1,1,65.004444,8.2162743e-05
1,1,65.504478,6.8076539e-05
1,1,66.004512,4.1910913e-05
1,1,66.504546,4.5619907e-05
1,1,67.00458,0.00010608483
1,1,67.504615,0.00011630804
1,1,68.004649,7.0118956e-05
1,1,68.504683,2.5469407e-05
1,1,69.004717,0.00012148609
1,1,69.504751,0.00016049013
1,1,70.004785,0.00010251732
1,1,70.50482,5.6154295e-05
1,1,71.004854,6.281737e-05
1,1,71.504888,0.00012760657
1,1,72.004922,6.7737918e-05
1,1,72.504956,2.3920857e-05
1,1,73.004991,4.2971003e-05
1,1,73.505025,5.6120418e-05
1,1,74.005059,4.2440441e-05
1,1,74.505093,2.6808125e-05
1,1,75.005127,6.4422125e-05
1,1,75.505161,3.1061433e-05
1,1,76.005196,4.6997034e-05
1,1,76.50523,3.7052419e-05
1,1,77.005264,4.7182186e-05
1,1,77.505298,4.023725e-05
1,1,78.005332,4.444225e-05
1,1,78.505367,3.7253122e-05
1,1,79.005401,3.6159691e-05
1,1,79.505435,4.556925e-05
1,1,80.005469,3.8776438e-05
1,1,80.505503,3.6347203e-05
1,1,81.005537,3.0968911e-05
1,1,81.505572,3.8127624e-05
1,1,82.005606,2.248103e-05
1,1,82.50564,3.6291146e-05
1,1,83.005674,3.097838e-05
1,1,83.505708,3.1749201e-05
1,1,84.005743,7.065433e-06
1,1,84.505777,1.4119785e-05
1,1,85.005811,3.4858394e-05
1,1,85.505845,1.2327964e-05
1,1,86.005879,2.2242655e-05
1,1,86.505913,1.261988e-05
1,1,87.005948,4.379501e-05
1,1,87.505982,1.0936251e-05
1,1,88.006016,3.5973973e-05
1,1,88.50605,2.8619193e-05
1,1,89.006084,5.009221e-05
1,1,89.506119,1.9005529e-05
1,1,90.006153,4.774706e-05
1,1,90.506187,4.5385643e-05
1,1,91.006221,3.994618e-05
1,1,91.506255,1.9035607e-05
1,1,92.006289,5.6477328e-05
1,1,92.506324,4.4952043e-05
1,1,93.006358,2.8918295e-05
1,1,93.506392,1.4773703e-05
1,1,94.006426,3.2629007e-05
1,1,94.50646,2.5320115e-05
1,1,95.006495,1.7614019e-05
1,1,95.506529,7.8742609e-06
1,1,96.006563,2.9165386e-05
1,1,96.506597,2.4641153e-05
1,1,97.006631,2.9011436e-06
1,1,97.506665,5.1709697e-06
1,1,98.0067,1.9118436e-05
1,1,98.506734,3.969943e-06
1,1,99.006768,1.2667591e-05
1,1,99.506802,1.341352e-05
1,1,100.00684,1.7592868e-05
1,1,100.50687,1.64012e-05
1,1,101.0069,1.7964633e-05
1,1,101.50694,1.5194341e-05
1,1,102.00697,3.9233875e-05
1,1,102.50701,3.8554805e-05
1,1,103.00704,1.896222e-05
1,1,103.50708,2.3302481e-05
1,1,104.00711,3.6927401e-05
1,1,104.50714,2.3378326e-05
1,1,105.00718,6.5864103e-06
1,1,105.50721,3.4985504e-05
1,1,106.00725,5.1804478e-05
1,1,106.50728,3.4540041e-05
1,1,107.00731,2.024173e-05
1,1,107.50735,2.0076921e-05
1,1,108.00738,2.9906625e-05
1,1,108.50742,1.5985297e-05
1,1,109.00745,3.3304903e-05
1,1,109.50749,1.8852559e-05
1,1,110.00752,1.7686242e-05
1,1,110.50755,1.1985493e-05
1,1,111.00759,1.8912605e-05
1,1,111.50762,1.6943663e-05
1,1,112.00766,2.8020424e-05
1,1,112.50769,2.4501459e-05
1,1,113.00773,7.6843465e-06
1,1,113.50776,2.0181345e-05
1,1,114.00779,1.3957222e-05
1,1,114.50783,2.5893881e-05
1,1,115.00786,1.9546238e-05
1,1,115.5079,1.2513111e-05
1,1,116.00793,1.4667578e-05
1,1,116.50796,3.6942691e-05
1,1,117.008,3.4788099e-05
1,1,117.50803,1.219865e-05
1,1,118.00807,2.4643089e-05
1,1,118.5081,1.9849419e-05
1,1,119.00814,7.3148243e-05
1,1,119.50817,9.8378937e-05
1,1,120.0082,0.00016731752
1,1,120.50824,7.8854206e-05
1,1,121.00827,1.6598039e-05
1,1,121.50831,1.3344323e-05
1,1,122.00834,3.2831154e-05
1,1,122.50837,1.9680861e-05
1,1,123.00841,1.7175328e-05
1,1,123.50844,1.7721855e-05
1,1,124.00848,3.0420016e-05
1,1,124.50851,1.1495366e-05
1,1,125.00855,1.6923493e-05
1,1,125.50858,9.5751378e-06
1,1,126.00861,3.1241837e-05
1,1,126.50865,4.3785063e-05
1,1,127.00868,4.7714147e-05
1,1,127.50872,2.1919285e-05
1,1,128.00875,2.4105071e-05
1,1,128.50878,3.588334e-05
1,1,129.00882,4.4254268e-05
1,1,129.50885,1.1565286e-05
1,1,130.00889,2.7393719e-05
1,1,130.50892,4.6267592e-05
1,1,131.00896,4.2708788e-05
1,1,131.50899,1.5863181e-05
1,1,132.00902,4.4905276e-05
1,1,132.50906,3.8589295e-05
1,1,133.00909,2.74733e-05
1,1,133.50913,2.0673776e-05
1,1,134.00916,1.6229598e-05
1,1,134.50919,7.4264435e-06
1,1,135.00923,2.2092632e-05
1,1,135.50926,1.0720576e-05
1,1,136.0093,3.064334e-05
1,1,136.50933,4.1688377e-06
1,1,137.00937,1.6547585e-05
1,1,137.5094,9.9986261e-06
1,1,138.00943,2.4341171e-05
1,1,138.50947,2.5856877e-05
1,1,139.0095,4.5409561e-05
1,1,139.50954,1.4767138e-05
1,1,140.00957,2.6900839e-05
1,1,140.50961,3.8286439e-05
1,1,141.00964,4.9358603e-05
1,1,141.50967,2.7014473e-05
1,1,142.00971,9.9643226e-06
1,1,142.50974,5.6710127e-05
1,1,143.00978,7.3690298e-05
1,1,143.50981,2.4067815e-05
1,1,144.00984,6.998927e-05
1,1,144.50988,4.659775e-05
1,1,145.00991,4.626158e-05
1,1,145.50995,1.4566749e-05
1,1,146.00998,4.3264963e-05
1,1,146.51002,3.041285e-05
1,1,147.01005,4.1631372e-05
1,1,147.51008,2.0689049e-05
1,1,148.01012,4.0226671e-05
1,1,148.51015,7.1788813e-05
1,1,149.01019,5.7114678e-05
1,1,149.51022,1.0262446e-05
1,1,150.01025,1.1270528e-05
1,1,150.51029,2.782066e-05
1,1,151.01032,2.2988418e-05
1,1,151.51036,6.373203e-05
1,1,152.01039,5.5034191e-05
1,1,152.51043,5.07099e-05
1,1,153.01046,8.680512e-05
1,1,153.51049,8.6082142e-05
1,1,154.01053,5.3105932e-05
1,1,154.51056,6.5983672e-05
1,1,155.0106,8.8560485e-05
1,1,155.51063,7.6572015e-05
1,1,156.01066,6.8831192e-05
1,1,156.5107,8.8088527e-05
1,1,157.01073,0.00010009095
1,1,157.51077,6.4347598e-05
1,1,158.0108,6.6157942e-05
1,1,158.51084,0.00010208919
1,1,159.01087,8.8781843e-05
1,1,159.5109,3.2345537e-05
1,1,160.01094,4.3727564e-05
1,1,160.51097,6.9256712e-05
1,1,161.01101,4.546785e-05
1,1,161.51104,1.369809e-05
1,1,162.01107,4.3003504e-05
1,1,162.51111,3.1468207e-05
1,1,163.01114,3.7166055e-05
1,1,163.51118,3.227938e-05
1,1,164.01121,3.3111186e-05
1,1,164.51125,4.3871163e-05
1,1,165.01128,5.6569267e-05
1,1,165.51131,3.9312074e-05
1,1,166.01135,5.0576117e-05
1,1,166.51138,4.8927128e-05
1,1,167.01142,5.9869516e-05
1,1,167.51145,5.2542716e-05
1,1,168.01149,6.1813373e-05
1,1,168.51152,6.3887163e-05
1,1,169.01155,7.2797196e-05
1,1,169.51159,5.0483891e-05
1,1,170.01162,4.7672145e-05
1,1,170.51166,5.2331984e-05
1,1,171.01169,6.5374865e-05
1,1,171.51172,4.5823215e-05
1,1,172.01176,3.9863647e-05
1,1,172.51179,3.3809556e-05
1,1,173.01183,3.9051614e-05
1,1,173.51186,2.6146631e-05
1,1,174.0119,2.6173969e-05
1,1,174.51193,1.1110105e-05
1,1,175.01196,2.0297199e-05
1,1,175.512,1.3827999e-05
1,1,176.01203,2.1117036e-05
1,1,176.51207,1.7699334e-05
1,1,177.0121,2.5160022e-05
1,1,177.51213,1.9982095e-05
1,1,178.01217,2.8425214e-05
1,1,178.5122,2.5471704e-05
1,1,179.01224,4.1467631e-05
1,1,179.51227,2.3114722e-05
1,1,180.01231,2.5208214e-05
1,1,180.51234,4.4053596e-05
1,1,181.01237,5.6653978e-05
1,1,181.51241,4.4968266e-05
1,1,182.01244,3.8778144e-05
1,1,182.51248,3.2062028e-05
1,1,183.01251,3.924464e-05
1,1,183.51254,3.9806881e-05
1,1,184.01258,4.3502301e-05
1,1,184.51261,2.8994166e-05
1,1,185.01265,2.2293431e-05
1,1,185.51268,3.1698519e-05
1,1,186.01272,3.5185982e-05
1,1,186.51275,1.9011272e-05
1,1,187.01278,1.6122928e-05
1,1,187.51282,3.2985463e-05
1,1,188.01285,2.7571932e-05
1,1,188.51289,1.9811831e-06
1,1,189.01292,3.0730825e-05
1,1,189.51295,2.8408768e-05
1,1,190.01299,1.2793229e-05
1,1,190.51302,2.080648e-05
1,1,191.01306,3.6809846e-05
1,1,191.51309,2.3561258e-05
1,1,192.01313,1.3292264e-05
1,1,192.51316,1.0980269e-05
1,1,193.01319,4.8570461e-05
1,1,193.51323,2.9097874e-05
1,1,194.01326,3.1671338e-05
1,1,194.5133,3.5760405e-05
1,1,195.01333,6.4492174e-05
1,1,195.51337,3.2149726e-05
1,1,196.0134,3.8801622e-05
1,1,196.51343,1.6575502e-05
1,1,197.01347,3.4194508e-05
1,1,197.5135,5.4958554e-05
1,1,198.01354,4.3692422e-05
1,1,198.51357,1.710934e-05
1,1,199.0136,7.681449e-05
1,1,199.51364,0.00010646119
2,2,0,4.6380169e-06
2,2,0.50003418,1.9729278e-06
2,2,1.0000684,1.0627698e-06
2,2,1.5001025,8.8629271e-06
2,2,2.0001367,2.1653251e-05
2,2,2.5001709,1.6895038e-05
2,2,3.0002051,6.5111037e-06
2,2,3.5002393,1.6638521e-05
2,2,4.0002735,2.5293233e-05
2,2,4.5003076,1.476117e-05
2,2,5.0003418,1.5690424e-06
2,2,5.500376,3.0584456e-06
2,2,6.0004102,4.4712351e-06
2,2,6.5004444,8.2903777e-06
2,2,7.0004785,3.1543503e-06
2,2,7.5005127,2.1212616e-05
2,2,8.0005469,4.3339889e-05
2,2,8.5005811,1.7307822e-05
2,2,9.0006153,1.5962868e-05
2,2,9.5006495,4.1293511e-05
2,2,10.000684,9.1908779e-05
2,2,10.500718,6.7771706e-05
2,2,11.000752,1.7138144e-05
2,2,11.500786,4.3289453e-05
2,2,12.00082,9.0640441e-05
2,2,12.500855,6.3451102e-05
2,2,13.000889,9.6617626e-06
2,2,13.500923,4.71733e-05
2,2,14.000957,0.00010622036
2,2,14.500991,6.9848594e-05
2,2,15.001025,1.4813291e-06
2,2,15.50106,3.4846448e-05
2,2,16.001094,8.2704633e-05
2,2,16.501128,6.1435738e-05
2,2,17.001162,3.2850158e-05
2,2,17.501196,6.864828e-05
2,2,18.001231,0.00013108185
2,2,18.501265,9.563883e-05
2,2,19.001299,4.3985912e-05
2,2,19.501333,6.5298138e-05
2,2,20.001367,0.00019012855
2,2,20.501401,0.00011009264
2,2,21.001436,7.4280341e-05
2,2,21.50147,0.0001340068
2,2,22.001504,0.00021343007
2,2,22.501538,0.00014313239
2,2,23.001572,9.4325657e-05
2,2,23.501607,0.00014184044
2,2,24.001641,0.00027834287
2,2,24.501675,0.00019206308
2,2,25.001709,0.00010840464
2,2,25.501743,0.00012320507
2,2,26.001777,0.00029592257
2,2,26.501812,0.00023269818
2,2,27.001846,6.6071424e-05
2,2,27.50188,0.00018487794
2,2,28.001914,0.00031543482
2,2,28.501948,0.00025013607
2,2,29.001983,0.00024566845
2,2,29.502017,0.00023836166
2,2,30.002051,0.00039932127
2,2,30.502085,0.00034236019
2,2,31.002119,0.00032771098
2,2,31.502153,0.00028152253
2,2,32.002188,0.00043543357
2,2,32.502222,0.00042605306
2,2,33.002256,0.00035267752
2,2,33.50229,0.00035024167
2,2,34.002324,0.0002949909
2,2,34.502359,0.0004105153
2,2,35.002393,0.00036099391
2,2,35.502427,0.00034665501
2,2,36.002461,0.00017434835
2,2,36.502495,0.00025237461
2,2,37.002529,0.00028624889
2,2,37.502564,0.00034861615
2,2,38.002598,0.00020598704
2,2,38.502632,0.00011372404
2,2,39.002666,0.00020745984
2,2,39.5027,0.0002645492
2,2,40.002735,0.00017768976
2,2,40.502769,0.00011175895
2,2,41.002803,0.00017284695
2,2,41.502837,0.00034481324
2,2,42.002871,0.00040416596
2,2,42.502905,0.00024387454
2,2,43.00294,0.00027797259
2,2,43.502974,0.00035020135
2,2,44.003008,0.0003710113
2,2,44.503042,0.0002178695
2,2,45.003076,0.00015157076
2,2,45.503111,0.00026486046
2,2,46.003145,0.00029523705
2,2,46.503179,0.00018760802
2,2,47.003213,0.00015932303
2,2,47.503247,0.00025002498
2,2,48.003281,0.00024016102
2,2,48.503316,0.00015309637
2,2,49.00335,0.0001844749
2,2,49.503384,0.00026620281
2,2,50.003418,0.00023024656
2,2,50.503452,0.00016162204
2,2,51.003487,0.00016478046
2,2,51.503521,0.00021805945
2,2,52.003555,0.00020796415
2,2,52.503589,0.00014952827
2,2,53.003623,0.00014169556
2,2,53.503657,0.00018458099
2,2,54.003692,0.00017630806
2,2,54.503726,0.0001191915
2,2,55.00376,9.6237141e-05
2,2,55.503794,0.00013743859
2,2,56.003828,0.0001305818
2,2,56.503863,8.5749169e-05
2,2,57.003897,5.3055582e-05
2,2,57.503931,0.00010062916
2,2,58.003965,0.00011065999
2,2,58.503999,3.1870316e-05
2,2,59.004033,0.00010864969
2,2,59.504068,0.00027229718
2,2,60.004102,0.00019671071
2,2,60.504136,3.8990089e-05
2,2,61.00417,0.00011234082
2,2,61.504204,0.00018458602
2,2,62.004239,0.00015395786
2,2,62.504273,6.5971751e-05
2,2,63.004307,0.00014769815
2,2,63.504341,0.00020967566
2,2,64.004375,0.0001659704
2,2,64.504409,8.7636386e-05
2,2,65.004444,0.00017539859
2,2,65.504478,0.00024672786
2,2,66.004512,0.00017747762
2,2,66.504546,8.6819866e-05
2,2,67.00458,0.00020690288
2,2,67.504615,0.00031603889
2,2,68.004649,0.00020837546
2,2,68.504683,3.6148891e-05
2,2,69.004717,0.00013367921
2,2,69.504751,0.00030780263
2,2,70.004785,0.00023045869
2,2,70.50482,5.8538225e-05
2,2,71.004854,0.00011630066
2,2,71.504888,0.00026863847
2,2,72.004922,0.00016507985
2,2,72.504956,5.4327849e-05
2,2,73.004991,0.00010409583
2,2,73.505025,0.00017096487
2,2,74.005059,0.00010115798
2,2,74.505093,6.0992589e-05
2,2,75.005127,2.7402456e-05
2,2,75.505161,9.495732e-05
2,2,76.005196,6.4797193e-05
2,2,76.50523,7.6667563e-05
2,2,77.005264,4.2703805e-05
2,2,77.505298,7.0408034e-05
2,2,78.005332,3.1448954e-05
2,2,78.505367,9.0998473e-05
2,2,79.005401,9.0698778e-05
2,2,79.505435,8.9396716e-05
2,2,80.005469,2.9777325e-05
2,2,80.505503,9.1774322e-05
2,2,81.005537,9.9174803e-05
2,2,81.505572,8.5702484e-05
2,2,82.005606,3.6600872e-05
2,2,82.50564,6.7198066e-05
2,2,83.005674,0.00010310479
2,2,83.505708,9.2475804e-05
2,2,84.005743,4.1359767e-05
2,2,84.505777,4.7858616e-05
2,2,85.005811,6.7127358e-05
2,2,85.505845,9.2319915e-05
2,2,86.005879,5.5448069e-05
2,2,86.505913,2.8882183e-05
2,2,87.005948,5.7482538e-05
2,2,87.505982,8.2207415e-05
2,2,88.006016,6.496072e-05
2,2,88.50605,7.0943937e-05
2,2,89.006084,3.4532672e-05
2,2,89.506119,5.7719632e-05
2,2,90.006153,7.4438597e-05
2,2,90.506187,0.00012247127
2,2,91.006221,0.00010708514
2,2,91.506255,5.3900066e-05
2,2,92.006289,7.2881467e-05
2,2,92.506324,0.00014876154
2,2,93.006358,0.00014073673
2,2,93.506392,6.2411584e-05
2,2,94.006426,6.4530104e-05
2,2,94.50646,0.00013153614
2,2,95.006495,0.00014633843
2,2,95.506529,6.282289e-05
2,2,96.006563,5.1224248e-05
2,2,96.506597,9.8227481e-05
2,2,97.006631,9.3177358e-05
2,2,97.506665,6.6714959e-05
2,2,98.0067,2.2890802e-05
2,2,98.506734,6.5472087e-05
2,2,99.006768,6.8418762e-05
2,2,99.506802,5.7759744e-05
2,2,100.00684,1.9501896e-05
2,2,100.50687,2.9892897e-05
2,2,101.0069,1.6438776e-05
2,2,101.50694,7.4051408e-05
2,2,102.00697,0.00010315376
2,2,102.50701,9.8262128e-05
2,2,103.00704,8.795263e-05
2,2,103.50708,8.3282736e-05
2,2,104.00711,0.00011962463
2,2,104.50714,0.00017075468
2,2,105.00718,0.00018430035
2,2,105.50721,0.00014039192
2,2,106.00725,0.00016375469
2,2,106.50728,0.00024696673
2,2,107.00731,0.00025267905
2,2,107.50735,0.00012862667
2,2,108.00738,0.00011758236
2,2,108.50742,0.00017623102
2,2,109.00745,0.00021612244
2,2,109.50749,0.00015292666
2,2,110.00752,7.1154043e-05
2,2,110.50755,0.00012007628
2,2,111.00759,0.00014467875
2,2,111.50762,9.3224941e-05
2,2,112.00766,4.6603869e-05
2,2,112.50769,3.9760098e-05
2,2,113.00773,3.968434e-05
2,2,113.50776,1.6271905e-05
2,2,114.00779,4.6438919e-05
2,2,114.50783,6.421127e-05
2,2,115.00786,5.4355881e-05
2,2,115.5079,2.7871049e-05
2,2,116.00793,3.1205046e-05
2,2,116.50796,6.3449435e-05
2,2,117.008,5.0007257e-05
2,2,117.50803,1.4594651e-05
2,2,118.00807,3.8632199e-05
2,2,118.5081,6.7110743e-05
2,2,119.00814,3.1030299e-05
2,2,119.50817,0.00030697476
2,2,120.0082,0.0004450027
2,2,120.50824,0.0001169578
2,2,121.00827,8.5354261e-05
2,2,121.50831,2.6589181e-05
2,2,122.00834,3.2085825e-05
2,2,122.50837,7.5338187e-05
2,2,123.00841,7.6103638e-05
2,2,123.50844,2.6023043e-05
2,2,124.00848,4.1556585e-05
2,2,124.50851,5.6556671e-05
2,2,125.00855,5.8284535e-05
2,2,125.50858,4.636999e-05
2,2,126.00861,2.6584951e-05
2,2,126.50865,5.9827399e-05
2,2,127.00868,2.8281102e-05
2,2,127.50872,7.9651656e-05
2,2,128.00875,4.1039892e-05
2,2,128.50878,4.596239e-05
2,2,129.00882,1.9143876e-05
2,2,129.50885,8.4381462e-05
2,2,130.00889,0.0001027079
2,2,130.50892,8.5101206e-05
2,2,131.00896,5.6075087e-05
2,2,131.50899,6.7726169e-05
2,2,132.00902,9.9255152e-05
2,2,132.50906,0.00011843587
2,2,133.00909,8.4476736e-05
2,2,133.50913,3.9407037e-05
2,2,134.00916,5.3403844e-05
2,2,134.50919,6.8406176e-05
2,2,135.00923,5.7265302e-05
2,2,135.50926,2.3043724e-06
2,2,136.0093,3.9555939e-05
2,2,136.50933,5.6655276e-05
2,2,137.00937,5.4985357e-05
2,2,137.5094,2.0746076e-05
2,2,138.00943,3.3457283e-05
2,2,138.50947,5.05682e-05
2,2,139.0095,5.6508392e-05
2,2,139.50954,5.2547896e-05
2,2,140.00957,3.2864005e-05
2,2,140.50961,3.8341289e-05
2,2,141.00964,2.8258852e-05
2,2,141.50967,6.2160091e-05
2,2,142.00971,4.6985082e-05
2,2,142.50974,2.9995085e-05
2,2,143.00978,1.1852938e-05
2,2,143.50981,8.3584859e-05
2,2,144.00984,0.00010443384
2,2,144.50988,3.4995937e-05
2,2,145.00991,5.4602639e-06
2,2,145.50995,7.1893024e-05
2,2,146.00998,0.00012735428
2,2,146.51002,9.0936912e-05
2,2,147.01005,1.1262895e-05
2,2,147.51008,8.1327093e-05
2,2,148.01012,0.00013537901
2,2,148.51015,0.00011616055
2,2,149.01019,4.9254397e-05
2,2,149.51022,5.6621326e-05
2,2,150.01025,0.00012342976
2,2,150.51029,0.00012574817
2,2,151.01032,4.9809066e-05
2,2,151.51036,6.6959459e-05
2,2,152.01039,7.8585226e-05
2,2,152.51043,7.5530532e-05
2,2,153.01046,6.3577727e-05
2,2,153.51049,9.1660272e-05
2,2,154.01053,5.5111707e-05
2,2,154.51056,2.075789e-05
2,2,155.0106,6.5170703e-05
2,2,155.51063,9.8159826e-05
2,2,156.01066,8.2889018e-05
2,2,156.5107,2.3206897e-05
2,2,157.01073,4.5832492e-05
2,2,157.51077,0.00010069149
2,2,158.0108,0.00010018513
2,2,158.51084,6.2343252e-05
2,2,159.01087,2.9944112e-05
2,2,159.5109,9.3319461e-05
2,2,160.01094,0.00010541532
2,2,160.51097,8.1539729e-05
2,2,161.01101,1.3721486e-05
2,2,161.51104,5.9178715e-05
2,2,162.01107,8.6420599e-05
2,2,162.51111,6.3527029e-05
2,2,163.01114,1.6184856e-05
2,2,163.51118,4.6343418e-05
2,2,164.01121,5.9089897e-05
2,2,164.51125,5.151814e-05
2,2,165.01128,2.4201144e-05
2,2,165.51131,3.4680146e-05
2,2,166.01135,4.2722287e-05
2,2,166.51138,3.9102523e-05
2,2,167.01142,3.0892893e-05
2,2,167.51145,4.2331265e-05
2,2,168.01149,3.0259373e-05
2,2,168.51152,1.8254304e-05
2,2,169.01155,3.9528554e-05
2,2,169.51159,5.6153276e-05
2,2,170.01162,3.2626121e-05
2,2,170.51166,1.3763115e-06
2,2,171.01169,4.0516815e-05
2,2,171.51172,7.2629981e-05
2,2,172.01176,4.9102057e-05
2,2,172.51179,1.863811e-05
2,2,173.01183,3.0083159e-05
2,2,173.51186,8.4925536e-05
2,2,174.0119,7.6027665e-05
2,2,174.51193,2.9029704e-05
2,2,175.01196,2.4689521e-05
2,2,175.512,6.0285015e-05
2,2,176.01203,7.1051531e-05
2,2,176.51207,4.0228388e-05
2,2,177.0121,3.3196121e-05
2,2,177.51213,7.0749833e-05
2,2,178.01217,6.5712531e-05
2,2,178.5122,5.6586533e-05
2,2,179.01224,1.8855147e-05
2,2,179.51227,7.2624146e-05
2,2,180.01231,4.3563019e-05
2,2,180.51234,4.0502958e-05
2,2,181.01237,3.8676283e-05
2,2,181.51241,6.4971477e-05
2,2,182.01244,3.0382969e-05
2,2,182.51248,3.8271294e-05
2,2,183.01251,4.0449113e-05
2,2,183.51254,8.2667267e-05
2,2,184.01258,3.102371e-05
2,2,184.51261,2.1112775e-05
2,2,185.01265,3.3568581e-05
2,2,185.51268,9.1535477e-05
2,2,186.01272,6.0813409e-05
2,2,186.51275,2.3271129e-05
2,2,187.01278,1.5126289e-05
2,2,187.51282,7.1162519e-05
2,2,188.01285,6.4674136e-05
2,2,188.51289,4.5734146e-05
2,2,189.01292,1.2650349e-05
2,2,189.51295,5.731898e-05
2,2,190.01299,6.489856e-05
2,2,190.51302,7.370471e-05
2,2,191.01306,2.9634825e-05
2,2,191.51309,6.0381156e-05
2,2,192.01313,5.3659638e-05
2,2,192.51316,5.9978182e-05
2,2,193.01319,3.9803823e-05
2,2,193.51323,5.3039824e-05
2,2,194.01326,4.4305436e-05
2,2,194.5133,7.0576807e-05
2,2,195.01333,4.7247471e-05
2,2,195.51337,5.9530721e-05
2,2,196.0134,2.2616336e-05
2,2,196.51343,6.5296687e-05
2,2,197.01347,5.3385832e-05
2,2,197.5135,6.5105647e-05
2,2,198.01354,1.0901816e-05
2,2,198.51357,5.9219645e-05
2,2,199.0136,4.7778515e-05
2,2,199.51364,8.5979563e-05
3,3,0,3.2565009e-07
3,3,0.50003418,4.5918035e-07
3,3,1.0000684,1.9404676e-07
3,3,1.5001025,2.8476588e-06
3,3,2.0001367,6.0740284e-06
3,3,2.5001709,2.8858945e-06
3,3,3.0002051,4.9302719e-07
3,3,3.5002393,3.04885e-06
3,3,4.0002735,5.9985925e-06
3,3,4.5003076,3.0711488e-06
3,3,5.0003418,2.1923462e-06
3,3,5.500376,4.751697e-06
3,3,6.0004102,6.16048e-06
3,3,6.5004444,7.1029298e-06
3,3,7.0004785,4.5553089e-06
3,3,7.5005127,8.1335542e-06
3,3,8.0005469,1.035527e-05
3,3,8.5005811,1.3914123e-06
3,3,9.0006153,9.9332692e-06
3,3,9.5006495,1.657314e-05
3,3,10.000684,2.497559e-05
3,3,10.500718,1.5539865e-05
3,3,11.000752,4.3304618e-06
3,3,11.500786,5.5130547e-06
3,3,12.00082,1.5844935e-05
3,3,12.500855,5.2828853e-06
3,3,13.000889,8.2245769e-06
3,3,13.500923,1.2405329e-05
3,3,14.000957,3.8653493e-05
3,3,14.500991,2.6132974e-05
3,3,15.001025,8.833059e-06
3,3,15.50106,1.4574856e-05
3,3,16.001094,3.2761118e-05
3,3,16.501128,2.4762711e-05
3,3,17.001162,9.3612905e-06
3,3,17.501196,2.0333339e-05
3,3,18.001231,3.3320875e-05
3,3,18.501265,1.6195558e-05
3,3,19.001299,1.620461e-05
3,3,19.501333,4.2470223e-05
3,3,20.001367,9.9275717e-05
3,3,20.501401,3.8149373e-05
3,3,21.001436,2.2794241e-05
3,3,21.50147,3.7051767e-05
3,3,22.001504,6.1506307e-05
3,3,22.501538,3.1924996e-05
3,3,23.001572,2.7836991e-05
3,3,23.501607,3.6706538e-05
3,3,24.001641,8.6078335e-05
3,3,24.501675,5.9264671e-05
3,3,25.001709,2.1410979e-05
3,3,25.501743,6.2854052e-05
3,3,26.001777,0.00012921319
3,3,26.501812,7.3174705e-05
3,3,27.001846,1.7894423e-05
3,3,27.50188,4.5160785e-05
3,3,28.001914,9.078192e-05
3,3,28.501948,6.8714124e-05
3,3,29.001983,9.1560428e-05
3,3,29.502017,5.4007373e-05
3,3,30.002051,0.00015324212
3,3,30.502085,0.00010535592
3,3,31.002119,9.4475822e-05
3,3,31.502153,0.00010109404
3,3,32.002188,0.00020766316
3,3,32.502222,0.00016635803
3,3,33.002256,0.00016708823
3,3,33.50229,0.00014224502
3,3,34.002324,0.00018928464
3,3,34.502359,0.00020003406
3,3,35.002393,0.00019474036
3,3,35.502427,0.00013421897
3,3,36.002461,0.00017706538
3,3,36.502495,0.00018227244
3,3,37.002529,0.00018703391
3,3,37.502564,0.00015393465
3,3,38.002598,0.00012698402
3,3,38.502632,0.00020811257
3,3,39.002666,0.00016332561
3,3,39.5027,0.00021266511
3,3,40.002735,0.00017113805
3,3,40.502769,0.00017363858
3,3,41.002803,0.00015633428
3,3,41.502837,0.00017328013
3,3,42.002871,0.00019510001
3,3,42.502905,0.00013531249
3,3,43.00294,0.0001356126
3,3,43.502974,0.00012451158
3,3,44.003008,0.00011696488
3,3,44.503042,6.8404627e-05
3,3,45.003076,3.6553959e-05
3,3,45.503111,3.8385867e-05
3,3,46.003145,3.7865311e-05
3,3,46.503179,3.6659554e-05
3,3,47.003213,2.740262e-05
3,3,47.503247,1.9617879e-05
3,3,48.003281,4.2826805e-05
3,3,48.503316,6.884562e-05
3,3,49.00335,3.3868893e-05
3,3,49.503384,1.050116e-05
3,3,50.003418,2.2978858e-05
3,3,50.503452,8.3686884e-06
3,3,51.003487,5.4030658e-06
3,3,51.503521,1.6784979e-05
3,3,52.003555,1.9791437e-05
3,3,52.503589,1.8419855e-05
3,3,53.003623,2.1466072e-05
3,3,53.503657,2.7124973e-05
3,3,54.003692,3.0646146e-05
3,3,54.503726,2.9343912e-05
3,3,55.00376,2.3937638e-05
3,3,55.503794,2.929411e-05
3,3,56.003828,3.0893843e-05
3,3,56.503863,2.2423093e-05
3,3,57.003897,1.058542e-05
3,3,57.503931,1.1877631e-05
3,3,58.003965,1.8752832e-05
3,3,58.503999,2.5406689e-05
3,3,59.004033,1.3828534e-05
3,3,59.504068,8.7208858e-05
3,3,60.004102,8.3746419e-05
3,3,60.504136,1.0224792e-05
3,3,61.00417,3.1235377e-05
3,3,61.504204,3.3899782e-05
3,3,62.004239,3.9664239e-05
3,3,62.504273,2.685848e-05
3,3,63.004307,4.3896149e-05
3,3,63.504341,4.7366384e-05
3,3,64.004375,4.9198e-05
3,3,64.504409,3.2587914e-05
3,3,65.004444,5.5110754e-05
3,3,65.504478,7.8158295e-05
3,3,66.004512,7.527688e-05
3,3,66.504546,4.98129e-05
3,3,67.00458,5.665883e-05
3,3,67.504615,8.3631622e-05
3,3,68.004649,9.0464134e-05
3,3,68.504683,5.3595448e-05
3,3,69.004717,5.4602844e-05
3,3,69.504751,9.8801286e-05
3,3,70.004785,9.6080153e-05
3,3,70.50482,5.7070295e-05
3,3,71.004854,5.79888e-05
3,3,71.504888,0.00011013025
3,3,72.004922,8.8214772e-05
3,3,72.504956,5.2346567e-05
3,3,73.004991,4.2688578e-05
3,3,73.505025,7.2788107e-05
3,3,74.005059,5.5073773e-05
3,3,74.505093,7.2684902e-05
3,3,75.005127,2.1182001e-05
3,3,75.505161,6.6767676e-05
3,3,76.005196,4.3945868e-05
3,3,76.50523,4.5297743e-05
3,3,77.005264,4.2122184e-05
3,3,77.505298,1.9717909e-05
3,3,78.005332,4.4665727e-05
3,3,78.505367,3.296222e-05
3,3,79.005401,7.4407394e-05
3,3,79.505435,3.8213374e-05
3,3,80.005469,2.1699252e-05
3,3,80.505503,5.7362982e-05
3,3,81.005537,7.2722797e-05
3,3,81.505572,4.6373069e-05
3,3,82.005606,4.5354021e-06
3,3,82.50564,2.5242332e-05
3,3,83.005674,4.9916694e-05
3,3,83.505708,4.9986733e-05
3,3,84.005743,1.9947915e-05
3,3,84.505777,1.5243865e-05
3,3,85.005811,2.1565153e-05
3,3,85.505845,3.132931e-05
3,3,86.005879,1.7369844e-05
3,3,86.505913,1.5833414e-05
3,3,87.005948,6.6178538e-06
3,3,87.505982,2.3134345e-05
3,3,88.006016,2.3843585e-05
3,3,88.50605,1.1517674e-05
3,3,89.006084,8.1374125e-06
3,3,89.506119,2.0915055e-05
3,3,90.006153,2.6781738e-05
3,3,90.506187,2.1578349e-05
3,3,91.006221,2.1855797e-05
3,3,91.506255,2.1934985e-05
3,3,92.006289,2.5258678e-05
3,3,92.506324,2.2805714e-05
3,3,93.006358,2.1460019e-05
3,3,93.506392,1.5677125e-05
3,3,94.006426,2.446832e-05
3,3,94.50646,2.7772785e-05
3,3,95.006495,2.9723649e-05
3,3,95.506529,2.6713236e-05
3,3,96.006563,1.477761e-05
3,3,96.506597,1.1810091e-05
3,3,97.006631,9.241628e-06
3,3,97.506665,8.2196571e-06
3,3,98.0067,8.0273252e-06
3,3,98.506734,1.0903037e-05
3,3,99.006768,9.6844181e-06
3,3,99.506802,3.1311255e-06
3,3,100.00684,3.972694e-06
3,3,100.50687,5.8985661e-06
3,3,101.0069,7.0841489e-06
3,3,101.50694,2.1560854e-05
3,3,102.00697,3.0579473e-05
3,3,102.50701,2.3466146e-05
3,3,103.00704,7.7782166e-06
3,3,103.50708,9.0107073e-06
3,3,104.00711,1.744212e-05
3,3,104.50714,1.0408723e-05
3,3,105.00718,7.9442653e-06
3,3,105.50721,1.8522263e-05
3,3,106.00725,1.9971637e-05
3,3,106.50728,7.5018494e-06
3,3,107.00731,9.0789506e-06
3,3,107.50735,6.5197505e-06
3,3,108.00738,6.4258865e-06
3,3,108.50742,8.6298753e-06
3,3,109.00745,1.6932256e-05
3,3,109.50749,2.0217379e-05
3,3,110.00752,1.6398747e-05
3,3,110.50755,1.9755772e-05
3,3,111.00759,3.7011248e-05
3,3,111.50762,5.0630587e-05
3,3,112.00766,4.2278208e-05
3,3,112.50769,2.6143769e-05
3,3,113.00773,4.2794587e-05
3,3,113.50776,4.9660563e-05
3,3,114.00779,2.8890078e-05
3,3,114.50783,1.4057617e-05
3,3,115.00786,2.2549634e-05
3,3,115.5079,2.279787e-05
3,3,116.00793,7.390625e-06
3,3,116.50796,2.57167e-05
3,3,117.008,2.6332624e-05
3,3,117.50803,1.5474535e-05
3,3,118.00807,3.1965491e-05
3,3,118.5081,4.6367108e-05
3,3,119.00814,0.00010245002
3,3,119.50817,0.00010026702
3,3,120.0082,0.0003863645
3,3,120.50824,0.00019738675
3,3,121.00827,6.1158477e-05
3,3,121.50831,2.238391e-05
3,3,122.00834,4.5220826e-06
3,3,122.50837,3.9490795e-05
3,3,123.00841,4.5822693e-05
3,3,123.50844,1.4960281e-05
3,3,124.00848,4.7243784e-06
3,3,124.50851,4.0068316e-05
3,3,125.00855,3.2691845e-05
3,3,125.50858,2.0773019e-05
3,3,126.00861,8.3973539e-06
3,3,126.50865,2.2585811e-05
3,3,127.00868,2.4334762e-05
3,3,127.50872,4.3377298e-05
3,3,128.00875,2.007871e-05
3,3,128.50878,2.2832143e-05
3,3,129.00882,1.6709509e-05
3,3,129.50885,3.0251793e-05
3,3,130.00889,4.3289089e-05
3,3,130.50892,3.2020874e-05
3,3,131.00896,1.7912078e-05
3,3,131.50899,2.9276265e-05
3,3,132.00902,4.6231175e-05
3,3,132.50906,7.3929744e-05
3,3,133.00909,6.4199613e-05
3,3,133.50913,5.5677649e-05
3,3,134.00916,6.3179853e-05
3,3,134.50919,5.1220128e-05
3,3,135.00923,4.094405e-05
3,3,135.50926,2.3224405e-05
3,3,136.0093,3.5938683e-05
3,3,136.50933,4.1918836e-05
3,3,137.00937,2.8146243e-05
3,3,137.5094,7.1179112e-06
3,3,138.00943,1.7670804e-05
3,3,138.50947,2.4251095e-05
3,3,139.0095,2.2710364e-05
3,3,139.50954,7.7073547e-06
3,3,140.00957,1.0346872e-05
3,3,140.50961,8.1751857e-06
3,3,141.00964,1.1527893e-05
3,3,141.50967,2.6388347e-05
3,3,142.00971,1.7332983e-05
3,3,142.50974,7.5489441e-06
3,3,143.00978,1.0457869e-05
3,3,143.50981,2.4469925e-05
3,3,144.00984,1.7956652e-05
3,3,144.50988,4.3174702e-06
3,3,145.00991,2.4100181e-05
3,3,145.50995,3.4769999e-05
3,3,146.00998,3.389883e-05
3,3,146.51002,1.8374258e-05
3,3,147.01005,2.6701246e-05
3,3,147.51008,4.9325148e-05
3,3,148.01012,6.4748122e-05
3,3,148.51015,5.1890617e-05
3,3,149.01019,4.1835654e-05
3,3,149.51022,5.0310516e-05
3,3,150.01025,5.3325254e-05
3,3,150.51029,3.8949373e-05
3,3,151.01032,5.2646907e-05
3,3,151.51036,5.7504402e-05
3,3,152.01039,4.2982476e-05
3,3,152.51043,3.5614775e-05
3,3,153.01046,3.9264684e-05
3,3,153.51049,3.1194674e-05
3,3,154.01053,2.4854296e-05
3,3,154.51056,3.1548362e-05
3,3,155.0106,4.8677722e-05
3,3,155.51063,6.049405e-05
3,3,156.01066,6.7680509e-05
3,3,156.5107,6.5433807e-05
3,3,157.01073,8.4306621e-05
3,3,157.51077,9.2407059e-05
3,3,158.0108,9.2629648e-05
3,3,158.51084,0.00011305267
3,3,159.01087,0.00013442775
3,3,159.5109,0.00013906522
3,3,160.01094,0.00012217298
3,3,160.51097,0.00011356563
3,3,161.01101,0.00012836159
3,3,161.51104,0.00013720566
3,3,162.01107,0.00010671971
3,3,162.51111,9.3833108e-05
3,3,163.01114,0.00011423978
3,3,163.51118,9.7308199e-05
3,3,164.01121,6.9682222e-05
3,3,164.51125,6.8866015e-05
3,3,165.01128,7.9722216e-05
3,3,165.51131,7.140206e-05
3,3,166.01135,5.5259032e-05
3,3,166.51138,4.7089683e-05
3,3,167.01142,5.5065837e-05
3,3,167.51145,5.356997e-05
3,3,168.01149,4.2421348e-05
3,3,168.51152,4.3265837e-05
3,3,169.01155,6.3089727e-05
3,3,169.51159,7.0536214e-05
3,3,170.01162,5.8522981e-05
3,3,170.51166,6.049941e-05
3,3,171.01169,8.9805157e-05
3,3,171.51172,0.00010798076
3,3,172.01176,9.1803483e-05
3,3,172.51179,7.933382e-05
3,3,173.01183,0.00010318713
3,3,173.51186,0.00010741618
3,3,174.0119,8.6109903e-05
3,3,174.51193,8.7622002e-05
3,3,175.01196,9.4242364e-05
3,3,175.512,7.4750438e-05
3,3,176.01203,5.2015405e-05
3,3,176.51207,5.9247156e-05
3,3,177.0121,8.9303796e-05
3,3,177.51213,8.3019245e-05
3,3,178.01217,3.2039975e-05
3,3,178.5122,4.1223566e-05
3,3,179.01224,0.00010796881
3,3,179.51227,8.3040981e-05
3,3,180.01231,2.0062807e-05
3,3,180.51234,3.7371252e-05
3,3,181.01237,6.1929666e-05
3,3,181.51241,4.5420621e-05
3,3,182.01244,1.327736e-05
3,3,182.51248,2.5405501e-05
3,3,183.01251,4.1106078e-05
3,3,183.51254,4.1560818e-05
3,3,184.01258,4.6868849e-05
3,3,184.51261,5.039101e-05
3,3,185.01265,4.4776521e-05
3,3,185.51268,2.9487688e-05
3,3,186.01272,2.4584619e-05
3,3,186.51275,4.2593991e-05
3,3,187.01278,3.4058042e-05
3,3,187.51282,5.7340927e-06
3,3,188.01285,3.0847145e-05
3,3,188.51289,6.8855319e-05
3,3,189.01292,7.8485255e-05
3,3,189.51295,4.4892136e-05
3,3,190.01299,4.6763356e-05
3,3,190.51302,4.7639537e-05
3,3,191.01306,5.1603588e-05
3,3,191.51309,1.5182e-05
3,3,192.01313,3.4329792e-05
3,3,192.51316,5.6063641e-05
3,3,193.01319,5.428088e-05
3,3,193.51323,1.5259763e-05
3,3,194.01326,3.160914e-05
3,3,194.5133,3.1828969e-05
3,3,195.01333,3.0331179e-05
3,3,195.51337,4.1051424e-06
3,3,196.0134,3.4008123e-05
3,3,196.51343,2.8822875e-05
3,3,197.01347,3.7886341e-05
3,3,197.5135,1.618785e-05
3,3,198.01354,3.1647548e-05
3,3,198.51357,3.6417567e-05
3,3,199.0136,3.8528327e-05
3,3,199.51364,3.5602194e-05
4,4,0,5.635691e-07
4,4,0.50003418,4.2195263e-07
4,4,1.0000684,5.2374517e-07
4,4,1.5001025,7.7662347e-07
4,4,2.0001367,1.8247308e-06
4,4,2.5001709,7.9766273e-07
4,4,3.0002051,8.1370432e-07
4,4,3.5002393,2.2962189e-06
4,4,4.0002735,3.2780662e-06
4,4,4.5003076,1.5095346e-06
4,4,5.0003418,2.1927195e-06
4,4,5.500376,3.2269421e-06
4,4,6.0004102,2.1603512e-06
4,4,6.5004444,2.8803867e-06
4,4,7.0004785,5.7654937e-06
4,4,7.5005127,9.2571626e-06
4,4,8.0005469,8.6881794e-06
4,4,8.5005811,3.9396341e-06
4,4,9.0006153,1.7183969e-05
4,4,9.5006495,2.0742535e-05
4,4,10.000684,1.9776479e-05
4,4,10.500718,1.402079e-05
4,4,11.000752,9.0025748e-06
4,4,11.500786,7.0306232e-06
4,4,12.00082,6.5119544e-06
4,4,12.500855,7.3113995e-06
4,4,13.000889,4.7793737e-06
4,4,13.500923,1.0624225e-05
4,4,14.000957,2.0951787e-05
4,4,14.500991,1.9035138e-05
4,4,15.001025,1.4072965e-05
4,4,15.50106,1.8145288e-05
4,4,16.001094,2.7700205e-05
4,4,16.501128,2.4041299e-05
4,4,17.001162,1.9325097e-05
4,4,17.501196,1.6218461e-05
4,4,18.001231,1.4226965e-05
4,4,18.501265,1.2031571e-05
4,4,19.001299,1.3623939e-06
4,4,19.501333,2.3542774e-05
4,4,20.001367,4.3064792e-05
4,4,20.501401,1.262642e-05
4,4,21.001436,8.3359452e-06
4,4,21.50147,3.3688819e-06
4,4,22.001504,1.8318872e-05
4,4,22.501538,2.6957164e-05
4,4,23.001572,5.8881693e-06
4,4,23.501607,1.3411178e-05
4,4,24.001641,1.4973165e-05
4,4,24.501675,9.1826753e-06
4,4,25.001709,2.6985328e-06
4,4,25.501743,1.8580154e-05
4,4,26.001777,3.2468934e-05
4,4,26.501812,1.4103973e-05
4,4,27.001846,3.1045848e-06
4,4,27.50188,6.6302811e-06
4,4,28.001914,1.8172833e-05
4,4,28.501948,2.7222749e-05
4,4,29.001983,2.5991345e-05
4,4,29.502017,1.835331e-05
4,4,30.002051,1.270167e-05
4,4,30.502085,9.8594897e-06
4,4,31.002119,1.6057519e-05
4,4,31.502153,2.79672e-05
4,4,32.002188,4.3948749e-05
4,4,32.502222,3.107716e-05
4,4,33.002256,4.4403431e-05
4,4,33.50229,4.8662233e-05
4,4,34.002324,5.5564719e-05
4,4,34.502359,6.0300527e-05
4,4,35.002393,6.6484556e-05
4,4,35.502427,5.0415554e-05
4,4,36.002461,6.3972246e-05
4,4,36.502495,6.6424186e-05
4,4,37.002529,8.4555861e-05
4,4,37.502564,9.7972474e-05
4,4,38.002598,3.9913928e-05
4,4,38.502632,9.5171313e-05
4,4,39.002666,7.2761846e-05
4,4,39.5027,7.8979952e-05
4,4,40.002735,5.0615973e-05
4,4,40.502769,4.448165e-05
4,4,41.002803,6.8867962e-05
4,4,41.502837,0.00010462261
4,4,42.002871,0.00010889765
4,4,42.502905,6.0072174e-05
4,4,43.00294,5.7964153e-05
4,4,43.502974,1.781208e-05
4,4,44.003008,3.3226516e-05
4,4,44.503042,1.8545007e-05
4,4,45.003076,1.3078219e-05
4,4,45.503111,1.3873495e-05
4,4,46.003145,4.996116e-06
4,4,46.503179,1.7241152e-05
4,4,47.003213,2.3583678e-05
4,4,47.503247,2.3440651e-05
4,4,48.003281,3.3809868e-05
4,4,48.503316,3.1824681e-05
4,4,49.00335,1.4159846e-05
4,4,49.503384,1.412721e-05
4,4,50.003418,1.3518202e-05
4,4,50.503452,1.5619575e-05
4,4,51.003487,2.2712687e-05
4,4,51.503521,1.6214702e-05
4,4,52.003555,1.0891521e-05
4,4,52.503589,9.8975499e-06
4,4,53.003623,8.8331056e-06
4,4,53.503657,7.0366974e-06
4,4,54.003692,7.5156581e-06
4,4,54.503726,1.1049282e-05
4,4,55.00376,1.371192e-05
4,4,55.503794,1.328129e-05
4,4,56.003828,8.9927528e-06
4,4,56.503863,2.3969376e-06
4,4,57.003897,3.2942648e-06
4,4,57.503931,1.341463e-05
4,4,58.003965,1.9295451e-05
4,4,58.503999,9.906768e-06
4,4,59.004033,5.1044014e-05
4,4,59.504068,0.00010573449
4,4,60.004102,7.9406467e-05
4,4,60.504136,1.486987e-05
4,4,61.00417,1.0712333e-05
4,4,61.504204,1.9787301e-05
4,4,62.004239,1.4294669e-05
4,4,62.504273,1.1604487e-05
4,4,63.004307,1.8902372e-05
4,4,63.504341,1.7865852e-05
4,4,64.004375,1.7629797e-05
4,4,64.504409,2.2192614e-05
4,4,65.004444,2.7157171e-05
4,4,65.504478,1.6987644e-05
4,4,66.004512,2.3134245e-05
4,4,66.504546,2.8632463e-05
4,4,67.00458,1.453212e-05
4,4,67.504615,7.8717212e-06
4,4,68.004649,2.5582011e-05
4,4,68.504683,4.589843e-05
4,4,69.004717,3.6530302e-05
4,4,69.504751,1.3557618e-05
4,4,70.004785,9.050612e-06
4,4,70.50482,2.6150969e-05
4,4,71.004854,4.2052877e-05
4,4,71.504888,3.2598899e-05
4,4,72.004922,3.1192375e-05
4,4,72.504956,3.6491875e-05
4,4,73.004991,2.7953072e-05
4,4,73.505025,1.6019783e-05
4,4,74.005059,2.4537226e-05
4,4,74.505093,4.1678779e-05
4,4,75.005127,1.9308747e-05
4,4,75.505161,1.0964747e-05
4,4,76.005196,9.5743535e-06
4,4,76.50523,2.7052622e-05
4,4,77.005264,2.1521502e-05
4,4,77.505298,1.2791973e-05
4,4,78.005332,3.7036328e-06
4,4,78.505367,1.1324174e-05
4,4,79.005401,1.927594e-05
4,4,79.505435,2.9903759e-05
4,4,80.005469,9.8792529e-06
4,4,80.505503,2.2555525e-05
4,4,81.005537,2.4797498e-05
4,4,81.505572,2.6923442e-05
4,4,82.005606,3.173498e-06
4,4,82.50564,1.1774728e-05
4,4,83.005674,1.2459818e-05
4,4,83.505708,2.0648713e-05
4,4,84.005743,4.8032786e-06
4,4,84.505777,1.1838077e-05
4,4,85.005811,7.0420798e-06
4,4,85.505845,8.0120177e-06
4,4,86.005879,1.1102781e-05
4,4,86.505913,1.0524003e-05
4,4,87.005948,9.6011178e-06
4,4,87.505982,1.1011523e-05
4,4,88.006016,1.0832628e-05
4,4,88.50605,1.5392319e-05
4,4,89.006084,3.9822495e-06
4,4,89.506119,8.7538652e-06
4,4,90.006153,1.7005067e-05
4,4,90.506187,2.6828911e-05
4,4,91.006221,1.0275095e-05
4,4,91.506255,1.4061569e-05
4,4,92.006289,2.405641e-05
4,4,92.506324,3.3992246e-05
4,4,93.006358,1.5027709e-05
4,4,93.506392,1.5387409e-05
4,4,94.006426,3.2299793e-05
4,4,94.50646,3.6301548e-05
4,4,95.006495,1.6497804e-05
4,4,95.506529,2.2693555e-05
4,4,96.006563,3.5484531e-05
4,4,96.506597,4.0928863e-05
4,4,97.006631,2.7584935e-05
4,4,97.506665,1.7385352e-05
4,4,98.0067,1.8413442e-05
4,4,98.506734,1.2038386e-05
4,4,99.006768,9.4640648e-06
4,4,99.506802,1.5280094e-05
4,4,100.00684,5.5415724e-06
4,4,100.50687,1.1076925e-05
4,4,101.0069,5.4547827e-06
4,4,101.50694,6.5170297e-06
4,4,102.00697,2.1170625e-05
4,4,102.50701,3.3871736e-05
4,4,103.00704,2.1742629e-05
4,4,103.50708,8.4505684e-06
4,4,104.00711,2.4150831e-05
4,4,104.50714,2.248107e-05
4,4,105.00718,1.4562047e-05
4,4,105.50721,1.9688624e-05
4,4,106.00725,4.1885651e-05
4,4,106.50728,4.4563446e-05
4,4,107.00731,3.193154e-05
4,4,107.50735,2.0210771e-05
4,4,108.00738,3.574571e-05
4,4,108.50742,3.8174471e-05
4,4,109.00745,4.3815942e-05
4,4,109.50749,3.4224384e-05
4,4,110.00752,2.7548408e-05
4,4,110.50755,2.8104177e-05
4,4,111.00759,3.1241588e-05
4,4,111.50762,2.9122655e-05
4,4,112.00766,1.9182165e-05
4,4,112.50769,1.1339814e-05
4,4,113.00773,1.7261006e-05
4,4,113.50776,1.9358579e-05
4,4,114.00779,8.1476406e-06
4,4,114.50783,1.9513215e-05
4,4,115.00786,1.6494666e-05
4,4,115.5079,7.876669e-06
4,4,116.00793,2.5421582e-06
4,4,116.50796,2.5746412e-05
4,4,117.008,3.0863026e-05
4,4,117.50803,1.1227776e-05
4,4,118.00807,2.9992457e-05
4,4,118.5081,6.8982536e-06
4,4,119.00814,5.7311512e-05
4,4,119.50817,0.00011734478
4,4,120.0082,0.00011650974
4,4,120.50824,5.5825491e-05
4,4,121.00827,4.0318198e-05
4,4,121.50831,1.8311893e-05
4,4,122.00834,8.226512e-06
4,4,122.50837,2.6953635e-05
4,4,123.00841,3.1574723e-05
4,4,123.50844,1.6585633e-05
4,4,124.00848,5.826484e-06
4,4,124.50851,1.4663051e-05
4,4,125.00855,1.4246306e-05
4,4,125.50858,1.141128e-05
4,4,126.00861,9.2539029e-06
4,4,126.50865,9.4128496e-06
4,4,127.00868,9.3054727e-06
4,4,127.50872,3.9688035e-05
4,4,128.00875,3.3908394e-05
4,4,128.50878,1.9325449e-05
4,4,129.00882,2.1958979e-05
4,4,129.50885,1.4817225e-05
4,4,130.00889,1.5488815e-05
4,4,130.50892,1.8745782e-05
4,4,131.00896,2.2369699e-05
4,4,131.50899,6.5505718e-06
4,4,132.00902,1.3506803e-05
4,4,132.50906,3.810222e-05
4,4,133.00909,4.6751991e-05
4,4,133.50913,2.9662829e-05
4,4,134.00916,2.6227775e-05
4,4,134.50919,3.1266541e-05
4,4,135.00923,3.4742616e-05
4,4,135.50926,2.9802032e-05
4,4,136.0093,1.8455417e-05
4,4,136.50933,2.3244755e-05
4,4,137.00937,2.733876e-05
4,4,137.5094,1.6429525e-05
4,4,138.00943,1.2213547e-05
4,4,138.50947,3.387285e-06
4,4,139.0095,4.093418e-06
4,4,139.50954,7.5996541e-06
4,4,140.00957,1.234871e-05
4,4,140.50961,1.7097999e-05
4,4,141.00964,1.6003129e-05
4,4,141.50967,1.2105474e-05
4,4,142.00971,1.920892e-05
4,4,142.50974,1.173034e-05
4,4,143.00978,6.5193546e-06
4,4,143.50981,2.0365881e-05
4,4,144.00984,1.8058691e-05
4,4,144.50988,1.0448054e-05
4,4,145.00991,1.2546798e-05
4,4,145.50995,2.7796172e-05
4,4,146.00998,3.203641e-05
4,4,146.51002,2.2968851e-05
4,4,147.01005,2.1465513e-05
4,4,147.51008,3.9602059e-05
4,4,148.01012,7.6267712e-05
4,4,148.51015,8.5171261e-05
4,4,149.01019,6.5901207e-05
4,4,149.51022,5.4147754e-05
4,4,150.01025,5.8579767e-05
4,4,150.51029,5.954133e-05
4,4,151.01032,5.5690478e-05
4,4,151.51036,5.3432667e-05
4,4,152.01039,5.6973783e-05
4,4,152.51043,6.1841954e-05
4,4,153.01046,6.2444016e-05
4,4,153.51049,4.7612679e-05
4,4,154.01053,3.6131973e-05
4,4,154.51056,5.0385084e-05
4,4,155.0106,4.2354912e-05
4,4,155.51063,4.6119265e-05
4,4,156.01066,5.6130642e-05
4,4,156.5107,8.352265e-05
4,4,157.01073,0.00010192315
4,4,157.51077,9.5391647e-05
4,4,158.0108,7.8703943e-05
4,4,158.51084,9.6448854e-05
4,4,159.01087,0.00011959861
4,4,159.5109,8.7058143e-05
4,4,160.01094,6.3397394e-05
4,4,160.51097,8.2981545e-05
4,4,161.01101,9.132716e-05
4,4,161.51104,7.9538154e-05
4,4,162.01107,8.0690659e-05
4,4,162.51111,8.6769275e-05
4,4,163.01114,9.2323207e-05
4,4,163.51118,9.2508767e-05
4,4,164.01121,8.3180415e-05
4,4,164.51125,7.8134697e-05
4,4,165.01128,7.8446956e-05
4,4,165.51131,5.6416877e-05
4,4,166.01135,2.5772528e-05
4,4,166.51138,3.5072681e-05
4,4,167.01142,4.1221196e-05
4,4,167.51145,3.7091489e-05
4,4,168.01149,3.5563873e-05
4,4,168.51152,4.8389309e-05
4,4,169.01155,4.409803e-05
4,4,169.51159,3.4280369e-05
4,4,170.01162,2.8714391e-05
4,4,170.51166,3.6114321e-05
4,4,171.01169,2.600226e-05
4,4,171.51172,6.1120263e-06
4,4,172.01176,5.8424756e-06
4,4,172.51179,2.7611131e-05
4,4,173.01183,3.095383e-05
4,4,173.51186,2.6131151e-05
4,4,174.0119,1.3431723e-05
4,4,174.51193,2.5702472e-05
4,4,175.01196,4.0755491e-05
4,4,175.512,2.2331703e-05
4,4,176.01203,1.387764e-05
4,4,176.51207,1.3388992e-05
4,4,177.0121,3.4064992e-06
4,4,177.51213,1.7979172e-05
4,4,178.01217,5.9483608e-06
4,4,178.5122,2.5222527e-05
4,4,179.01224,1.1575741e-05
4,4,179.51227,2.9935015e-05
4,4,180.01231,7.0145864e-06
4,4,180.51234,2.5489989e-05
4,4,181.01237,1.7026247e-05
4,4,181.51241,1.8326591e-05
4,4,182.01244,2.5260594e-06
4,4,182.51248,2.1247333e-05
4,4,183.01251,1.7598395e-05
4,4,183.51254,5.4093966e-06
4,4,184.01258,4.334619e-06
4,4,184.51261,2.3463438e-05
4,4,185.01265,2.9290569e-05
4,4,185.51268,2.4435458e-05
4,4,186.01272,2.1878737e-05
4,4,186.51275,1.3726808e-05
4,4,187.01278,3.4814983e-05
4,4,187.51282,3.1050306e-05
4,4,188.01285,2.7079255e-05
4,4,188.51289,3.8082658e-05
4,4,189.01292,4.4235565e-05
4,4,189.51295,2.3042208e-05
4,4,190.01299,1.7297661e-05
4,4,190.51302,3.2069647e-05
4,4,191.01306,2.7959861e-05
4,4,191.51309,2.1948101e-06
4,4,192.01313,4.9424914e-06
4,4,192.51316,2.2097756e-05
4,4,193.01319,2.7624527e-05
4,4,193.51323,5.2397098e-06
4,4,194.01326,1.2311384e-05
4,4,194.5133,1.4974237e-05
4,4,195.01333,1.9280024e-05
4,4,195.51337,9.5085558e-06
4,4,196.0134,8.7067582e-06
4,4,196.51343,1.8332709e-05
4,4,197.01347,2.1328804e-05
4,4,197.5135,1.5716821e-05
4,4,198.01354,1.8199642e-05
4,4,198.51357,1.7768053e-05
4,4,199.0136,1.0127758e-05
4,4,199.51364,1.9877535e-05
5,5,0,1.2683895e-07
5,5,0.50003418,4.4958092e-07
5,5,1.0000684,5.0052097e-07
5,5,1.5001025,7.0116943e-07
5,5,2.0001367,8.3919334e-07
5,5,2.5001709,5.6028797e-07
5,5,3.0002051,9.8460979e-07
5,5,3.5002393,2.1917535e-06
5,5,4.0002735,2.5677269e-06
5,5,4.5003076,1.7277029e-06
5,5,5.0003418,1.4429219e-06
5,5,5.500376,3.1776619e-06
5,5,6.0004102,1.2840897e-06
5,5,6.5004444,2.9853462e-06
5,5,7.0004785,6.519741e-06
5,5,7.5005127,5.1559552e-06
5,5,8.0005469,8.8991657e-06
5,5,8.5005811,1.7467973e-05
5,5,9.0006153,1.2248348e-05
5,5,9.5006495,3.979614e-06
5,5,10.000684,1.2530164e-05
5,5,10.500718,1.3241087e-05
5,5,11.000752,4.92164e-06
5,5,11.500786,1.8585387e-06
5,5,12.00082,3.4083085e-06
5,5,12.500855,9.2891007e-06
5,5,13.000889,9.7524891e-06
5,5,13.500923,5.2786173e-06
5,5,14.000957,2.5470722e-05
5,5,14.500991,2.9294796e-05
5,5,15.001025,1.5454729e-05
5,5,15.50106,1.5284383e-05
5,5,16.001094,1.3895889e-05
5,5,16.501128,7.7870788e-06
5,5,17.001162,8.0886081e-06
5,5,17.501196,2.9634977e-06
5,5,18.001231,1.288582e-05
5,5,18.501265,1.5830108e-05
5,5,19.001299,1.2548663e-05
5,5,19.501333,4.7309149e-05
5,5,20.001367,5.6703181e-05
5,5,20.501401,3.1707926e-05
5,5,21.001436,1.7033821e-05
5,5,21.50147,2.793394e-05
5,5,22.001504,4.4081943e-05
5,5,22.501538,3.0190292e-05
5,5,23.001572,7.1134543e-06
5,5,23.501607,1.0830542e-05
5,5,24.001641,2.2788281e-05
5,5,24.501675,3.1817121e-05
5,5,25.001709,2.151513e-05
5,5,25.501743,3.0008987e-05
5,5,26.001777,5.6865428e-05
5,5,26.501812,3.6314615e-05
5,5,27.001846,1.2161313e-05
5,5,27.50188,1.814752e-05
5,5,28.001914,0.00010663634
5,5,28.501948,0.00020452905
5,5,29.001983,0.00013625528
5,5,29.502017,4.1347634e-05
5,5,30.002051,1.7024282e-05
5,5,30.502085,2.4182419e-05
5,5,31.002119,2.5362424e-05
5,5,31.502153,3.446103e-05
5,5,32.002188,2.0723301e-05
5,5,32.502222,1.650563e-05
5,5,33.002256,3.2659106e-05
5,5,33.50229,4.1234751e-05
5,5,34.002324,2.2011855e-05
5,5,34.502359,2.7069597e-05
5,5,35.002393,2.7341808e-05
5,5,35.502427,3.9933598e-05
5,5,36.002461,4.3637008e-05
5,5,36.502495,4.8551979e-05
5,5,37.002529,5.9921036e-05
5,5,37.502564,6.2014655e-05
5,5,38.002598,5.8376912e-05
5,5,38.502632,7.9969736e-05
5,5,39.002666,4.8811797e-05
5,5,39.5027,5.3967728e-05
5,5,40.002735,2.324178e-05
5,5,40.502769,6.6713479e-05
5,5,41.002803,0.00010457982
5,5,41.502837,0.00010442371
5,5,42.002871,0.00011768824
5,5,42.502905,3.8978302e-05
5,5,43.00294,7.4329334e-05
5,5,43.502974,7.2885351e-05
5,5,44.003008,5.7387541e-05
5,5,44.503042,3.3421888e-05
5,5,45.003076,1.4765275e-05
5,5,45.503111,6.5289405e-06
5,5,46.003145,1.1160195e-05
5,5,46.503179,8.4142133e-06
5,5,47.003213,4.1170647e-06
5,5,47.503247,1.37708e-06
5,5,48.003281,1.5974089e-05
5,5,48.503316,3.51243e-05
5,5,49.00335,2.2587589e-05
5,5,49.503384,2.4868153e-05
5,5,50.003418,1.198411e-05
5,5,50.503452,1.9738429e-05
5,5,51.003487,2.3815095e-05
5,5,51.503521,1.5516023e-05
5,5,52.003555,3.3250251e-06
5,5,52.503589,2.9828985e-06
5,5,53.003623,1.0926841e-05
5,5,53.503657,1.6641965e-05
5,5,54.003692,5.2925553e-06
5,5,54.503726,2.4430458e-06
5,5,55.00376,1.3710959e-05
5,5,55.503794,1.8145019e-05
5,5,56.003828,1.0881092e-05
5,5,56.503863,9.8206991e-06
5,5,57.003897,1.2926717e-05
5,5,57.503931,1.3262727e-05
5,5,58.003965,1.0884012e-05
5,5,58.503999,9.1635097e-05
5,5,59.004033,0.00010284117
5,5,59.504068,6.5362786e-05
5,5,60.004102,6.1889538e-05
5,5,60.504136,4.1984658e-06
5,5,61.00417,1.723695e-05
5,5,61.504204,1.0928931e-05
5,5,62.004239,4.8502069e-06
5,5,62.504273,6.2303716e-06
5,5,63.004307,5.2689773e-06
5,5,63.504341,9.4028843e-06
5,5,64.004375,1.3259558e-05
5,5,64.504409,1.6564291e-06
5,5,65.004444,9.815966e-06
5,5,65.504478,8.3680691e-06
5,5,66.004512,6.3529647e-06
5,5,66.504546,2.3331769e-06
5,5,67.00458,9.1101709e-06
5,5,67.504615,2.1318488e-05
5,5,68.004649,1.4981091e-05
5,5,68.504683,2.8439994e-06
5,5,69.004717,1.7131846e-05
5,5,69.504751,2.1399792e-05
5,5,70.004785,2.3745457e-05
5,5,70.50482,3.2535244e-05
5,5,71.004854,1.3566718e-05
5,5,71.504888,8.884048e-06
5,5,72.004922,6.925444e-06
5,5,72.504956,1.9586908e-05
5,5,73.004991,2.3276955e-05
5,5,73.505025,1.8951356e-05
5,5,74.005059,4.2223046e-06
5,5,74.505093,7.3936239e-06
5,5,75.005127,2.1827533e-05
5,5,75.505161,2.1816863e-05
5,5,76.005196,2.0983821e-05
5,5,76.50523,8.3616353e-06
5,5,77.005264,1.6374952e-05
5,5,77.505298,1.4441203e-05
5,5,78.005332,4.3539479e-06
5,5,78.505367,1.1728486e-05
5,5,79.005401,5.7564284e-06
5,5,79.505435,1.4743662e-05
5,5,80.005469,9.7360827e-06
5,5,80.505503,2.7443922e-06
5,5,81.005537,4.5539188e-06
5,5,81.505572,7.340344e-06
5,5,82.005606,9.3625092e-06
5,5,82.50564,1.6151935e-05
5,5,83.005674,3.7211727e-06
5,5,83.505708,6.3296768e-06
5,5,84.005743,5.480427e-06
5,5,84.505777,2.054589e-05
5,5,85.005811,2.86274e-05
5,5,85.505845,1.271202e-05
5,5,86.005879,4.8563014e-06
5,5,86.505913,2.7125385e-06
5,5,87.005948,8.2786969e-06
5,5,87.505982,1.1176093e-05
5,5,88.006016,5.4030703e-06
5,5,88.50605,1.136297e-05
5,5,89.006084,3.3759283e-05
5,5,89.506119,2.2227174e-05
5,5,90.006153,8.4355181e-06
5,5,90.506187,1.6994175e-05
5,5,91.006221,1.01343e-05
5,5,91.506255,1.5272833e-05
5,5,92.006289,9.5936006e-06
5,5,92.506324,1.0336154e-05
5,5,93.006358,3.6515965e-06
5,5,93.506392,1.675555e-05
5,5,94.006426,1.8313046e-05
5,5,94.50646,1.7648453e-05
5,5,95.006495,6.1109963e-06
5,5,95.506529,1.0742091e-05
5,5,96.006563,1.2008206e-05
5,5,96.506597,1.1769233e-05
5,5,97.006631,9.8943422e-06
5,5,97.506665,8.6144915e-06
5,5,98.0067,5.8954387e-06
5,5,98.506734,8.5926282e-06
5,5,99.006768,4.6987345e-06
5,5,99.506802,1.2126928e-05
5,5,100.00684,9.2160796e-06
5,5,100.50687,2.5420905e-05
5,5,101.0069,2.1436044e-05
5,5,101.50694,2.1692896e-05
5,5,102.00697,2.2978496e-05
5,5,102.50701,3.3271391e-05
5,5,103.00704,9.5594877e-06
5,5,103.50708,2.9562487e-05
5,5,104.00711,4.4679744e-05
5,5,104.50714,3.458732e-05
5,5,105.00718,2.3036479e-05
5,5,105.50721,2.480261e-05
5,5,106.00725,3.3215858e-05
5,5,106.50728,3.9182584e-05
5,5,107.00731,3.956733e-05
5,5,107.50735,2.5931878e-05
5,5,108.00738,3.5047584e-05
5,5,108.50742,2.7542777e-05
5,5,109.00745,1.9542055e-05
5,5,109.50749,1.7316291e-05
5,5,110.00752,1.701221e-05
5,5,110.50755,7.5913527e-06
5,5,111.00759,9.5960999e-06
5,5,111.50762,1.36678e-05
5,5,112.00766,6.2090601e-06
5,5,112.50769,4.3425427e-06
5,5,113.00773,7.238699e-06
5,5,113.50776,8.4537566e-06
5,5,114.00779,6.9502907e-06
5,5,114.50783,2.1691757e-06
5,5,115.00786,4.527656e-06
5,5,115.5079,7.3769705e-06
5,5,116.00793,2.4231761e-06
5,5,116.50796,5.695616e-06
5,5,117.008,1.0196337e-05
5,5,117.50803,1.3926139e-05
5,5,118.00807,3.3138503e-05
5,5,118.5081,4.9476674e-05
5,5,119.00814,2.1268069e-05
5,5,119.50817,3.5718926e-05
5,5,120.0082,2.7250735e-05
5,5,120.50824,1.0378693e-05
5,5,121.00827,1.9050357e-05
5,5,121.50831,1.5552615e-05
5,5,122.00834,1.0077715e-05
5,5,122.50837,1.3700176e-05
5,5,123.00841,1.1357079e-05
5,5,123.50844,7.4349959e-06
5,5,124.00848,7.0998866e-06
5,5,124.50851,9.0796915e-06
5,5,125.00855,8.1653944e-06
5,5,125.50858,8.4605885e-06
5,5,126.00861,3.2196145e-06
5,5,126.50865,6.2701711e-06
5,5,127.00868,1.5359221e-06
5,5,127.50872,1.527617e-05
5,5,128.00875,1.0596113e-05
5,5,128.50878,5.3576371e-06
5,5,129.00882,4.4178678e-06
5,5,129.50885,5.5610201e-06
5,5,130.00889,3.9410426e-06
5,5,130.50892,7.396155e-06
5,5,131.00896,1.0285607e-05
5,5,131.50899,4.4137714e-06
5,5,132.00902,5.9668187e-06
5,5,132.50906,1.6895004e-05
5,5,133.00909,1.514143e-05
5,5,133.50913,1.8407977e-05
5,5,134.00916,1.0225684e-05
5,5,134.50919,1.9673765e-05
5,5,135.00923,2.2820552e-05
5,5,135.50926,1.2273513e-05
5,5,136.0093,7.1824183e-06
5,5,136.50933,1.8373165e-05
5,5,137.00937,1.9387881e-05
5,5,137.5094,5.1347984e-06
5,5,138.00943,6.7963086e-06
5,5,138.50947,2.2451918e-05
5,5,139.0095,2.4286558e-05
5,5,139.50954,7.5947962e-06
5,5,140.00957,4.0462516e-06
5,5,140.50961,1.0931141e-05
5,5,141.00964,1.2840992e-05
5,5,141.50967,2.0571159e-06
5,5,142.00971,1.1352724e-05
5,5,142.50974,1.4606917e-05
5,5,143.00978,7.9737437e-06
5,5,143.50981,1.5904305e-05
5,5,144.00984,1.4949206e-05
5,5,144.50988,1.4202882e-05
5,5,145.00991,7.546885e-06
5,5,145.50995,1.4390467e-05
5,5,146.00998,1.3373541e-05
5,5,146.51002,1.5228872e-05
5,5,147.01005,1.1443245e-05
5,5,147.51008,5.6938551e-06
5,5,148.01012,1.3406811e-05
5,5,148.51015,2.4313093e-05
5,5,149.01019,2.7055684e-05
5,5,149.51022,2.2608169e-05
5,5,150.01025,1.8658324e-05
5,5,150.51029,7.5448947e-06
5,5,151.01032,4.7877323e-06
5,5,151.51036,4.4608647e-06
5,5,152.01039,2.0829888e-05
5,5,152.51043,2.1653015e-05
5,5,153.01046,3.3779344e-06
5,5,153.51049,6.362123e-06
5,5,154.01053,1.8242694e-06
5,5,154.51056,2.4026029e-05
5,5,155.0106,2.5003318e-05
5,5,155.51063,2.5026072e-05
5,5,156.01066,3.2940237e-05
5,5,156.5107,8.3108109e-06
5,5,157.01073,4.3187379e-05
5,5,157.51077,6.1486774e-05
5,5,158.0108,2.1818817e-05
5,5,158.51084,4.0153379e-05
5,5,159.01087,2.0561424e-05
5,5,159.5109,1.5163242e-05
5,5,160.01094,5.1533535e-06
5,5,160.51097,1.242149e-05
5,5,161.01101,1.1040564e-05
5,5,161.51104,1.0287269e-05
5,5,162.01107,1.5821065e-05
5,5,162.51111,2.1453701e-05
5,5,163.01114,2.1424797e-05
5,5,163.51118,1.8767337e-05
5,5,164.01121,2.3128376e-05
5,5,164.51125,2.9691946e-05
5,5,165.01128,2.5513659e-05
5,5,165.51131,1.4750506e-05
5,5,166.01135,8.6401267e-06
5,5,166.51138,1.7892977e-05
5,5,167.01142,1.4071966e-05
5,5,167.51145,1.1559032e-05
5,5,168.01149,7.020383e-06
5,5,168.51152,1.6885781e-05
5,5,169.01155,1.2109321e-05
5,5,169.51159,2.2004509e-06
5,5,170.01162,4.6330263e-06
5,5,170.51166,1.9435151e-05
5,5,171.01169,2.3704193e-05
5,5,171.51172,1.0123022e-05
5,5,172.01176,6.1109347e-06
5,5,172.51179,1.7721781e-05
5,5,173.01183,2.0912008e-05
5,5,173.51186,1.5874694e-05
5,5,174.0119,1.4040591e-05
5,5,174.51193,1.6132955e-05
5,5,175.01196,1.1996472e-05
5,5,175.512,3.2526524e-06
5,5,176.01203,3.0358013e-06
5,5,176.51207,1.9895944e-05
5,5,177.0121,2.6332823e-05
5,5,177.51213,1.7605695e-05
5,5,178.01217,1.4831824e-05
5,5,178.5122,1.0126647e-05
5,5,179.01224,2.2938914e-05
5,5,179.51227,8.5490334e-06
5,5,180.01231,2.7256782e-06
5,5,180.51234,9.1074515e-06
5,5,181.01237,1.1450773e-05
5,5,181.51241,5.0629403e-06
5,5,182.01244,2.0076286e-06
5,5,182.51248,4.7283873e-06
5,5,183.01251,5.6960821e-06
5,5,183.51254,2.6578019e-06
5,5,184.01258,2.5524312e-06
5,5,184.51261,5.8513087e-06
5,5,185.01265,3.5615135e-06
5,5,185.51268,1.0820988e-06
5,5,186.01272,3.0071974e-06
5,5,186.51275,5.1684962e-06
5,5,187.01278,3.0109094e-06
5,5,187.51282,2.0901044e-06
5,5,188.01285,2.0343656e-06
5,5,188.51289,2.8378724e-06
5,5,189.01292,1.8984304e-06
5,5,189.51295,1.7223562e-06
5,5,190.01299,4.0057382e-06
5,5,190.51302,4.7250218e-06
5,5,191.01306,6.0462306e-06
5,5,191.51309,4.5411643e-06
5,5,192.01313,5.8607654e-06
5,5,192.51316,8.0210687e-06
5,5,193.01319,5.5620769e-06
5,5,193.51323,2.8369712e-06
5,5,194.01326,5.5308053e-06
5,5,194.5133,8.0340982e-06
5,5,195.01333,4.6195534e-06
5,5,195.51337,4.439961e-06
5,5,196.0134,1.0820892e-05
5,5,196.51343,1.2021036e-05
5,5,197.01347,7.9377471e-06
5,5,197.5135,3.1596694e-06
5,5,198.01354,3.3223756e-06
5,5,198.51357,2.6763776e-06
5,5,199.0136,6.9462733e-06
5,5,199.51364,7.0790354e-06
6,6,0,1.118702e-06
6,6,0.50003418,4.2089943e-07
6,6,1.0000684,5.7761852e-07
6,6,1.5001025,1.8247789e-06
6,6,2.0001367,1.7519768e-06
6,6,2.5001709,1.4866684e-06
6,6,3.0002051,9.9956783e-07
6,6,3.5002393,2.6237136e-06
6,6,4.0002735,3.0430377e-06
6,6,4.5003076,2.3221261e-06
6,6,5.0003418,3.1444182e-06
6,6,5.500376,3.9238913e-06
6,6,6.0004102,4.9741821e-06
6,6,6.5004444,5.9150931e-06
6,6,7.0004785,9.5072096e-06
6,6,7.5005127,1.0119445e-05
6,6,8.0005469,9.052509e-06
6,6,8.5005811,9.1801226e-06
6,6,9.0006153,1.0531886e-05
6,6,9.5006495,1.2616203e-05
6,6,10.000684,1.491777e-05
6,6,10.500718,1.8458045e-05
6,6,11.000752,1.3732072e-05
6,6,11.500786,6.8955067e-06
6,6,12.00082,1.0783334e-05
6,6,12.500855,7.4918297e-06
6,6,13.000889,2.9638865e-06
6,6,13.500923,9.3098575e-06
6,6,14.000957,3.8208746e-05
6,6,14.500991,4.8939202e-05
6,6,15.001025,2.4883406e-05
6,6,15.50106,7.7755089e-06
6,6,16.001094,2.5460324e-05
6,6,16.501128,3.7799578e-05
6,6,17.001162,2.8967521e-05
6,6,17.501196,1.3981365e-05
6,6,18.001231,1.3856003e-05
6,6,18.501265,1.1845903e-05
6,6,19.001299,1.2562286e-05
6,6,19.501333,1.9452156e-05
6,6,20.001367,5.1236187e-05
6,6,20.501401,2.5670166e-05
6,6,21.001436,8.4747982e-06
6,6,21.50147,9.2060544e-06
6,6,22.001504,1.976025e-05
6,6,22.501538,2.2056272e-05
6,6,23.001572,1.3084398e-05
6,6,23.501607,8.2096078e-06
6,6,24.001641,2.3420063e-05
6,6,24.501675,3.0088064e-05
6,6,25.001709,2.5329404e-05
6,6,25.501743,1.8829267e-05
6,6,26.001777,2.1383198e-05
6,6,26.501812,1.9344283e-05
6,6,27.001846,3.2992416e-05
6,6,27.50188,5.4703169e-05
6,6,28.001914,2.6681495e-05
6,6,28.501948,5.0992208e-05
6,6,29.001983,9.0449173e-05
6,6,29.502017,3.1998337e-05
6,6,30.002051,3.6560664e-05
6,6,30.502085,4.7293752e-05
6,6,31.002119,3.6581417e-05
6,6,31.502153,1.4396737e-05
6,6,32.002188,1.6319976e-05
6,6,32.502222,1.3548092e-05
6,6,33.002256,4.2719512e-05
6,6,33.50229,4.4249049e-05
6,6,34.002324,2.0386107e-05
6,6,34.502359,2.7781878e-05
6,6,35.002393,1.3741905e-05
6,6,35.502427,9.227495e-06
6,6,36.002461,3.2818488e-05
6,6,36.502495,3.8449751e-05
6,6,37.002529,2.9706726e-05
6,6,37.502564,2.7826916e-05
6,6,38.002598,2.5192969e-05
6,6,38.502632,3.9932692e-05
6,6,39.002666,2.3347491e-05
6,6,39.5027,1.0076373e-05
6,6,40.002735,4.4760324e-06
6,6,40.502769,1.4520739e-06
6,6,41.002803,5.7332134e-06
6,6,41.502837,1.5939269e-05
6,6,42.002871,1.8423676e-05
6,6,42.502905,1.5209089e-05
6,6,43.00294,2.5575081e-05
6,6,43.502974,9.8081589e-06
6,6,44.003008,2.9567724e-05
6,6,44.503042,1.9729508e-05
6,6,45.003076,2.1354146e-05
6,6,45.503111,4.6881132e-06
6,6,46.003145,1.881125e-06
6,6,46.503179,1.7480859e-05
6,6,47.003213,2.1184633e-05
6,6,47.503247,1.2300525e-05
6,6,48.003281,1.1867256e-05
6,6,48.503316,1.1519673e-05
6,6,49.00335,2.7714633e-05
6,6,49.503384,3.4424598e-05
6,6,50.003418,1.7605623e-05
6,6,50.503452,7.6437052e-06
6,6,51.003487,1.4800588e-05
6,6,51.503521,5.2387423e-06
6,6,52.003555,1.073182e-05
6,6,52.503589,5.7386689e-06
6,6,53.003623,5.7020426e-06
6,6,53.503657,4.7185183e-06
6,6,54.003692,7.5516017e-06
6,6,54.503726,1.8041279e-05
6,6,55.00376,1.7513112e-05
6,6,55.503794,1.3423562e-05
6,6,56.003828,8.8000037e-07
6,6,56.503863,1.491167e-05
6,6,57.003897,1.1739507e-05
6,6,57.503931,1.5131921e-05
6,6,58.003965,2.8691547e-05
6,6,58.503999,8.1486129e-05
6,6,59.004033,0.000160518
6,6,59.504068,0.00012956505
6,6,60.004102,0.00010263075
6,6,60.504136,1.7090631e-05
6,6,61.00417,4.4513034e-06
6,6,61.504204,5.0163597e-06
6,6,62.004239,1.9198431e-06
6,6,62.504273,3.7855636e-06
6,6,63.004307,4.0317763e-06
6,6,63.504341,4.0478539e-06
6,6,64.004375,5.1278177e-06
6,6,64.504409,8.466657e-06
6,6,65.004444,1.0378236e-06
6,6,65.504478,4.9105558e-06
6,6,66.004512,2.542589e-06
6,6,66.504546,1.0246234e-05
6,6,67.00458,1.1770426e-05
6,6,67.504615,4.422033e-06
6,6,68.004649,1.4880851e-05
6,6,68.504683,2.1106007e-05
6,6,69.004717,1.139744e-05
6,6,69.504751,9.6985857e-06
6,6,70.004785,1.9784522e-05
6,6,70.50482,2.3267504e-05
6,6,71.004854,1.4006433e-05
6,6,71.504888,1.271349e-05
6,6,72.004922,1.7271774e-05
6,6,72.504956,1.73801e-05
6,6,73.004991,7.0004252e-06
6,6,73.505025,5.2684119e-06
6,6,74.005059,1.171808e-05
6,6,74.505093,2.3921385e-05
6,6,75.005127,3.6372171e-05
6,6,75.505161,2.5617722e-05
6,6,76.005196,3.5839569e-05
6,6,76.50523,3.2727663e-05
6,6,77.005264,2.1726136e-05
6,6,77.505298,2.8766113e-05
6,6,78.005332,2.4535847e-05
6,6,78.505367,1.4541657e-05
6,6,79.005401,1.1504197e-05
6,6,79.505435,9.8340024e-06
6,6,80.005469,6.4786715e-06
6,6,80.505503,1.4003634e-05
6,6,81.005537,4.1713575e-06
6,6,81.505572,2.9444678e-06
6,6,82.005606,1.3771915e-05
6,6,82.50564,2.080072e-05
6,6,83.005674,9.0039085e-06
6,6,83.505708,1.1376183e-05
6,6,84.005743,7.0297713e-06
6,6,84.505777,3.5578783e-06
6,6,85.005811,5.7009172e-06
6,6,85.505845,6.9909074e-06
6,6,86.005879,1.9905386e-06
6,6,86.505913,1.0168326e-06
6,6,87.005948,8.2666789e-06
6,6,87.505982,9.973186e-06
6,6,88.006016,4.8570374e-06
6,6,88.50605,1.2038702e-06
6,6,89.006084,6.3449613e-06
6,6,89.506119,1.6431569e-05
6,6,90.006153,1.182717e-05
6,6,90.506187,3.342765e-06
6,6,91.006221,1.2393817e-06
6,6,91.506255,4.7968738e-06
6,6,92.006289,1.8057763e-05
6,6,92.506324,2.2748915e-05
6,6,93.006358,4.306066e-06
6,6,93.506392,7.9743994e-06
6,6,94.006426,1.085329e-05
6,6,94.50646,6.8199277e-06
6,6,95.006495,4.3043287e-06
6,6,95.506529,4.456016e-06
6,6,96.006563,1.278544e-05
6,6,96.506597,2.4608865e-05
6,6,97.006631,5.7769184e-06
6,6,97.506665,7.2398997e-06
6,6,98.0067,4.5137632e-06
6,6,98.506734,9.8595191e-06
6,6,99.006768,2.2412797e-05
6,6,99.506802,2.4089792e-05
6,6,100.00684,5.8686696e-06
6,6,100.50687,7.5639771e-06
6,6,101.0069,1.6402505e-05
6,6,101.50694,2.6672011e-05
6,6,102.00697,2.3702504e-05
6,6,102.50701,1.8603457e-05
6,6,103.00704,1.2160531e-05
6,6,103.50708,8.0382869e-06
6,6,104.00711,7.8478094e-06
6,6,104.50714,1.0276796e-05
6,6,105.00718,3.6501303e-06
6,6,105.50721,1.1661913e-05
6,6,106.00725,1.4761015e-05
6,6,106.50728,1.5539656e-05
6,6,107.00731,8.2463718e-06
6,6,107.50735,1.1627184e-05
6,6,108.00738,1.4237391e-05
6,6,108.50742,1.6152186e-05
6,6,109.00745,1.9447192e-05
6,6,109.50749,1.771408e-05
6,6,110.00752,1.8047041e-05
6,6,110.50755,1.8545912e-05
6,6,111.00759,1.4082191e-05
6,6,111.50762,1.2498798e-06
6,6,112.00766,8.1178332e-06
6,6,112.50769,5.6256739e-06
6,6,113.00773,5.3969105e-06
6,6,113.50776,4.5161894e-06
6,6,114.00779,5.4924643e-07
6,6,114.50783,7.0985439e-06
6,6,115.00786,1.3077674e-05
6,6,115.5079,9.4321402e-06
6,6,116.00793,2.2887611e-06
6,6,116.50796,1.5734182e-05
6,6,117.008,1.2784064e-05
6,6,117.50803,3.1954967e-06
6,6,118.00807,5.9630955e-06
6,6,118.5081,1.99343e-05
6,6,119.00814,3.7691786e-05
6,6,119.50817,6.076208e-05
6,6,120.0082,7.8895217e-05
6,6,120.50824,4.7137616e-05
6,6,121.00827,9.235538e-06
6,6,121.50831,9.4303511e-06
6,6,122.00834,7.7529964e-06
6,6,122.50837,9.9184469e-06
6,6,123.00841,8.6570393e-06
6,6,123.50844,7.7669333e-06
6,6,124.00848,1.4798162e-05
6,6,124.50851,2.0433993e-05
6,6,125.00855,1.4502353e-05
6,6,125.50858,1.4514839e-05
6,6,126.00861,5.3724403e-06
6,6,126.50865,8.3539953e-06
6,6,127.00868,8.8196766e-06
6,6,127.50872,2.5029424e-05
6,6,128.00875,2.1181579e-05
6,6,128.50878,1.7406691e-05
6,6,129.00882,2.2402616e-05
6,6,129.50885,1.1951774e-05
6,6,130.00889,1.2910277e-05
6,6,130.50892,3.0048377e-05
6,6,131.00896,3.1887929e-05
6,6,131.50899,1.8313101e-05
6,6,132.00902,1.1439598e-05
6,6,132.50906,3.0136152e-05
6,6,133.00909,3.6405853e-05
6,6,133.50913,1.3941004e-05
6,6,134.00916,4.6162183e-06
6,6,134.50919,2.8847873e-05
6,6,135.00923,3.0033677e-05
6,6,135.50926,1.6036809e-05
6,6,136.0093,1.2665772e-05
6,6,136.50933,2.1902072e-05
6,6,137.00937,3.1116882e-05
6,6,137.5094,1.7891746e-05
6,6,138.00943,9.1898641e-06
6,6,138.50947,1.2592236e-05
6,6,139.0095,1.9081583e-05
6,6,139.50954,1.0279617e-05
6,6,140.00957,7.7967492e-06
6,6,140.50961,1.5330598e-05
6,6,141.00964,5.560434e-06
6,6,141.50967,2.6158971e-06
6,6,142.00971,9.8374469e-06
6,6,142.50974,1.6320207e-05
6,6,143.00978,5.8853722e-06
6,6,143.50981,4.8523302e-06
6,6,144.00984,6.9794119e-06
6,6,144.50988,1.9606352e-05
6,6,145.00991,1.6618659e-05
6,6,145.50995,8.9766253e-06
6,6,146.00998,1.5391319e-05
6,6,146.51002,2.2451692e-05
6,6,147.01005,1.7281344e-05
6,6,147.51008,7.8415842e-06
6,6,148.01012,7.544143e-06
6,6,148.51015,1.5088365e-05
6,6,149.01019,1.6880348e-05
6,6,149.51022,1.455422e-05
6,6,150.01025,1.5538032e-05
6,6,150.51029,1.2683681e-05
6,6,151.01032,1.4797774e-05
6,6,151.51036,1.6504194e-05
6,6,152.01039,1.8487829e-05
6,6,152.51043,1.5431302e-05
6,6,153.01046,5.7145371e-06
6,6,153.51049,1.210663e-05
6,6,154.01053,1.5022827e-05
6,6,154.51056,2.0934304e-05
6,6,155.0106,1.4511254e-05
6,6,155.51063,5.4529837e-06
6,6,156.01066,6.4218986e-06
6,6,156.5107,2.3119874e-05
6,6,157.01073,3.5062208e-05
6,6,157.51077,2.3380549e-05
6,6,158.0108,2.3706225e-05
6,6,158.51084,5.1256383e-05
6,6,159.01087,4.4258471e-05
6,6,159.5109,2.0344044e-05
6,6,160.01094,1.6770791e-05
6,6,160.51097,3.2810454e-05
6,6,161.01101,3.9222197e-05
6,6,161.51104,1.8847552e-05
6,6,162.01107,1.6081265e-05
6,6,162.51111,3.1030304e-05
6,6,163.01114,3.3306393e-05
6,6,163.51118,1.3981143e-05
6,6,164.01121,1.2107193e-05
6,6,164.51125,2.5981462e-05
6,6,165.01128,2.209481e-05
6,6,165.51131,9.0859567e-06
6,6,166.01135,1.3298277e-05
6,6,166.51138,2.2752605e-05
6,6,167.01142,1.5830655e-05
6,6,167.51145,1.8030972e-06
6,6,168.01149,8.4984111e-06
6,6,168.51152,1.6519855e-05
6,6,169.01155,1.4393691e-05
6,6,169.51159,4.8193127e-06
6,6,170.01162,8.7644849e-06
6,6,170.51166,2.3025091e-05
6,6,171.01169,1.9837902e-05
6,6,171.51172,7.3247444e-06
6,6,172.01176,2.8631379e-06
6,6,172.51179,9.5446817e-06
6,6,173.01183,1.7855647e-05
6,6,173.51186,7.8236754e-06
6,6,174.0119,2.8939503e-06
6,6,174.51193,2.1791524e-05
6,6,175.01196,3.692592e-05
6,6,175.512,1.5477579e-05
6,6,176.01203,4.8358392e-06
6,6,176.51207,2.0948118e-05
6,6,177.0121,3.1110573e-05
6,6,177.51213,1.9738199e-05
6,6,178.01217,1.6295536e-05
6,6,178.5122,2.4940521e-05
6,6,179.01224,1.9596399e-05
6,6,179.51227,7.6937791e-06
6,6,180.01231,8.3583961e-06
6,6,180.51234,8.8572791e-06
6,6,181.01237,1.0857122e-05
6,6,181.51241,6.4336353e-06
6,6,182.01244,3.7122067e-06
6,6,182.51248,1.1805422e-05
6,6,183.01251,1.2523821e-05
6,6,183.51254,1.09111e-05
6,6,184.01258,9.5885982e-06
6,6,184.51261,4.4488933e-06
6,6,185.01265,1.1217269e-05
6,6,185.51268,1.0341246e-05
6,6,186.01272,8.8606287e-06
6,6,186.51275,1.1647059e-05
6,6,187.01278,1.8956225e-05
6,6,187.51282,8.0241143e-06
6,6,188.01285,4.8659739e-06
6,6,188.51289,5.3941437e-06
6,6,189.01292,1.4511723e-05
6,6,189.51295,1.1723138e-05
6,6,190.01299,1.1216049e-05
6,6,190.51302,1.5447878e-05
6,6,191.01306,1.4525474e-05
6,6,191.51309,5.1295986e-06
6,6,192.01313,6.0128992e-06
6,6,192.51316,8.4987e-06
6,6,193.01319,1.0666412e-05
6,6,193.51323,7.8799385e-06
6,6,194.01326,9.6607693e-06
6,6,194.5133,5.6786454e-06
6,6,195.01333,3.2535359e-06
6,6,195.51337,3.7668757e-06
6,6,196.0134,1.5447617e-06
6,6,196.51343,2.455926e-06
6,6,197.01347,6.7813556e-06
6,6,197.5135,4.2375478e-06
6,6,198.01354,2.9172718e-06
6,6,198.51357,3.7238544e-06
6,6,199.0136,3.4931674e-06
6,6,199.51364,4.9635372e-07
7,7,0,1.204999e-06
7,7,0.50003418,9.0978943e-07
7,7,1.0000684,4.2651091e-07
7,7,1.5001025,4.4868689e-07
7,7,2.0001367,4.3426522e-07
7,7,2.5001709,1.447727e-07
7,7,3.0002051,2.5730295e-07
7,7,3.5002393,2.1201686e-06
7,7,4.0002735,3.3436602e-06
7,7,4.5003076,1.961176e-06
7,7,5.0003418,2.0905975e-06
7,7,5.500376,2.8879739e-06
7,7,6.0004102,3.050373e-06
7,7,6.5004444,4.0786611e-06
7,7,7.0004785,5.5174222e-06
7,7,7.5005127,5.3462997e-06
7,7,8.0005469,1.0656354e-05
7,7,8.5005811,1.5336361e-05
7,7,9.0006153,4.2186453e-06
7,7,9.5006495,9.6897763e-06
7,7,10.000684,7.5538832e-06
7,7,10.500718,4.0538472e-06
7,7,11.000752,5.6033473e-06
7,7,11.500786,1.6766511e-06
7,7,12.00082,6.6701237e-06
7,7,12.500855,7.3303604e-06
7,7,13.000889,5.7826929e-06
7,7,13.500923,2.8589077e-06
7,7,14.000957,1.7325936e-05
7,7,14.500991,2.4094038e-05
7,7,15.001025,2.114248e-05
7,7,15.50106,1.336345e-05
7,7,16.001094,1.5364755e-05
7,7,16.501128,2.9413921e-05
7,7,17.001162,2.1502414e-05
7,7,17.501196,6.5327461e-06
7,7,18.001231,1.0313102e-05
7,7,18.501265,1.0655079e-05
7,7,19.001299,1.5925045e-05
7,7,19.501333,3.242029e-05
7,7,20.001367,3.559765e-05
7,7,20.501401,1.8526054e-05
7,7,21.001436,9.3152973e-06
7,7,21.50147,1.389632e-05
7,7,22.001504,1.9701434e-05
7,7,22.501538,3.0924877e-06
7,7,23.001572,1.5736381e-05
7,7,23.501607,2.0437803e-05
7,7,24.001641,1.4491088e-05
7,7,24.501675,4.8102855e-06
7,7,25.001709,5.9705828e-06
7,7,25.501743,1.4902296e-05
7,7,26.001777,1.464959e-05
7,7,26.501812,7.8040463e-06
7,7,27.001846,1.4359005e-05
7,7,27.50188,7.5148002e-06
7,7,28.001914,1.6441574e-05
7,7,28.501948,5.5214631e-05
7,7,29.001983,6.5354516e-05
7,7,29.502017,3.5467428e-05
7,7,30.002051,1.1224686e-05
7,7,30.502085,1.4517928e-05
7,7,31.002119,1.6803557e-05
7,7,31.502153,5.8888113e-06
7,7,32.002188,2.7634761e-05
7,7,32.502222,2.0249458e-05
7,7,33.002256,9.5535915e-06
7,7,33.50229,2.4493781e-06
7,7,34.002324,1.39011e-05
7,7,34.502359,2.06377e-05
7,7,35.002393,1.2498348e-05
7,7,35.502427,2.0224128e-05
7,7,36.002461,4.391651e-05
7,7,36.502495,3.3454404e-05
7,7,37.002529,1.2712326e-05
7,7,37.502564,1.8639504e-05
7,7,38.002598,5.2909207e-06
7,7,38.502632,4.5614989e-05
7,7,39.002666,3.3634828e-05
7,7,39.5027,2.2951432e-05
7,7,40.002735,3.4184279e-05
7,7,40.502769,1.4734367e-05
7,7,41.002803,8.0232722e-06
7,7,41.502837,2.2893112e-05
7,7,42.002871,1.4509032e-05
7,7,42.502905,1.7775707e-05
7,7,43.00294,4.3813028e-05
7,7,43.502974,1.5463761e-05
7,7,44.003008,2.352385e-05
7,7,44.503042,2.5082208e-05
7,7,45.003076,1.2296359e-05
7,7,45.503111,8.9475409e-06
7,7,46.003145,7.9948093e-06
7,7,46.503179,1.3964976e-05
7,7,47.003213,1.7245511e-05
7,7,47.503247,1.1161174e-05
7,7,48.003281,9.3273529e-06
7,7,48.503316,5.7741641e-06
7,7,49.00335,1.5576427e-05
7,7,49.503384,1.6391658e-05
7,7,50.003418,7.2587915e-06
7,7,50.503452,4.6862937e-06
7,7,51.003487,9.7006266e-06
7,7,51.503521,8.2619989e-06
7,7,52.003555,1.2700495e-05
7,7,52.503589,1.1117149e-05
7,7,53.003623,6.4101078e-06
7,7,53.503657,2.3973077e-06
7,7,54.003692,8.0806847e-06
7,7,54.503726,1.160858e-05
7,7,55.00376,6.9992137e-06
7,7,55.503794,9.1191701e-06
7,7,56.003828,8.378493e-06
7,7,56.503863,1.1257952e-05
7,7,57.003897,4.8726941e-06
7,7,57.503931,2.6562205e-05
7,7,58.003965,2.3197486e-05
7,7,58.503999,0.00010310729
7,7,59.004033,0.00018191798
7,7,59.504068,8.1600001e-05
7,7,60.004102,2.0120726e-05
7,7,60.504136,1.4440986e-05
7,7,61.00417,1.0394979e-05
7,7,61.504204,1.7870099e-06
7,7,62.004239,7.9507171e-06
7,7,62.504273,7.0573805e-06
7,7,63.004307,7.5281091e-06
7,7,63.504341,5.9398876e-06
7,7,64.004375,1.8975354e-06
7,7,64.504409,1.8324254e-06
7,7,65.004444,2.3296287e-06
7,7,65.504478,7.1908244e-06
7,7,66.004512,7.7483759e-06
7,7,66.504546,1.4219958e-05
7,7,67.00458,1.3791852e-05
7,7,67.504615,9.6504992e-06
7,7,68.004649,6.7701308e-06
7,7,68.504683,3.025918e-06
7,7,69.004717,8.2662101e-06
7,7,69.504751,1.3108221e-05
7,7,70.004785,9.4480998e-06
7,7,70.50482,4.9099335e-06
7,7,71.004854,4.8827392e-06
7,7,71.504888,6.7336991e-06
7,7,72.004922,4.3795725e-06
7,7,72.504956,8.9659412e-07
7,7,73.004991,1.3114799e-05
7,7,73.505025,1.5832815e-05
7,7,74.005059,1.0770649e-05
7,7,74.505093,5.6379526e-06
7,7,75.005127,1.2157217e-05
7,7,75.505161,1.2293996e-05
7,7,76.005196,1.0053459e-05
7,7,76.50523,1.8582087e-05
7,7,77.005264,1.5659472e-05
7,7,77.505298,1.4009855e-05
7,7,78.005332,1.3445255e-05
7,7,78.505367,9.7721785e-06
7,7,79.005401,4.2715358e-06
7,7,79.505435,2.1792303e-06
7,7,80.005469,6.3895715e-06
7,7,80.505503,1.259345e-05
7,7,81.005537,6.873169e-06
7,7,81.505572,3.6351549e-06
7,7,82.005606,2.0788192e-05
7,7,82.50564,1.7501735e-05
7,7,83.005674,2.9627581e-06
7,7,83.505708,6.2978109e-06
7,7,84.005743,4.9655708e-06
7,7,84.505777,2.8417373e-06
7,7,85.005811,2.1720996e-06
7,7,85.505845,3.8964863e-06
7,7,86.005879,2.237638e-06
7,7,86.505913,3.1859056e-06
7,7,87.005948,5.3519318e-06
7,7,87.505982,7.7975828e-06
7,7,88.006016,6.7704452e-06
7,7,88.50605,6.5677932e-06
7,7,89.006084,7.9229451e-06
7,7,89.506119,4.1207606e-06
7,7,90.006153,1.1509548e-05
7,7,90.506187,1.7684722e-05
7,7,91.006221,7.6816283e-06
7,7,91.506255,1.1121583e-05
7,7,92.006289,8.9204297e-06
7,7,92.506324,3.3606159e-06
7,7,93.006358,2.9111471e-06
7,7,93.506392,7.9351564e-06
7,7,94.006426,1.2700661e-05
7,7,94.50646,1.2310714e-05
7,7,95.006495,7.558099e-06
7,7,95.506529,5.2929275e-06
7,7,96.006563,7.1215335e-06
7,7,96.506597,1.6481782e-05
7,7,97.006631,9.1574573e-06
7,7,97.506665,3.4748216e-06
7,7,98.0067,4.2286574e-06
7,7,98.506734,4.9395785e-06
7,7,99.006768,6.1327475e-06
7,7,99.506802,1.0179457e-05
7,7,100.00684,3.5514348e-06
7,7,100.50687,7.5911874e-06
7,7,101.0069,3.4383633e-06
7,7,101.50694,1.1516487e-05
7,7,102.00697,1.2380294e-05
7,7,102.50701,1.0009539e-05
7,7,103.00704,3.8979013e-06
7,7,103.50708,3.8591903e-06
7,7,104.00711,4.7078144e-06
7,7,104.50714,1.4026816e-05
7,7,105.00718,1.8421037e-05
7,7,105.50721,3.7715446e-06
7,7,106.00725,9.6968041e-06
7,7,106.50728,1.0790079e-05
7,7,107.00731,5.3126495e-06
7,7,107.50735,8.4627652e-06
7,7,108.00738,1.5364347e-05
7,7,108.50742,1.2187839e-05
7,7,109.00745,1.1019757e-05
7,7,109.50749,1.9232456e-05
7,7,110.00752,1.8699614e-05
7,7,110.50755,1.2241873e-05
7,7,111.00759,1.5722627e-05
7,7,111.50762,1.2205369e-05
7,7,112.00766,4.1731837e-06
7,7,112.50769,4.3344416e-06
7,7,113.00773,1.0853743e-05
7,7,113.50776,8.7849827e-06
7,7,114.00779,5.7650033e-06
7,7,114.50783,1.2699198e-05
7,7,115.00786,1.7899151e-05
7,7,115.5079,1.7977055e-05
7,7,116.00793,1.3290107e-05
7,7,116.50796,1.3525252e-05
7,7,117.008,1.2081751e-05
7,7,117.50803,2.0241134e-05
7,7,118.00807,3.0738763e-05
7,7,118.5081,1.0055269e-05
7,7,119.00814,1.3941798e-05
7,7,119.50817,2.2650856e-05
7,7,120.0082,4.3482097e-05
7,7,120.50824,2.1063028e-05
7,7,121.00827,5.1215586e-06
7,7,121.50831,6.4690154e-06
7,7,122.00834,1.8376268e-06
7,7,122.50837,6.7750579e-06
7,7,123.00841,9.2945906e-06
7,7,123.50844,9.8792094e-06
7,7,124.00848,9.080314e-06
7,7,124.50851,8.7230919e-06
7,7,125.00855,1.1881693e-05
7,7,125.50858,1.039278e-05
7,7,126.00861,2.6641416e-06
7,7,126.50865,5.3799522e-06
7,7,127.00868,4.4003897e-06
7,7,127.50872,8.8921052e-06
7,7,128.00875,3.6120728e-06
7,7,128.50878,7.3359839e-06
7,7,129.00882,8.7072777e-06
7,7,129.50885,4.6960361e-06
7,7,130.00889,2.2971617e-06
7,7,130.50892,8.1223003e-06
7,7,131.00896,1.1278074e-05
7,7,131.50899,8.2042141e-06
7,7,132.00902,8.0898739e-06
7,7,132.50906,1.0889489e-05
7,7,133.00909,6.9340826e-06
7,7,133.50913,1.8118383e-05
7,7,134.00916,3.247303e-06
7,7,134.50919,1.1453206e-05
7,7,135.00923,1.1830098e-05
7,7,135.50926,9.1434444e-06
7,7,136.0093,6.477711e-06
7,7,136.50933,1.2895053e-05
7,7,137.00937,1.912599e-05
7,7,137.5094,2.0934993e-05
7,7,138.00943,5.3868038e-06
7,7,138.50947,1.1381904e-05
7,7,139.0095,1.587286e-05
7,7,139.50954,4.6741622e-06
7,7,140.00957,9.7562049e-06
7,7,140.50961,1.0840346e-05
7,7,141.00964,5.4513926e-06
7,7,141.50967,3.9745561e-06
7,7,142.00971,3.8401607e-06
7,7,142.50974,9.6663637e-06
7,7,143.00978,3.7291944e-06
7,7,143.50981,5.4380121e-06
7,7,144.00984,6.6136901e-06
7,7,144.50988,7.0051908e-06
7,7,145.00991,8.0734636e-06
7,7,145.50995,9.1387514e-06
7,7,146.00998,9.0503622e-06
7,7,146.51002,1.2721563e-05
7,7,147.01005,1.7892691e-05
7,7,147.51008,1.5468627e-05
7,7,148.01012,1.5671308e-05
7,7,148.51015,8.3686571e-06
7,7,149.01019,5.4267809e-06
7,7,149.51022,7.5416458e-06
7,7,150.01025,1.269267e-05
7,7,150.51029,8.4378351e-06
7,7,151.01032,5.0386912e-06
7,7,151.51036,7.8019368e-06
7,7,152.01039,9.5495584e-06
7,7,152.51043,1.1920164e-05
7,7,153.01046,1.0492899e-05
7,7,153.51049,6.5666276e-06
7,7,154.01053,4.9056031e-06
7,7,154.51056,3.7920259e-06
7,7,155.0106,8.5274611e-06
7,7,155.51063,1.6570159e-05
7,7,156.01066,1.5608175e-05
7,7,156.5107,2.5246569e-06
7,7,157.01073,4.4946009e-06
7,7,157.51077,1.573759e-05
7,7,158.0108,1.4991929e-05
7,7,158.51084,4.5703411e-06
7,7,159.01087,3.9751479e-06
7,7,159.5109,9.3765349e-06
7,7,160.01094,1.0741211e-05
7,7,160.51097,5.5369895e-06
7,7,161.01101,8.8076694e-06
7,7,161.51104,7.7699579e-06
7,7,162.01107,3.8402596e-06
7,7,162.51111,7.111511e-06
7,7,163.01114,3.5148724e-06
7,7,163.51118,3.9130329e-06
7,7,164.01121,1.3322902e-05
7,7,164.51125,1.8178909e-05
7,7,165.01128,1.3436746e-05
7,7,165.51131,1.120776e-05
7,7,166.01135,1.1922749e-05
7,7,166.51138,9.5939782e-06
7,7,167.01142,8.8761588e-06
7,7,167.51145,1.1470533e-05
7,7,168.01149,7.9730825e-06
7,7,168.51152,4.9187855e-06
7,7,169.01155,6.1039342e-06
7,7,169.51159,5.1652916e-06
7,7,170.01162,3.9447205e-06
7,7,170.51166,3.2868234e-06
7,7,171.01169,8.1443589e-06
7,7,171.51172,3.9228143e-06
7,7,172.01176,4.4112946e-06
7,7,172.51179,1.482217e-06
7,7,173.01183,9.0946016e-06
7,7,173.51186,6.9737187e-06
7,7,174.0119,3.2932977e-06
7,7,174.51193,8.4953784e-06
7,7,175.01196,9.5022009e-06
7,7,175.512,3.9086464e-06
7,7,176.01203,5.5688578e-06
7,7,176.51207,6.8087725e-06
7,7,177.0121,5.2093585e-06
7,7,177.51213,4.0313448e-06
7,7,178.01217,5.9597637e-06
7,7,178.5122,3.795085e-06
7,7,179.01224,1.9220854e-05
7,7,179.51227,1.7846904e-05
7,7,180.01231,6.3562709e-06
7,7,180.51234,7.3227105e-06
7,7,181.01237,6.3831601e-06
7,7,181.51241,2.5780611e-06
7,7,182.01244,1.8773902e-06
7,7,182.51248,6.7300401e-06
7,7,183.01251,1.2348264e-05
7,7,183.51254,5.423481e-06
7,7,184.01258,1.1292033e-06
7,7,184.51261,6.9072466e-06
7,7,185.01265,7.4305753e-06
7,7,185.51268,7.9280684e-06
7,7,186.01272,4.4342433e-06
7,7,186.51275,4.0773508e-06
7,7,187.01278,7.2478338e-06
7,7,187.51282,9.392793e-06
7,7,188.01285,6.6808992e-06
7,7,188.51289,3.4179345e-06
7,7,189.01292,5.5213085e-06
7,7,189.51295,1.1226798e-06
7,7,190.01299,3.2498692e-06
7,7,190.51302,3.8655169e-06
7,7,191.01306,9.180704e-06
7,7,191.51309,3.0396691e-06
7,7,192.01313,1.6064396e-06
7,7,192.51316,4.4568966e-06
7,7,193.01319,6.5329383e-06
7,7,193.51323,3.7964135e-06
7,7,194.01326,2.6780537e-06
7,7,194.5133,4.15757e-07
7,7,195.01333,8.4262852e-07
7,7,195.51337,6.1847616e-06
7,7,196.0134,7.1845279e-06
7,7,196.51343,4.045438e-06
7,7,197.01347,4.0548669e-06
7,7,197.5135,4.1949218e-06
7,7,198.01354,3.283845e-06
7,7,198.51357,7.7033697e-06
7,7,199.0136,1.1288834e-05
7,7,199.51364,6.8864895e-06
8,8,0,1.2740752e-06
8,8,0.50003418,4.0417624e-06
8,8,1.0000684,1.8263031e-06
8,8,1.5001025,1.0468093e-05
8,8,2.0001367,5.7959112e-06
8,8,2.5001709,4.7371265e-06
8,8,3.0002051,2.3064882e-06
8,8,3.5002393,5.8029221e-06
8,8,4.0002735,1.0618153e-05
8,8,4.5003076,5.9269393e-06
8,8,5.0003418,1.0117935e-06
8,8,5.500376,2.7314477e-06
8,8,6.0004102,2.7850795e-06
8,8,6.5004444,4.8649138e-06
8,8,7.0004785,5.1852545e-06
8,8,7.5005127,3.4060374e-06
8,8,8.0005469,2.5330731e-06
8,8,8.5005811,2.6544238e-06
8,8,9.0006153,5.1434173e-06
8,8,9.5006495,3.6802598e-06
8,8,10.000684,3.4706529e-06
8,8,10.500718,3.0187437e-06
8,8,11.000752,2.2703895e-06
8,8,11.500786,1.0745118e-06
8,8,12.00082,1.0445015e-06
8,8,12.500855,5.2555498e-07
8,8,13.000889,4.7898763e-07
8,8,13.500923,9.7873098e-07
8,8,14.000957,3.8535269e-06
8,8,14.500991,6.6847678e-06
8,8,15.001025,4.1502131e-06
8,8,15.50106,2.7137582e-06
8,8,16.001094,4.6461912e-06
8,8,16.501128,4.3154605e-06
8,8,17.001162,4.2172898e-06
8,8,17.501196,2.4572591e-06
8,8,18.001231,1.8800882e-06
8,8,18.501265,6.2854113e-06
8,8,19.001299,8.6263238e-06
8,8,19.501333,5.8263669e-06
8,8,20.001367,4.6778263e-06
8,8,20.501401,3.483944e-06
8,8,21.001436,6.8989626e-07
8,8,21.50147,2.1035959e-06
8,8,22.001504,4.85301e-06
8,8,22.501538,4.8595659e-06
8,8,23.001572,4.1794033e-06
8,8,23.501607,4.1132612e-06
8,8,24.001641,1.6653694e-06
8,8,24.501675,1.5842887e-06
8,8,25.001709,1.5564924e-06
8,8,25.501743,2.1240227e-06
8,8,26.001777,2.4010681e-06
8,8,26.501812,2.1668523e-06
8,8,27.001846,3.7410865e-06
8,8,27.50188,2.4331677e-06
8,8,28.001914,5.5098165e-06
8,8,28.501948,5.6300388e-06
8,8,29.001983,1.3318525e-05
8,8,29.502017,5.9466885e-06
8,8,30.002051,2.1978974e-06
8,8,30.502085,1.9743629e-06
8,8,31.002119,1.3310694e-06
8,8,31.502153,3.4197198e-06
8,8,32.002188,5.3296546e-06
8,8,32.502222,2.6597032e-06
8,8,33.002256,1.8888079e-07
8,8,33.50229,1.8742566e-06
8,8,34.002324,2.559303e-06
8,8,34.502359,2.4836171e-06
8,8,35.002393,2.179157e-06
8,8,35.502427,4.8668601e-06
8,8,36.002461,1.1397926e-05
8,8,36.502495,7.4501495e-06
8,8,37.002529,5.0609357e-06
8,8,37.502564,4.6056461e-06
8,8,38.002598,7.1206149e-06
8,8,38.502632,9.9341808e-06
8,8,39.002666,4.8899843e-06
8,8,39.5027,3.1843857e-06
8,8,40.002735,1.7394923e-06
8,8,40.502769,1.0232271e-06
8,8,41.002803,2.0312675e-06
8,8,41.502837,1.8458869e-06
8,8,42.002871,3.4973092e-06
8,8,42.502905,2.2477564e-06
8,8,43.00294,5.950771e-06
8,8,43.502974,5.6504789e-06
8,8,44.003008,3.1142141e-06
8,8,44.503042,1.8621863e-06
8,8,45.003076,2.773713e-06
8,8,45.503111,7.4208082e-07
8,8,46.003145,1.7655908e-06
8,8,46.503179,4.0531221e-06
8,8,47.003213,1.5261997e-06
8,8,47.503247,1.5721784e-06
8,8,48.003281,5.9388924e-06
8,8,48.503316,1.8904899e-06
8,8,49.00335,1.0643925e-05
8,8,49.503384,8.4449425e-06
8,8,50.003418,3.4176228e-06
8,8,50.503452,1.3417761e-06
8,8,51.003487,2.9021252e-06
8,8,51.503521,4.1731892e-06
8,8,52.003555,4.418178e-06
8,8,52.503589,3.2173528e-06
8,8,53.003623,7.2995293e-06
8,8,53.503657,5.3554029e-06
8,8,54.003692,3.8166565e-06
8,8,54.503726,6.6204026e-06
8,8,55.00376,4.3888928e-06
8,8,55.503794,4.7614541e-06
8,8,56.003828,4.2377818e-06
8,8,56.503863,5.8490053e-06
8,8,57.003897,2.9672766e-06
8,8,57.503931,7.7287268e-06
8,8,58.003965,8.9990578e-06
8,8,58.503999,2.4991253e-05
8,8,59.004033,4.3798778e-05
8,8,59.504068,2.8125474e-05
8,8,60.004102,8.1284994e-06
8,8,60.504136,2.4106066e-06
8,8,61.00417,3.7928131e-06
8,8,61.504204,3.6223937e-06
8,8,62.004239,1.9500465e-06
8,8,62.504273,1.4662183e-06
8,8,63.004307,2.4093498e-06
8,8,63.504341,3.8674312e-06
8,8,64.004375,3.9791455e-06
8,8,64.504409,4.8664863e-06
8,8,65.004444,4.6202872e-06
8,8,65.504478,4.1405955e-06
8,8,66.004512,4.5735305e-06
8,8,66.504546,3.1289895e-06
8,8,67.00458,1.4993126e-06
8,8,67.504615,2.4629579e-06
8,8,68.004649,4.1408489e-06
8,8,68.504683,2.1589037e-06
8,8,69.004717,6.8509963e-07
8,8,69.504751,3.0897783e-06
8,8,70.004785,4.160887e-06
8,8,70.50482,2.8709559e-06
8,8,71.004854,4.9428802e-06
8,8,71.504888,4.0939914e-06
8,8,72.004922,1.0687762e-06
8,8,72.504956,3.9174292e-06
8,8,73.004991,3.2748098e-06
8,8,73.505025,1.3741219e-06
8,8,74.005059,4.707062e-07
8,8,74.505093,3.4309582e-06
8,8,75.005127,1.7287619e-06
8,8,75.505161,3.2774268e-06
8,8,76.005196,5.1880086e-06
8,8,76.50523,5.249668e-06
8,8,77.005264,5.3239571e-06
8,8,77.505298,4.4818211e-06
8,8,78.005332,2.7625378e-06
8,8,78.505367,1.9507375e-06
8,8,79.005401,1.8592687e-06
8,8,79.505435,2.7282546e-06
8,8,80.005469,4.9647608e-06
8,8,80.505503,5.2730178e-06
8,8,81.005537,2.848096e-06
8,8,81.505572,1.4301045e-06
8,8,82.005606,4.3036789e-06
8,8,82.50564,1.7247814e-06
8,8,83.005674,5.2159501e-06
8,8,83.505708,4.5192171e-06
8,8,84.005743,1.8725239e-06
8,8,84.505777,1.7754986e-06
8,8,85.005811,4.5037652e-06
8,8,85.505845,4.9651337e-06
8,8,86.005879,3.8900003e-06
8,8,86.505913,3.8159367e-06
8,8,87.005948,2.5611358e-06
8,8,87.505982,5.871114e-07
8,8,88.006016,3.0759654e-06
8,8,88.50605,6.2635204e-06
8,8,89.006084,5.5721801e-06
8,8,89.506119,2.6539747e-06
8,8,90.006153,1.42913e-06
8,8,90.506187,3.3722919e-06
8,8,91.006221,4.1972784e-06
8,8,91.506255,3.4930839e-06
8,8,92.006289,5.6212875e-06
8,8,92.506324,4.8336317e-06
8,8,93.006358,2.4518657e-06
8,8,93.506392,1.0868011e-06
8,8,94.006426,3.3454365e-06
8,8,94.50646,3.2626137e-06
8,8,95.006495,1.2680037e-06
8,8,95.506529,1.9617939e-06
8,8,96.006563,3.3306036e-06
8,8,96.506597,8.4739769e-07
8,8,97.006631,2.539889e-06
8,8,97.506665,2.9753325e-06
8,8,98.0067,5.7536804e-06
8,8,98.506734,6.2242912e-06
8,8,99.006768,3.0262697e-06
8,8,99.506802,2.0884211e-06
8,8,100.00684,2.3498765e-06
8,8,100.50687,2.0590937e-06
8,8,101.0069,4.3666047e-07
8,8,101.50694,2.4390851e-06
8,8,102.00697,5.881484e-06
8,8,102.50701,3.8475739e-06
8,8,103.00704,1.6197241e-06
8,8,103.50708,3.017696e-06
8,8,104.00711,3.2758321e-06
8,8,104.50714,3.3879173e-06
8,8,105.00718,2.3432298e-06
8,8,105.50721,3.2867906e-06
8,8,106.00725,4.9829439e-06
8,8,106.50728,7.7920628e-06
8,8,107.00731,8.5922084e-06
8,8,107.50735,1.2294869e-06
8,8,108.00738,4.5894361e-06
8,8,108.50742,3.6543963e-06
8,8,109.00745,5.3143021e-06
8,8,109.50749,4.693016e-06
8,8,110.00752,1.4207421e-06
8,8,110.50755,1.9447496e-06
8,8,111.00759,1.9548504e-06
8,8,111.50762,2.575191e-06
8,8,112.00766,2.9599108e-06
8,8,112.50769,1.2894831e-06
8,8,113.00773,1.7881953e-06
8,8,113.50776,5.197245e-06
8,8,114.00779,4.0157708e-06
8,8,114.50783,2.0252754e-06
8,8,115.00786,3.947599e-06
8,8,115.5079,6.9805466e-06
8,8,116.00793,5.0551926e-06
8,8,116.50796,2.9061893e-06
8,8,117.008,6.3612024e-06
8,8,117.50803,4.1179503e-06
8,8,118.00807,5.7217112e-06
8,8,118.5081,8.3134132e-06
8,8,119.00814,9.8536926e-07
8,8,119.50817,3.5735014e-05
8,8,120.0082,6.7173136e-05
8,8,120.50824,3.5906383e-05
8,8,121.00827,3.2861647e-06
8,8,121.50831,2.3297879e-06
8,8,122.00834,1.5091162e-06
8,8,122.50837,2.1559608e-06
8,8,123.00841,4.4429902e-06
8,8,123.50844,3.5219776e-06
8,8,124.00848,3.2453703e-06
8,8,124.50851,5.5233797e-06
8,8,125.00855,5.3713661e-06
8,8,125.50858,4.8790189e-06
8,8,126.00861,1.6097819e-06
8,8,126.50865,1.3254786e-06
8,8,127.00868,3.7535967e-06
8,8,127.50872,4.2806855e-06
8,8,128.00875,2.0563226e-06
8,8,128.50878,1.5920772e-06
8,8,129.00882,5.8257829e-06
8,8,129.50885,4.8525456e-06
8,8,130.00889,3.6189505e-06
8,8,130.50892,3.4551629e-06
8,8,131.00896,7.0264469e-06
8,8,131.50899,4.1147849e-06
8,8,132.00902,3.613734e-06
8,8,132.50906,3.8790798e-06
8,8,133.00909,9.978881e-06
8,8,133.50913,1.1826613e-05
8,8,134.00916,1.0169288e-05
8,8,134.50919,8.2480973e-06
8,8,135.00923,4.0105896e-06
8,8,135.50926,6.071765e-06
8,8,136.0093,2.4289049e-06
8,8,136.50933,5.7400509e-07
8,8,137.00937,3.078222e-06
8,8,137.5094,3.5398827e-06
8,8,138.00943,3.1883613e-06
8,8,138.50947,2.7499123e-06
8,8,139.0095,6.2654293e-07
8,8,139.50954,2.439271e-06
8,8,140.00957,4.0964484e-06
8,8,140.50961,2.0274455e-06
8,8,141.00964,9.3586276e-07
8,8,141.50967,1.8911646e-06
8,8,142.00971,2.5047319e-06
8,8,142.50974,1.9640033e-06
8,8,143.00978,4.0829723e-06
8,8,143.50981,2.9360347e-06
8,8,144.00984,2.8120427e-06
8,8,144.50988,4.3095887e-06
8,8,145.00991,3.3931167e-06
8,8,145.50995,2.4044216e-06
8,8,146.00998,1.1704292e-06
8,8,146.51002,7.3980973e-07
8,8,147.01005,3.6191352e-06
8,8,147.51008,4.5238635e-06
8,8,148.01012,2.1586951e-06
8,8,148.51015,4.2222512e-06
8,8,149.01019,4.6371583e-06
8,8,149.51022,3.1975297e-06
8,8,150.01025,2.8323721e-06
8,8,150.51029,1.7889532e-06
8,8,151.01032,1.4911359e-06
8,8,151.51036,4.5177789e-06
8,8,152.01039,5.7496411e-06
8,8,152.51043,6.8072824e-06
8,8,153.01046,3.5831831e-06
8,8,153.51049,3.225175e-06
8,8,154.01053,3.8627375e-06
8,8,154.51056,4.9137798e-06
8,8,155.0106,4.7751291e-06
8,8,155.51063,2.8326095e-06
8,8,156.01066,1.7212469e-06
8,8,156.5107,3.1489891e-06
8,8,157.01073,3.3544438e-06
8,8,157.51077,4.3227722e-06
8,8,158.0108,3.3246246e-06
8,8,158.51084,6.6449523e-06
8,8,159.01087,5.2563195e-06
8,8,159.5109,9.2619928e-07
8,8,160.01094,6.2143086e-07
8,8,160.51097,3.3813428e-06
8,8,161.01101,6.0927822e-06
8,8,161.51104,5.4756257e-06
8,8,162.01107,3.9570484e-06
8,8,162.51111,4.3772939e-06
8,8,163.01114,4.7036771e-06
8,8,163.51118,2.3528318e-06
8,8,164.01121,3.138165e-06
8,8,164.51125,1.6272615e-06
8,8,165.01128,2.0221288e-06
8,8,165.51131,2.8918015e-06
8,8,166.01135,2.3725449e-06
8,8,166.51138,6.4573071e-07
8,8,167.01142,3.2236848e-06
8,8,167.51145,3.6993508e-06
8,8,168.01149,1.016265e-06
8,8,168.51152,5.5982755e-06
8,8,169.01155,5.1638166e-06
8,8,169.51159,1.8547664e-06
8,8,170.01162,2.3479048e-06
8,8,170.51166,5.5096268e-06
8,8,171.01169,1.7600854e-06
8,8,171.51172,1.9369715e-06
8,8,172.01176,4.0843708e-06
8,8,172.51179,2.3213383e-06
8,8,173.01183,5.9390878e-06
8,8,173.51186,6.6159303e-06
8,8,174.0119,1.376445e-06
8,8,174.51193,9.0883442e-06
8,8,175.01196,1.6722054e-05
8,8,175.512,7.1180307e-06
8,8,176.01203,4.5205932e-06
8,8,176.51207,8.6241148e-06
8,8,177.0121,7.7483845e-06
8,8,177.51213,4.793402e-06
8,8,178.01217,4.4648493e-06
8,8,178.5122,6.3549592e-06
8,8,179.01224,5.7002503e-06
8,8,179.51227,3.0768801e-06
8,8,180.01231,2.4540208e-06
8,8,180.51234,2.4239978e-06
8,8,181.01237,1.9922532e-06
8,8,181.51241,1.9695532e-06
8,8,182.01244,1.3960529e-06
8,8,182.51248,2.815881e-06
8,8,183.01251,5.9234731e-06
8,8,183.51254,5.3190555e-06
8,8,184.01258,2.3684795e-06
8,8,184.51261,2.7153654e-06
8,8,185.01265,4.7534055e-06
8,8,185.51268,5.7850695e-06
8,8,186.01272,3.7076455e-06
8,8,186.51275,3.8056943e-06
8,8,187.01278,6.1992226e-06
8,8,187.51282,3.3407686e-06
8,8,188.01285,3.7380577e-06
8,8,188.51289,4.307268e-06
8,8,189.01292,2.0390778e-06
8,8,189.51295,2.1522906e-06
8,8,190.01299,1.8464096e-06
8,8,190.51302,1.7954548e-06
8,8,191.01306,2.6269369e-06
8,8,191.51309,2.4378614e-06
8,8,192.01313,2.1237802e-06
8,8,192.51316,4.7983506e-06
8,8,193.01319,3.3186001e-06
8,8,193.51323,3.4526965e-06
8,8,194.01326,3.4178039e-06
8,8,194.5133,2.0111872e-07
8,8,195.01333,1.3083426e-06
8,8,195.51337,1.7360706e-06
8,8,196.0134,3.230488e-06
8,8,196.51343,1.3505855e-06
8,8,197.01347,2.6692366e-06
8,8,197.5135,3.6097661e-06
8,8,198.01354,3.7784939e-06
8,8,198.51357,4.1501054e-06
8,8,199.0136,4.0879319e-06
8,8,199.51364,8.0695906e-07
9,9,0,1.8708615e-06
9,9,0.50003418,2.3925211e-06
9,9,1.0000684,6.3917887e-06
9,9,1.5001025,7.7220004e-06
9,9,2.0001367,4.2220971e-06
9,9,2.5001709,4.776854e-06
9,9,3.0002051,2.5465782e-06
9,9,3.5002393,1.6077724e-05
9,9,4.0002735,3.0262577e-05
9,9,4.5003076,1.7070103e-05
9,9,5.0003418,2.4885039e-06
9,9,5.500376,3.6413994e-06
9,9,6.0004102,3.5194521e-06
9,9,6.5004444,2.4672839e-06
9,9,7.0004785,3.629577e-06
9,9,7.5005127,2.1203304e-06
9,9,8.0005469,2.0843585e-06
9,9,8.5005811,3.224633e-06
9,9,9.0006153,6.9433012e-06
9,9,9.5006495,9.9811113e-06
9,9,10.000684,6.6414043e-06
9,9,10.500718,4.2423415e-06
9,9,11.000752,4.1901589e-06
9,9,11.500786,3.5423421e-06
9,9,12.00082,2.3438969e-06
9,9,12.500855,2.9058531e-06
9,9,13.000889,3.2551489e-06
9,9,13.500923,2.4662252e-06
9,9,14.000957,2.2044091e-06
9,9,14.500991,2.4100518e-06
9,9,15.001025,5.6334234e-07
9,9,15.50106,1.5102278e-06
9,9,16.001094,7.2107634e-07
9,9,16.501128,2.7854222e-06
9,9,17.001162,3.2366548e-06
9,9,17.501196,4.943822e-06
9,9,18.001231,3.5003224e-06
9,9,18.501265,1.9475858e-06
9,9,19.001299,5.8836449e-06
9,9,19.501333,4.1473273e-06
9,9,20.001367,2.8066338e-06
9,9,20.501401,3.0219452e-06
9,9,21.001436,1.2341588e-06
9,9,21.50147,8.3232081e-07
9,9,22.001504,2.8664839e-06
9,9,22.501538,2.9218478e-06
9,9,23.001572,6.1298009e-06
9,9,23.501607,5.692849e-06
9,9,24.001641,1.8608926e-06
9,9,24.501675,4.1781666e-06
9,9,25.001709,2.4354312e-06
9,9,25.501743,3.5473753e-06
9,9,26.001777,4.9392615e-06
9,9,26.501812,1.9772691e-06
9,9,27.001846,3.0554721e-06
9,9,27.50188,3.8211265e-06
9,9,28.001914,7.8174573e-06
9,9,28.501948,2.5870752e-06
9,9,29.001983,1.2021797e-05
9,9,29.502017,6.6334742e-06
9,9,30.002051,4.152498e-06
9,9,30.502085,3.0346092e-06
9,9,31.002119,6.3329552e-06
9,9,31.502153,4.2757458e-06
9,9,32.002188,7.3288725e-06
9,9,32.502222,9.0251754e-06
9,9,33.002256,3.4795571e-06
9,9,33.50229,5.1779975e-06
9,9,34.002324,5.8126306e-06
9,9,34.502359,5.9071335e-06
9,9,35.002393,7.2296268e-06
9,9,35.502427,5.4566921e-06
9,9,36.002461,6.8388869e-06
9,9,36.502495,4.7792944e-06
9,9,37.002529,6.031819e-06
9,9,37.502564,2.5971461e-06
9,9,38.002598,9.0323582e-06
9,9,38.502632,1.3080992e-05
9,9,39.002666,8.0500452e-06
9,9,39.5027,8.6772715e-06
9,9,40.002735,9.1197405e-06
9,9,40.502769,4.8688056e-06
9,9,41.002803,1.6838539e-06
9,9,41.502837,5.0032782e-06
9,9,42.002871,8.0890513e-06
9,9,42.502905,2.8999277e-06
9,9,43.00294,1.5301489e-05
9,9,43.502974,9.3688771e-06
9,9,44.003008,8.0870141e-06
9,9,44.503042,7.7162332e-06
9,9,45.003076,5.3325202e-06
9,9,45.503111,2.3156219e-06
9,9,46.003145,2.0372801e-06
9,9,46.503179,1.9296101e-06
9,9,47.003213,2.3118056e-06
9,9,47.503247,4.2673903e-06
9,9,48.003281,6.314502e-06
9,9,48.503316,4.7285282e-06
9,9,49.00335,1.0787063e-05
9,9,49.503384,1.1454838e-05
9,9,50.003418,4.5453422e-06
9,9,50.503452,3.763222e-06
9,9,51.003487,2.6951959e-07
9,9,51.503521,7.1083786e-06
9,9,52.003555,8.5850918e-06
9,9,52.503589,3.2994854e-06
9,9,53.003623,8.3278236e-06
9,9,53.503657,5.6917744e-06
9,9,54.003692,7.5507544e-06
9,9,54.503726,6.9747711e-06
9,9,55.00376,3.379977e-06
9,9,55.503794,1.3146648e-06
9,9,56.003828,3.4472875e-06
9,9,56.503863,8.6662795e-06
9,9,57.003897,8.7426564e-06
9,9,57.503931,9.760847e-06
9,9,58.003965,1.4695439e-05
9,9,58.503999,1.4891921e-05
9,9,59.004033,9.5706244e-06
9,9,59.504068,2.878004e-05
9,9,60.004102,2.324682e-05
9,9,60.504136,2.6852214e-06
9,9,61.00417,2.4185875e-06
9,9,61.504204,9.1286111e-07
9,9,62.004239,1.5980329e-06
9,9,62.504273,4.7302424e-06
9,9,63.004307,5.5071236e-06
9,9,63.504341,5.0383828e-06
9,9,64.004375,5.7970456e-06
9,9,64.504409,4.9559817e-06
9,9,65.004444,4.1781823e-06
9,9,65.504478,1.8676204e-06
9,9,66.004512,6.2345753e-06
9,9,66.504546,9.3994398e-06
9,9,67.00458,3.9992177e-06
9,9,67.504615,3.1121067e-06
9,9,68.004649,3.6374765e-06
9,9,68.504683,1.6846871e-06
9,9,69.004717,8.0378054e-07
9,9,69.504751,2.9657753e-06
9,9,70.004785,2.4415583e-06
9,9,70.50482,1.6602123e-06
9,9,71.004854,3.4318974e-06
9,9,71.504888,3.2032875e-06
9,9,72.004922,1.5315613e-06
9,9,72.504956,5.0864438e-06
9,9,73.004991,7.4349153e-06
9,9,73.505025,5.2077258e-06
9,9,74.005059,2.4663932e-06
9,9,74.505093,3.5978752e-07
9,9,75.005127,1.7324753e-06
9,9,75.505161,5.3991859e-06
9,9,76.005196,7.1282741e-06
9,9,76.50523,7.7739268e-06
9,9,77.005264,4.795358e-06
9,9,77.505298,1.057962e-06
9,9,78.005332,1.8549199e-06
9,9,78.505367,2.0686408e-06
9,9,79.005401,2.4900156e-06
9,9,79.505435,9.2858394e-07
9,9,80.005469,1.1653437e-06
9,9,80.505503,1.4787509e-06
9,9,81.005537,2.6476737e-06
9,9,81.505572,4.4246806e-06
9,9,82.005606,7.4709965e-06
9,9,82.50564,6.8252552e-06
9,9,83.005674,5.2714382e-06
9,9,83.505708,3.9055542e-06
9,9,84.005743,7.3203894e-07
9,9,84.505777,5.6295174e-06
9,9,85.005811,6.8330712e-06
9,9,85.505845,1.3910457e-06
9,9,86.005879,3.2658267e-06
9,9,86.505913,3.6690092e-06
9,9,87.005948,2.2349996e-06
9,9,87.505982,3.205433e-06
9,9,88.006016,2.3943371e-06
9,9,88.50605,1.441856e-06
9,9,89.006084,4.0967863e-06
9,9,89.506119,4.5807865e-06
9,9,90.006153,4.0530742e-06
9,9,90.506187,3.9092643e-06
9,9,91.006221,4.7209376e-06
9,9,91.506255,3.4525875e-06
9,9,92.006289,6.2843312e-06
9,9,92.506324,1.2403702e-05
9,9,93.006358,6.8296467e-06
9,9,93.506392,2.4632438e-06
9,9,94.006426,3.071597e-06
9,9,94.50646,6.5288531e-06
9,9,95.006495,6.4762503e-06
9,9,95.506529,4.9792022e-06
9,9,96.006563,3.1942759e-06
9,9,96.506597,6.052593e-06
9,9,97.006631,4.116359e-06
9,9,97.506665,2.9561194e-06
9,9,98.0067,3.7228288e-06
9,9,98.506734,3.0122572e-06
9,9,99.006768,3.2689944e-06
9,9,99.506802,2.2956242e-06
9,9,100.00684,4.4016933e-06
9,9,100.50687,5.1690137e-07
9,9,101.0069,4.6824408e-06
9,9,101.50694,3.4499296e-06
9,9,102.00697,2.512613e-06
9,9,102.50701,2.3610873e-06
9,9,103.00704,2.6800699e-06
9,9,103.50708,2.419557e-06
9,9,104.00711,5.4321418e-06
9,9,104.50714,4.4727493e-06
9,9,105.00718,2.3024549e-06
9,9,105.50721,4.2917035e-06
9,9,106.00725,4.1847798e-06
9,9,106.50728,8.9458813e-07
9,9,107.00731,2.8029229e-06
9,9,107.50735,4.9539926e-06
9,9,108.00738,5.1203832e-06
9,9,108.50742,6.2087477e-06
9,9,109.00745,6.6451845e-06
9,9,109.50749,3.9177676e-06
9,9,110.00752,2.9617369e-06
9,9,110.50755,1.4337606e-06
9,9,111.00759,2.3843706e-06
9,9,111.50762,4.3018118e-06
9,9,112.00766,3.9042372e-06
9,9,112.50769,2.507743e-06
9,9,113.00773,5.7578124e-06
9,9,113.50776,5.4823447e-06
9,9,114.00779,4.8004769e-06
9,9,114.50783,4.9494889e-06
9,9,115.00786,4.2585614e-06
9,9,115.5079,5.1251598e-06
9,9,116.00793,3.778729e-06
9,9,116.50796,1.2901478e-06
9,9,117.008,3.1904034e-06
9,9,117.50803,4.5583438e-06
9,9,118.00807,3.4729763e-06
9,9,118.5081,3.509335e-06
9,9,119.00814,3.7566354e-06
9,9,119.50817,7.3597086e-06
9,9,120.0082,1.3446993e-05
9,9,120.50824,7.7065495e-06
9,9,121.00827,6.1155022e-06
9,9,121.50831,4.7639755e-06
9,9,122.00834,4.0739255e-06
9,9,122.50837,2.8925438e-06
9,9,123.00841,2.8096554e-06
9,9,123.50844,1.284648e-06
9,9,124.00848,2.1997087e-06
9,9,124.50851,4.807239e-06
9,9,125.00855,2.4797247e-06
9,9,125.50858,5.4581212e-06
9,9,126.00861,1.6207567e-06
9,9,126.50865,1.8525446e-06
9,9,127.00868,3.8797612e-06
9,9,127.50872,2.9920606e-06
9,9,128.00875,3.9023472e-06
9,9,128.50878,2.5448367e-06
9,9,129.00882,4.4177639e-06
9,9,129.50885,1.9891221e-06
9,9,130.00889,2.3962556e-06
9,9,130.50892,3.0558046e-06
9,9,131.00896,2.6690678e-06
9,9,131.50899,1.6881411e-06
9,9,132.00902,2.5238333e-06
9,9,132.50906,3.6358351e-06
9,9,133.00909,7.2887704e-06
9,9,133.50913,7.4144354e-06
9,9,134.00916,2.2948997e-06
9,9,134.50919,9.6219628e-06
9,9,135.00923,8.4964329e-06
9,9,135.50926,4.0174933e-06
9,9,136.0093,2.1307762e-06
9,9,136.50933,8.0894055e-06
9,9,137.00937,9.3590792e-06
9,9,137.5094,7.1284462e-06
9,9,138.00943,1.3320007e-06
9,9,138.50947,2.5667537e-06
9,9,139.0095,5.6367454e-06
9,9,139.50954,1.7590106e-06
9,9,140.00957,2.598497e-06
9,9,140.50961,2.0180425e-06
9,9,141.00964,2.3674097e-06
9,9,141.50967,3.6623662e-06
9,9,142.00971,3.68194e-06
9,9,142.50974,3.2398539e-06
9,9,143.00978,2.6366982e-06
9,9,143.50981,4.0318906e-06
9,9,144.00984,5.2749505e-06
9,9,144.50988,2.5685918e-06
9,9,145.00991,3.0021069e-06
9,9,145.50995,3.2358054e-06
9,9,146.00998,2.9380002e-06
9,9,146.51002,5.0165454e-06
9,9,147.01005,2.9194484e-06
9,9,147.51008,1.4439457e-06
9,9,148.01012,3.8211311e-06
9,9,148.51015,2.9775574e-06
9,9,149.01019,1.2214619e-06
9,9,149.51022,2.8443796e-06
9,9,150.01025,5.8479002e-06
9,9,150.51029,2.9605479e-06
9,9,151.01032,2.6876275e-06
9,9,151.51036,7.8844697e-06
9,9,152.01039,1.0065844e-05
9,9,152.51043,4.7522525e-06
9,9,153.01046,9.3116579e-06
9,9,153.51049,9.1889792e-06
9,9,154.01053,5.3346348e-06
9,9,154.51056,6.4341753e-06
9,9,155.0106,4.2899e-06
9,9,155.51063,2.5027983e-06
9,9,156.01066,6.5573657e-06
9,9,156.5107,1.1679724e-05
9,9,157.01073,1.4435639e-05
9,9,157.51077,1.2418147e-05
9,9,158.0108,4.3201143e-06
9,9,158.51084,2.9204861e-06
9,9,159.01087,3.456084e-06
9,9,159.5109,4.0623644e-06
9,9,160.01094,3.0989141e-06
9,9,160.51097,5.3994214e-06
9,9,161.01101,6.2549032e-06
9,9,161.51104,3.8409349e-06
9,9,162.01107,3.7391769e-06
9,9,162.51111,4.4332155e-06
9,9,163.01114,3.7425942e-06
9,9,163.51118,4.0975601e-06
9,9,164.01121,5.0565752e-06
9,9,164.51125,6.6045088e-06
9,9,165.01128,8.314607e-06
9,9,165.51131,1.6057189e-06
9,9,166.01135,5.5571998e-06
9,9,166.51138,5.1327286e-06
9,9,167.01142,6.0397046e-06
9,9,167.51145,6.1356728e-06
9,9,168.01149,1.1055035e-05
9,9,168.51152,1.0727431e-05
9,9,169.01155,7.1731246e-06
9,9,169.51159,1.0992046e-06
9,9,170.01162,4.9359727e-06
9,9,170.51166,5.6977575e-06
9,9,171.01169,6.4012276e-06
9,9,171.51172,3.6557335e-06
9,9,172.01176,3.7260649e-06
9,9,172.51179,2.4310696e-06
9,9,173.01183,3.0349551e-06
9,9,173.51186,3.4584463e-06
9,9,174.0119,2.7051961e-06
9,9,174.51193,3.8335855e-06
9,9,175.01196,8.3964407e-06
9,9,175.512,4.2274716e-06
9,9,176.01203,2.1366664e-06
9,9,176.51207,4.4444479e-06
9,9,177.0121,1.015817e-05
9,9,177.51213,3.1195057e-06
9,9,178.01217,1.9668134e-06
9,9,178.5122,9.7988825e-06
9,9,179.01224,1.5605837e-05
9,9,179.51227,8.6939148e-06
9,9,180.01231,2.2006798e-06
9,9,180.51234,1.9690119e-06
9,9,181.01237,4.928033e-06
9,9,181.51241,4.7630537e-06
9,9,182.01244,2.5059965e-06
9,9,182.51248,4.3646633e-06
9,9,183.01251,1.118039e-05
9,9,183.51254,1.217905e-05
9,9,184.01258,8.9898581e-06
9,9,184.51261,6.1326679e-06
9,9,185.01265,1.1658436e-05
9,9,185.51268,9.7627297e-06
9,9,186.01272,4.8773908e-06
9,9,186.51275,2.7706572e-06
9,9,187.01278,1.5107789e-06
9,9,187.51282,7.0347002e-06
9,9,188.01285,1.1793654e-05
9,9,188.51289,9.3729113e-06
9,9,189.01292,3.0461684e-06
9,9,189.51295,2.6251193e-06
9,9,190.01299,3.8141724e-06
9,9,190.51302,5.0772649e-06
9,9,191.01306,5.9680421e-06
9,9,191.51309,2.9073689e-06
9,9,192.01313,2.2230034e-06
9,9,192.51316,4.0215211e-06
9,9,193.01319,2.2572205e-06
9,9,193.51323,2.850084e-06
9,9,194.01326,2.0338056e-06
9,9,194.5133,3.8899381e-06
9,9,195.01333,5.3155804e-06
9,9,195.51337,6.91422e-07
9,9,196.0134,1.1953629e-06
9,9,196.51343,5.2203084e-06
9,9,197.01347,5.1409337e-06
9,9,197.5135,1.5494722e-06
9,9,198.01354,7.8868081e-07
9,9,198.51357,4.1344159e-06
9,9,199.0136,3.5689369e-06
9,9,199.51364,1.987288e-06
10,10,0,1.0687963e-06
10,10,0.50003418,1.2597795e-06
10,10,1.0000684,1.5612626e-06
10,10,1.5001025,2.4487668e-06
10,10,2.0001367,3.4862896e-06
10,10,2.5001709,1.5771918e-06
10,10,3.0002051,1.7334542e-06
10,10,3.5002393,3.5696104e-06
10,10,4.0002735,3.7908943e-06
10,10,4.5003076,3.3616728e-06
10,10,5.0003418,1.9803156e-06
10,10,5.500376,4.588875e-06
10,10,6.0004102,7.1344526e-06
10,10,6.5004444,5.3322087e-06
10,10,7.0004785,3.2650872e-06
10,10,7.5005127,4.3213877e-06
10,10,8.0005469,4.5813855e-06
10,10,8.5005811,3.8932084e-06
10,10,9.0006153,9.2276735e-06
10,10,9.5006495,9.126378e-06
10,10,10.000684,1.147889e-05
10,10,10.500718,1.0779405e-05
10,10,11.000752,4.7682833e-06
10,10,11.500786,1.08406e-06
10,10,12.00082,4.4107878e-06
10,10,12.500855,5.9479101e-06
10,10,13.000889,4.9805041e-06
10,10,13.500923,5.3440984e-06
10,10,14.000957,1.8372515e-05
10,10,14.500991,1.715393e-05
10,10,15.001025,1.7009091e-05
10,10,15.50106,2.1024535e-05
10,10,16.001094,2.7544185e-05
10,10,16.501128,3.8850366e-05
10,10,17.001162,2.8327302e-05
10,10,17.501196,6.5963946e-06
10,10,18.001231,1.045167e-05
10,10,18.501265,9.747528e-06
10,10,19.001299,2.509174e-05
10,10,19.501333,2.5259656e-05
10,10,20.001367,4.8724822e-05
10,10,20.501401,2.4932485e-05
10,10,21.001436,1.4379062e-06
10,10,21.50147,3.9372541e-06
10,10,22.001504,8.4827823e-06
10,10,22.501538,3.9706288e-06
10,10,23.001572,1.3055196e-05
10,10,23.501607,1.2489838e-05
10,10,24.001641,1.847636e-05
10,10,24.501675,1.1101161e-05
10,10,25.001709,1.3242102e-05
10,10,25.501743,3.3330371e-05
10,10,26.001777,4.3521742e-05
10,10,26.501812,3.2228855e-05
10,10,27.001846,1.7343064e-05
10,10,27.50188,2.6437371e-05
10,10,28.001914,7.6902055e-06
10,10,28.501948,8.9577461e-05
10,10,29.001983,0.00013793595
10,10,29.502017,5.1224602e-05
10,10,30.002051,1.951992e-05
10,10,30.502085,7.8508702e-06
10,10,31.002119,8.4507959e-06
10,10,31.502153,2.4776914e-05
10,10,32.002188,5.1735775e-05
10,10,32.502222,3.5410489e-05
10,10,33.002256,1.5211735e-05
10,10,33.50229,1.638441e-05
10,10,34.002324,6.0886008e-06
10,10,34.502359,1.2242393e-05
10,10,35.002393,2.5624286e-05
10,10,35.502427,1.2110702e-05
10,10,36.002461,4.5630151e-05
10,10,36.502495,1.8040389e-05
10,10,37.002529,1.7582428e-05
10,10,37.502564,1.1175702e-06
10,10,38.002598,2.7047331e-05
10,10,38.502632,4.6449563e-05
10,10,39.002666,2.6764259e-05
10,10,39.5027,1.0254371e-05
10,10,40.002735,2.4030764e-05
10,10,40.502769,1.8209602e-05
10,10,41.002803,2.3498595e-06
10,10,41.502837,2.1444855e-05
10,10,42.002871,2.2284502e-05
10,10,42.502905,1.1067834e-05
10,10,43.00294,3.6689554e-05
10,10,43.502974,1.7395654e-05
10,10,44.003008,2.3302239e-05
10,10,44.503042,1.4121571e-05
10,10,45.003076,6.9903289e-06
10,10,45.503111,9.5517065e-06
10,10,46.003145,5.1473061e-06
10,10,46.503179,7.4612918e-06
10,10,47.003213,1.6518503e-05
10,10,47.503247,1.7575879e-05
10,10,48.003281,8.6294323e-06
10,10,48.503316,3.4418644e-06
10,10,49.00335,1.6814848e-05
10,10,49.503384,2.1557359e-05
10,10,50.003418,9.8501208e-06
10,10,50.503452,2.6583558e-06
10,10,51.003487,7.2712875e-06
10,10,51.503521,4.5947942e-06
10,10,52.003555,2.8831369e-06
10,10,52.503589,1.6670286e-05
10,10,53.003623,2.2559246e-05
10,10,53.503657,1.649366e-05
10,10,54.003692,1.0441286e-05
10,10,54.503726,9.5720497e-06
10,10,55.00376,2.7573145e-07
10,10,55.503794,5.7478833e-06
10,10,56.003828,1.5493416e-05
10,10,56.503863,3.548024e-05
10,10,57.003897,3.0461647e-05
10,10,57.503931,2.6815304e-05
10,10,58.003965,3.8848079e-05
10,10,58.503999,3.6551061e-05
10,10,59.004033,7.7434833e-05
10,10,59.504068,4.7249609e-05
10,10,60.004102,1.3189291e-05
10,10,60.504136,5.652427e-06
10,10,61.00417,8.5135134e-06
10,10,61.504204,6.1689622e-06
10,10,62.004239,1.4590514e-06
10,10,62.504273,5.255549e-06
10,10,63.004307,6.8213041e-06
10,10,63.504341,6.0872508e-06
10,10,64.004375,8.8909144e-06
10,10,64.504409,6.9110478e-06
10,10,65.004444,3.9896493e-06
10,10,65.504478,6.4615563e-06
10,10,66.004512,1.4241283e-06
10,10,66.504546,7.6116276e-06
10,10,67.00458,7.0449894e-06
10,10,67.504615,4.3981327e-06
10,10,68.004649,3.7288555e-06
10,10,68.504683,2.2962549e-06
10,10,69.004717,8.9115377e-06
10,10,69.504751,1.3269972e-05
10,10,70.004785,7.3691973e-06
10,10,70.50482,4.6601972e-06
10,10,71.004854,2.5281626e-06
10,10,71.504888,1.0419457e-05
10,10,72.004922,1.6281862e-05
10,10,72.504956,1.2914103e-05
10,10,73.004991,1.353834e-05
10,10,73.505025,1.1598349e-05
10,10,74.005059,2.0523403e-06
10,10,74.505093,5.7162536e-06
10,10,75.005127,4.9559829e-06
10,10,75.505161,1.305425e-05
10,10,76.005196,9.8188679e-06
10,10,76.50523,1.9540903e-05
10,10,77.005264,1.3280871e-05
10,10,77.505298,1.4440846e-05
10,10,78.005332,1.1627873e-05
10,10,78.505367,6.6699422e-06
10,10,79.005401,4.415426e-06
10,10,79.505435,4.3567426e-06
10,10,80.005469,3.5091559e-06
10,10,80.505503,5.1729294e-06
10,10,81.005537,1.127528e-06
10,10,81.505572,1.3188981e-06
10,10,82.005606,5.5414935e-06
10,10,82.50564,1.4757684e-05
10,10,83.005674,6.6479161e-06
10,10,83.505708,3.4672454e-06
10,10,84.005743,4.2855517e-06
10,10,84.505777,5.6696233e-06
10,10,85.005811,4.1005211e-06
10,10,85.505845,1.2554059e-05
10,10,86.005879,1.1620962e-05
10,10,86.505913,1.0001767e-05
10,10,87.005948,5.8113262e-06
10,10,87.505982,9.9212502e-06
10,10,88.006016,1.7242437e-05
10,10,88.50605,1.5830512e-05
10,10,89.006084,1.2857621e-05
10,10,89.506119,5.4667015e-06
10,10,90.006153,1.5446211e-05
10,10,90.506187,2.2840546e-05
10,10,91.006221,3.0013358e-06
10,10,91.506255,1.4521472e-05
10,10,92.006289,8.1256209e-06
10,10,92.506324,1.1783202e-05
10,10,93.006358,1.983482e-05
10,10,93.506392,1.4233318e-05
10,10,94.006426,1.0852843e-05
10,10,94.50646,1.50834e-05
10,10,95.006495,9.9186746e-06
10,10,95.506529,2.9190981e-06
10,10,96.006563,1.4415022e-05
10,10,96.506597,2.2638921e-05
10,10,97.006631,1.4019605e-05
10,10,97.506665,6.2041275e-06
10,10,98.0067,8.3012435e-06
10,10,98.506734,8.2863776e-06
10,10,99.006768,5.436594e-06
10,10,99.506802,7.2847308e-06
10,10,100.00684,1.2019713e-05
10,10,100.50687,7.6533534e-06
10,10,101.0069,3.2392574e-06
10,10,101.50694,4.8272513e-06
10,10,102.00697,1.6686753e-05
10,10,102.50701,1.3351082e-05
10,10,103.00704,3.1220503e-06
10,10,103.50708,2.1809638e-06
10,10,104.00711,1.3500953e-06
10,10,104.50714,7.6636241e-06
10,10,105.00718,8.480709e-06
10,10,105.50721,1.2890676e-06
10,10,106.00725,6.4225952e-06
10,10,106.50728,5.8302816e-06
10,10,107.00731,1.7120216e-06
10,10,107.50735,7.9623821e-06
10,10,108.00738,9.9336518e-06
10,10,108.50742,8.4008917e-06
10,10,109.00745,8.0456142e-06
10,10,109.50749,5.2304842e-06
10,10,110.00752,2.6068957e-06
10,10,110.50755,3.6275857e-06
10,10,111.00759,4.0500474e-06
10,10,111.50762,2.7435581e-06
10,10,112.00766,1.2707402e-06
10,10,112.50769,2.4203604e-06
10,10,113.00773,2.8796247e-06
10,10,113.50776,2.6874696e-06
10,10,114.00779,3.7190803e-06
10,10,114.50783,6.8248342e-06
10,10,115.00786,9.6662541e-06
10,10,115.5079,8.3454007e-06
10,10,116.00793,3.7269488e-06
10,10,116.50796,8.5284949e-06
10,10,117.008,1.079435e-05
10,10,117.50803,5.052588e-06
10,10,118.00807,7.9748081e-06
10,10,118.5081,8.8863599e-06
10,10,119.00814,8.7137683e-06
10,10,119.50817,3.687857e-05
10,10,120.0082,5.209083e-05
10,10,120.50824,2.5487254e-05
10,10,121.00827,8.3157345e-06
10,10,121.50831,1.1490959e-05
10,10,122.00834,9.0439734e-06
10,10,122.50837,5.1770872e-06
10,10,123.00841,6.0765231e-06
10,10,123.50844,4.1348347e-06
10,10,124.00848,6.2738254e-06
10,10,124.50851,1.1983308e-05
10,10,125.00855,1.1585938e-05
10,10,125.50858,9.4983929e-06
10,10,126.00861,9.3760823e-06
10,10,126.50865,1.145102e-05
10,10,127.00868,7.2817473e-06
10,10,127.50872,1.4225146e-05
10,10,128.00875,1.1967942e-05
10,10,128.50878,1.0618112e-05
10,10,129.00882,1.4710585e-05
10,10,129.50885,6.330564e-06
10,10,130.00889,3.5144295e-06
10,10,130.50892,5.9174989e-06
10,10,131.00896,6.6101333e-06
10,10,131.50899,1.1693636e-05
10,10,132.00902,1.5881566e-05
10,10,132.50906,1.2993288e-05
10,10,133.00909,4.8031383e-06
10,10,133.50913,5.1404495e-06
10,10,134.00916,5.3707093e-06
10,10,134.50919,2.1301457e-05
10,10,135.00923,2.1302054e-05
10,10,135.50926,1.2770411e-05
10,10,136.0093,1.6243652e-05
10,10,136.50933,1.8069348e-05
10,10,137.00937,1.0679345e-05
10,10,137.5094,7.1553756e-06
10,10,138.00943,5.4564386e-06
10,10,138.50947,1.5063209e-05
10,10,139.0095,2.1617103e-05
10,10,139.50954,7.889647e-06
10,10,140.00957,8.0104788e-06
10,10,140.50961,8.8767589e-06
10,10,141.00964,5.8002334e-06
10,10,141.50967,3.8801915e-06
10,10,142.00971,3.1104089e-06
10,10,142.50974,1.1008717e-05
10,10,143.00978,5.7508879e-06
10,10,143.50981,3.1245896e-06
10,10,144.00984,4.8993873e-06
10,10,144.50988,1.0071791e-05
10,10,145.00991,8.9001661e-06
10,10,145.50995,7.10723e-06
10,10,146.00998,1.1590749e-05
10,10,146.51002,1.7448915e-05
10,10,147.01005,2.0639112e-05
10,10,147.51008,1.9409255e-05
10,10,148.01012,1.9121579e-05
10,10,148.51015,1.4324574e-05
10,10,149.01019,1.0644655e-05
10,10,149.51022,9.8659948e-06
10,10,150.01025,7.8787298e-06
10,10,150.51029,7.136542e-06
10,10,151.01032,7.2389576e-06
10,10,151.51036,4.7874765e-06
10,10,152.01039,8.4712903e-06
10,10,152.51043,3.8600798e-06
10,10,153.01046,9.8931547e-06
10,10,153.51049,1.3000022e-05
10,10,154.01053,1.3426759e-05
10,10,154.51056,1.9676895e-05
10,10,155.0106,8.3804375e-06
10,10,155.51063,7.386485e-06
10,10,156.01066,1.3582286e-05
10,10,156.5107,1.8794758e-05
10,10,157.01073,2.2983779e-05
10,10,157.51077,2.407103e-05
10,10,158.0108,1.3341297e-05
10,10,158.51084,2.0300363e-07
10,10,159.01087,8.5464768e-06
10,10,159.5109,1.4384687e-05
10,10,160.01094,5.811869e-06
10,10,160.51097,2.086807e-05
10,10,161.01101,3.1114648e-05
10,10,161.51104,2.4289641e-05
10,10,162.01107,2.2717144e-05
10,10,162.51111,2.6208901e-05
10,10,163.01114,2.278338e-05
10,10,163.51118,8.7569127e-06
10,10,164.01121,1.9020735e-06
10,10,164.51125,1.1945931e-05
10,10,165.01128,1.0468509e-05
10,10,165.51131,2.7065641e-06
10,10,166.01135,8.2740896e-06
10,10,166.51138,1.6140916e-05
10,10,167.01142,1.1139796e-05
10,10,167.51145,5.7672824e-06
10,10,168.01149,7.77133e-06
10,10,168.51152,1.9599717e-05
10,10,169.01155,2.1730371e-05
10,10,169.51159,1.2419938e-05
10,10,170.01162,5.709534e-06
10,10,170.51166,1.4523379e-05
10,10,171.01169,1.9043761e-05
10,10,171.51172,8.6253352e-06
10,10,172.01176,6.6876523e-06
10,10,172.51179,1.523834e-05
10,10,173.01183,2.5113549e-05
10,10,173.51186,1.4553168e-05
10,10,174.0119,3.5732889e-06
10,10,174.51193,2.1857076e-05
10,10,175.01196,4.0165908e-05
10,10,175.512,1.9201024e-05
10,10,176.01203,7.9833488e-06
10,10,176.51207,1.7924018e-05
10,10,177.0121,1.9056835e-05
10,10,177.51213,9.7620437e-06
10,10,178.01217,6.9797142e-06
10,10,178.5122,1.8394424e-05
10,10,179.01224,2.3129501e-05
10,10,179.51227,1.6859464e-05
10,10,180.01231,1.3605889e-05
10,10,180.51234,3.5827847e-06
10,10,181.01237,8.6748599e-06
10,10,181.51241,4.3092912e-06
10,10,182.01244,5.267681e-06
10,10,182.51248,2.5140455e-06
10,10,183.01251,8.7460215e-06
10,10,183.51254,1.1103401e-05
10,10,184.01258,5.1124759e-06
10,10,184.51261,2.8403801e-06
10,10,185.01265,7.3089301e-06
10,10,185.51268,7.9879031e-06
10,10,186.01272,7.3416788e-06
10,10,186.51275,2.1141006e-05
10,10,187.01278,2.1650484e-05
10,10,187.51282,1.017522e-05
10,10,188.01285,1.2214399e-05
10,10,188.51289,8.069179e-06
10,10,189.01292,1.5373561e-05
10,10,189.51295,1.5433942e-05
10,10,190.01299,9.5275251e-06
10,10,190.51302,1.1693142e-05
10,10,191.01306,1.2340212e-05
10,10,191.51309,9.5878799e-06
10,10,192.01313,1.1781668e-05
10,10,192.51316,6.8486308e-06
10,10,193.01319,3.3230703e-06
10,10,193.51323,5.3277896e-06
10,10,194.01326,3.0447091e-06
10,10,194.5133,4.1480519e-06
10,10,195.01333,1.0283021e-05
10,10,195.51337,5.3991327e-06
10,10,196.0134,2.2272018e-06
10,10,196.51343,4.6660837e-06
10,10,197.01347,5.4359076e-06
10,10,197.5135,3.0882297e-06
10,10,198.01354,3.3258854e-06
10,10,198.51357,5.6919803e-06
10,10,199.0136,4.8276162e-06
10,10,199.51364,3.6148589e-06
11,11,0,2.6914457e-06
11,11,0.50003418,2.9425808e-06
11,11,1.0000684,7.7177868e-06
11,11,1.5001025,1.3816486e-05
11,11,2.0001367,9.0444331e-06
11,11,2.5001709,5.1516169e-06
11,11,3.0002051,3.4347097e-06
11,11,3.5002393,5.6540641e-06
11,11,4.0002735,7.56574e-06
11,11,4.5003076,7.0758212e-06
11,11,5.0003418,3.6766074e-06
11,11,5.500376,1.8426456e-06
11,11,6.0004102,3.2515041e-06
11,11,6.5004444,5.2684275e-06
11,11,7.0004785,7.4031832e-06
11,11,7.5005127,5.2623272e-06
11,11,8.0005469,4.3776749e-06
11,11,8.5005811,1.389384e-06
11,11,9.0006153,2.7263624e-06
11,11,9.5006495,3.0550619e-07
11,11,10.000684,3.0040698e-06
11,11,10.500718,3.770154e-06
11,11,11.000752,7.8743363e-06
11,11,11.500786,5.2507866e-06
11,11,12.00082,5.0591201e-06
11,11,12.500855,7.5136243e-06
11,11,13.000889,5.039367e-06
11,11,13.500923,3.7855018e-06
11,11,14.000957,1.1426365e-05
11,11,14.500991,8.5285453e-06
11,11,15.001025,7.7551276e-06
11,11,15.50106,9.1441524e-06
11,11,16.001094,6.1531919e-07
11,11,16.501128,4.6899931e-06
11,11,17.001162,4.1896498e-06
11,11,17.501196,1.0207678e-05
11,11,18.001231,9.6043905e-06
11,11,18.501265,2.062117e-05
11,11,19.001299,2.0471912e-05
11,11,19.501333,1.0927659e-05
11,11,20.001367,2.692862e-05
11,11,20.501401,1.3534471e-05
11,11,21.001436,2.1384892e-06
11,11,21.50147,2.8898604e-06
11,11,22.001504,5.7593881e-06
11,11,22.501538,5.0100538e-06
11,11,23.001572,3.6986766e-06
11,11,23.501607,4.6747773e-06
11,11,24.001641,3.7393593e-06
11,11,24.501675,8.7975025e-07
11,11,25.001709,1.3550797e-06
11,11,25.501743,3.436762e-06
11,11,26.001777,5.0204467e-06
11,11,26.501812,5.896463e-06
11,11,27.001846,8.2942483e-06
11,11,27.50188,8.3712591e-06
11,11,28.001914,3.0335725e-06
11,11,28.501948,4.4583714e-06
11,11,29.001983,8.3698336e-06
11,11,29.502017,5.9939037e-06
11,11,30.002051,8.5321208e-06
11,11,30.502085,6.6389161e-06
11,11,31.002119,2.1865835e-06
11,11,31.502153,2.1063412e-06
11,11,32.002188,4.2597949e-06
11,11,32.502222,2.9413821e-06
11,11,33.002256,3.7230859e-06
11,11,33.50229,1.1993124e-06
11,11,34.002324,1.23949e-05
11,11,34.502359,1.3898583e-05
11,11,35.002393,7.2338532e-06
11,11,35.502427,6.0407709e-06
11,11,36.002461,6.013187e-06
11,11,36.502495,1.0521621e-05
11,11,37.002529,7.7824068e-06
11,11,37.502564,3.263128e-06
11,11,38.002598,1.3643015e-05
11,11,38.502632,1.812704e-05
11,11,39.002666,5.8698404e-06
11,11,39.5027,5.6994095e-06
11,11,40.002735,5.4808201e-06
11,11,40.502769,5.2830558e-06
11,11,41.002803,5.4046422e-06
11,11,41.502837,2.3890005e-06
11,11,42.002871,4.9159763e-06
11,11,42.502905,6.2577104e-06
11,11,43.00294,2.6644327e-06
11,11,43.502974,3.7467005e-06
11,11,44.003008,8.2955471e-06
11,11,44.503042,6.7670179e-06
11,11,45.003076,2.9953735e-06
11,11,45.503111,3.4261312e-06
11,11,46.003145,6.198657e-06
11,11,46.503179,7.1738086e-06
11,11,47.003213,6.4116411e-06
11,11,47.503247,3.6743189e-06
11,11,48.003281,8.7944602e-07
11,11,48.503316,1.0807989e-06
11,11,49.00335,5.3194748e-06
11,11,49.503384,6.1961298e-06
11,11,50.003418,2.9860319e-06
11,11,50.503452,6.5762071e-07
11,11,51.003487,4.4144149e-06
11,11,51.503521,5.4904885e-06
11,11,52.003555,5.0749431e-06
11,11,52.503589,1.0673522e-06
11,11,53.003623,6.7427333e-06
11,11,53.503657,4.3172293e-06
11,11,54.003692,4.3906417e-06
11,11,54.503726,6.1925786e-06
11,11,55.00376,3.7720098e-06
11,11,55.503794,3.4599835e-06
11,11,56.003828,3.9889868e-06
11,11,56.503863,5.3038356e-06
11,11,57.003897,1.1337809e-05
11,11,57.503931,9.9946868e-06
11,11,58.003965,6.1140278e-06
11,11,58.503999,1.4146823e-05
11,11,59.004033,3.0495188e-05
11,11,59.504068,3.1030589e-05
11,11,60.004102,1.8324583e-05
11,11,60.504136,1.8854421e-06
11,11,61.00417,5.8144159e-06
11,11,61.504204,3.746317e-06
11,11,62.004239,2.3019879e-06
11,11,62.504273,4.353381e-06
11,11,63.004307,4.7172108e-06
11,11,63.504341,2.4964086e-06
11,11,64.004375,5.8427986e-06
11,11,64.504409,4.1403303e-06
11,11,65.004444,4.995039e-06
11,11,65.504478,6.4761659e-06
11,11,66.004512,5.0674447e-06
11,11,66.504546,2.5625925e-06
11,11,67.00458,3.8184845e-06
11,11,67.504615,4.8435761e-06
11,11,68.004649,4.2438663e-06
11,11,68.504683,3.7890571e-06
11,11,69.004717,2.5714759e-06
11,11,69.504751,3.2646291e-06
11,11,70.004785,5.2501166e-06
11,11,70.50482,4.5652081e-06
11,11,71.004854,4.7000918e-06
11,11,71.504888,3.966572e-06
11,11,72.004922,3.9203623e-06
11,11,72.504956,4.359175e-06
11,11,73.004991,1.0730985e-06
11,11,73.505025,2.1200433e-06
11,11,74.005059,3.0347195e-06
11,11,74.505093,3.7918418e-06
11,11,75.005127,4.834194e-06
11,11,75.505161,2.319615e-06
11,11,76.005196,3.4707387e-06
11,11,76.50523,4.1541644e-06
11,11,77.005264,5.5491792e-06
11,11,77.505298,3.6246086e-06
11,11,78.005332,1.1109816e-06
11,11,78.505367,2.4580736e-06
11,11,79.005401,6.9434515e-07
11,11,79.505435,1.5535954e-06
11,11,80.005469,3.3777566e-06
11,11,80.505503,2.6887549e-06
11,11,81.005537,4.416671e-06
11,11,81.505572,7.1182727e-06
11,11,82.005606,4.8084051e-06
11,11,82.50564,4.0615435e-06
11,11,83.005674,8.1730741e-06
11,11,83.505708,5.3861218e-06
11,11,84.005743,1.1131594e-06
11,11,84.505777,5.3160389e-06
11,11,85.005811,6.1609631e-06
11,11,85.505845,5.1766046e-06
11,11,86.005879,2.0400847e-06
11,11,86.505913,4.2245227e-06
11,11,87.005948,1.8271281e-06
11,11,87.505982,7.9180597e-07
11,11,88.006016,2.257995e-06
11,11,88.50605,1.7630516e-06
11,11,89.006084,2.6804978e-06
11,11,89.506119,5.0450797e-06
11,11,90.006153,1.83211e-06
11,11,90.506187,2.3049423e-06
11,11,91.006221,7.6732851e-06
11,11,91.506255,2.4770029e-06
11,11,92.006289,3.0615808e-06
11,11,92.506324,2.2871042e-06
11,11,93.006358,3.9257478e-06
11,11,93.506392,2.1891433e-06
11,11,94.006426,8.795849e-06
11,11,94.50646,8.5846623e-06
11,11,95.006495,3.8948124e-06
11,11,95.506529,2.8343088e-06
11,11,96.006563,3.3542752e-06
11,11,96.506597,5.3380522e-06
11,11,97.006631,6.3011773e-06
11,11,97.506665,4.1356992e-06
11,11,98.0067,2.2356191e-06
11,11,98.506734,1.7961956e-06
11,11,99.006768,2.8998055e-06
11,11,99.506802,6.9232411e-06
11,11,100.00684,5.4249654e-06
11,11,100.50687,6.2302961e-06
11,11,101.0069,6.4133761e-06
11,11,101.50694,4.2917634e-06
11,11,102.00697,6.2967379e-06
11,11,102.50701,6.3710885e-06
11,11,103.00704,1.915879e-06
11,11,103.50708,5.2862251e-06
11,11,104.00711,5.6452053e-06
11,11,104.50714,3.6528953e-06
11,11,105.00718,7.2633884e-06
11,11,105.50721,7.8767182e-06
11,11,106.00725,3.3207878e-06
11,11,106.50728,3.8205365e-06
11,11,107.00731,2.628782e-05
11,11,107.50735,2.7881243e-05
11,11,108.00738,7.7157085e-06
11,11,108.50742,4.8081081e-07
11,11,109.00745,1.5432518e-06
11,11,109.50749,6.6635467e-06
11,11,110.00752,7.6566295e-06
11,11,110.50755,2.9354362e-06
11,11,111.00759,7.2587526e-06
11,11,111.50762,7.0875116e-06
11,11,112.00766,5.2216688e-06
11,11,112.50769,3.1885999e-06
11,11,113.00773,1.636074e-05
11,11,113.50776,4.3602542e-05
11,11,114.00779,2.6905476e-05
11,11,114.50783,3.2277313e-06
11,11,115.00786,8.6832929e-06
11,11,115.5079,8.2902675e-06
11,11,116.00793,4.6100609e-06
11,11,116.50796,3.2558797e-06
11,11,117.008,1.7034248e-06
11,11,117.50803,1.74286e-06
11,11,118.00807,6.5457612e-06
11,11,118.5081,1.1160495e-05
11,11,119.00814,8.680471e-06
11,11,119.50817,4.628777e-05
11,11,120.0082,0.00010180046
11,11,120.50824,5.4427532e-05
11,11,121.00827,3.832966e-06
11,11,121.50831,7.3636707e-06
11,11,122.00834,4.6371875e-06
11,11,122.50837,2.2222762e-06
11,11,123.00841,2.7334418e-06
11,11,123.50844,3.8042176e-06
11,11,124.00848,5.2575165e-06
11,11,124.50851,3.2473037e-06
11,11,125.00855,3.4438357e-06
11,11,125.50858,2.1798293e-06
11,11,126.00861,8.8248867e-06
11,11,126.50865,1.1471344e-05
11,11,127.00868,1.0393929e-05
11,11,127.50872,2.1477774e-05
11,11,128.00875,1.8625343e-05
11,11,128.50878,2.3044201e-07
11,11,129.00882,5.5369331e-06
11,11,129.50885,4.1761058e-06
11,11,130.00889,4.905281e-06
11,11,130.50892,4.7426512e-06
11,11,131.00896,5.2576719e-06
11,11,131.50899,8.1892048e-06
11,11,132.00902,7.1078686e-06
11,11,132.50906,6.4549259e-06
11,11,133.00909,8.2543744e-06
11,11,133.50913,1.0139032e-05
11,11,134.00916,8.5843076e-06
11,11,134.50919,7.0589673e-06
11,11,135.00923,3.2195635e-06
11,11,135.50926,7.0537672e-06
11,11,136.0093,8.4677917e-06
11,11,136.50933,8.1615676e-06
11,11,137.00937,5.030222e-06
11,11,137.5094,3.5582173e-06
11,11,138.00943,3.2746454e-06
11,11,138.50947,4.7504959e-06
11,11,139.0095,3.977923e-06
11,11,139.50954,8.1205704e-06
11,11,140.00957,9.4066065e-06
11,11,140.50961,6.7791245e-06
11,11,141.00964,1.7737583e-06
11,11,141.50967,3.6920862e-07
11,11,142.00971,4.3371207e-06
11,11,142.50974,4.4988139e-06
11,11,143.00978,1.2974031e-06
11,11,143.50981,5.1155332e-06
11,11,144.00984,8.231703e-06
11,11,144.50988,6.2722453e-06
11,11,145.00991,3.7696135e-06
11,11,145.50995,1.0723455e-05
11,11,146.00998,7.9255761e-06
11,11,146.51002,2.0888083e-06
11,11,147.01005,3.7775421e-06
11,11,147.51008,5.0579686e-06
11,11,148.01012,1.1632967e-05
11,11,148.51015,1.4815276e-05
11,11,149.01019,7.0873288e-06
11,11,149.51022,4.2571634e-06
11,11,150.01025,3.0802405e-06
11,11,150.51029,3.8124538e-07
11,11,151.01032,4.1712772e-06
11,11,151.51036,4.7306674e-06
11,11,152.01039,4.1173009e-06
11,11,152.51043,1.9395284e-06
11,11,153.01046,1.8786798e-05
11,11,153.51049,2.6569566e-05
11,11,154.01053,7.8622396e-06
11,11,154.51056,4.9997938e-06
11,11,155.0106,5.5503205e-06
11,11,155.51063,2.98518e-06
11,11,156.01066,9.9375662e-06
11,11,156.5107,2.1607448e-05
11,11,157.01073,6.1079287e-06
11,11,157.51077,1.7704748e-05
11,11,158.0108,7.4445614e-06
11,11,158.51084,3.3421569e-05
11,11,159.01087,2.3866886e-05
11,11,159.5109,1.0758199e-05
11,11,160.01094,2.7771497e-06
11,11,160.51097,5.7254945e-06
11,11,161.01101,1.0908993e-05
11,11,161.51104,1.0317886e-05
11,11,162.01107,1.0347329e-05
11,11,162.51111,1.2181319e-05
11,11,163.01114,1.2247777e-05
11,11,163.51118,1.0822287e-05
11,11,164.01121,9.5581391e-06
11,11,164.51125,1.6876211e-05
11,11,165.01128,1.4738102e-05
11,11,165.51131,2.9834601e-06
11,11,166.01135,2.5650898e-06
11,11,166.51138,2.6689978e-06
11,11,167.01142,4.6752916e-06
11,11,167.51145,7.5533395e-06
11,11,168.01149,4.9266449e-06
11,11,168.51152,3.9075672e-06
11,11,169.01155,4.7947425e-06
11,11,169.51159,2.0032254e-06
11,11,170.01162,5.1382231e-06
11,11,170.51166,4.4176762e-06
11,11,171.01169,5.7196033e-06
11,11,171.51172,4.6965612e-06
11,11,172.01176,4.9884665e-06
11,11,172.51179,7.7036463e-06
11,11,173.01183,4.129297e-06
11,11,173.51186,8.4638667e-07
11,11,174.0119,1.484495e-06
11,11,174.51193,5.277828e-06
11,11,175.01196,9.675239e-06
11,11,175.512,2.9622354e-06
11,11,176.01203,5.5861557e-06
11,11,176.51207,2.4711901e-06
11,11,177.0121,8.2795773e-06
11,11,177.51213,7.9779892e-06
11,11,178.01217,4.6035522e-06
11,11,178.5122,3.6855274e-06
11,11,179.01224,5.8352495e-06
11,11,179.51227,1.4918614e-05
11,11,180.01231,1.181406e-05
11,11,180.51234,4.6685011e-06
11,11,181.01237,3.9330289e-06
11,11,181.51241,2.7386465e-06
11,11,182.01244,3.4424643e-06
11,11,182.51248,2.2775299e-06
11,11,183.01251,3.7695789e-06
11,11,183.51254,1.7853617e-06
11,11,184.01258,5.3156559e-08
11,11,184.51261,1.1327019e-06
11,11,185.01265,2.53062e-06
11,11,185.51268,3.5342385e-06
11,11,186.01272,2.968101e-06
11,11,186.51275,1.9641347e-06
11,11,187.01278,3.764817e-06
11,11,187.51282,4.748421e-06
11,11,188.01285,3.2056936e-06
11,11,188.51289,4.2924283e-06
11,11,189.01292,4.8373147e-06
11,11,189.51295,4.6527935e-06
11,11,190.01299,5.3381287e-06
11,11,190.51302,1.1392061e-06
11,11,191.01306,4.8559863e-06
11,11,191.51309,8.8032393e-06
11,11,192.01313,7.3098218e-06
11,11,192.51316,4.2676159e-06
11,11,193.01319,1.216351e-06
11,11,193.51323,3.2014264e-06
11,11,194.01326,4.7848503e-06
11,11,194.5133,4.2648629e-06
11,11,195.01333,7.9176493e-07
11,11,195.51337,2.1613999e-06
11,11,196.0134,5.0873868e-06
11,11,196.51343,8.0962372e-06
11,11,197.01347,4.5346765e-06
11,11,197.5135,3.745211e-06
11,11,198.01354,4.5830496e-06
11,11,198.51357,3.6025899e-06
11,11,199.0136,2.092482e-06
11,11,199.51364,1.8194917e-06
12,12,0,6.9922411e-07
12,12,0.50003418,3.0543539e-06
12,12,1.0000684,3.7924603e-06
12,12,1.5001025,1.8690271e-06
12,12,2.0001367,2.3193172e-06
12,12,2.5001709,2.0481129e-06
12,12,3.0002051,4.3628654e-06
12,12,3.5002393,7.7603376e-06
12,12,4.0002735,9.4779384e-06
12,12,4.5003076,5.9291055e-06
12,12,5.0003418,3.6286483e-06
12,12,5.500376,5.1911263e-06
12,12,6.0004102,2.6548341e-06
12,12,6.5004444,2.7438299e-06
12,12,7.0004785,3.6990415e-06
12,12,7.5005127,2.5586404e-06
12,12,8.0005469,4.2117559e-06
12,12,8.5005811,3.5524487e-06
12,12,9.0006153,8.0389725e-06
12,12,9.5006495,6.056616e-06
12,12,10.000684,3.9904692e-06
12,12,10.500718,1.2220773e-06
12,12,11.000752,6.2471659e-07
12,12,11.500786,3.3940634e-06
12,12,12.00082,4.0157462e-06
12,12,12.500855,5.3054908e-06
12,12,13.000889,2.9642087e-06
12,12,13.500923,4.2320842e-06
12,12,14.000957,7.1702826e-06
12,12,14.500991,4.2889812e-06
12,12,15.001025,2.0517562e-06
12,12,15.50106,3.8681095e-06
12,12,16.001094,5.7889022e-06
12,12,16.501128,2.68619e-06
12,12,17.001162,3.1612178e-06
12,12,17.501196,1.7675833e-06
12,12,18.001231,1.8421343e-06
12,12,18.501265,3.9388257e-06
12,12,19.001299,4.0958329e-06
12,12,19.501333,6.274591e-06
12,12,20.001367,1.2016923e-05
12,12,20.501401,3.8941857e-06
12,12,21.001436,3.2689269e-06
12,12,21.50147,3.8503248e-06
12,12,22.001504,5.3153995e-06
12,12,22.501538,4.6574139e-06
12,12,23.001572,1.1981318e-06
12,12,23.501607,2.1562093e-06
12,12,24.001641,3.27154e-06
12,12,24.501675,3.0005566e-06
12,12,25.001709,3.4776689e-06
12,12,25.501743,3.7855294e-06
12,12,26.001777,9.1843757e-07
12,12,26.501812,3.4111812e-06
12,12,27.001846,6.9508917e-06
12,12,27.50188,4.7800708e-06
12,12,28.001914,4.6785309e-06
12,12,28.501948,5.5031827e-06
12,12,29.001983,2.6027124e-06
12,12,29.502017,4.3825339e-06
12,12,30.002051,7.0818912e-06
12,12,30.502085,2.3541137e-06
12,12,31.002119,2.6640966e-06
12,12,31.502153,1.2321904e-06
12,12,32.002188,4.6725539e-07
12,12,32.502222,2.7442137e-06
12,12,33.002256,3.3522102e-06
12,12,33.50229,2.6933513e-06
12,12,34.002324,3.280055e-06
12,12,34.502359,1.249616e-06
12,12,35.002393,5.863692e-06
12,12,35.502427,4.4738318e-06
12,12,36.002461,7.7693666e-06
12,12,36.502495,9.2236149e-06
12,12,37.002529,9.9998787e-06
12,12,37.502564,5.9369814e-06
12,12,38.002598,1.7312105e-05
12,12,38.502632,2.1781087e-05
12,12,39.002666,9.4571906e-06
12,12,39.5027,4.6872547e-06
12,12,40.002735,6.1140612e-06
12,12,40.502769,5.415893e-06
12,12,41.002803,3.1927768e-06
12,12,41.502837,2.2462244e-06
12,12,42.002871,1.0612558e-06
12,12,42.502905,3.8947732e-06
12,12,43.00294,3.0003979e-06
12,12,43.502974,1.9942136e-06
12,12,44.003008,1.9831123e-06
12,12,44.503042,1.7240401e-06
12,12,45.003076,3.0053604e-06
12,12,45.503111,3.2623514e-06
12,12,46.003145,3.0859764e-06
12,12,46.503179,3.1739049e-06
12,12,47.003213,1.1050993e-06
12,12,47.503247,2.2832015e-06
12,12,48.003281,4.7001111e-06
12,12,48.503316,7.6398853e-06
12,12,49.00335,4.6945422e-06
12,12,49.503384,8.2829217e-07
12,12,50.003418,3.9178795e-06
12,12,50.503452,3.1409685e-06
12,12,51.003487,1.1000756e-06
12,12,51.503521,1.5158166e-06
12,12,52.003555,2.7445037e-06
12,12,52.503589,2.9740918e-06
12,12,53.003623,2.9653073e-06
12,12,53.503657,6.2358102e-07
12,12,54.003692,3.9822535e-06
12,12,54.503726,5.4159307e-06
12,12,55.00376,9.2829846e-07
12,12,55.503794,8.5204674e-06
12,12,56.003828,1.31659e-05
12,12,56.503863,1.6801538e-05
12,12,57.003897,1.3618017e-05
12,12,57.503931,9.7096454e-06
12,12,58.003965,1.209029e-05
12,12,58.503999,3.9427479e-06
12,12,59.004033,2.7058817e-05
12,12,59.504068,4.7536995e-05
12,12,60.004102,3.3745072e-05
12,12,60.504136,6.894503e-06
12,12,61.00417,3.0401374e-06
12,12,61.504204,2.2663838e-06
12,12,62.004239,2.1139394e-06
12,12,62.504273,6.6701438e-06
12,12,63.004307,7.5962049e-06
12,12,63.504341,6.6780905e-06
12,12,64.004375,6.0027777e-06
12,12,64.504409,5.7879518e-06
12,12,65.004444,7.7453929e-06
12,12,65.504478,5.2125628e-06
12,12,66.004512,5.9779532e-06
12,12,66.504546,5.4242391e-06
12,12,67.00458,4.7962553e-06
12,12,67.504615,4.0440526e-06
12,12,68.004649,1.7289686e-06
12,12,68.504683,4.5044952e-06
12,12,69.004717,4.2758097e-06
12,12,69.504751,2.1312569e-06
12,12,70.004785,3.2304162e-06
12,12,70.50482,4.247464e-06
12,12,71.004854,2.8806243e-06
12,12,71.504888,4.7015693e-06
12,12,72.004922,4.0684207e-06
12,12,72.504956,1.521012e-06
12,12,73.004991,2.4494207e-06
12,12,73.505025,1.8450231e-06
12,12,74.005059,2.3939942e-06
12,12,74.505093,4.5217784e-06
12,12,75.005127,4.3784884e-06
12,12,75.505161,3.2488082e-06
12,12,76.005196,2.1980312e-06
12,12,76.50523,1.1105873e-06
12,12,77.005264,3.9951139e-07
12,12,77.505298,1.575462e-06
12,12,78.005332,4.4387003e-07
12,12,78.505367,2.3956324e-06
12,12,79.005401,2.338281e-06
12,12,79.505435,7.1534278e-07
12,12,80.005469,1.1735879e-06
12,12,80.505503,3.1932452e-06
12,12,81.005537,2.9702283e-06
12,12,81.505572,8.095346e-07
12,12,82.005606,5.4346888e-07
12,12,82.50564,2.7575558e-06
12,12,83.005674,5.6939336e-06
12,12,83.505708,4.2059041e-06
12,12,84.005743,1.6181569e-06
12,12,84.505777,5.7446398e-06
12,12,85.005811,7.0532851e-06
12,12,85.505845,4.1178463e-06
12,12,86.005879,3.749234e-06
12,12,86.505913,4.601339e-06
12,12,87.005948,1.9475776e-06
12,12,87.505982,3.8381646e-06
12,12,88.006016,3.0716718e-06
12,12,88.50605,3.0990145e-06
12,12,89.006084,4.8893751e-06
12,12,89.506119,5.5049604e-06
12,12,90.006153,1.8089522e-06
12,12,90.506187,3.8536633e-06
12,12,91.006221,7.2254783e-06
12,12,91.506255,1.6202579e-06
12,12,92.006289,5.6137338e-06
12,12,92.506324,3.7929431e-06
12,12,93.006358,3.9649941e-06
12,12,93.506392,2.4220501e-06
12,12,94.006426,4.382546e-06
12,12,94.50646,6.1992572e-06
12,12,95.006495,2.8287108e-06
12,12,95.506529,3.5761292e-06
12,12,96.006563,5.1417336e-06
12,12,96.506597,4.6703126e-06
12,12,97.006631,8.1730681e-06
12,12,97.506665,7.3507209e-06
12,12,98.0067,1.6119715e-06
12,12,98.506734,5.5472728e-07
12,12,99.006768,1.9619759e-06
12,12,99.506802,4.8740193e-06
12,12,100.00684,3.9857235e-06
12,12,100.50687,3.8292901e-06
12,12,101.0069,4.4947485e-06
12,12,101.50694,2.6107723e-06
12,12,102.00697,3.0951344e-06
12,12,102.50701,2.5134781e-06
12,12,103.00704,1.3581016e-06
12,12,103.50708,2.1699611e-06
12,12,104.00711,4.2055446e-06
12,12,104.50714,2.2770602e-06
12,12,105.00718,4.8578032e-06
12,12,105.50721,5.0261267e-06
12,12,106.00725,2.4280327e-06
12,12,106.50728,5.6240377e-06
12,12,107.00731,2.4858823e-05
12,12,107.50735,2.4750695e-05
12,12,108.00738,6.1213028e-06
12,12,108.50742,1.1604526e-06
12,12,109.00745,1.0077151e-06
12,12,109.50749,2.5994704e-06
12,12,110.00752,2.5101552e-06
12,12,110.50755,1.8413437e-07
12,12,111.00759,2.7101982e-06
12,12,111.50762,3.6904003e-06
12,12,112.00766,3.8162043e-06
12,12,112.50769,2.5982111e-06
12,12,113.00773,1.2618947e-05
12,12,113.50776,3.2582645e-05
12,12,114.00779,2.0294183e-05
12,12,114.50783,2.7156854e-06
12,12,115.00786,9.1290611e-06
12,12,115.5079,1.0299432e-05
12,12,116.00793,9.3022628e-06
12,12,116.50796,6.7336785e-06
12,12,117.008,3.0573108e-06
12,12,117.50803,2.1567161e-06
12,12,118.00807,5.9158826e-06
12,12,118.5081,8.9370946e-06
12,12,119.00814,2.1206581e-06
12,12,119.50817,0.00013615458
12,12,120.0082,0.00026921445
12,12,120.50824,0.00013631724
12,12,121.00827,4.0118058e-06
12,12,121.50831,2.7060749e-06
12,12,122.00834,4.2096816e-06
12,12,122.50837,3.1383096e-06
12,12,123.00841,3.0393322e-06
12,12,123.50844,3.3425037e-06
12,12,124.00848,4.4478251e-06
12,12,124.50851,3.1423523e-06
12,12,125.00855,1.5248863e-06
12,12,125.50858,2.7474629e-06
12,12,126.00861,6.4394522e-06
12,12,126.50865,1.0044694e-05
12,12,127.00868,9.4545874e-06
12,12,127.50872,2.5093614e-05
12,12,128.00875,2.2277043e-05
12,12,128.50878,1.3217184e-06
12,12,129.00882,9.495348e-06
12,12,129.50885,7.4259924e-06
12,12,130.00889,6.45545e-06
12,12,130.50892,5.9246912e-06
12,12,131.00896,4.5122058e-06
12,12,131.50899,5.9659331e-06
12,12,132.00902,3.7191736e-06
12,12,132.50906,9.9744861e-06
12,12,133.00909,1.2944543e-05
12,12,133.50913,9.3728799e-06
12,12,134.00916,6.3078376e-06
12,12,134.50919,4.9776248e-06
12,12,135.00923,2.2878087e-06
12,12,135.50926,6.976553e-06
12,12,136.0093,8.8804277e-06
12,12,136.50933,6.4665303e-06
12,12,137.00937,3.5101567e-06
12,12,137.5094,2.7458387e-06
12,12,138.00943,3.3966769e-06
12,12,138.50947,6.2666918e-06
12,12,139.0095,1.2062626e-05
12,12,139.50954,1.1956395e-05
12,12,140.00957,1.1439263e-05
12,12,140.50961,1.0669818e-05
12,12,141.00964,3.1507758e-06
12,12,141.50967,2.2726421e-06
12,12,142.00971,4.8816005e-06
12,12,142.50974,4.5933303e-06
12,12,143.00978,2.360402e-06
12,12,143.50981,4.1625889e-06
12,12,144.00984,8.1922967e-06
12,12,144.50988,4.5460541e-06
12,12,145.00991,5.3733936e-06
12,12,145.50995,8.699308e-06
12,12,146.00998,4.066082e-06
12,12,146.51002,4.3781187e-06
12,12,147.01005,2.4823209e-06
12,12,147.51008,2.747225e-06
12,12,148.01012,6.4757712e-06
12,12,148.51015,1.4420711e-05
12,12,149.01019,8.6664726e-06
12,12,149.51022,6.8798437e-06
12,12,150.01025,5.5002164e-06
12,12,150.51029,3.1890135e-06
12,12,151.01032,1.6020279e-06
12,12,151.51036,8.2880469e-06
12,12,152.01039,5.2414551e-06
12,12,152.51043,8.5405827e-06
12,12,153.01046,5.213291e-05
12,12,153.51049,5.8241455e-05
12,12,154.01053,1.3280088e-05
12,12,154.51056,2.4529993e-06
12,12,155.0106,2.693645e-06
12,12,155.51063,6.7975868e-06
12,12,156.01066,4.886262e-06
12,12,156.5107,7.6468373e-06
12,12,157.01073,3.025125e-06
12,12,157.51077,8.277817e-06
12,12,158.0108,1.159212e-05
12,12,158.51084,2.1785654e-05
12,12,159.01087,1.0669631e-05
12,12,159.5109,1.3535389e-05
12,12,160.01094,1.7670525e-05
12,12,160.51097,8.6954869e-06
12,12,161.01101,3.0584638e-06
12,12,161.51104,6.317675e-06
12,12,162.01107,6.4951305e-06
12,12,162.51111,6.3494217e-06
12,12,163.01114,1.3780864e-05
12,12,163.51118,1.525197e-05
12,12,164.01121,6.4971269e-06
12,12,164.51125,1.4519243e-05
12,12,165.01128,1.5655074e-05
12,12,165.51131,3.901929e-06
12,12,166.01135,8.9368894e-06
12,12,166.51138,5.0234038e-06
12,12,167.01142,6.1502706e-06
12,12,167.51145,1.3834162e-05
12,12,168.01149,8.5629111e-06
12,12,168.51152,2.9212032e-06
12,12,169.01155,8.3307502e-06
12,12,169.51159,4.2990614e-06
12,12,170.01162,3.4445326e-06
12,12,170.51166,5.5949024e-06
12,12,171.01169,3.621187e-06
12,12,171.51172,3.1287879e-06
12,12,172.01176,1.9906615e-06
12,12,172.51179,4.1386934e-06
12,12,173.01183,5.856631e-06
12,12,173.51186,3.0474344e-06
12,12,174.0119,2.6108367e-06
12,12,174.51193,5.9537078e-06
12,12,175.01196,9.1504975e-06
12,12,175.512,3.1082106e-06
12,12,176.01203,2.6411088e-06
12,12,176.51207,3.0999264e-06
12,12,177.0121,4.783112e-06
12,12,177.51213,3.4526569e-06
12,12,178.01217,6.9312577e-06
12,12,178.5122,7.0918706e-06
12,12,179.01224,2.7396547e-06
12,12,179.51227,7.2404827e-06
12,12,180.01231,3.8127616e-06
12,12,180.51234,4.4854529e-06
12,12,181.01237,1.3066746e-05
12,12,181.51241,1.3994333e-05
12,12,182.01244,1.1295846e-05
12,12,182.51248,8.8725594e-06
12,12,183.01251,3.0264946e-06
12,12,183.51254,5.8377841e-06
12,12,184.01258,3.4785099e-06
12,12,184.51261,1.1934671e-06
12,12,185.01265,6.086793e-06
12,12,185.51268,7.4364623e-06
12,12,186.01272,4.5988222e-06
12,12,186.51275,2.2198216e-06
12,12,187.01278,4.3810297e-06
12,12,187.51282,1.312611e-06
12,12,188.01285,6.0932132e-06
12,12,188.51289,1.3074962e-05
12,12,189.01292,1.3472815e-05
12,12,189.51295,8.6849419e-06
12,12,190.01299,5.6070674e-06
12,12,190.51302,7.2750054e-06
12,12,191.01306,1.1536939e-05
12,12,191.51309,1.3584141e-05
12,12,192.01313,1.325666e-05
12,12,192.51316,6.6211744e-06
12,12,193.01319,4.4063976e-06
12,12,193.51323,3.9683202e-06
12,12,194.01326,5.4941182e-06
12,12,194.5133,2.7662177e-06
12,12,195.01333,5.3461184e-06
12,12,195.51337,9.1140418e-06
12,12,196.0134,2.1224015e-06
12,12,196.51343,1.4989241e-05
12,12,197.01347,9.3042363e-06
12,12,197.5135,9.0196575e-06
12,12,198.01354,9.0818068e-06
12,12,198.51357,5.71191e-06
12,12,199.0136,6.6361415e-07
12,12,199.51364,3.1282984e-06
13,13,0,1.4979058e-06
13,13,0.50003418,3.2774946e-06
13,13,1.0000684,2.9548754e-06
13,13,1.5001025,7.8086442e-07
13,13,2.0001367,4.6878123e-06
13,13,2.5001709,4.0164088e-06
13,13,3.0002051,1.7746824e-06
13,13,3.5002393,1.8489919e-06
13,13,4.0002735,1.1744884e-06
13,13,4.5003076,1.0605253e-06
13,13,5.0003418,2.4481008e-06
13,13,5.500376,4.5190339e-06
13,13,6.0004102,3.568413e-06
13,13,6.5004444,6.1378483e-06
13,13,7.0004785,5.8356558e-06
13,13,7.5005127,5.7110834e-06
13,13,8.0005469,7.1610061e-06
13,13,8.5005811,4.2580444e-06
13,13,9.0006153,3.8088196e-06
13,13,9.5006495,6.8044932e-06
13,13,10.000684,1.0316557e-05
13,13,10.500718,4.5692335e-06
13,13,11.000752,9.0014191e-06
13,13,11.500786,1.9236591e-05
13,13,12.00082,2.8836172e-05
13,13,12.500855,1.9197408e-05
13,13,13.000889,8.1906804e-06
13,13,13.500923,7.7331323e-06
13,13,14.000957,1.4782973e-05
13,13,14.500991,1.6843595e-05
13,13,15.001025,8.6603234e-06
13,13,15.50106,4.1039476e-06
13,13,16.001094,7.5037981e-06
13,13,16.501128,5.9634602e-06
13,13,17.001162,5.337621e-06
13,13,17.501196,8.5713894e-06
13,13,18.001231,2.0599999e-06
13,13,18.501265,7.1833148e-06
13,13,19.001299,2.9223896e-06
13,13,19.501333,2.8130467e-05
13,13,20.001367,5.626458e-05
13,13,20.501401,3.1935904e-05
13,13,21.001436,9.0516255e-06
13,13,21.50147,8.8874933e-06
13,13,22.001504,1.2864856e-05
13,13,22.501538,1.3343888e-05
13,13,23.001572,3.7988547e-06
13,13,23.501607,1.4168708e-05
13,13,24.001641,1.9943444e-05
13,13,24.501675,1.0192676e-05
13,13,25.001709,3.4054579e-06
13,13,25.501743,1.0442147e-05
13,13,26.001777,2.0482675e-05
13,13,26.501812,1.3059654e-05
13,13,27.001846,7.0107782e-06
13,13,27.50188,5.5800289e-06
13,13,28.001914,1.1757963e-05
13,13,28.501948,2.6059466e-05
13,13,29.001983,2.0157351e-05
13,13,29.502017,4.8911516e-06
13,13,30.002051,4.7346598e-06
13,13,30.502085,1.2603023e-05
13,13,31.002119,1.2663805e-05
13,13,31.502153,3.541751e-06
13,13,32.002188,1.6339268e-05
13,13,32.502222,1.5600518e-05
13,13,33.002256,1.2252944e-05
13,13,33.50229,7.4308195e-06
13,13,34.002324,2.0770559e-05
13,13,34.502359,2.204313e-05
13,13,35.002393,1.0816911e-05
13,13,35.502427,5.992678e-06
13,13,36.002461,2.0937336e-05
13,13,36.502495,2.3043956e-05
13,13,37.002529,1.0314439e-05
13,13,37.502564,1.1586499e-05
13,13,38.002598,5.1189795e-05
13,13,38.502632,6.2128247e-05
13,13,39.002666,1.7692007e-05
13,13,39.5027,6.4041304e-06
13,13,40.002735,4.9533916e-06
13,13,40.502769,4.2924274e-06
13,13,41.002803,3.1598531e-08
13,13,41.502837,4.3864981e-06
13,13,42.002871,6.0691988e-06
13,13,42.502905,1.4968973e-06
13,13,43.00294,1.9279412e-06
13,13,43.502974,3.7429301e-06
13,13,44.003008,1.4173294e-06
13,13,44.503042,4.5313982e-06
13,13,45.003076,8.0112465e-06
13,13,45.503111,8.4432716e-06
13,13,46.003145,4.6212945e-06
13,13,46.503179,3.2351312e-06
13,13,47.003213,2.2738467e-06
13,13,47.503247,5.4850841e-06
13,13,48.003281,8.7103159e-06
13,13,48.503316,1.604651e-05
13,13,49.00335,1.1766666e-05
13,13,49.503384,9.3871432e-06
13,13,50.003418,1.2207192e-05
13,13,50.503452,7.9054351e-06
13,13,51.003487,2.4450604e-06
13,13,51.503521,2.629261e-06
13,13,52.003555,6.4936186e-06
13,13,52.503589,4.3807329e-06
13,13,53.003623,5.3287495e-06
13,13,53.503657,4.4660799e-06
13,13,54.003692,1.3795935e-06
13,13,54.503726,5.0498831e-06
13,13,55.00376,2.9835792e-06
13,13,55.503794,1.0038266e-05
13,13,56.003828,9.6220012e-06
13,13,56.503863,4.8518059e-06
13,13,57.003897,4.1902677e-06
13,13,57.503931,1.1778384e-05
13,13,58.003965,1.2538908e-05
13,13,58.503999,2.523739e-05
13,13,59.004033,5.4287314e-05
13,13,59.504068,7.7996826e-05
13,13,60.004102,4.7222078e-05
13,13,60.504136,5.1764885e-06
13,13,61.00417,9.8321584e-06
13,13,61.504204,3.5604462e-06
13,13,62.004239,1.228937e-06
13,13,62.504273,4.4747677e-06
13,13,63.004307,6.6432625e-06
13,13,63.504341,9.2067683e-06
13,13,64.004375,1.3704003e-05
13,13,64.504409,1.1759333e-05
13,13,65.004444,9.0752656e-06
13,13,65.504478,7.4085971e-06
13,13,66.004512,5.9489998e-06
13,13,66.504546,9.355606e-06
13,13,67.00458,5.3585863e-06
13,13,67.504615,2.0602615e-06
13,13,68.004649,1.2004888e-05
13,13,68.504683,1.4133267e-05
13,13,69.004717,1.4499682e-05
13,13,69.504751,7.2136881e-06
13,13,70.004785,7.784194e-06
13,13,70.50482,6.9373687e-06
13,13,71.004854,5.92789e-06
13,13,71.504888,1.1440476e-05
13,13,72.004922,1.4155404e-05
13,13,72.504956,9.7784968e-06
13,13,73.004991,4.1986666e-06
13,13,73.505025,3.3201037e-06
13,13,74.005059,6.4479986e-06
13,13,74.505093,2.5154383e-06
13,13,75.005127,2.1131946e-06
13,13,75.505161,5.1373459e-06
13,13,76.005196,2.7237942e-06
13,13,76.50523,3.2206923e-06
13,13,77.005264,3.3193971e-06
13,13,77.505298,1.6661083e-06
13,13,78.005332,1.5477524e-06
13,13,78.505367,3.4001086e-06
13,13,79.005401,4.2371358e-06
13,13,79.505435,1.2170387e-06
13,13,80.005469,1.4082637e-06
13,13,80.505503,2.9334926e-06
13,13,81.005537,6.5995758e-06
13,13,81.505572,9.7263703e-06
13,13,82.005606,9.2297688e-06
13,13,82.50564,8.6931472e-06
13,13,83.005674,2.1283451e-05
13,13,83.505708,1.5432672e-05
13,13,84.005743,2.3667599e-06
13,13,84.505777,8.0535903e-06
13,13,85.005811,4.9308958e-06
13,13,85.505845,5.1487906e-06
13,13,86.005879,2.7715528e-06
13,13,86.505913,2.5411803e-06
13,13,87.005948,6.0120907e-06
13,13,87.505982,9.3250482e-06
13,13,88.006016,1.9829152e-06
13,13,88.50605,2.9338668e-06
13,13,89.006084,1.0025289e-05
13,13,89.506119,1.7263064e-05
13,13,90.006153,4.5066896e-06
13,13,90.506187,4.4322909e-06
13,13,91.006221,1.4646393e-05
13,13,91.506255,5.2179564e-06
13,13,92.006289,7.2225529e-06
13,13,92.506324,1.0817113e-05
13,13,93.006358,1.1834797e-05
13,13,93.506392,1.4227219e-05
13,13,94.006426,2.7979789e-05
13,13,94.50646,3.404924e-05
13,13,95.006495,1.6824622e-05
13,13,95.506529,1.8444206e-05
13,13,96.006563,1.2116012e-05
13,13,96.506597,1.3119129e-05
13,13,97.006631,2.3923047e-05
13,13,97.506665,1.5847707e-05
13,13,98.0067,7.6855641e-06
13,13,98.506734,8.7228062e-06
13,13,99.006768,1.5184604e-05
13,13,99.506802,2.3638678e-05
13,13,100.00684,1.9801811e-05
13,13,100.50687,2.1503975e-05
13,13,101.0069,2.4769318e-05
13,13,101.50694,1.7651717e-05
13,13,102.00697,9.4531575e-06
13,13,102.50701,6.5367627e-06
13,13,103.00704,1.3293496e-05
13,13,103.50708,1.2875677e-05
13,13,104.00711,3.5141313e-06
13,13,104.50714,8.2208503e-06
13,13,105.00718,1.7659541e-05
13,13,105.50721,2.4162075e-05
13,13,106.00725,9.4490137e-06
13,13,106.50728,1.3078522e-05
13,13,107.00731,7.6477194e-05
13,13,107.50735,7.6288518e-05
13,13,108.00738,1.5429801e-05
13,13,108.50742,2.981687e-06
13,13,109.00745,7.326274e-06
13,13,109.50749,2.3099969e-05
13,13,110.00752,2.4340276e-05
13,13,110.50755,1.141599e-05
13,13,111.00759,2.3066654e-05
13,13,111.50762,1.6360294e-05
13,13,112.00766,7.7168766e-06
13,13,112.50769,4.9362528e-06
13,13,113.00773,5.345095e-05
13,13,113.50776,0.00014749472
13,13,114.00779,9.7888669e-05
13,13,114.50783,5.1394647e-06
13,13,115.00786,2.4482274e-05
13,13,115.5079,2.679604e-05
13,13,116.00793,1.8169935e-05
13,13,116.50796,4.9997119e-06
13,13,117.008,1.2362671e-05
13,13,117.50803,8.5241417e-06
13,13,118.00807,1.5593513e-05
13,13,118.5081,3.5624615e-05
13,13,119.00814,2.4123014e-05
13,13,119.50817,0.00023731442
13,13,120.0082,0.00049393856
13,13,120.50824,0.00025558016
13,13,121.00827,5.9839957e-06
13,13,121.50831,7.9188022e-06
13,13,122.00834,9.8539872e-06
13,13,122.50837,8.959156e-06
13,13,123.00841,2.2090249e-06
13,13,123.50844,1.8785635e-05
13,13,124.00848,1.1668888e-05
13,13,124.50851,7.957031e-06
13,13,125.00855,8.1712531e-06
13,13,125.50858,8.3923806e-06
13,13,126.00861,1.1340087e-05
13,13,126.50865,1.3809977e-05
13,13,127.00868,1.3494301e-05
13,13,127.50872,4.165245e-05
13,13,128.00875,3.5971159e-05
13,13,128.50878,2.3249531e-06
13,13,129.00882,1.2699776e-05
13,13,129.50885,9.2902677e-06
13,13,130.00889,1.3027511e-05
13,13,130.50892,1.0451752e-05
13,13,131.00896,1.2663385e-05
13,13,131.50899,1.6698304e-05
13,13,132.00902,1.5199561e-05
13,13,132.50906,1.8515173e-05
13,13,133.00909,8.4110374e-06
13,13,133.50913,1.059826e-05
13,13,134.00916,1.9144823e-05
13,13,134.50919,8.6351831e-06
13,13,135.00923,8.3851155e-06
13,13,135.50926,1.6463035e-05
13,13,136.0093,1.7920439e-05
13,13,136.50933,4.2925057e-06
13,13,137.00937,3.5225056e-06
13,13,137.5094,7.9320374e-06
13,13,138.00943,1.0934133e-05
13,13,138.50947,2.8876741e-05
13,13,139.0095,4.9710333e-05
13,13,139.50954,2.6472143e-05
13,13,140.00957,2.2464402e-05
13,13,140.50961,3.1851641e-05
13,13,141.00964,1.527553e-05
13,13,141.50967,1.3571904e-05
13,13,142.00971,1.7769543e-05
13,13,142.50974,7.4761421e-06
13,13,143.00978,5.6033362e-06
13,13,143.50981,9.0005685e-06
13,13,144.00984,1.4332875e-05
13,13,144.50988,7.691665e-06
13,13,145.00991,4.8469841e-06
13,13,145.50995,6.3448907e-06
13,13,146.00998,1.1032753e-05
13,13,146.51002,2.5744342e-06
13,13,147.01005,7.2111813e-06
13,13,147.51008,1.3965438e-05
13,13,148.01012,2.981076e-05
13,13,148.51015,3.766556e-05
13,13,149.01019,2.7841433e-05
13,13,149.51022,1.9380408e-05
13,13,150.01025,1.4287064e-05
13,13,150.51029,8.2093784e-07
13,13,151.01032,7.0089196e-06
13,13,151.51036,8.4374125e-06
13,13,152.01039,5.599029e-06
13,13,152.51043,2.1004339e-05
13,13,153.01046,6.4657207e-05
13,13,153.51049,6.8363115e-05
13,13,154.01053,1.7501876e-05
13,13,154.51056,5.9109815e-06
13,13,155.0106,4.9115487e-06
13,13,155.51063,1.8029541e-05
13,13,156.01066,1.69388e-05
13,13,156.5107,4.5163049e-05
13,13,157.01073,1.3695237e-05
13,13,157.51077,5.3700836e-05
13,13,158.0108,1.3761809e-05
13,13,158.51084,7.7434911e-05
13,13,159.01087,5.3237841e-05
13,13,159.5109,3.8566798e-05
13,13,160.01094,3.1642892e-05
13,13,160.51097,7.0520862e-06
13,13,161.01101,3.3520003e-05
13,13,161.51104,3.5882973e-05
13,13,162.01107,2.274672e-05
13,13,162.51111,3.1704339e-05
13,13,163.01114,3.928068e-05
13,13,163.51118,3.006397e-05
13,13,164.01121,1.7967065e-05
13,13,164.51125,1.8534468e-05
13,13,165.01128,1.9907095e-05
13,13,165.51131,5.0947668e-06
13,13,166.01135,8.2272576e-06
13,13,166.51138,5.904854e-06
13,13,167.01142,5.1168994e-06
13,13,167.51145,8.202641e-06
13,13,168.01149,2.6975249e-06
13,13,168.51152,6.6080692e-06
13,13,169.01155,7.5228558e-06
13,13,169.51159,8.5942219e-06
13,13,170.01162,2.8441034e-06
13,13,170.51166,7.4574769e-06
13,13,171.01169,8.351526e-06
13,13,171.51172,6.9756143e-06
13,13,172.01176,4.3814285e-06
13,13,172.51179,9.2947346e-07
13,13,173.01183,3.7926827e-06
13,13,173.51186,8.5962883e-06
13,13,174.0119,1.0784545e-05
13,13,174.51193,6.4717514e-06
13,13,175.01196,2.1903619e-06
13,13,175.512,2.6605057e-06
13,13,176.01203,6.9797704e-06
13,13,176.51207,1.472157e-05
13,13,177.0121,1.3637904e-05
13,13,177.51213,1.1570514e-05
13,13,178.01217,8.0981266e-06
13,13,178.5122,7.3145624e-06
13,13,179.01224,1.4147553e-05
13,13,179.51227,1.3290623e-05
13,13,180.01231,7.3870395e-06
13,13,180.51234,4.6271332e-06
13,13,181.01237,8.2446588e-06
13,13,181.51241,6.4885904e-06
13,13,182.01244,6.4452055e-06
13,13,182.51248,9.7200715e-06
13,13,183.01251,1.6405083e-06
13,13,183.51254,5.1321784e-06
13,13,184.01258,6.3204449e-06
13,13,184.51261,7.541691e-06
13,13,185.01265,8.7559031e-06
13,13,185.51268,5.0800409e-06
13,13,186.01272,7.5421288e-06
13,13,186.51275,4.4895266e-06
13,13,187.01278,6.49725e-06
13,13,187.51282,7.3910072e-06
13,13,188.01285,1.429476e-05
13,13,188.51289,1.860118e-05
13,13,189.01292,1.7629026e-05
13,13,189.51295,1.2733359e-05
13,13,190.01299,4.4145396e-06
13,13,190.51302,7.5554991e-06
13,13,191.01306,8.1481135e-06
13,13,191.51309,1.8793907e-05
13,13,192.01313,9.1784239e-07
13,13,192.51316,7.8752953e-06
13,13,193.01319,3.1560841e-06
13,13,193.51323,3.2918186e-06
13,13,194.01326,4.1725177e-06
13,13,194.5133,7.2601928e-06
13,13,195.01333,5.1769586e-06
13,13,195.51337,6.4860156e-06
13,13,196.0134,5.904885e-06
13,13,196.51343,7.7538215e-06
13,13,197.01347,1.1943588e-05
13,13,197.5135,1.0141783e-05
13,13,198.01354,1.0405851e-05
13,13,198.51357,3.6100812e-06
13,13,199.0136,4.2987132e-06
13,13,199.51364,4.0743668e-06
14,14,0,3.0969336e-06
14,14,0.50003418,1.4357722e-06
14,14,1.0000684,3.4602091e-07
14,14,1.5001025,4.9668056e-07
14,14,2.0001367,1.2138697e-06
14,14,2.5001709,1.2220072e-06
14,14,3.0002051,2.663198e-07
14,14,3.5002393,2.7956639e-06
14,14,4.0002735,3.7562185e-06
14,14,4.5003076,1.7698152e-06
14,14,5.0003418,7.8918769e-07
14,14,5.500376,2.3018112e-06
14,14,6.0004102,5.8474101e-06
14,14,6.5004444,9.0178709e-06
14,14,7.0004785,3.190844e-06
14,14,7.5005127,2.2413885e-06
14,14,8.0005469,8.3075943e-06
14,14,8.5005811,1.1000093e-05
14,14,9.0006153,1.1446479e-05
14,14,9.5006495,1.5527218e-05
14,14,10.000684,2.8828963e-05
14,14,10.500718,1.1070353e-05
14,14,11.000752,1.830999e-05
14,14,11.500786,7.7481016e-05
14,14,12.00082,0.0001331832
14,14,12.500855,0.00010204705
14,14,13.000889,4.9102953e-05
14,14,13.500923,2.5479928e-05
14,14,14.000957,1.8395565e-05
14,14,14.500991,2.5659618e-05
14,14,15.001025,1.8020553e-05
14,14,15.50106,1.4482404e-05
14,14,16.001094,2.1274693e-05
14,14,16.501128,2.1684918e-05
14,14,17.001162,2.1996957e-05
14,14,17.501196,1.3319644e-05
14,14,18.001231,2.0894553e-06
14,14,18.501265,1.0962949e-05
14,14,19.001299,9.8618083e-06
14,14,19.501333,5.019542e-05
14,14,20.001367,0.00011715588
14,14,20.501401,9.0617136e-05
14,14,21.001436,3.3960732e-05
14,14,21.50147,1.8745921e-05
14,14,22.001504,4.1224627e-05
14,14,22.501538,2.6943363e-05
14,14,23.001572,8.6567246e-06
14,14,23.501607,2.3641141e-05
14,14,24.001641,2.1168232e-05
14,14,24.501675,1.4088174e-05
14,14,25.001709,1.1489014e-06
14,14,25.501743,2.0940198e-05
14,14,26.001777,2.7667061e-05
14,14,26.501812,1.634254e-05
14,14,27.001846,1.0960233e-05
14,14,27.50188,5.0780355e-06
14,14,28.001914,1.1667036e-05
14,14,28.501948,1.1760697e-05
14,14,29.001983,5.8183115e-06
14,14,29.502017,7.0681588e-06
14,14,30.002051,1.8774094e-05
14,14,30.502085,1.100865e-05
14,14,31.002119,7.0716663e-06
14,14,31.502153,6.1254169e-06
14,14,32.002188,1.3112509e-05
14,14,32.502222,2.0444428e-05
14,14,33.002256,1.6375252e-05
14,14,33.50229,1.3805752e-05
14,14,34.002324,8.6482506e-06
14,14,34.502359,2.3011128e-05
14,14,35.002393,1.9586959e-05
14,14,35.502427,6.9521542e-06
14,14,36.002461,1.9479394e-05
14,14,36.502495,1.7478624e-05
14,14,37.002529,1.7754348e-05
14,14,37.502564,1.1259641e-05
14,14,38.002598,5.3134923e-05
14,14,38.502632,7.6875271e-05
14,14,39.002666,2.6407739e-05
14,14,39.5027,5.9890381e-06
14,14,40.002735,7.1662264e-06
14,14,40.502769,5.5950082e-06
14,14,41.002803,7.0266455e-06
14,14,41.502837,9.9861345e-06
14,14,42.002871,7.1400152e-06
14,14,42.502905,2.0896452e-06
14,14,43.00294,5.7554407e-06
14,14,43.502974,8.8498194e-06
14,14,44.003008,9.6736276e-06
14,14,44.503042,2.1057061e-05
14,14,45.003076,2.0658509e-05
14,14,45.503111,9.8168522e-06
14,14,46.003145,3.3572955e-06
14,14,46.503179,8.6463601e-06
14,14,47.003213,9.5134722e-06
14,14,47.503247,4.7696464e-06
14,14,48.003281,7.4058556e-06
14,14,48.503316,6.6990842e-06
14,14,49.00335,6.2064776e-06
14,14,49.503384,4.8255631e-06
14,14,50.003418,4.6002631e-06
14,14,50.503452,6.4474991e-06
14,14,51.003487,2.563508e-06
14,14,51.503521,7.2420075e-06
14,14,52.003555,5.9295161e-06
14,14,52.503589,7.2466216e-06
14,14,53.003623,6.3440414e-06
14,14,53.503657,2.7103718e-06
14,14,54.003692,3.2544837e-06
14,14,54.503726,6.8276667e-06
14,14,55.00376,6.4598809e-06
14,14,55.503794,7.0197646e-06
14,14,56.003828,1.4574817e-06
14,14,56.503863,1.180267e-05
14,14,57.003897,1.868599e-06
14,14,57.503931,1.2534854e-05
14,14,58.003965,5.5392316e-06
14,14,58.503999,3.5709573e-05
14,14,59.004033,4.3346224e-05
14,14,59.504068,0.00021870884
14,14,60.004102,0.00017956892
14,14,60.504136,2.8880007e-05
14,14,61.00417,1.0520712e-05
14,14,61.504204,6.3806423e-06
14,14,62.004239,6.5177839e-06
14,14,62.504273,1.523441e-05
14,14,63.004307,1.0985501e-05
14,14,63.504341,2.1147533e-05
14,14,64.004375,1.9982203e-05
14,14,64.504409,4.6867537e-06
14,14,65.004444,7.2728192e-06
14,14,65.504478,1.2333542e-05
14,14,66.004512,1.1915288e-05
14,14,66.504546,1.5018161e-05
14,14,67.00458,6.1609699e-06
14,14,67.504615,1.9724524e-05
14,14,68.004649,8.2710811e-06
14,14,68.504683,2.3281617e-05
14,14,69.004717,3.7062322e-05
14,14,69.504751,2.4512901e-05
14,14,70.004785,8.5819816e-06
14,14,70.50482,6.1787061e-06
14,14,71.004854,1.4692267e-05
14,14,71.504888,1.6903524e-05
14,14,72.004922,1.9283085e-05
14,14,72.504956,9.6558033e-06
14,14,73.004991,1.0692291e-05
14,14,73.505025,6.2468826e-06
14,14,74.005059,1.256349e-05
14,14,74.505093,6.0365422e-06
14,14,75.005127,1.7470639e-05
14,14,75.505161,1.1049775e-05
14,14,76.005196,5.8995591e-06
14,14,76.50523,1.92683e-05
14,14,77.005264,1.4815934e-05
14,14,77.505298,6.0467314e-06
14,14,78.005332,1.1928732e-05
14,14,78.505367,3.176419e-07
14,14,79.005401,7.5083038e-06
14,14,79.505435,3.0790534e-06
14,14,80.005469,8.9414373e-06
14,14,80.505503,1.0349306e-05
14,14,81.005537,1.600466e-05
14,14,81.505572,1.0388256e-05
14,14,82.005606,8.4535563e-06
14,14,82.50564,8.0852747e-06
14,14,83.005674,1.5859033e-05
14,14,83.505708,1.9995605e-05
14,14,84.005743,1.0646429e-05
14,14,84.505777,2.8766339e-06
14,14,85.005811,6.0861204e-06
14,14,85.505845,2.2507254e-06
14,14,86.005879,3.8280468e-06
14,14,86.505913,7.0624114e-06
14,14,87.005948,8.3553638e-06
14,14,87.505982,5.2114871e-06
14,14,88.006016,3.7465911e-06
14,14,88.50605,9.5094643e-06
14,14,89.006084,1.6466349e-05
14,14,89.506119,1.1596932e-05
14,14,90.006153,6.2231371e-06
14,14,90.506187,2.666125e-05
14,14,91.006221,4.5553804e-05
14,14,91.506255,1.599554e-05
14,14,92.006289,1.3105585e-05
14,14,92.506324,1.8114412e-05
14,14,93.006358,5.6841882e-06
14,14,93.506392,1.4889551e-05
14,14,94.006426,4.4725766e-05
14,14,94.50646,5.2120711e-05
14,14,95.006495,1.5584337e-05
14,14,95.506529,2.8692629e-07
14,14,96.006563,7.9540188e-06
14,14,96.506597,4.7073553e-06
14,14,97.006631,1.5652611e-05
14,14,97.506665,1.4463525e-05
14,14,98.0067,2.5231249e-06
14,14,98.506734,1.1229145e-05
14,14,99.006768,6.513704e-06
14,14,99.506802,7.8787248e-06
14,14,100.00684,2.6447411e-06
14,14,100.50687,7.4023043e-06
14,14,101.0069,1.8686716e-05
14,14,101.50694,2.3456939e-05
14,14,102.00697,2.3614807e-05
14,14,102.50701,1.8865134e-05
14,14,103.00704,1.0729314e-05
14,14,103.50708,8.2282262e-06
14,14,104.00711,5.6866844e-06
14,14,104.50714,1.3259174e-05
14,14,105.00718,9.1293292e-06
14,14,105.50721,1.1319219e-05
14,14,106.00725,7.9011639e-06
14,14,106.50728,9.4600068e-06
14,14,107.00731,2.6145225e-05
14,14,107.50735,2.8340922e-05
14,14,108.00738,1.1273161e-05
14,14,108.50742,2.9209493e-06
14,14,109.00745,7.9083229e-06
14,14,109.50749,3.9003481e-06
14,14,110.00752,8.3548815e-06
14,14,110.50755,3.0942127e-06
14,14,111.00759,8.9085533e-06
14,14,111.50762,5.440569e-06
14,14,112.00766,6.4016568e-06
14,14,112.50769,9.5298315e-06
14,14,113.00773,2.8855734e-05
14,14,113.50776,6.9639596e-05
14,14,114.00779,4.0186805e-05
14,14,114.50783,1.2308842e-05
14,14,115.00786,1.871807e-05
14,14,115.5079,1.9994045e-05
14,14,116.00793,2.1219983e-05
14,14,116.50796,2.6591936e-05
14,14,117.008,2.4966886e-05
14,14,117.50803,1.3611925e-05
14,14,118.00807,1.2650601e-05
14,14,118.5081,2.885497e-05
14,14,119.00814,3.5605928e-05
14,14,119.50817,0.00070946343
14,14,120.0082,0.0014303391
14,14,120.50824,0.00072216679
14,14,121.00827,1.7566045e-05
14,14,121.50831,2.2053223e-05
14,14,122.00834,3.7014728e-05
14,14,122.50837,2.4912421e-05
14,14,123.00841,2.3944694e-05
14,14,123.50844,3.6939726e-05
14,14,124.00848,1.2477235e-05
14,14,124.50851,1.28466e-05
14,14,125.00855,1.7808281e-05
14,14,125.50858,1.3549212e-05
14,14,126.00861,1.1285796e-05
14,14,126.50865,2.6025623e-05
14,14,127.00868,1.7505593e-05
14,14,127.50872,6.1872879e-05
14,14,128.00875,5.6976222e-05
14,14,128.50878,4.631955e-06
14,14,129.00882,2.3606667e-05
14,14,129.50885,3.1275982e-05
14,14,130.00889,1.7590675e-05
14,14,130.50892,7.587196e-06
14,14,131.00896,1.4708238e-05
14,14,131.50899,1.5328823e-05
14,14,132.00902,9.0130596e-06
14,14,132.50906,4.0975323e-05
14,14,133.00909,4.4400925e-05
14,14,133.50913,2.2574727e-05
14,14,134.00916,1.8831688e-05
14,14,134.50919,2.0263204e-05
14,14,135.00923,7.9017899e-06
14,14,135.50926,1.6977422e-05
14,14,136.0093,2.9774832e-05
14,14,136.50933,2.1057812e-05
14,14,137.00937,1.0107205e-05
14,14,137.5094,9.2898886e-06
14,14,138.00943,3.1136384e-06
14,14,138.50947,8.4559092e-06
14,14,139.0095,2.2521644e-05
14,14,139.50954,1.3978046e-05
14,14,140.00957,1.3146117e-05
14,14,140.50961,1.9134382e-05
14,14,141.00964,1.5022456e-05
14,14,141.50967,7.3747122e-06
14,14,142.00971,7.8141415e-06
14,14,142.50974,6.4617516e-06
14,14,143.00978,1.2093933e-05
14,14,143.50981,1.0452243e-05
14,14,144.00984,1.6722987e-05
14,14,144.50988,1.0133229e-05
14,14,145.00991,1.7668293e-05
14,14,145.50995,2.6120348e-05
14,14,146.00998,1.1636779e-05
14,14,146.51002,1.411617e-05
14,14,147.01005,8.0647085e-06
14,14,147.51008,2.0157605e-05
14,14,148.01012,4.5986439e-05
14,14,148.51015,8.4488788e-05
14,14,149.01019,4.3053314e-05
14,14,149.51022,1.8035261e-05
14,14,150.01025,1.0802243e-05
14,14,150.51029,8.2247588e-06
14,14,151.01032,8.0074e-06
14,14,151.51036,1.9033216e-05
14,14,152.01039,1.3765884e-05
14,14,152.51043,2.3500387e-05
14,14,153.01046,0.00013113281
14,14,153.51049,0.00015132238
14,14,154.01053,3.8418115e-05
14,14,154.51056,7.9632373e-06
14,14,155.0106,1.3247639e-05
14,14,155.51063,5.6968497e-06
14,14,156.01066,1.0222409e-05
14,14,156.5107,7.4421411e-06
14,14,157.01073,4.9681342e-06
14,14,157.51077,6.3837866e-06
14,14,158.0108,3.3128704e-05
14,14,158.51084,3.659996e-05
14,14,159.01087,1.0537799e-05
14,14,159.5109,1.5575928e-05
14,14,160.01094,1.3495098e-05
14,14,160.51097,1.1554678e-05
14,14,161.01101,3.0245979e-05
14,14,161.51104,2.7112486e-05
14,14,162.01107,1.4156678e-05
14,14,162.51111,1.7304009e-05
14,14,163.01114,1.0741803e-05
14,14,163.51118,7.4723982e-06
14,14,164.01121,6.2619328e-06
14,14,164.51125,1.6411259e-06
14,14,165.01128,7.9150045e-06
14,14,165.51131,5.340999e-06
14,14,166.01135,5.9268603e-06
14,14,166.51138,6.9386555e-06
14,14,167.01142,9.6383124e-06
14,14,167.51145,1.2001548e-05
14,14,168.01149,1.652126e-06
14,14,168.51152,1.4725553e-05
14,14,169.01155,1.0473729e-05
14,14,169.51159,3.4485294e-06
14,14,170.01162,1.6822575e-06
14,14,170.51166,1.1430359e-05
14,14,171.01169,1.6538103e-05
14,14,171.51172,7.3885632e-06
14,14,172.01176,1.0880896e-05
14,14,172.51179,1.7632785e-05
14,14,173.01183,1.6195861e-05
14,14,173.51186,7.7832218e-06
14,14,174.0119,6.9057136e-06
14,14,174.51193,1.2748133e-05
14,14,175.01196,1.7776289e-05
14,14,175.512,1.2396152e-05
14,14,176.01203,8.7689535e-06
14,14,176.51207,1.1111878e-05
14,14,177.0121,1.3665691e-05
14,14,177.51213,1.3901061e-05
14,14,178.01217,9.8049907e-06
14,14,178.5122,1.0136518e-05
14,14,179.01224,1.8823125e-05
14,14,179.51227,3.3783729e-05
14,14,180.01231,1.4248058e-05
14,14,180.51234,7.5913643e-06
14,14,181.01237,1.0178453e-05
14,14,181.51241,8.7319452e-06
14,14,182.01244,5.4080495e-06
14,14,182.51248,5.9388561e-06
14,14,183.01251,4.7964805e-06
14,14,183.51254,2.6844635e-06
14,14,184.01258,4.9961998e-06
14,14,184.51261,1.2340116e-05
14,14,185.01265,1.205131e-05
14,14,185.51268,8.0731879e-06
14,14,186.01272,9.03899e-06
14,14,186.51275,1.5643062e-05
14,14,187.01278,7.9774176e-06
14,14,187.51282,5.9723719e-06
14,14,188.01285,1.4537696e-05
14,14,188.51289,1.9092056e-05
14,14,189.01292,8.4556093e-06
14,14,189.51295,2.7428419e-06
14,14,190.01299,1.7376151e-05
14,14,190.51302,2.7661037e-05
14,14,191.01306,1.652557e-05
14,14,191.51309,1.5102169e-05
14,14,192.01313,1.3247661e-05
14,14,192.51316,1.4168234e-05
14,14,193.01319,6.259522e-06
14,14,193.51323,3.5703226e-06
14,14,194.01326,9.6713797e-07
14,14,194.5133,2.6702638e-06
14,14,195.01333,7.8917616e-06
14,14,195.51337,7.9849674e-06
14,14,196.0134,9.6840959e-06
14,14,196.51343,1.3576451e-05
14,14,197.01347,1.3126509e-05
14,14,197.5135,3.4049658e-06
14,14,198.01354,1.0124977e-05
14,14,198.51357,7.4523251e-06
14,14,199.0136,6.8715566e-06
14,14,199.51364,5.553314e-06
15,15,0,4.0709347e-06
15,15,0.50003418,1.8809357e-06
15,15,1.0000684,4.6168333e-07
15,15,1.5001025,5.0619282e-07
15,15,2.0001367,1.561642e-06
15,15,2.5001709,1.9245255e-06
15,15,3.0002051,2.496794e-06
15,15,3.5002393,7.4562778e-06
15,15,4.0002735,8.8267462e-06
15,15,4.5003076,4.5462994e-06
15,15,5.0003418,4.4088914e-06
15,15,5.500376,5.2432279e-06
15,15,6.0004102,6.5699002e-06
15,15,6.5004444,1.0453218e-05
15,15,7.0004785,1.8456121e-06
15,15,7.5005127,6.7454938e-06
15,15,8.0005469,1.199708e-05
15,15,8.5005811,9.3532815e-06
15,15,9.0006153,1.064556e-05
15,15,9.5006495,1.9501062e-05
15,15,10.000684,3.7588691e-05
15,15,10.500718,2.039934e-05
15,15,11.000752,1.9651095e-05
15,15,11.500786,8.7398061e-05
15,15,12.00082,0.00015075762
15,15,12.500855,0.00012535458
15,15,13.000889,4.9231194e-05
15,15,13.500923,2.1334883e-05
15,15,14.000957,2.2359352e-05
15,15,14.500991,2.6415688e-05
15,15,15.001025,1.8182317e-05
15,15,15.50106,1.0734263e-05
15,15,16.001094,1.4152752e-05
15,15,16.501128,1.7447194e-05
15,15,17.001162,1.0047891e-05
15,15,17.501196,9.9779025e-06
15,15,18.001231,1.2200271e-05
15,15,18.501265,2.3668752e-05
15,15,19.001299,2.4223027e-05
15,15,19.501333,4.0647396e-05
15,15,20.001367,5.4342112e-05
15,15,20.501401,1.9662657e-05
15,15,21.001436,2.6973763e-05
15,15,21.50147,1.4225126e-05
15,15,22.001504,2.5710902e-05
15,15,22.501538,1.5444155e-05
15,15,23.001572,5.9882101e-06
15,15,23.501607,1.6979455e-05
15,15,24.001641,3.8077797e-05
15,15,24.501675,3.0881757e-05
15,15,25.001709,1.3096896e-05
15,15,25.501743,2.3950478e-05
15,15,26.001777,5.5441112e-05
15,15,26.501812,3.8000218e-05
15,15,27.001846,2.0034044e-06
15,15,27.50188,1.1916974e-05
15,15,28.001914,2.2698982e-05
15,15,28.501948,4.0293949e-05
15,15,29.001983,5.5449839e-05
15,15,29.502017,2.7020239e-05
15,15,30.002051,1.8643785e-05
15,15,30.502085,3.0536227e-05
15,15,31.002119,4.001274e-05
15,15,31.502153,2.110734e-05
15,15,32.002188,4.4376331e-05
15,15,32.502222,4.7318211e-05
15,15,33.002256,4.0246583e-05
15,15,33.50229,1.5596159e-05
15,15,34.002324,4.2387922e-05
15,15,34.502359,5.5920627e-05
15,15,35.002393,4.8357167e-05
15,15,35.502427,3.949053e-05
15,15,36.002461,2.5902273e-05
15,15,36.502495,3.9625969e-05
15,15,37.002529,4.9816926e-05
15,15,37.502564,2.9094135e-06
15,15,38.002598,0.00013497902
15,15,38.502632,0.00015464507
15,15,39.002666,3.3896865e-05
15,15,39.5027,1.6628611e-05
15,15,40.002735,1.1572796e-05
15,15,40.502769,7.1167165e-06
15,15,41.002803,2.0122025e-05
15,15,41.502837,2.3421003e-05
15,15,42.002871,3.1181474e-05
15,15,42.502905,1.9741321e-05
15,15,43.00294,1.7373176e-05
15,15,43.502974,2.2376149e-05
15,15,44.003008,2.3864845e-05
15,15,44.503042,2.7565497e-05
15,15,45.003076,3.262574e-05
15,15,45.503111,1.5816171e-05
15,15,46.003145,1.2897396e-05
15,15,46.503179,2.7656978e-05
15,15,47.003213,2.923559e-05
15,15,47.503247,3.6898668e-05
15,15,48.003281,5.7166624e-05
15,15,48.503316,4.9771287e-05
15,15,49.00335,2.7961885e-05
15,15,49.503384,1.7337406e-05
15,15,50.003418,4.1892549e-05
15,15,50.503452,5.4756922e-05
15,15,51.003487,3.5743074e-05
15,15,51.503521,4.7117424e-05
15,15,52.003555,3.3182671e-05
15,15,52.503589,4.5258522e-05
15,15,53.003623,4.1168319e-05
15,15,53.503657,2.8224254e-05
15,15,54.003692,1.9130382e-05
15,15,54.503726,2.2009123e-05
15,15,55.00376,1.2643027e-05
15,15,55.503794,1.9490961e-05
15,15,56.003828,1.0040645e-05
15,15,56.503863,2.3650781e-05
15,15,57.003897,3.6643508e-05
15,15,57.503931,2.7660107e-05
15,15,58.003965,1.213336e-05
15,15,58.503999,8.5693885e-05
15,15,59.004033,0.00010439817
15,15,59.504068,4.1548267e-05
15,15,60.004102,7.6339152e-05
15,15,60.504136,1.3708732e-05
15,15,61.00417,4.5642187e-06
15,15,61.504204,3.996661e-06
15,15,62.004239,8.1891822e-06
15,15,62.504273,5.9432423e-06
15,15,63.004307,1.333708e-05
15,15,63.504341,7.9733173e-06
15,15,64.004375,9.659072e-06
15,15,64.504409,7.1496331e-06
15,15,65.004444,9.1826057e-06
15,15,65.504478,2.5031648e-06
15,15,66.004512,3.3656101e-06
15,15,66.504546,1.1113963e-05
15,15,67.00458,1.7926011e-05
15,15,67.504615,1.2247352e-05
15,15,68.004649,2.204626e-05
15,15,68.504683,2.9672218e-05
15,15,69.004717,4.3539436e-05
15,15,69.504751,3.78964e-05
15,15,70.004785,3.392907e-05
15,15,70.50482,1.8564061e-05
15,15,71.004854,2.7373786e-05
15,15,71.504888,5.2309878e-05
15,15,72.004922,2.8012144e-05
15,15,72.504956,1.2855661e-05
15,15,73.004991,2.8444908e-05
15,15,73.505025,2.2970583e-05
15,15,74.005059,1.2866174e-05
15,15,74.505093,9.1455702e-06
15,15,75.005127,1.4853125e-05
15,15,75.505161,1.1863368e-05
15,15,76.005196,7.3400246e-06
15,15,76.50523,6.7632094e-06
15,15,77.005264,1.5560567e-05
15,15,77.505298,1.0142585e-05
15,15,78.005332,9.8748651e-06
15,15,78.505367,1.1529787e-05
15,15,79.005401,7.3974174e-06
15,15,79.505435,1.2976199e-05
15,15,80.005469,1.8030929e-05
15,15,80.505503,1.2955446e-05
15,15,81.005537,2.1054892e-05
15,15,81.505572,4.0362137e-05
15,15,82.005606,3.0004976e-05
15,15,82.50564,1.164982e-05
15,15,83.005674,3.0206049e-05
15,15,83.505708,2.2583624e-05
15,15,84.005743,1.087384e-05
15,15,84.505777,8.4543499e-06
15,15,85.005811,9.3586349e-06
15,15,85.505845,6.374009e-06
15,15,86.005879,2.653991e-06
15,15,86.505913,6.4073498e-06
15,15,87.005948,5.562736e-06
15,15,87.505982,6.3612203e-06
15,15,88.006016,1.0772967e-05
15,15,88.50605,4.163714e-06
15,15,89.006084,1.4439615e-05
15,15,89.506119,1.7666639e-05
15,15,90.006153,6.1214303e-06
15,15,90.506187,2.023786e-05
15,15,91.006221,3.1710589e-05
15,15,91.506255,1.2623358e-05
15,15,92.006289,4.1614569e-06
15,15,92.506324,8.441995e-06
15,15,93.006358,8.449254e-06
15,15,93.506392,3.8107709e-06
15,15,94.006426,1.9974083e-05
15,15,94.50646,3.2877489e-05
15,15,95.006495,1.6047503e-05
15,15,95.506529,3.2480274e-06
15,15,96.006563,4.2874147e-06
15,15,96.506597,1.389263e-05
15,15,97.006631,2.8698377e-05
15,15,97.506665,2.1625639e-05
15,15,98.0067,5.5833453e-06
15,15,98.506734,4.4213759e-06
15,15,99.006768,1.301654e-05
15,15,99.506802,8.9135605e-06
15,15,100.00684,6.3677728e-06
15,15,100.50687,4.7514125e-06
15,15,101.0069,1.2182079e-05
15,15,101.50694,1.675449e-05
15,15,102.00697,5.9874573e-05
15,15,102.50701,4.7016899e-05
15,15,103.00704,1.5008456e-05
15,15,103.50708,2.6201156e-05
15,15,104.00711,1.1679198e-05
15,15,104.50714,1.0271782e-05
15,15,105.00718,1.6897657e-05
15,15,105.50721,2.6906853e-05
15,15,106.00725,1.7234774e-05
15,15,106.50728,2.969518e-05
15,15,107.00731,6.1045277e-05
15,15,107.50735,6.9843547e-05
15,15,108.00738,4.5278051e-05
15,15,108.50742,2.8392135e-05
15,15,109.00745,2.2039607e-05
15,15,109.50749,3.3914357e-05
15,15,110.00752,4.2162539e-05
15,15,110.50755,2.5544125e-05
15,15,111.00759,2.3255039e-05
15,15,111.50762,1.6435935e-05
15,15,112.00766,1.457073e-05
15,15,112.50769,3.6060031e-06
15,15,113.00773,2.3269955e-05
15,15,113.50776,6.3324594e-05
15,15,114.00779,4.420611e-05
15,15,114.50783,1.6976726e-05
15,15,115.00786,1.5539236e-05
15,15,115.5079,1.8534965e-05
15,15,116.00793,1.7182325e-05
15,15,116.50796,1.8227987e-05
15,15,117.008,1.7615816e-05
15,15,117.50803,1.6557387e-05
15,15,118.00807,1.214761e-05
15,15,118.5081,1.2987295e-05
15,15,119.00814,3.772226e-05
15,15,119.50817,9.5806119e-05
15,15,120.0082,0.0001388379
15,15,120.50824,6.8173234e-05
15,15,121.00827,1.3414358e-05
15,15,121.50831,2.287933e-05
15,15,122.00834,1.8878578e-05
15,15,122.50837,1.0998063e-05
15,15,123.00841,1.2267651e-05
15,15,123.50844,1.7002814e-05
15,15,124.00848,1.7931545e-05
15,15,124.50851,1.08769e-05
15,15,125.00855,1.1326433e-06
15,15,125.50858,6.8135477e-06
15,15,126.00861,5.7970692e-06
15,15,126.50865,3.6231688e-06
15,15,127.00868,1.4198838e-05
15,15,127.50872,4.0099711e-05
15,15,128.00875,2.4359564e-05
15,15,128.50878,6.4731184e-06
15,15,129.00882,2.0110687e-05
15,15,129.50885,2.2421722e-05
15,15,130.00889,1.0270721e-05
15,15,130.50892,4.0792869e-06
15,15,131.00896,7.4357427e-06
15,15,131.50899,1.5001033e-05
15,15,132.00902,6.5158414e-06
15,15,132.50906,2.1161474e-05
15,15,133.00909,2.5123792e-05
15,15,133.50913,1.8293547e-05
15,15,134.00916,1.8221513e-05
15,15,134.50919,1.5991992e-05
15,15,135.00923,1.4298228e-05
15,15,135.50926,1.6909661e-05
15,15,136.0093,2.2898528e-05
15,15,136.50933,1.9802805e-05
15,15,137.00937,9.7763789e-06
15,15,137.5094,2.4435693e-05
15,15,138.00943,1.9537025e-05
15,15,138.50947,2.3182378e-05
15,15,139.0095,2.2689191e-05
15,15,139.50954,2.5900672e-05
15,15,140.00957,1.3312193e-05
15,15,140.50961,7.7715809e-06
15,15,141.00964,2.3000598e-05
15,15,141.50967,2.6142985e-05
15,15,142.00971,1.6424537e-05
15,15,142.50974,4.4868327e-06
15,15,143.00978,1.9779891e-05
15,15,143.50981,2.8693916e-05
15,15,144.00984,2.4151368e-05
15,15,144.50988,1.1320127e-05
15,15,145.00991,1.5911231e-05
15,15,145.50995,2.3148106e-05
15,15,146.00998,2.5434262e-05
15,15,146.51002,1.7394605e-05
15,15,147.01005,1.3136141e-05
15,15,147.51008,2.0296782e-05
15,15,148.01012,2.314056e-05
15,15,148.51015,1.395709e-05
15,15,149.01019,1.4549744e-06
15,15,149.51022,1.0358026e-05
15,15,150.01025,1.5273012e-05
15,15,150.51029,8.0645262e-06
15,15,151.01032,7.4291265e-06
15,15,151.51036,1.0284151e-05
15,15,152.01039,9.6462171e-06
15,15,152.51043,9.0253471e-06
15,15,153.01046,2.9006778e-05
15,15,153.51049,1.4421108e-05
15,15,154.01053,1.0695659e-05
15,15,154.51056,8.7136529e-06
15,15,155.0106,2.2021847e-05
15,15,155.51063,9.3205131e-06
15,15,156.01066,2.4020002e-06
15,15,156.5107,1.0668122e-05
15,15,157.01073,1.7249293e-05
15,15,157.51077,2.0906536e-06
15,15,158.0108,4.3856766e-06
15,15,158.51084,2.2697253e-05
15,15,159.01087,2.9186225e-05
15,15,159.5109,1.9810534e-05
15,15,160.01094,8.40297e-06
15,15,160.51097,4.301448e-06
15,15,161.01101,1.9803513e-05
15,15,161.51104,1.7564722e-05
15,15,162.01107,8.8152382e-06
15,15,162.51111,1.9019773e-05
15,15,163.01114,2.561966e-05
15,15,163.51118,1.5737191e-05
15,15,164.01121,8.9479611e-06
15,15,164.51125,1.0122653e-05
15,15,165.01128,9.1346071e-06
15,15,165.51131,5.4774596e-06
15,15,166.01135,1.2096265e-05
15,15,166.51138,1.2878204e-06
15,15,167.01142,1.1286618e-05
15,15,167.51145,4.0533579e-06
15,15,168.01149,8.945246e-06
15,15,168.51152,1.2807592e-06
15,15,169.01155,8.6157572e-06
15,15,169.51159,5.6869033e-06
15,15,170.01162,4.8594273e-06
15,15,170.51166,6.6284578e-06
15,15,171.01169,8.9694731e-06
15,15,171.51172,6.4713441e-06
15,15,172.01176,6.5683079e-06
15,15,172.51179,8.1896702e-06
15,15,173.01183,1.0456338e-05
15,15,173.51186,6.8949113e-06
15,15,174.0119,7.2146884e-06
15,15,174.51193,1.5914222e-05
15,15,175.01196,1.444837e-05
15,15,175.512,2.7423432e-06
15,15,176.01203,4.9693077e-06
15,15,176.51207,9.2875857e-07
15,15,177.0121,2.6827581e-06
15,15,177.51213,7.9190892e-06
15,15,178.01217,6.9155251e-06
15,15,178.5122,1.6672885e-05
15,15,179.01224,2.2309562e-05
15,15,179.51227,6.7304554e-06
15,15,180.01231,4.427759e-06
15,15,180.51234,6.6798414e-06
15,15,181.01237,3.7736329e-06
15,15,181.51241,4.1076425e-06
15,15,182.01244,1.0439764e-05
15,15,182.51248,8.4639214e-06
15,15,183.01251,3.7949178e-06
15,15,183.51254,4.7894861e-06
15,15,184.01258,8.9172217e-06
15,15,184.51261,7.7434964e-06
15,15,185.01265,6.1245213e-06
15,15,185.51268,5.4430883e-06
15,15,186.01272,8.3643677e-06
15,15,186.51275,8.5937345e-06
15,15,187.01278,3.607097e-06
15,15,187.51282,2.2798039e-06
15,15,188.01285,1.15435e-05
15,15,188.51289,1.8678227e-05
15,15,189.01292,1.3694432e-05
15,15,189.51295,5.125552e-06
15,15,190.01299,8.4042352e-06
15,15,190.51302,1.3919958e-05
15,15,191.01306,6.3061576e-06
15,15,191.51309,1.5188253e-05
15,15,192.01313,1.0941137e-05
15,15,192.51316,6.550216e-06
15,15,193.01319,7.8195095e-06
15,15,193.51323,3.6887003e-06
15,15,194.01326,8.7580381e-06
15,15,194.5133,8.7588359e-06
15,15,195.01333,1.7596273e-06
15,15,195.51337,1.1390032e-05
15,15,196.0134,1.277183e-05
15,15,196.51343,2.0590028e-05
15,15,197.01347,1.6570385e-05
15,15,197.5135,1.0058169e-05
15,15,198.01354,8.1565323e-06
15,15,198.51357,1.0567331e-05
15,15,199.0136,9.0657662e-06
15,15,199.51364,1.0686824e-05
16,16,0,6.1283974e-07
16,16,0.50003418,7.3438092e-07
16,16,1.0000684,4.6662181e-07
16,16,1.5001025,3.1149989e-06
16,16,2.0001367,6.820271e-06
16,16,2.5001709,3.2628489e-06
16,16,3.0002051,2.0934312e-06
16,16,3.5002393,5.3747738e-06
16,16,4.0002735,6.9261959e-06
16,16,4.5003076,3.6982949e-06
16,16,5.0003418,1.6348457e-06
16,16,5.500376,4.947349e-06
16,16,6.0004102,7.0099784e-06
16,16,6.5004444,7.943174e-06
16,16,7.0004785,2.2209413e-06
16,16,7.5005127,5.3841876e-06
16,16,8.0005469,9.1920185e-06
16,16,8.5005811,3.7204787e-06
16,16,9.0006153,4.7935098e-06
16,16,9.5006495,1.1511757e-05
16,16,10.000684,2.1207843e-05
16,16,10.500718,1.4433154e-05
16,16,11.000752,7.2749912e-06
16,16,11.500786,1.160049e-05
16,16,12.00082,2.2594855e-05
16,16,12.500855,9.7298235e-06
16,16,13.000889,1.5785536e-05
16,16,13.500923,1.2835473e-05
16,16,14.000957,3.9249247e-05
16,16,14.500991,2.6872042e-05
16,16,15.001025,4.1278344e-06
16,16,15.50106,5.9710101e-06
16,16,16.001094,2.2763719e-05
16,16,16.501128,1.7131294e-05
16,16,17.001162,5.2884277e-06
16,16,17.501196,1.283119e-05
16,16,18.001231,3.4471395e-05
16,16,18.501265,2.9375906e-05
16,16,19.001299,1.9966726e-05
16,16,19.501333,5.6922115e-05
16,16,20.001367,0.00011961077
16,16,20.501401,5.4436751e-05
16,16,21.001436,9.8403765e-06
16,16,21.50147,3.1859819e-05
16,16,22.001504,5.51203e-05
16,16,22.501538,3.3236735e-05
16,16,23.001572,3.1000897e-05
16,16,23.501607,3.3723202e-05
16,16,24.001641,7.8263353e-05
16,16,24.501675,4.858965e-05
16,16,25.001709,9.6222607e-06
16,16,25.501743,4.9886345e-05
16,16,26.001777,8.9643149e-05
16,16,26.501812,3.779779e-05
16,16,27.001846,2.7215109e-05
16,16,27.50188,2.5848506e-05
16,16,28.001914,7.1076628e-05
16,16,28.501948,4.5887239e-05
16,16,29.001983,8.1502653e-05
16,16,29.502017,1.2356681e-05
16,16,30.002051,9.1897819e-05
16,16,30.502085,7.0496315e-05
16,16,31.002119,7.1035873e-05
16,16,31.502153,5.6547545e-05
16,16,32.002188,0.00010565818
16,16,32.502222,7.3581158e-05
16,16,33.002256,7.1779882e-05
16,16,33.50229,6.1015516e-05
16,16,34.002324,9.172847e-05
16,16,34.502359,7.1904101e-05
16,16,35.002393,7.2691436e-05
16,16,35.502427,5.9535322e-05
16,16,36.002461,7.3317329e-05
16,16,36.502495,6.3260989e-05
16,16,37.002529,7.0709097e-05
16,16,37.502564,2.2772311e-05
16,16,38.002598,0.00023972752
16,16,38.502632,0.0002941844
16,16,39.002666,7.0078331e-05
16,16,39.5027,2.8515499e-05
16,16,40.002735,2.3394161e-05
16,16,40.502769,1.6932171e-05
16,16,41.002803,1.7806547e-05
16,16,41.502837,2.1742816e-05
16,16,42.002871,3.333681e-05
16,16,42.502905,2.5464853e-05
16,16,43.00294,1.3740429e-05
16,16,43.502974,9.8961369e-06
16,16,44.003008,3.1967658e-05
16,16,44.503042,6.1303754e-05
16,16,45.003076,6.1388606e-05
16,16,45.503111,3.9144454e-05
16,16,46.003145,3.1922303e-05
16,16,46.503179,3.2110873e-05
16,16,47.003213,3.9941515e-05
16,16,47.503247,4.1445864e-05
16,16,48.003281,5.8620152e-05
16,16,48.503316,5.6076001e-05
16,16,49.00335,3.4732237e-05
16,16,49.503384,2.8283589e-05
16,16,50.003418,4.3747273e-05
16,16,50.503452,3.1291016e-05
16,16,51.003487,2.8634598e-05
16,16,51.503521,3.3140143e-05
16,16,52.003555,2.1217229e-05
16,16,52.503589,1.3651351e-05
16,16,53.003623,1.9442152e-05
16,16,53.503657,2.5349472e-05
16,16,54.003692,2.4953355e-05
16,16,54.503726,2.2954573e-05
16,16,55.00376,2.1945418e-05
16,16,55.503794,2.8929085e-05
16,16,56.003828,2.2217724e-05
16,16,56.503863,6.9866508e-06
16,16,57.003897,1.6109103e-05
16,16,57.503931,2.1042877e-06
16,16,58.003965,1.2640814e-05
16,16,58.503999,2.2865034e-05
16,16,59.004033,5.7999053e-05
16,16,59.504068,9.8151701e-05
16,16,60.004102,7.5007754e-05
16,16,60.504136,5.9094175e-06
16,16,61.00417,2.9591469e-05
16,16,61.504204,1.6613029e-05
16,16,62.004239,1.1438845e-05
16,16,62.504273,2.145084e-06
16,16,63.004307,8.8389984e-06
16,16,63.504341,1.5016764e-05
16,16,64.004375,1.1375299e-05
16,16,64.504409,1.7576347e-05
16,16,65.004444,1.6019884e-05
16,16,65.504478,1.1036739e-05
16,16,66.004512,1.4408862e-05
16,16,66.504546,1.252807e-05
16,16,67.00458,1.1652184e-05
16,16,67.504615,2.349691e-05
16,16,68.004649,2.178437e-05
16,16,68.504683,2.4709858e-06
16,16,69.004717,1.7289485e-05
16,16,69.504751,3.822015e-05
16,16,70.004785,1.2628312e-05
16,16,70.50482,1.3485041e-05
16,16,71.004854,2.5292493e-05
16,16,71.504888,8.5593355e-06
16,16,72.004922,1.8093416e-05
16,16,72.504956,2.8168829e-06
16,16,73.004991,9.7753942e-06
16,16,73.505025,3.0887516e-05
16,16,74.005059,2.0139156e-05
16,16,74.505093,2.5563841e-05
16,16,75.005127,2.7066395e-05
16,16,75.505161,6.1941523e-06
16,16,76.005196,6.5049886e-06
16,16,76.50523,2.1774485e-05
16,16,77.005264,2.0183676e-05
16,16,77.505298,2.0198327e-06
16,16,78.005332,8.4775564e-06
16,16,78.505367,1.2366205e-05
16,16,79.005401,6.4966301e-06
16,16,79.505435,1.4467895e-05
16,16,80.005469,9.6030679e-06
16,16,80.505503,1.9259242e-05
16,16,81.005537,1.9180857e-05
16,16,81.505572,3.6114231e-05
16,16,82.005606,2.0187061e-05
16,16,82.50564,2.6559077e-05
16,16,83.005674,2.6227893e-05
16,16,83.505708,1.7508659e-05
16,16,84.005743,1.3538936e-05
16,16,84.505777,2.0862166e-05
16,16,85.005811,3.563248e-05
16,16,85.505845,2.9564645e-05
16,16,86.005879,2.1146367e-05
16,16,86.505913,2.9949029e-06
16,16,87.005948,1.8422901e-05
16,16,87.505982,2.1973788e-05
16,16,88.006016,1.1249137e-05
16,16,88.50605,1.0565995e-05
16,16,89.006084,1.4612387e-05
16,16,89.506119,1.8135626e-05
16,16,90.006153,1.0284231e-05
16,16,90.506187,3.0591157e-05
16,16,91.006221,3.0475644e-05
16,16,91.506255,6.3698232e-06
16,16,92.006289,6.3301541e-06
16,16,92.506324,1.5641046e-05
16,16,93.006358,7.0939487e-06
16,16,93.506392,6.5359463e-06
16,16,94.006426,8.6153927e-06
16,16,94.50646,1.2854338e-05
16,16,95.006495,3.151828e-05
16,16,95.506529,1.7086801e-05
16,16,96.006563,1.0958628e-05
16,16,96.506597,3.4633141e-05
16,16,97.006631,6.0663489e-06
16,16,97.506665,2.0535289e-05
16,16,98.0067,1.2757405e-05
16,16,98.506734,2.5809797e-05
16,16,99.006768,1.2927462e-05
16,16,99.506802,1.8126471e-05
16,16,100.00684,1.1563003e-05
16,16,100.50687,1.5516695e-05
16,16,101.0069,2.4861285e-05
16,16,101.50694,1.2549431e-05
16,16,102.00697,2.0190752e-05
16,16,102.50701,2.2080634e-05
16,16,103.00704,1.6197462e-05
16,16,103.50708,1.1055109e-05
16,16,104.00711,1.4346833e-05
16,16,104.50714,1.7901737e-05
16,16,105.00718,1.0987351e-05
16,16,105.50721,1.0572457e-05
16,16,106.00725,1.8667538e-05
16,16,106.50728,2.5450854e-05
16,16,107.00731,2.7358047e-05
16,16,107.50735,2.0792933e-05
16,16,108.00738,2.8072347e-05
16,16,108.50742,2.9678305e-05
16,16,109.00745,2.2680876e-05
16,16,109.50749,2.2523354e-05
16,16,110.00752,2.3795576e-05
16,16,110.50755,2.2537235e-05
16,16,111.00759,2.5679864e-05
16,16,111.50762,1.1841962e-05
16,16,112.00766,2.8409945e-06
16,16,112.50769,9.6117165e-06
16,16,113.00773,8.8190608e-06
16,16,113.50776,4.4476618e-06
16,16,114.00779,7.2765831e-06
16,16,114.50783,7.6721534e-06
16,16,115.00786,4.6372116e-06
16,16,115.5079,9.3646359e-06
16,16,116.00793,1.5423495e-05
16,16,116.50796,2.410146e-05
16,16,117.008,9.913329e-06
16,16,117.50803,2.4073626e-05
16,16,118.00807,3.1438804e-05
16,16,118.5081,5.1823827e-05
16,16,119.00814,4.0602641e-05
16,16,119.50817,3.7252327e-05
16,16,120.0082,6.8282047e-05
16,16,120.50824,2.4124184e-05
16,16,121.00827,3.1415609e-05
16,16,121.50831,1.7775016e-05
16,16,122.00834,2.2984984e-05
16,16,122.50837,2.9306165e-05
16,16,123.00841,1.5606057e-05
16,16,123.50844,1.1231328e-05
16,16,124.00848,1.8729908e-05
16,16,124.50851,2.3850943e-05
16,16,125.00855,4.1565971e-06
16,16,125.50858,2.1287943e-05
16,16,126.00861,1.3510793e-05
16,16,126.50865,7.6578966e-06
16,16,127.00868,1.5113081e-05
16,16,127.50872,4.6472245e-05
16,16,128.00875,4.83896e-05
16,16,128.50878,2.4596967e-05
16,16,129.00882,2.071697e-05
16,16,129.50885,2.1402873e-05
16,16,130.00889,1.3632142e-05
16,16,130.50892,2.5692537e-05
16,16,131.00896,2.3964522e-05
16,16,131.50899,4.2259677e-06
16,16,132.00902,9.3617615e-06
16,16,132.50906,4.3089086e-05
16,16,133.00909,3.712072e-05
16,16,133.50913,7.9765568e-06
16,16,134.00916,1.0616348e-05
16,16,134.50919,1.9241596e-05
16,16,135.00923,7.6511348e-06
16,16,135.50926,3.8126843e-06
16,16,136.0093,2.2969981e-05
16,16,136.50933,2.8421222e-05
16,16,137.00937,1.1900773e-06
16,16,137.5094,2.351628e-05
16,16,138.00943,2.9434652e-05
16,16,138.50947,2.7482456e-05
16,16,139.0095,1.3225688e-05
16,16,139.50954,1.1886044e-05
16,16,140.00957,2.1004457e-05
16,16,140.50961,1.6174613e-05
16,16,141.00964,1.385124e-05
16,16,141.50967,2.874392e-05
16,16,142.00971,2.0665947e-05
16,16,142.50974,1.4110856e-05
16,16,143.00978,2.2531821e-05
16,16,143.50981,3.4206458e-05
16,16,144.00984,3.4659364e-05
16,16,144.50988,2.9145101e-05
16,16,145.00991,2.9337224e-05
16,16,145.50995,4.7023432e-05
16,16,146.00998,5.7903997e-05
16,16,146.51002,5.5736351e-05
16,16,147.01005,4.823774e-05
16,16,147.51008,5.6674506e-05
16,16,148.01012,5.9722732e-05
16,16,148.51015,3.9658062e-05
16,16,149.01019,3.6597085e-05
16,16,149.51022,3.0718815e-05
16,16,150.01025,3.9631138e-05
16,16,150.51029,4.3197044e-05
16,16,151.01032,2.4419599e-05
16,16,151.51036,2.5319449e-05
16,16,152.01039,4.0558434e-05
16,16,152.51043,3.431907e-05
16,16,153.01046,4.7880546e-05
16,16,153.51049,5.5678516e-05
16,16,154.01053,4.2203024e-05
16,16,154.51056,2.138285e-05
16,16,155.0106,7.974411e-06
16,16,155.51063,1.8750852e-05
16,16,156.01066,3.5639693e-05
16,16,156.5107,3.6941872e-05
16,16,157.01073,2.4836581e-05
16,16,157.51077,2.7888814e-05
16,16,158.0108,2.5896006e-05
16,16,158.51084,2.0461845e-05
16,16,159.01087,2.1506494e-05
16,16,159.5109,3.5780603e-05
16,16,160.01094,4.9143388e-05
16,16,160.51097,4.7179886e-05
16,16,161.01101,4.1397908e-05
16,16,161.51104,3.6341501e-05
16,16,162.01107,3.3976677e-05
16,16,162.51111,2.5186972e-05
16,16,163.01114,2.3194461e-05
16,16,163.51118,2.390333e-05
16,16,164.01121,2.2759314e-05
16,16,164.51125,2.4648518e-05
16,16,165.01128,8.544499e-06
16,16,165.51131,1.8306932e-05
16,16,166.01135,2.3239009e-05
16,16,166.51138,2.2455131e-05
16,16,167.01142,7.7360008e-06
16,16,167.51145,8.9733063e-06
16,16,168.01149,2.3006972e-05
16,16,168.51152,1.8875178e-05
16,16,169.01155,6.5399653e-06
16,16,169.51159,3.8778109e-06
16,16,170.01162,1.2630055e-05
16,16,170.51166,1.4386406e-05
16,16,171.01169,8.5394279e-06
16,16,171.51172,8.6010742e-06
16,16,172.01176,1.8486906e-05
16,16,172.51179,1.736054e-05
16,16,173.01183,1.3301976e-05
16,16,173.51186,1.311803e-05
16,16,174.0119,2.5623956e-05
16,16,174.51193,2.4765345e-05
16,16,175.01196,1.0473102e-05
16,16,175.512,6.192666e-06
16,16,176.01203,2.3039223e-05
16,16,176.51207,1.3218119e-05
16,16,177.0121,1.0138529e-05
16,16,177.51213,9.7900836e-06
16,16,178.01217,2.6702062e-05
16,16,178.5122,3.283522e-05
16,16,179.01224,3.6123849e-05
16,16,179.51227,4.0077861e-05
16,16,180.01231,3.6013168e-05
16,16,180.51234,1.9580776e-05
16,16,181.01237,1.0586545e-05
16,16,181.51241,9.1816211e-06
16,16,182.01244,1.307434e-05
16,16,182.51248,1.619226e-05
16,16,183.01251,5.0315553e-06
16,16,183.51254,4.6377785e-06
16,16,184.01258,1.7150737e-05
16,16,184.51261,2.8052503e-05
16,16,185.01265,1.85619e-05
16,16,185.51268,5.4930522e-06
16,16,186.01272,7.6666546e-06
16,16,186.51275,9.9756749e-06
16,16,187.01278,8.5115827e-07
16,16,187.51282,1.1802186e-05
16,16,188.01285,7.5165315e-06
16,16,188.51289,1.3150433e-05
16,16,189.01292,5.019751e-06
16,16,189.51295,9.2326867e-06
16,16,190.01299,1.0257166e-05
16,16,190.51302,6.47309e-06
16,16,191.01306,7.3316318e-06
16,16,191.51309,1.7137733e-05
16,16,192.01313,2.5506379e-05
16,16,192.51316,1.561888e-05
16,16,193.01319,1.1319292e-05
16,16,193.51323,6.834249e-06
16,16,194.01326,1.7994732e-05
16,16,194.5133,1.8707456e-05
16,16,195.01333,2.8439776e-06
16,16,195.51337,7.5077558e-06
16,16,196.0134,1.5530228e-05
16,16,196.51343,3.6719583e-06
16,16,197.01347,1.9270925e-05
16,16,197.5135,8.4760829e-06
16,16,198.01354,1.2509948e-05
16,16,198.51357,1.2572464e-05
16,16,199.0136,8.6808564e-06
16,16,199.51364,1.596362e-05
17,17,0,7.9759911e-07
17,17,0.50003418,2.3765196e-07
17,17,1.0000684,1.7190334e-07
17,17,1.5001025,1.3223181e-06
17,17,2.0001367,1.7724467e-06
17,17,2.5001709,1.6006876e-06
17,17,3.0002051,2.1309401e-06
17,17,3.5002393,5.3290551e-07
17,17,4.0002735,3.3056951e-06
17,17,4.5003076,5.4746741e-06
17,17,5.0003418,1.6790455e-06
17,17,5.500376,5.1177751e-06
17,17,6.0004102,7.7261949e-06
17,17,6.5004444,1.0578469e-05
17,17,7.0004785,8.2545101e-06
17,17,7.5005127,5.5162107e-06
17,17,8.0005469,7.0923154e-06
17,17,8.5005811,1.6948201e-05
17,17,9.0006153,1.9171238e-05
17,17,9.5006495,1.6180716e-05
17,17,10.000684,9.248004e-06
17,17,10.500718,4.8304112e-06
17,17,11.000752,3.065617e-06
17,17,11.500786,1.0390272e-05
17,17,12.00082,1.2170386e-05
17,17,12.500855,2.7864469e-05
17,17,13.000889,3.0146785e-05
17,17,13.500923,2.758847e-05
17,17,14.000957,4.6449685e-06
17,17,14.500991,1.4634537e-05
17,17,15.001025,8.3478739e-06
17,17,15.50106,5.0602434e-06
17,17,16.001094,1.5701415e-05
17,17,16.501128,1.9546716e-05
17,17,17.001162,1.0048392e-05
17,17,17.501196,3.4507134e-06
17,17,18.001231,1.2586899e-05
17,17,18.501265,2.0543483e-05
17,17,19.001299,5.287534e-06
17,17,19.501333,3.637162e-05
17,17,20.001367,5.6179133e-05
17,17,20.501401,2.0291863e-05
17,17,21.001436,6.8900734e-06
17,17,21.50147,1.2215829e-05
17,17,22.001504,2.3897311e-06
17,17,22.501538,1.6824984e-05
17,17,23.001572,5.3733976e-06
17,17,23.501607,1.1212381e-05
17,17,24.001641,6.6179277e-06
17,17,24.501675,6.9909975e-06
17,17,25.001709,2.0683756e-05
17,17,25.501743,4.0318691e-05
17,17,26.001777,3.9542903e-05
17,17,26.501812,1.8612868e-05
17,17,27.001846,1.6732916e-05
17,17,27.50188,2.1993079e-05
17,17,28.001914,5.0128619e-05
17,17,28.501948,8.1940674e-05
17,17,29.001983,4.749859e-05
17,17,29.502017,7.032647e-06
17,17,30.002051,4.9191644e-05
17,17,30.502085,4.4153493e-05
17,17,31.002119,2.5547169e-05
17,17,31.502153,2.7771852e-05
17,17,32.002188,3.5934779e-05
17,17,32.502222,3.1098302e-05
17,17,33.002256,1.2505364e-05
17,17,33.50229,2.9174709e-05
17,17,34.002324,4.3371963e-05
17,17,34.502359,6.051916e-05
17,17,35.002393,4.6136695e-05
17,17,35.502427,2.3720856e-05
17,17,36.002461,6.8208479e-05
17,17,36.502495,2.872043e-05
17,17,37.002529,5.0194742e-05
17,17,37.502564,9.1135582e-05
17,17,38.002598,0.00019713821
17,17,38.502632,0.0002099726
17,17,39.002666,4.6013628e-05
17,17,39.5027,2.449086e-05
17,17,40.002735,1.6421852e-05
17,17,40.502769,1.1322561e-05
17,17,41.002803,1.2796805e-05
17,17,41.502837,2.5236693e-05
17,17,42.002871,3.0915268e-05
17,17,42.502905,1.4156092e-05
17,17,43.00294,1.4894244e-05
17,17,43.502974,2.2349387e-05
17,17,44.003008,1.5030473e-05
17,17,44.503042,2.192744e-05
17,17,45.003076,2.1707108e-05
17,17,45.503111,1.062153e-05
17,17,46.003145,1.4470266e-05
17,17,46.503179,3.1162644e-05
17,17,47.003213,3.1763135e-05
17,17,47.503247,2.1981804e-05
17,17,48.003281,4.536874e-05
17,17,48.503316,4.6908634e-05
17,17,49.00335,2.4561084e-05
17,17,49.503384,3.7746381e-05
17,17,50.003418,2.00139e-05
17,17,50.503452,1.1712371e-05
17,17,51.003487,1.6901377e-05
17,17,51.503521,2.2684299e-05
17,17,52.003555,3.2719022e-05
17,17,52.503589,2.194283e-05
17,17,53.003623,3.0555042e-05
17,17,53.503657,1.7470227e-05
17,17,54.003692,2.6489782e-05
17,17,54.503726,2.2878614e-05
17,17,55.00376,1.236708e-05
17,17,55.503794,1.1536111e-05
17,17,56.003828,8.065909e-06
17,17,56.503863,2.5271423e-05
17,17,57.003897,2.484829e-05
17,17,57.503931,1.0444822e-06
17,17,58.003965,4.9811666e-06
17,17,58.503999,1.0250198e-05
17,17,59.004033,1.9129518e-05
17,17,59.504068,6.8699331e-05
17,17,60.004102,6.1209675e-05
17,17,60.504136,1.4584072e-05
17,17,61.00417,1.5366944e-05
17,17,61.504204,2.4393041e-05
17,17,62.004239,1.4405293e-05
17,17,62.504273,1.2105365e-05
17,17,63.004307,5.8848676e-06
17,17,63.504341,6.9756805e-06
17,17,64.004375,4.8448835e-06
17,17,64.504409,1.6867572e-05
17,17,65.004444,2.356505e-05
17,17,65.504478,2.4721891e-05
17,17,66.004512,2.0286567e-05
17,17,66.504546,2.0659718e-05
17,17,67.00458,2.2425947e-05
17,17,67.504615,1.7811588e-05
17,17,68.004649,7.690163e-06
17,17,68.504683,1.893965e-05
17,17,69.004717,1.903554e-05
17,17,69.504751,1.4895989e-05
17,17,70.004785,1.9133824e-05
17,17,70.50482,2.1916069e-05
17,17,71.004854,8.4415503e-06
17,17,71.504888,5.2699417e-06
17,17,72.004922,1.0728808e-05
17,17,72.504956,5.6364897e-06
17,17,73.004991,7.2856795e-06
17,17,73.505025,1.4033598e-05
17,17,74.005059,1.1775525e-05
17,17,74.505093,4.9241834e-06
17,17,75.005127,1.7827696e-05
17,17,75.505161,1.5597189e-05
17,17,76.005196,1.4282749e-06
17,17,76.50523,3.5218958e-06
17,17,77.005264,1.1856517e-05
17,17,77.505298,1.30705e-05
17,17,78.005332,3.9158e-06
17,17,78.505367,8.253221e-06
17,17,79.005401,8.6390343e-06
17,17,79.505435,6.1174855e-06
17,17,80.005469,1.4550705e-06
17,17,80.505503,2.4709105e-06
17,17,81.005537,1.2583109e-05
17,17,81.505572,1.6703511e-05
17,17,82.005606,2.9371504e-06
17,17,82.50564,1.0929903e-05
17,17,83.005674,1.246765e-05
17,17,83.505708,1.4347024e-05
17,17,84.005743,7.4138718e-06
17,17,84.505777,1.0790908e-05
17,17,85.005811,3.3989235e-05
17,17,85.505845,2.5076156e-05
17,17,86.005879,4.1988158e-06
17,17,86.505913,5.1238127e-06
17,17,87.005948,5.2783441e-06
17,17,87.505982,8.2327823e-06
17,17,88.006016,1.0955484e-05
17,17,88.50605,1.2771785e-05
17,17,89.006084,3.4638838e-06
17,17,89.506119,6.6798555e-06
17,17,90.006153,8.7065561e-06
17,17,90.506187,2.0094535e-05
17,17,91.006221,1.1430115e-05
17,17,91.506255,4.3777103e-06
17,17,92.006289,9.0126374e-06
17,17,92.506324,2.0050105e-05
17,17,93.006358,7.3146465e-06
17,17,93.506392,6.1365049e-06
17,17,94.006426,7.8628089e-06
17,17,94.50646,1.0436068e-05
17,17,95.006495,1.6063013e-05
17,17,95.506529,3.0716111e-05
17,17,96.006563,2.5664903e-05
17,17,96.506597,1.4194604e-05
17,17,97.006631,7.8547071e-06
17,17,97.506665,1.6609216e-05
17,17,98.0067,1.2028965e-05
17,17,98.506734,2.0992738e-06
17,17,99.006768,5.4413313e-06
17,17,99.506802,1.3826731e-05
17,17,100.00684,7.4312264e-06
17,17,100.50687,4.5989975e-06
17,17,101.0069,5.7367067e-06
17,17,101.50694,2.286244e-05
17,17,102.00697,4.830382e-05
17,17,102.50701,4.5729152e-05
17,17,103.00704,3.1699117e-05
17,17,103.50708,3.641831e-05
17,17,104.00711,1.7782827e-05
17,17,104.50714,1.9691499e-05
17,17,105.00718,3.0845029e-05
17,17,105.50721,9.4198588e-06
17,17,106.00725,3.0559422e-05
17,17,106.50728,4.1327755e-05
17,17,107.00731,2.7099749e-05
17,17,107.50735,2.0498312e-05
17,17,108.00738,1.9099225e-05
17,17,108.50742,2.948614e-05
17,17,109.00745,1.5434846e-05
17,17,109.50749,2.9657372e-05
17,17,110.00752,3.3890299e-05
17,17,110.50755,2.8907315e-05
17,17,111.00759,2.3643036e-05
17,17,111.50762,2.6083802e-05
17,17,112.00766,2.0686647e-05
17,17,112.50769,6.8928988e-06
17,17,113.00773,1.5227551e-05
17,17,113.50776,2.5644018e-05
17,17,114.00779,1.500841e-05
17,17,114.50783,3.6865614e-06
17,17,115.00786,1.5158721e-06
17,17,115.5079,1.2782364e-05
17,17,116.00793,1.2037166e-05
17,17,116.50796,1.5866014e-05
17,17,117.008,1.4268999e-05
17,17,117.50803,1.0586024e-05
17,17,118.00807,4.7645552e-06
17,17,118.5081,2.2759347e-05
17,17,119.00814,8.8494559e-06
17,17,119.50817,0.00015033756
17,17,120.0082,0.00025370281
17,17,120.50824,0.00011817763
17,17,121.00827,1.3137228e-05
17,17,121.50831,1.9101677e-05
17,17,122.00834,1.9595161e-05
17,17,122.50837,1.3996602e-05
17,17,123.00841,1.1037888e-05
17,17,123.50844,1.1444981e-05
17,17,124.00848,8.1370132e-06
17,17,124.50851,9.0509072e-06
17,17,125.00855,5.2202669e-06
17,17,125.50858,2.7838688e-06
17,17,126.00861,2.376712e-06
17,17,126.50865,3.0211224e-06
17,17,127.00868,5.9755942e-06
17,17,127.50872,1.8127285e-05
17,17,128.00875,1.2029543e-05
17,17,128.50878,4.462255e-06
17,17,129.00882,5.4188853e-06
17,17,129.50885,1.3566562e-05
17,17,130.00889,1.6719357e-05
17,17,130.50892,2.4955227e-06
17,17,131.00896,7.0964084e-06
17,17,131.50899,1.8299406e-05
17,17,132.00902,1.3927225e-05
17,17,132.50906,1.0359811e-05
17,17,133.00909,1.4970159e-05
17,17,133.50913,5.3111585e-06
17,17,134.00916,4.0851649e-06
17,17,134.50919,1.037708e-06
17,17,135.00923,7.2123158e-06
17,17,135.50926,7.6024219e-06
17,17,136.0093,5.9906293e-06
17,17,136.50933,6.2650152e-06
17,17,137.00937,6.4901675e-06
17,17,137.5094,9.3612834e-06
17,17,138.00943,1.152362e-05
17,17,138.50947,8.9111845e-06
17,17,139.0095,1.4912528e-05
17,17,139.50954,1.8760471e-05
17,17,140.00957,9.1534081e-06
17,17,140.50961,8.6808368e-06
17,17,141.00964,1.7424151e-06
17,17,141.50967,5.4342874e-06
17,17,142.00971,4.3976891e-06
17,17,142.50974,1.0367276e-05
17,17,143.00978,7.2839222e-06
17,17,143.50981,6.0811108e-06
17,17,144.00984,8.8857164e-06
17,17,144.50988,9.0661041e-06
17,17,145.00991,9.5958298e-06
17,17,145.50995,8.2966234e-06
17,17,146.00998,1.0331216e-05
17,17,146.51002,1.220942e-05
17,17,147.01005,6.5067306e-06
17,17,147.51008,7.9244889e-06
17,17,148.01012,1.1349631e-05
17,17,148.51015,6.2947188e-06
17,17,149.01019,3.5800443e-06
17,17,149.51022,4.4424347e-06
17,17,150.01025,7.5493658e-06
17,17,150.51029,2.9983784e-06
17,17,151.01032,5.3860762e-06
17,17,151.51036,6.1721594e-06
17,17,152.01039,4.4698356e-06
17,17,152.51043,6.2568746e-06
17,17,153.01046,8.4931808e-06
17,17,153.51049,8.1248054e-06
17,17,154.01053,1.6585971e-05
17,17,154.51056,1.8103416e-05
17,17,155.0106,1.7152679e-06
17,17,155.51063,1.4018047e-05
17,17,156.01066,5.8801153e-06
17,17,156.5107,1.4025077e-06
17,17,157.01073,7.7540732e-06
17,17,157.51077,1.344572e-05
17,17,158.0108,1.7593772e-05
17,17,158.51084,5.3454363e-05
17,17,159.01087,3.9973648e-05
17,17,159.5109,1.7081244e-05
17,17,160.01094,1.1145353e-05
17,17,160.51097,1.1954708e-05
17,17,161.01101,2.0859029e-05
17,17,161.51104,1.5501418e-05
17,17,162.01107,8.9819539e-06
17,17,162.51111,5.7662851e-06
17,17,163.01114,6.3880469e-06
17,17,163.51118,8.2909933e-06
17,17,164.01121,6.5092525e-06
17,17,164.51125,5.9600477e-06
17,17,165.01128,3.5318962e-06
17,17,165.51131,3.7449632e-06
17,17,166.01135,5.1416492e-06
17,17,166.51138,5.3632863e-06
17,17,167.01142,5.9888543e-06
17,17,167.51145,4.6130974e-06
17,17,168.01149,3.8692662e-06
17,17,168.51152,8.513905e-06
17,17,169.01155,1.3830534e-05
17,17,169.51159,5.1039677e-06
17,17,170.01162,1.9694153e-06
17,17,170.51166,7.3363561e-06
17,17,171.01169,9.2512669e-06
17,17,171.51172,7.7785623e-06
17,17,172.01176,8.8536198e-06
17,17,172.51179,9.436952e-06
17,17,173.01183,9.3483434e-06
17,17,173.51186,8.0256297e-06
17,17,174.0119,7.2400711e-06
17,17,174.51193,1.2185913e-05
17,17,175.01196,1.3098231e-05
17,17,175.512,1.2078872e-05
17,17,176.01203,9.4484108e-06
17,17,176.51207,9.0632462e-06
17,17,177.0121,1.0351481e-05
17,17,177.51213,8.9305578e-06
17,17,178.01217,9.0090231e-06
17,17,178.5122,1.3943001e-05
17,17,179.01224,1.7074813e-05
17,17,179.51227,8.7931269e-06
17,17,180.01231,8.2978349e-06
17,17,180.51234,3.8153526e-06
17,17,181.01237,3.9678667e-06
17,17,181.51241,5.337928e-06
17,17,182.01244,1.0143489e-05
17,17,182.51248,1.0932032e-05
17,17,183.01251,3.0479792e-06
17,17,183.51254,4.4920855e-06
17,17,184.01258,5.9321783e-06
17,17,184.51261,4.1137362e-06
17,17,185.01265,7.8982805e-07
17,17,185.51268,1.0321949e-05
17,17,186.01272,1.058691e-05
17,17,186.51275,6.3217403e-06
17,17,187.01278,1.2434093e-05
17,17,187.51282,8.0854805e-06
17,17,188.01285,2.9643001e-06
17,17,188.51289,4.5452654e-06
17,17,189.01292,4.8323075e-06
17,17,189.51295,3.2633679e-06
17,17,190.01299,5.5567962e-06
17,17,190.51302,7.7632201e-06
17,17,191.01306,8.4841374e-06
17,17,191.51309,7.0551384e-06
17,17,192.01313,6.4081051e-06
17,17,192.51316,2.6201669e-06
17,17,193.01319,6.94061e-06
17,17,193.51323,3.0813686e-06
17,17,194.01326,6.3010207e-06
17,17,194.5133,6.9522875e-06
17,17,195.01333,6.12119e-06
17,17,195.51337,7.1349392e-06
17,17,196.0134,4.2559494e-06
17,17,196.51343,6.0140671e-06
17,17,197.01347,8.4958301e-06
17,17,197.5135,1.1258806e-05
17,17,198.01354,3.6377841e-06
17,17,198.51357,5.5365924e-06
17,17,199.0136,3.6504237e-06
17,17,199.51364,6.188814e-06
18,18,0,9.8108362e-07
18,18,0.50003418,8.6220999e-07
18,18,1.0000684,2.9650675e-07
18,18,1.5001025,1.0627402e-06
18,18,2.0001367,1.1771192e-06
18,18,2.5001709,9.593701e-07
18,18,3.0002051,7.9599717e-07
18,18,3.5002393,1.5698805e-06
18,18,4.0002735,1.875943e-06
18,18,4.5003076,1.8190075e-06
18,18,5.0003418,9.8635552e-07
18,18,5.500376,3.2952486e-06
18,18,6.0004102,2.1221993e-06
18,18,6.5004444,1.4063851e-06
18,18,7.0004785,6.264119e-06
18,18,7.5005127,3.8493904e-06
18,18,8.0005469,3.0908571e-05
18,18,8.5005811,4.8676605e-05
18,18,9.0006153,2.0795163e-05
18,18,9.5006495,1.7052275e-05
18,18,10.000684,1.9035938e-05
18,18,10.500718,8.6504707e-06
18,18,11.000752,1.962823e-05
18,18,11.500786,3.2829288e-06
18,18,12.00082,3.0026304e-05
18,18,12.500855,2.9947885e-05
18,18,13.000889,2.155597e-05
18,18,13.500923,3.3068104e-06
18,18,14.000957,2.3637379e-05
18,18,14.500991,3.3943575e-05
18,18,15.001025,2.3399239e-05
18,18,15.50106,1.4953601e-06
18,18,16.001094,2.8208791e-05
18,18,16.501128,4.4975425e-05
18,18,17.001162,5.2876616e-05
18,18,17.501196,2.4242715e-05
18,18,18.001231,1.3745622e-05
18,18,18.501265,2.0125954e-05
18,18,19.001299,3.7810904e-05
18,18,19.501333,3.3550821e-05
18,18,20.001367,4.695102e-05
18,18,20.501401,2.6696804e-05
18,18,21.001436,1.9298669e-05
18,18,21.50147,1.6373122e-05
18,18,22.001504,1.402063e-05
18,18,22.501538,1.2471577e-05
18,18,23.001572,1.580446e-05
18,18,23.501607,1.2813456e-05
18,18,24.001641,1.948142e-05
18,18,24.501675,7.6691606e-06
18,18,25.001709,1.050426e-05
18,18,25.501743,8.7771453e-06
18,18,26.001777,1.6006618e-05
18,18,26.501812,2.2843807e-05
18,18,27.001846,2.9635697e-05
18,18,27.50188,4.1911716e-05
18,18,28.001914,0.00011838509
18,18,28.501948,0.00014072611
18,18,29.001983,6.9603603e-05
18,18,29.502017,1.9663379e-05
18,18,30.002051,1.2911638e-05
18,18,30.502085,1.564584e-05
18,18,31.002119,2.3254319e-06
18,18,31.502153,2.5423611e-06
18,18,32.002188,2.2867347e-05
18,18,32.502222,2.4313346e-05
18,18,33.002256,1.7506003e-05
18,18,33.50229,3.3196062e-05
18,18,34.002324,3.8051686e-05
18,18,34.502359,4.1228441e-05
18,18,35.002393,2.9363995e-05
18,18,35.502427,9.8380587e-06
18,18,36.002461,1.7835363e-05
18,18,36.502495,8.8636808e-06
18,18,37.002529,2.075211e-05
18,18,37.502564,2.3597178e-05
18,18,38.002598,3.0924224e-05
18,18,38.502632,2.5895569e-05
18,18,39.002666,1.0416853e-05
18,18,39.5027,1.4416796e-05
18,18,40.002735,1.5474024e-05
18,18,40.502769,1.5783377e-05
18,18,41.002803,2.247981e-05
18,18,41.502837,2.3872312e-05
18,18,42.002871,1.8160504e-05
18,18,42.502905,7.0409304e-06
18,18,43.00294,1.9167441e-05
18,18,43.502974,2.4842046e-05
18,18,44.003008,1.4370198e-05
18,18,44.503042,1.0945629e-05
18,18,45.003076,2.3029545e-05
18,18,45.503111,5.0330118e-05
18,18,46.003145,2.4202448e-05
18,18,46.503179,2.7417277e-05
18,18,47.003213,2.6241535e-05
18,18,47.503247,9.5028285e-06
18,18,48.003281,3.862428e-05
18,18,48.503316,7.2239475e-05
18,18,49.00335,2.3262334e-05
18,18,49.503384,2.6891001e-05
18,18,50.003418,1.5793382e-05
18,18,50.503452,1.920479e-05
18,18,51.003487,1.7244694e-05
18,18,51.503521,9.9864465e-06
18,18,52.003555,1.6733566e-05
18,18,52.503589,2.797657e-05
18,18,53.003623,3.2969992e-05
18,18,53.503657,2.6460257e-05
18,18,54.003692,2.6423165e-05
18,18,54.503726,1.0847879e-05
18,18,55.00376,1.3989106e-05
18,18,55.503794,2.0810368e-05
18,18,56.003828,1.9467419e-05
18,18,56.503863,2.0869649e-05
18,18,57.003897,1.5652153e-05
18,18,57.503931,1.4319806e-05
18,18,58.003965,2.4924493e-05
18,18,58.503999,0.00018495398
18,18,59.004033,0.00027202992
18,18,59.504068,3.7372683e-05
18,18,60.004102,8.588023e-05
18,18,60.504136,1.3414144e-05
18,18,61.00417,1.7362871e-05
18,18,61.504204,1.407938e-05
18,18,62.004239,6.4604978e-06
18,18,62.504273,1.0904346e-05
18,18,63.004307,6.1404343e-06
18,18,63.504341,6.2169728e-06
18,18,64.004375,8.722524e-06
18,18,64.504409,1.9806788e-05
18,18,65.004444,1.6646345e-05
18,18,65.504478,1.2051249e-05
18,18,66.004512,2.2415838e-05
18,18,66.504546,2.6500437e-05
18,18,67.00458,1.2637368e-05
18,18,67.504615,6.4352145e-06
18,18,68.004649,1.9514042e-05
18,18,68.504683,1.1006939e-05
18,18,69.004717,1.3559711e-05
18,18,69.504751,2.1520951e-05
18,18,70.004785,6.8098627e-06
18,18,70.50482,3.2710751e-06
18,18,71.004854,4.4667033e-06
18,18,71.504888,8.3684346e-06
18,18,72.004922,1.0048456e-05
18,18,72.504956,1.9939147e-05
18,18,73.004991,1.3263865e-05
18,18,73.505025,2.1796898e-05
18,18,74.005059,2.4245812e-05
18,18,74.505093,1.4739412e-05
18,18,75.005127,6.7558649e-06
18,18,75.505161,1.0724971e-05
18,18,76.005196,9.1810017e-06
18,18,76.50523,1.1068324e-05
18,18,77.005264,1.2592341e-05
18,18,77.505298,6.7547511e-06
18,18,78.005332,9.9487584e-06
18,18,78.505367,1.4637873e-05
18,18,79.005401,8.578651e-06
18,18,79.505435,6.6694045e-07
18,18,80.005469,2.4360067e-06
18,18,80.505503,4.1140376e-06
18,18,81.005537,3.2414841e-06
18,18,81.505572,3.271562e-06
18,18,82.005606,4.5469829e-06
18,18,82.50564,4.7251689e-06
18,18,83.005674,4.0416892e-06
18,18,83.505708,5.3816415e-06
18,18,84.005743,5.4195697e-06
18,18,84.505777,1.6612889e-05
18,18,85.005811,2.2407335e-05
18,18,85.505845,8.0452287e-06
18,18,86.005879,2.3873536e-06
18,18,86.505913,6.2971553e-06
18,18,87.005948,1.087108e-05
18,18,87.505982,4.9010983e-06
18,18,88.006016,7.8859325e-06
18,18,88.50605,6.0082386e-06
18,18,89.006084,4.9613773e-06
18,18,89.506119,9.846609e-06
18,18,90.006153,1.1664821e-05
18,18,90.506187,9.2707852e-06
18,18,91.006221,5.7143866e-06
18,18,91.506255,2.4250675e-06
18,18,92.006289,7.0157176e-06
18,18,92.506324,2.3914135e-05
18,18,93.006358,1.8312776e-05
18,18,93.506392,4.4837664e-06
18,18,94.006426,1.3781079e-05
18,18,94.50646,2.4190954e-05
18,18,95.006495,8.5499904e-06
18,18,95.506529,4.8353501e-06
18,18,96.006563,9.1575482e-06
18,18,96.506597,1.6547917e-05
18,18,97.006631,1.1865967e-05
18,18,97.506665,9.7123177e-06
18,18,98.0067,2.1774037e-05
18,18,98.506734,1.5562138e-05
18,18,99.006768,9.5722758e-06
18,18,99.506802,1.4332847e-05
18,18,100.00684,1.2878947e-05
18,18,100.50687,1.1849603e-05
18,18,101.0069,1.2656261e-05
18,18,101.50694,3.8607367e-06
18,18,102.00697,7.1905068e-06
18,18,102.50701,5.5816835e-06
18,18,103.00704,1.0309788e-05
18,18,103.50708,2.0010463e-05
18,18,104.00711,2.2766466e-05
18,18,104.50714,1.7707972e-05
18,18,105.00718,7.2242622e-06
18,18,105.50721,1.0723488e-05
18,18,106.00725,1.2883736e-05
18,18,106.50728,1.0676965e-05
18,18,107.00731,6.4976943e-06
18,18,107.50735,8.779299e-06
18,18,108.00738,4.9485261e-06
18,18,108.50742,3.8883178e-06
18,18,109.00745,5.6843364e-06
18,18,109.50749,7.4524572e-06
18,18,110.00752,1.5405584e-05
18,18,110.50755,8.2532417e-06
18,18,111.00759,8.2400387e-06
18,18,111.50762,1.1937388e-05
18,18,112.00766,7.2644725e-06
18,18,112.50769,5.3713934e-06
18,18,113.00773,1.1760276e-05
18,18,113.50776,2.0596049e-05
18,18,114.00779,1.6012395e-05
18,18,114.50783,8.9303038e-06
18,18,115.00786,8.1678976e-06
18,18,115.5079,5.2291979e-06
18,18,116.00793,6.9563165e-06
18,18,116.50796,1.0462032e-05
18,18,117.008,8.4378661e-06
18,18,117.50803,1.0608932e-05
18,18,118.00807,2.1144038e-05
18,18,118.5081,2.202755e-05
18,18,119.00814,1.8337483e-05
18,18,119.50817,8.3721564e-05
18,18,120.0082,0.00013808094
18,18,120.50824,6.8373226e-05
18,18,121.00827,4.7912596e-06
18,18,121.50831,2.1721289e-06
18,18,122.00834,8.1201609e-06
18,18,122.50837,5.7122195e-06
18,18,123.00841,1.8818086e-06
18,18,123.50844,1.5191992e-06
18,18,124.00848,3.2623201e-06
18,18,124.50851,1.7725254e-06
18,18,125.00855,1.3556579e-06
18,18,125.50858,1.1678292e-06
18,18,126.00861,4.9430782e-06
18,18,126.50865,3.6301853e-06
18,18,127.00868,9.2687212e-07
18,18,127.50872,4.0558549e-06
18,18,128.00875,4.6010437e-06
18,18,128.50878,1.7259511e-06
18,18,129.00882,2.7179713e-06
18,18,129.50885,9.1336353e-06
18,18,130.00889,9.9767174e-06
18,18,130.50892,8.0759267e-06
18,18,131.00896,6.550947e-06
18,18,131.50899,6.5772192e-06
18,18,132.00902,5.8318243e-06
18,18,132.50906,7.3945862e-06
18,18,133.00909,9.3098192e-06
18,18,133.50913,2.5248854e-06
18,18,134.00916,5.7788275e-06
18,18,134.50919,7.2402416e-07
18,18,135.00923,8.124353e-06
18,18,135.50926,9.242117e-06
18,18,136.0093,8.2935661e-06
18,18,136.50933,7.2528709e-06
18,18,137.00937,5.3934478e-06
18,18,137.5094,3.5026925e-06
18,18,138.00943,6.4918871e-06
18,18,138.50947,3.7859928e-06
18,18,139.0095,5.8198113e-06
18,18,139.50954,9.5459403e-06
18,18,140.00957,6.1432712e-06
18,18,140.50961,4.1903119e-06
18,18,141.00964,4.7213975e-06
18,18,141.50967,5.0823771e-06
18,18,142.00971,5.5659955e-06
18,18,142.50974,2.4459866e-06
18,18,143.00978,3.5513503e-06
18,18,143.50981,6.8708395e-06
18,18,144.00984,9.5936729e-06
18,18,144.50988,5.2684916e-06
18,18,145.00991,5.9447739e-06
18,18,145.50995,1.311582e-05
18,18,146.00998,1.2030863e-05
18,18,146.51002,4.4923354e-06
18,18,147.01005,4.6611349e-06
18,18,147.51008,3.3407911e-06
18,18,148.01012,7.2301446e-06
18,18,148.51015,1.0962981e-05
18,18,149.01019,1.2296645e-05
18,18,149.51022,1.1693748e-05
18,18,150.01025,5.7815162e-06
18,18,150.51029,3.6551043e-06
18,18,151.01032,5.5094599e-06
18,18,151.51036,7.8430143e-06
18,18,152.01039,1.9711858e-05
18,18,152.51043,2.177333e-05
18,18,153.01046,2.3637212e-05
18,18,153.51049,1.2982442e-05
18,18,154.01053,1.1086824e-05
18,18,154.51056,2.3593845e-06
18,18,155.0106,2.1771009e-05
18,18,155.51063,1.7753145e-05
18,18,156.01066,3.3717837e-05
18,18,156.5107,5.2142532e-05
18,18,157.01073,3.465197e-05
18,18,157.51077,4.5891552e-05
18,18,158.0108,1.0664576e-05
18,18,158.51084,6.2645488e-05
18,18,159.01087,5.4860497e-05
18,18,159.5109,3.8093776e-05
18,18,160.01094,1.9738567e-05
18,18,160.51097,1.1065374e-05
18,18,161.01101,1.0930229e-05
18,18,161.51104,8.5024879e-06
18,18,162.01107,1.3479373e-05
18,18,162.51111,1.6985773e-05
18,18,163.01114,1.8136195e-05
18,18,163.51118,1.6562849e-05
18,18,164.01121,1.6348664e-05
18,18,164.51125,1.5317115e-05
18,18,165.01128,1.2535376e-05
18,18,165.51131,1.0180578e-05
18,18,166.01135,5.1970724e-06
18,18,166.51138,3.8279667e-06
18,18,167.01142,1.397856e-06
18,18,167.51145,3.0955168e-06
18,18,168.01149,4.3286096e-06
18,18,168.51152,1.3401113e-06
18,18,169.01155,6.5137873e-06
18,18,169.51159,6.5156405e-06
18,18,170.01162,1.8638621e-06
18,18,170.51166,7.0258223e-07
18,18,171.01169,1.7237122e-06
18,18,171.51172,2.6201751e-06
18,18,172.01176,4.1478016e-06
18,18,172.51179,5.962118e-06
18,18,173.01183,6.7399394e-06
18,18,173.51186,5.8798914e-06
18,18,174.0119,6.090693e-06
18,18,174.51193,2.0352471e-06
18,18,175.01196,1.0455369e-05
18,18,175.512,6.1238201e-06
18,18,176.01203,8.9674359e-07
18,18,176.51207,3.683534e-06
18,18,177.0121,7.3745584e-06
18,18,177.51213,5.0554428e-06
18,18,178.01217,4.4225617e-06
18,18,178.5122,4.9692534e-06
18,18,179.01224,1.0773993e-05
18,18,179.51227,6.2819059e-06
18,18,180.01231,2.0547592e-06
18,18,180.51234,3.3959341e-06
18,18,181.01237,2.1978115e-06
18,18,181.51241,2.1614879e-06
18,18,182.01244,1.639464e-06
18,18,182.51248,3.7598384e-06
18,18,183.01251,4.5308971e-06
18,18,183.51254,1.4199593e-06
18,18,184.01258,3.0682446e-06
18,18,184.51261,3.3968023e-06
18,18,185.01265,3.6496889e-06
18,18,185.51268,8.9399791e-06
18,18,186.01272,8.1566206e-06
18,18,186.51275,2.6054035e-06
18,18,187.01278,1.2630117e-06
18,18,187.51282,5.936777e-06
18,18,188.01285,6.0597934e-06
18,18,188.51289,3.1051484e-06
18,18,189.01292,2.9161554e-06
18,18,189.51295,3.212775e-06
18,18,190.01299,4.9499702e-06
18,18,190.51302,3.6611957e-06
18,18,191.01306,8.6197194e-06
18,18,191.51309,1.1400859e-05
18,18,192.01313,7.8737154e-06
18,18,192.51316,1.9448165e-06
18,18,193.01319,6.1695524e-06
18,18,193.51323,4.7729719e-06
18,18,194.01326,4.4706649e-06
18,18,194.5133,2.5140366e-06
18,18,195.01333,1.1816236e-06
18,18,195.51337,4.7467926e-06
18,18,196.0134,5.2615245e-06
18,18,196.51343,9.6993637e-06
18,18,197.01347,1.1396432e-05
18,18,197.5135,7.0828017e-06
18,18,198.01354,4.4016609e-06
18,18,198.51357,1.9557233e-06
18,18,199.0136,6.9245445e-06
18,18,199.51364,7.9597812e-06
19,19,0,6.1900627e-07
19,19,0.50003418,1.2709818e-07
19,19,1.0000684,8.5608377e-07
19,19,1.5001025,1.0638985e-06
19,19,2.0001367,1.5573904e-06
19,19,2.5001709,1.3501198e-06
19,19,3.0002051,6.2575138e-07
19,19,3.5002393,2.1785834e-06
19,19,4.0002735,3.2021202e-06
19,19,4.5003076,2.5340865e-06
19,19,5.0003418,1.4967159e-06
19,19,5.500376,4.3839621e-06
19,19,6.0004102,4.7564402e-06
19,19,6.5004444,2.9956861e-06
19,19,7.0004785,7.2556277e-06
19,19,7.5005127,7.8140435e-06
19,19,8.0005469,3.9250499e-05
19,19,8.5005811,5.835524e-05
19,19,9.0006153,2.5815952e-05
19,19,9.5006495,4.1788705e-05
19,19,10.000684,2.6571928e-05
19,19,10.500718,1.4026936e-05
19,19,11.000752,1.8721103e-05
19,19,11.500786,5.2376308e-06
19,19,12.00082,3.6337554e-05
19,19,12.500855,3.3189086e-05
19,19,13.000889,8.9261895e-06
19,19,13.500923,8.6723904e-06
19,19,14.000957,3.5305375e-05
19,19,14.500991,5.4562984e-05
19,19,15.001025,3.1373804e-05
19,19,15.50106,1.0387391e-05
19,19,16.001094,3.5516333e-05
19,19,16.501128,4.7866921e-05
19,19,17.001162,4.3382608e-05
19,19,17.501196,2.5372733e-05
19,19,18.001231,1.4067296e-05
19,19,18.501265,1.5798459e-05
19,19,19.001299,2.9547177e-05
19,19,19.501333,2.8244327e-05
19,19,20.001367,1.4483645e-05
19,19,20.501401,4.3158201e-06
19,19,21.001436,2.8704391e-06
19,19,21.50147,1.2538676e-05
19,19,22.001504,2.8272602e-05
19,19,22.501538,2.1974492e-05
19,19,23.001572,5.3446686e-06
19,19,23.501607,5.8136162e-06
19,19,24.001641,9.0238452e-06
19,19,24.501675,5.1647137e-06
19,19,25.001709,4.9629488e-06
19,19,25.501743,8.1435656e-06
19,19,26.001777,7.4319083e-06
19,19,26.501812,1.3721046e-05
19,19,27.001846,1.6733724e-05
19,19,27.50188,2.4529001e-06
19,19,28.001914,6.493808e-05
19,19,28.501948,0.00010691001
19,19,29.001983,0.00010648544
19,19,29.502017,4.5181454e-05
19,19,30.002051,1.2739436e-05
19,19,30.502085,7.0415562e-06
19,19,31.002119,1.7911313e-05
19,19,31.502153,3.0799054e-05
19,19,32.002188,4.0343116e-05
19,19,32.502222,2.8462075e-05
19,19,33.002256,1.2320082e-05
19,19,33.50229,9.4568338e-06
19,19,34.002324,1.265149e-05
19,19,34.502359,5.6507889e-06
19,19,35.002393,3.9055896e-06
19,19,35.502427,1.862625e-05
19,19,36.002461,2.2169551e-05
19,19,36.502495,1.5584772e-05
19,19,37.002529,1.0938317e-05
19,19,37.502564,6.8028993e-06
19,19,38.002598,3.381501e-05
19,19,38.502632,2.8641174e-05
19,19,39.002666,8.2695905e-06
19,19,39.5027,2.0700018e-05
19,19,40.002735,3.3134239e-05
19,19,40.502769,2.9395086e-05
19,19,41.002803,2.612977e-05
19,19,41.502837,1.3170784e-05
19,19,42.002871,4.2217559e-06
19,19,42.502905,9.6036643e-06
19,19,43.00294,1.3684526e-05
19,19,43.502974,1.3765005e-06
19,19,44.003008,1.0738159e-05
19,19,44.503042,8.106433e-06
19,19,45.003076,3.5923408e-06
19,19,45.503111,8.0034144e-06
19,19,46.003145,7.4280425e-06
19,19,46.503179,8.457152e-06
19,19,47.003213,1.2321414e-05
19,19,47.503247,1.2712971e-05
19,19,48.003281,8.4708702e-06
19,19,48.503316,1.2621764e-05
19,19,49.00335,1.7054396e-05
19,19,49.503384,9.5246891e-06
19,19,50.003418,6.9149595e-06
19,19,50.503452,1.2037568e-05
19,19,51.003487,9.0079435e-06
19,19,51.503521,3.2017098e-06
19,19,52.003555,9.9314528e-06
19,19,52.503589,1.7939824e-05
19,19,53.003623,2.4851752e-05
19,19,53.503657,1.3375871e-05
19,19,54.003692,1.0468036e-05
19,19,54.503726,1.4505785e-05
19,19,55.00376,1.6126855e-05
19,19,55.503794,1.027873e-05
19,19,56.003828,1.2724179e-05
19,19,56.503863,2.2684045e-05
19,19,57.003897,2.1373467e-05
19,19,57.503931,2.0725359e-05
19,19,58.003965,5.2072854e-05
19,19,58.503999,0.00019416066
19,19,59.004033,0.00029217343
19,19,59.504068,8.8167675e-05
19,19,60.004102,4.2032544e-05
19,19,60.504136,1.5467029e-05
19,19,61.00417,1.3638927e-05
19,19,61.504204,1.3461488e-05
19,19,62.004239,1.3967693e-05
19,19,62.504273,6.682738e-06
19,19,63.004307,7.252702e-06
19,19,63.504341,8.7036274e-06
19,19,64.004375,4.3244026e-06
19,19,64.504409,6.6135366e-06
19,19,65.004444,4.6031236e-06
19,19,65.504478,8.5384769e-06
19,19,66.004512,1.0816278e-05
19,19,66.504546,1.2669883e-05
19,19,67.00458,8.773933e-06
19,19,67.504615,8.6588264e-06
19,19,68.004649,1.1618268e-05
19,19,68.504683,4.48296e-06
19,19,69.004717,3.5488973e-06
19,19,69.504751,1.0012013e-05
19,19,70.004785,1.3231743e-05
19,19,70.50482,1.2107611e-05
19,19,71.004854,9.365263e-06
19,19,71.504888,1.1017671e-05
19,19,72.004922,6.9152498e-06
19,19,72.504956,2.4116943e-06
19,19,73.004991,4.6506091e-06
19,19,73.505025,4.0415873e-06
19,19,74.005059,1.9616561e-06
19,19,74.505093,3.5105792e-06
19,19,75.005127,2.6956458e-06
19,19,75.505161,3.4179859e-06
19,19,76.005196,4.4795456e-06
19,19,76.50523,1.1343507e-05
19,19,77.005264,1.2157589e-05
19,19,77.505298,3.4722413e-06
19,19,78.005332,4.4912147e-06
19,19,78.505367,5.9910656e-06
19,19,79.005401,8.7790847e-06
19,19,79.505435,6.771263e-06
19,19,80.005469,4.0166544e-06
19,19,80.505503,6.158204e-06
19,19,81.005537,2.2212984e-06
19,19,81.505572,1.3212911e-06
19,19,82.005606,5.2989562e-06
19,19,82.50564,8.9945285e-06
19,19,83.005674,6.3653e-06
19,19,83.505708,2.8856049e-06
19,19,84.005743,2.1611884e-06
19,19,84.505777,1.9543212e-07
19,19,85.005811,1.461407e-06
19,19,85.505845,1.9675056e-06
19,19,86.005879,9.6768323e-06
19,19,86.505913,1.2741784e-05
19,19,87.005948,4.4125025e-06
19,19,87.505982,1.7945851e-06
19,19,88.006016,2.9575289e-06
19,19,88.50605,9.2488612e-06
19,19,89.006084,9.3185124e-06
19,19,89.506119,3.7956959e-06
19,19,90.006153,4.90942e-06
19,19,90.506187,8.4134593e-06
19,19,91.006221,4.7574231e-06
19,19,91.506255,1.538695e-06
19,19,92.006289,8.5213198e-06
19,19,92.506324,1.8895299e-05
19,19,93.006358,9.9512423e-06
19,19,93.506392,8.9480023e-06
19,19,94.006426,1.3733619e-05
19,19,94.50646,1.2571679e-05
19,19,95.006495,8.9553827e-06
19,19,95.506529,1.0875062e-05
19,19,96.006563,6.56911e-06
19,19,96.506597,9.91093e-06
19,19,97.006631,8.8338065e-06
19,19,97.506665,7.8541071e-06
19,19,98.0067,7.5535893e-06
19,19,98.506734,2.9116789e-06
19,19,99.006768,1.9827488e-06
19,19,99.506802,1.2501517e-06
19,19,100.00684,1.4344585e-06
19,19,100.50687,7.6185917e-06
19,19,101.0069,8.3833835e-06
19,19,101.50694,9.154043e-06
19,19,102.00697,1.5754512e-05
19,19,102.50701,1.2200275e-05
19,19,103.00704,1.164263e-05
19,19,103.50708,1.330193e-05
19,19,104.00711,1.0503382e-05
19,19,104.50714,8.841276e-06
19,19,105.00718,4.9025339e-06
19,19,105.50721,6.3868258e-06
19,19,106.00725,1.1782769e-05
19,19,106.50728,9.9608052e-06
19,19,107.00731,8.0369164e-06
19,19,107.50735,6.1541272e-06
19,19,108.00738,3.0667072e-06
19,19,108.50742,4.1379198e-06
19,19,109.00745,5.0938798e-06
19,19,109.50749,4.0170128e-06
19,19,110.00752,2.9418953e-06
19,19,110.50755,3.7187238e-06
19,19,111.00759,5.5115628e-06
19,19,111.50762,6.2029233e-06
19,19,112.00766,5.4770111e-06
19,19,112.50769,4.2206009e-06
19,19,113.00773,2.6559898e-06
19,19,113.50776,1.5369603e-06
19,19,114.00779,5.6128055e-06
19,19,114.50783,1.028794e-05
19,19,115.00786,7.2949483e-06
19,19,115.5079,1.0821254e-06
19,19,116.00793,3.6969028e-06
19,19,116.50796,5.7834332e-06
19,19,117.008,7.1106916e-06
19,19,117.50803,5.2624019e-06
19,19,118.00807,1.3451021e-05
19,19,118.5081,2.2003275e-05
19,19,119.00814,2.1836324e-05
19,19,119.50817,3.1656189e-05
19,19,120.0082,7.0788524e-05
19,19,120.50824,3.659742e-05
19,19,121.00827,3.1746504e-06
19,19,121.50831,3.2601159e-06
19,19,122.00834,2.9418522e-06
19,19,122.50837,4.3213251e-06
19,19,123.00841,2.723497e-06
19,19,123.50844,3.7075439e-06
19,19,124.00848,3.943741e-06
19,19,124.50851,4.8596171e-06
19,19,125.00855,2.4229939e-06
19,19,125.50858,3.6751852e-06
19,19,126.00861,2.1263794e-06
19,19,126.50865,1.1754535e-06
19,19,127.00868,1.1782646e-06
19,19,127.50872,2.9255071e-06
19,19,128.00875,3.8513865e-06
19,19,128.50878,4.2935863e-06
19,19,129.00882,3.0318414e-06
19,19,129.50885,3.5576623e-06
19,19,130.00889,1.3401117e-06
19,19,130.50892,4.4638025e-06
19,19,131.00896,8.5503521e-06
19,19,131.50899,7.1285348e-06
19,19,132.00902,3.2062646e-06
19,19,132.50906,8.3023322e-06
19,19,133.00909,6.6701708e-06
19,19,133.50913,4.1018825e-06
19,19,134.00916,7.7458961e-07
19,19,134.50919,3.7071082e-06
19,19,135.00923,2.9092077e-06
19,19,135.50926,2.8442204e-06
19,19,136.0093,2.61959e-06
19,19,136.50933,3.2017053e-06
19,19,137.00937,4.9193113e-06
19,19,137.5094,4.8861057e-06
19,19,138.00943,8.4956939e-06
19,19,138.50947,6.5889087e-06
19,19,139.0095,3.2825549e-06
19,19,139.50954,1.1796542e-06
19,19,140.00957,3.1794244e-06
19,19,140.50961,7.8107315e-06
19,19,141.00964,4.9412382e-06
19,19,141.50967,1.9236423e-06
19,19,142.00971,2.6011974e-06
19,19,142.50974,7.1527632e-06
19,19,143.00978,7.4450615e-06
19,19,143.50981,3.4128022e-06
19,19,144.00984,3.3499442e-06
19,19,144.50988,4.626553e-06
19,19,145.00991,4.7248866e-07
19,19,145.50995,1.815917e-06
19,19,146.00998,1.5844419e-06
19,19,146.51002,4.4427802e-06
19,19,147.01005,5.5577778e-06
19,19,147.51008,2.8169509e-06
19,19,148.01012,5.2090781e-06
19,19,148.51015,3.5618084e-06
19,19,149.01019,6.5515539e-06
19,19,149.51022,1.0298124e-05
19,19,150.01025,7.9447863e-06
19,19,150.51029,7.3015067e-06
19,19,151.01032,4.5464603e-06
19,19,151.51036,3.8081748e-06
19,19,152.01039,6.0231065e-06
19,19,152.51043,5.8954221e-06
19,19,153.01046,6.1221124e-06
19,19,153.51049,7.3975499e-06
19,19,154.01053,1.8529523e-06
19,19,154.51056,7.2298903e-06
19,19,155.0106,1.8870646e-06
19,19,155.51063,3.886386e-06
19,19,156.01066,4.7238114e-06
19,19,156.5107,1.4769643e-05
19,19,157.01073,1.4494175e-05
19,19,157.51077,1.989999e-05
19,19,158.0108,1.6274817e-05
19,19,158.51084,5.1264666e-05
19,19,159.01087,3.9119704e-05
19,19,159.5109,2.2255911e-05
19,19,160.01094,1.4831567e-05
19,19,160.51097,8.0736119e-06
19,19,161.01101,7.9830265e-06
19,19,161.51104,7.8981903e-06
19,19,162.01107,3.7741699e-06
19,19,162.51111,4.8700145e-06
19,19,163.01114,6.6406848e-06
19,19,163.51118,9.0583459e-06
19,19,164.01121,9.2149857e-06
19,19,164.51125,5.4153754e-06
19,19,165.01128,3.6873625e-06
19,19,165.51131,1.1576083e-06
19,19,166.01135,2.9650538e-06
19,19,166.51138,3.6133836e-06
19,19,167.01142,3.5782483e-06
19,19,167.51145,1.7645962e-06
19,19,168.01149,2.8154284e-06
19,19,168.51152,7.6270983e-06
19,19,169.01155,3.1134747e-06
19,19,169.51159,4.4727409e-06
19,19,170.01162,7.4022975e-06
19,19,170.51166,9.3720828e-06
19,19,171.01169,6.7447184e-06
19,19,171.51172,4.257962e-06
19,19,172.01176,3.1653191e-06
19,19,172.51179,4.6534231e-06
19,19,173.01183,4.2496537e-06
19,19,173.51186,3.9236085e-06
19,19,174.0119,2.6975738e-06
19,19,174.51193,5.5685972e-06
19,19,175.01196,8.5153312e-06
19,19,175.512,3.2949632e-06
19,19,176.01203,2.4134071e-06
19,19,176.51207,7.918265e-06
19,19,177.0121,9.1655474e-06
19,19,177.51213,4.8538868e-06
19,19,178.01217,7.3897841e-06
19,19,178.5122,1.7742754e-06
19,19,179.01224,1.0349394e-05
19,19,179.51227,6.5171808e-06
19,19,180.01231,5.3426661e-06
19,19,180.51234,2.3217232e-06
19,19,181.01237,1.9419442e-06
19,19,181.51241,3.6779624e-06
19,19,182.01244,3.5577307e-06
19,19,182.51248,2.1152681e-06
19,19,183.01251,5.4714096e-06
19,19,183.51254,2.5922696e-06
19,19,184.01258,9.669493e-06
19,19,184.51261,9.0870885e-06
19,19,185.01265,3.9439899e-06
19,19,185.51268,5.2546591e-06
19,19,186.01272,5.953518e-06
19,19,186.51275,4.1839223e-06
19,19,187.01278,3.2845937e-06
19,19,187.51282,6.2456008e-06
19,19,188.01285,9.5557681e-06
19,19,188.51289,4.3228633e-06
19,19,189.01292,8.8205636e-06
19,19,189.51295,7.6830414e-06
19,19,190.01299,1.1559943e-05
19,19,190.51302,9.857931e-06
19,19,191.01306,2.2005741e-06
19,19,191.51309,8.9192727e-06
19,19,192.01313,1.3738108e-05
19,19,192.51316,6.8814915e-06
19,19,193.01319,7.9876406e-06
19,19,193.51323,1.2344898e-05
19,19,194.01326,1.1015536e-05
19,19,194.5133,4.2157239e-06
19,19,195.01333,3.4749416e-06
19,19,195.51337,4.5330648e-06
19,19,196.0134,4.3583913e-06
19,19,196.51343,3.5540831e-06
19,19,197.01347,5.0698436e-06
19,19,197.5135,2.0996159e-06
19,19,198.01354,5.1304507e-06
19,19,198.51357,5.2703718e-06
19,19,199.0136,1.8136251e-06
19,19,199.51364,2.0732096e-06
20,20,0,1.117785e-06
20,20,0.50003418,7.5658009e-07
20,20,1.0000684,4.0376885e-07
20,20,1.5001025,3.4242129e-07
20,20,2.0001367,4.1649414e-07
20,20,2.5001709,3.1707791e-07
20,20,3.0002051,4.1370064e-07
20,20,3.5002393,1.163666e-06
20,20,4.0002735,2.388831e-06
20,20,4.5003076,1.1259654e-06
20,20,5.0003418,1.8147903e-06
20,20,5.500376,3.5342472e-06
20,20,6.0004102,3.7859003e-06
20,20,6.5004444,2.5383164e-06
20,20,7.0004785,4.5909821e-06
20,20,7.5005127,4.1066313e-06
20,20,8.0005469,2.1201157e-05
20,20,8.5005811,3.2075186e-05
20,20,9.0006153,1.9621064e-05
20,20,9.5006495,2.9943842e-05
20,20,10.000684,2.9223917e-05
20,20,10.500718,5.8664273e-06
20,20,11.000752,1.538102e-05
20,20,11.500786,4.0111781e-06
20,20,12.00082,4.1109032e-05
20,20,12.500855,3.2901525e-05
20,20,13.000889,7.0765456e-06
20,20,13.500923,9.3893326e-06
20,20,14.000957,1.148222e-05
20,20,14.500991,2.6432273e-05
20,20,15.001025,2.1146931e-05
20,20,15.50106,1.1398681e-05
20,20,16.001094,1.8648981e-05
20,20,16.501128,4.3172613e-05
20,20,17.001162,4.5204755e-05
20,20,17.501196,1.5894957e-05
20,20,18.001231,7.0834022e-06
20,20,18.501265,1.8003315e-05
20,20,19.001299,2.3112621e-05
20,20,19.501333,4.1337146e-05
20,20,20.001367,3.9599674e-05
20,20,20.501401,1.4326441e-05
20,20,21.001436,4.6120638e-06
20,20,21.50147,1.7172552e-05
20,20,22.001504,2.8146365e-05
20,20,22.501538,1.82823e-05
20,20,23.001572,9.3599793e-06
20,20,23.501607,1.4320853e-05
20,20,24.001641,4.8024677e-06
20,20,24.501675,1.3070584e-05
20,20,25.001709,1.0905119e-05
20,20,25.501743,9.3878634e-06
20,20,26.001777,9.3793562e-06
20,20,26.501812,1.0828108e-05
20,20,27.001846,2.6478951e-05
20,20,27.50188,3.272257e-05
20,20,28.001914,7.25788e-05
20,20,28.501948,0.00010533074
20,20,29.001983,7.2244822e-05
20,20,29.502017,3.2194768e-05
20,20,30.002051,1.3033331e-05
20,20,30.502085,9.1200305e-06
20,20,31.002119,4.7455533e-06
20,20,31.502153,7.1590586e-06
20,20,32.002188,8.5353804e-06
20,20,32.502222,1.1391616e-05
20,20,33.002256,1.6393616e-05
20,20,33.50229,1.4397534e-05
20,20,34.002324,1.0930599e-05
20,20,34.502359,1.8099391e-05
20,20,35.002393,7.6334864e-06
20,20,35.502427,9.352496e-06
20,20,36.002461,1.1662257e-05
20,20,36.502495,6.3969989e-06
20,20,37.002529,8.166949e-06
20,20,37.502564,7.9614374e-06
20,20,38.002598,1.3877e-05
20,20,38.502632,1.2988139e-05
20,20,39.002666,5.0368297e-06
20,20,39.5027,3.8878826e-06
20,20,40.002735,1.1524848e-05
20,20,40.502769,2.252639e-05
20,20,41.002803,3.1388571e-05
20,20,41.502837,2.4116131e-05
20,20,42.002871,1.0728371e-05
20,20,42.502905,1.3445856e-05
20,20,43.00294,1.9289507e-05
20,20,43.502974,8.1344734e-06
20,20,44.003008,6.343832e-06
20,20,44.503042,4.5367859e-06
20,20,45.003076,7.0641462e-06
20,20,45.503111,1.1249342e-05
20,20,46.003145,6.155361e-06
20,20,46.503179,1.2995845e-05
20,20,47.003213,8.8501926e-06
20,20,47.503247,1.0685125e-05
20,20,48.003281,2.1040758e-05
20,20,48.503316,2.8170062e-05
20,20,49.00335,6.0057566e-06
20,20,49.503384,1.2659759e-05
20,20,50.003418,7.4452667e-06
20,20,50.503452,7.4873415e-06
20,20,51.003487,6.0018671e-06
20,20,51.503521,4.6952577e-06
20,20,52.003555,8.3253139e-06
20,20,52.503589,1.2235107e-05
20,20,53.003623,1.2129967e-05
20,20,53.503657,1.3092722e-05
20,20,54.003692,1.351362e-05
20,20,54.503726,1.5053197e-05
20,20,55.00376,1.9836385e-05
20,20,55.503794,2.3714943e-05
20,20,56.003828,2.6348125e-05
20,20,56.503863,4.9046638e-05
20,20,57.003897,3.7270338e-05
20,20,57.503931,3.5689884e-05
20,20,58.003965,7.6041625e-05
20,20,58.503999,0.00021715718
20,20,59.004033,0.0004196658
20,20,59.504068,0.00014491239
20,20,60.004102,4.7721574e-05
20,20,60.504136,1.0374259e-05
20,20,61.00417,4.437612e-06
20,20,61.504204,3.5319593e-06
20,20,62.004239,8.2483717e-06
20,20,62.504273,6.7723088e-06
20,20,63.004307,9.335218e-06
20,20,63.504341,1.1768033e-05
20,20,64.004375,2.8048374e-06
20,20,64.504409,8.0840159e-06
20,20,65.004444,9.6717698e-06
20,20,65.504478,9.4217848e-06
20,20,66.004512,1.371023e-05
20,20,66.504546,1.52173e-05
20,20,67.00458,7.6714923e-06
20,20,67.504615,6.8895206e-06
20,20,68.004649,1.0086182e-05
20,20,68.504683,1.0701882e-05
20,20,69.004717,5.3770177e-06
20,20,69.504751,2.2613446e-06
20,20,70.004785,2.6593265e-06
20,20,70.50482,5.3335183e-06
20,20,71.004854,3.8374643e-06
20,20,71.504888,7.163803e-06
20,20,72.004922,6.8203468e-06
20,20,72.504956,6.1274991e-06
20,20,73.004991,4.2335114e-06
20,20,73.505025,2.8073732e-06
20,20,74.005059,6.4418626e-06
20,20,74.505093,5.6179987e-06
20,20,75.005127,1.049586e-05
20,20,75.505161,1.144277e-05
20,20,76.005196,2.7193099e-06
20,20,76.50523,8.2954136e-06
20,20,77.005264,1.1323486e-05
20,20,77.505298,3.2875738e-06
20,20,78.005332,5.576413e-06
20,20,78.505367,6.65261e-06
20,20,79.005401,2.530749e-06
20,20,79.505435,3.6026066e-06
20,20,80.005469,4.4361968e-06
20,20,80.505503,3.3259487e-06
20,20,81.005537,2.3283355e-06
20,20,81.505572,2.6060429e-06
20,20,82.005606,2.7496425e-06
20,20,82.50564,1.36144e-05
20,20,83.005674,1.0362896e-05
20,20,83.505708,2.1901e-07
20,20,84.005743,5.9980427e-06
20,20,84.505777,7.8510385e-06
20,20,85.005811,4.4438735e-06
20,20,85.505845,5.2065943e-06
20,20,86.005879,8.3234351e-06
20,20,86.505913,6.4786905e-06
20,20,87.005948,2.7689648e-06
20,20,87.505982,2.5190964e-06
20,20,88.006016,2.0740167e-06
20,20,88.50605,6.1867646e-06
20,20,89.006084,5.1925929e-06
20,20,89.506119,1.625511e-06
20,20,90.006153,3.0270294e-06
20,20,90.506187,6.9309494e-06
20,20,91.006221,6.4298476e-06
20,20,91.506255,1.8958797e-06
20,20,92.006289,1.0438803e-05
20,20,92.506324,2.4873462e-05
20,20,93.006358,1.8513277e-05
20,20,93.506392,8.5063747e-06
20,20,94.006426,8.9960401e-06
20,20,94.50646,7.1099857e-06
20,20,95.006495,1.9232847e-06
20,20,95.506529,6.8030428e-06
20,20,96.006563,5.8062953e-06
20,20,96.506597,1.8933979e-05
20,20,97.006631,1.4428277e-05
20,20,97.506665,1.1655546e-05
20,20,98.0067,6.9627231e-06
20,20,98.506734,6.0516078e-06
20,20,99.006768,4.2538927e-06
20,20,99.506802,4.6131058e-06
20,20,100.00684,4.7346773e-06
20,20,100.50687,4.9462042e-06
20,20,101.0069,4.1916652e-06
20,20,101.50694,7.2118305e-06
20,20,102.00697,1.6378337e-05
20,20,102.50701,1.3999331e-05
20,20,103.00704,9.5863743e-06
20,20,103.50708,8.5452397e-06
20,20,104.00711,6.4220844e-06
20,20,104.50714,3.7730437e-06
20,20,105.00718,1.9951856e-06
20,20,105.50721,3.5942634e-06
20,20,106.00725,2.5739891e-06
20,20,106.50728,6.7006864e-06
20,20,107.00731,8.3492091e-06
20,20,107.50735,3.9375201e-06
20,20,108.00738,5.3266098e-06
20,20,108.50742,4.8011805e-06
20,20,109.00745,3.6418512e-06
20,20,109.50749,1.9333042e-06
20,20,110.00752,6.3779167e-06
20,20,110.50755,1.5631675e-06
20,20,111.00759,2.9575426e-06
20,20,111.50762,2.7168346e-06
20,20,112.00766,3.4465539e-06
20,20,112.50769,7.4889032e-06
20,20,113.00773,8.5092026e-06
20,20,113.50776,6.4144979e-06
20,20,114.00779,3.3481379e-06
20,20,114.50783,3.0048261e-06
20,20,115.00786,3.6855459e-06
20,20,115.5079,5.4847763e-06
20,20,116.00793,7.6693964e-06
20,20,116.50796,4.7116745e-06
20,20,117.008,2.5571218e-06
20,20,117.50803,5.7628599e-06
20,20,118.00807,2.410517e-06
20,20,118.5081,8.1184109e-06
20,20,119.00814,8.176796e-06
20,20,119.50817,6.2850569e-05
20,20,120.0082,0.00011469804
20,20,120.50824,5.6817843e-05
20,20,121.00827,1.1889027e-06
20,20,121.50831,6.2528139e-07
20,20,122.00834,2.7312312e-06
20,20,122.50837,2.8096222e-06
20,20,123.00841,3.0802211e-06
20,20,123.50844,4.2270857e-06
20,20,124.00848,3.3901336e-06
20,20,124.50851,1.8335568e-06
20,20,125.00855,2.3628289e-06
20,20,125.50858,4.1618805e-06
20,20,126.00861,2.8384881e-06
20,20,126.50865,1.4801648e-06
20,20,127.00868,4.6079558e-06
20,20,127.50872,5.2592981e-06
20,20,128.00875,1.2506389e-06
20,20,128.50878,4.2962431e-06
20,20,129.00882,3.8716214e-06
20,20,129.50885,3.3678815e-06
20,20,130.00889,2.6597169e-06
20,20,130.50892,5.6979863e-06
20,20,131.00896,5.3100802e-06
20,20,131.50899,2.7855909e-06
20,20,132.00902,2.7795044e-06
20,20,132.50906,5.6461742e-06
20,20,133.00909,4.0227305e-06
20,20,133.50913,3.6530597e-07
20,20,134.00916,2.2373827e-06
20,20,134.50919,2.7006374e-06
20,20,135.00923,7.1643574e-06
20,20,135.50926,5.7682846e-06
20,20,136.0093,3.8155025e-06
20,20,136.50933,3.8897998e-06
20,20,137.00937,7.0080977e-06
20,20,137.5094,3.8845486e-06
20,20,138.00943,3.9125104e-06
20,20,138.50947,2.2543519e-06
20,20,139.0095,2.4114152e-06
20,20,139.50954,2.3383834e-06
20,20,140.00957,1.510075e-06
20,20,140.50961,1.3160724e-06
20,20,141.00964,3.5854767e-07
20,20,141.50967,1.5964058e-06
20,20,142.00971,2.7070015e-06
20,20,142.50974,2.607228e-06
20,20,143.00978,2.1552951e-07
20,20,143.50981,2.1770783e-06
20,20,144.00984,1.2549018e-06
20,20,144.50988,1.1523476e-06
20,20,145.00991,3.3348702e-06
20,20,145.50995,3.3771794e-06
20,20,146.00998,3.4484609e-06
20,20,146.51002,6.6801999e-06
20,20,147.01005,4.7617566e-06
20,20,147.51008,5.7972782e-06
20,20,148.01012,6.2827403e-06
20,20,148.51015,4.9943115e-06
20,20,149.01019,5.7364623e-06
20,20,149.51022,9.1854304e-06
20,20,150.01025,8.4199393e-06
20,20,150.51029,4.5141285e-06
20,20,151.01032,5.7912594e-06
20,20,151.51036,7.1278955e-06
20,20,152.01039,3.0331225e-06
20,20,152.51043,1.1674272e-05
20,20,153.01046,1.5866201e-05
20,20,153.51049,7.4195331e-06
20,20,154.01053,4.0391197e-06
20,20,154.51056,1.5931182e-06
20,20,155.0106,1.6758865e-06
20,20,155.51063,3.3421223e-06
20,20,156.01066,5.5766016e-06
20,20,156.5107,4.0725744e-06
20,20,157.01073,3.8067807e-06
20,20,157.51077,6.0489759e-06
20,20,158.0108,2.265188e-06
20,20,158.51084,1.1813815e-05
20,20,159.01087,1.3527557e-05
20,20,159.5109,1.1835217e-05
20,20,160.01094,7.6378953e-06
20,20,160.51097,4.3250406e-06
20,20,161.01101,2.072903e-06
20,20,161.51104,6.6911207e-06
20,20,162.01107,5.4678272e-06
20,20,162.51111,3.9416624e-07
20,20,163.01114,2.8294621e-06
20,20,163.51118,3.5113587e-06
20,20,164.01121,1.0041629e-06
20,20,164.51125,5.4699825e-06
20,20,165.01128,3.3355889e-06
20,20,165.51131,6.9798958e-06
20,20,166.01135,1.2059483e-05
20,20,166.51138,7.9520054e-06
20,20,167.01142,2.8240455e-06
20,20,167.51145,4.5705187e-06
20,20,168.01149,2.1582584e-06
20,20,168.51152,4.5352109e-06
20,20,169.01155,3.3310171e-06
20,20,169.51159,2.7898455e-06
20,20,170.01162,2.7574981e-06
20,20,170.51166,1.9483296e-06
20,20,171.01169,4.6941315e-06
20,20,171.51172,3.7325551e-06
20,20,172.01176,4.0102341e-06
20,20,172.51179,4.090083e-06
20,20,173.01183,2.6156909e-06
20,20,173.51186,8.3686038e-07
20,20,174.0119,3.6037512e-06
20,20,174.51193,3.7455426e-06
20,20,175.01196,6.4118727e-06
20,20,175.512,1.7213433e-06
20,20,176.01203,3.5427941e-06
20,20,176.51207,1.0452084e-05
20,20,177.0121,1.6305453e-05
20,20,177.51213,1.4770705e-05
20,20,178.01217,9.1743942e-06
20,20,178.5122,3.6059379e-06
20,20,179.01224,8.1114525e-06
20,20,179.51227,8.6905795e-06
20,20,180.01231,3.7413396e-06
20,20,180.51234,4.1239429e-06
20,20,181.01237,3.524267e-06
20,20,181.51241,1.9757201e-06
20,20,182.01244,4.5438834e-06
20,20,182.51248,4.4271774e-06
20,20,183.01251,1.6566067e-06
20,20,183.51254,9.557813e-07
20,20,184.01258,3.4430008e-06
20,20,184.51261,3.8933849e-06
20,20,185.01265,6.9798413e-06
20,20,185.51268,2.8156498e-06
20,20,186.01272,6.8487988e-07
20,20,186.51275,5.5052062e-06
20,20,187.01278,9.0551994e-06
20,20,187.51282,6.2448996e-06
20,20,188.01285,3.6185524e-06
20,20,188.51289,1.8322365e-06
20,20,189.01292,6.3106898e-06
20,20,189.51295,7.8427751e-06
20,20,190.01299,7.511727e-06
20,20,190.51302,6.5801865e-06
20,20,191.01306,3.0734081e-06
20,20,191.51309,4.8736356e-06
20,20,192.01313,6.0628478e-06
20,20,192.51316,7.0573795e-06
20,20,193.01319,7.4313724e-06
20,20,193.51323,4.9036644e-06
20,20,194.01326,4.7185358e-06
20,20,194.5133,5.3755527e-06
20,20,195.01333,2.6955608e-06
20,20,195.51337,2.0591939e-06
20,20,196.0134,2.1444384e-06
20,20,196.51343,7.3875773e-06
20,20,197.01347,7.7512681e-06
20,20,197.5135,2.4241721e-06
20,20,198.01354,1.5150289e-06
20,20,198.51357,3.6700805e-06
20,20,199.0136,8.4001196e-06
20,20,199.51364,4.0467327e-06
