sensor_label,channel,frequency_hz,psd
1,1,0,1.9964921e-12
1,1,0.80645161,1.1943404e-12
1,1,1.6129032,9.1940468e-11
1,1,2.4193548,2.6346543e-10
1,1,3.2258065,2.3458926e-10
1,1,4.0322581,2.4744241e-10
1,1,4.8387097,2.4341051e-10
1,1,5.6451613,4.8686509e-10
1,1,6.4516129,4.6224783e-10
1,1,7.2580645,3.2144081e-10
1,1,8.0645161,8.765934e-10
1,1,8.8709677,6.3874205e-10
1,1,9.6774194,7.0422374e-10
1,1,10.483871,7.6134164e-10
1,1,11.290323,5.7588649e-10
1,1,12.096774,1.0853839e-09
1,1,12.903226,7.6542352e-10
1,1,13.709677,8.1837221e-10
1,1,14.516129,9.0659743e-10
1,1,15.322581,6.7559903e-10
1,1,16.129032,6.1783305e-10
1,1,16.935484,5.9929733e-10
1,1,17.741935,1.8775813e-09
1,1,18.548387,2.459144e-09
1,1,19.354839,5.1999365e-09
1,1,20.16129,5.4882759e-09
1,1,20.967742,1.0807212e-09
1,1,21.774194,2.9063386e-09
1,1,22.580645,2.7385312e-09
1,1,23.387097,4.3795522e-09
1,1,24.193548,5.586169e-09
1,1,25,2.5936644e-09
1,1,25.806452,5.0987754e-09
1,1,26.612903,2.6620699e-09
1,1,27.419355,3.2909221e-09
1,1,28.225806,6.1923463e-09
1,1,29.032258,7.0620082e-09
1,1,29.83871,1.7246158e-08
1,1,30.645161,9.8739707e-09
1,1,31.451613,1.4799714e-08
1,1,32.258065,1.5952592e-08
1,1,33.064516,1.1386379e-08
1,1,33.870968,2.5389838e-08
1,1,34.677419,1.3736803e-08
1,1,35.483871,1.8303553e-08
1,1,36.290323,2.4094467e-08
1,1,37.096774,2.403926e-08
1,1,37.903226,8.7645066e-08
1,1,38.709677,6.8621199e-08
1,1,39.516129,1.2813718e-08
1,1,40.322581,5.1735973e-09
1,1,41.129032,3.3396477e-09
1,1,41.935484,8.9024841e-09
1,1,42.741935,5.5466148e-09
1,1,43.548387,2.3541161e-09
1,1,44.354839,3.1880016e-09
1,1,45.16129,1.6845627e-09
1,1,45.967742,1.3797367e-09
1,1,46.774194,1.7183835e-09
1,1,47.580645,8.3396148e-10
1,1,48.387097,9.0642549e-10
1,1,49.193548,7.3160811e-10
1,1,50,6.0499097e-10
1,1,50.806452,8.4736519e-10
1,1,51.612903,4.1221514e-10
1,1,52.419355,3.4228402e-10
1,1,53.225806,2.8215776e-10
1,1,54.032258,2.5886489e-10
1,1,54.83871,3.0047412e-10
1,1,55.645161,1.8405839e-10
1,1,56.451613,1.2086907e-10
1,1,57.258065,9.7566746e-11
1,1,58.064516,2.770693e-10
1,1,58.870968,2.0192559e-09
1,1,59.677419,6.6393268e-09
1,1,60.483871,2.74875e-09
1,1,61.290323,6.8280178e-10
1,1,62.096774,6.1209003e-10
1,1,62.903226,9.7764223e-10
1,1,63.709677,1.4783886e-09
1,1,64.516129,1.133432e-09
1,1,65.322581,3.1337939e-09
1,1,66.129032,1.5819143e-09
1,1,66.935484,5.0087019e-09
1,1,67.741935,4.7937648e-09
1,1,68.548387,4.972086e-09
1,1,69.354839,1.1672577e-08
1,1,70.16129,3.9825054e-09
1,1,70.967742,6.5596195e-09
1,1,71.774194,5.9019302e-09
1,1,72.580645,2.1484254e-10
1,1,73.387097,1.6962919e-09
1,1,74.193548,5.5816055e-10
1,1,75,1.4660553e-09
1,1,75.806452,2.0706004e-09
1,1,76.612903,1.8781801e-09
1,1,77.419355,1.8331521e-09
1,1,78.225806,1.6306198e-09
1,1,79.032258,2.0770254e-09
1,1,79.83871,1.3654896e-09
1,1,80.645161,1.5240944e-09
1,1,81.451613,1.0602766e-09
1,1,82.258065,4.9125829e-10
1,1,83.064516,9.8488171e-10
1,1,83.870968,2.2523777e-10
1,1,84.677419,3.9173962e-10
1,1,85.483871,4.3732213e-10
1,1,86.290323,5.124138e-10
1,1,87.096774,8.8622543e-10
1,1,87.903226,1.0835316e-09
1,1,88.709677,1.1949714e-09
1,1,89.516129,1.6113504e-09
1,1,90.322581,2.1190918e-09
1,1,91.129032,1.7907575e-09
1,1,91.935484,2.0212727e-09
1,1,92.741935,1.633846e-09
1,1,93.548387,8.0931131e-10
1,1,94.354839,7.1514841e-10
1,1,95.16129,4.5515884e-10
1,1,95.967742,4.4150986e-10
1,1,96.774194,1.9175979e-10
1,1,97.580645,1.1167478e-10
1,1,98.387097,2.0020065e-10
1,1,99.193548,1.8564011e-10
1,1,100,3.4930717e-10
1,1,100.80645,4.3461376e-10
1,1,101.6129,8.3505049e-10
1,1,102.41935,1.0169459e-09
1,1,103.22581,9.1798282e-10
1,1,104.03226,9.0350071e-10
1,1,104.83871,6.0654238e-10
1,1,105.64516,1.0612682e-09
1,1,106.45161,7.7952095e-10
1,1,107.25806,5.0730358e-10
1,1,108.06452,4.616231e-10
1,1,108.87097,5.5421937e-10
1,1,109.67742,3.9351523e-10
1,1,110.48387,5.2516318e-11
1,1,111.29032,2.5291306e-10
1,1,112.09677,4.5905273e-10
1,1,112.90323,3.9933128e-10
1,1,113.70968,3.7849336e-10
1,1,114.51613,7.7253088e-10
1,1,115.32258,3.4797041e-10
1,1,116.12903,5.7582305e-10
1,1,116.93548,9.9243348e-10
1,1,117.74194,5.9420216e-10
1,1,118.54839,1.7154621e-09
1,1,119.35484,7.6533905e-09
1,1,120.16129,1.226231e-08
1,1,120.96774,1.7025348e-09
1,1,121.77419,4.7309822e-10
1,1,122.58065,1.3823414e-10
1,1,123.3871,3.5022824e-10
1,1,124.19355,4.9449974e-10
1,1,125,2.6591541e-10
1,1,125.80645,5.2034414e-10
1,1,126.6129,1.8624116e-09
1,1,127.41935,1.1638094e-09
1,1,128.22581,1.1019667e-09
1,1,129.03226,1.6287592e-09
1,1,129.83871,9.2189957e-10
1,1,130.64516,1.1416537e-09
1,1,131.45161,1.1257106e-09
1,1,132.25806,9.0835391e-10
1,1,133.06452,6.8096867e-10
1,1,133.87097,3.659134e-10
1,1,134.67742,1.8947917e-10
1,1,135.48387,4.2377433e-10
1,1,136.29032,4.4326452e-10
1,1,137.09677,1.5056669e-10
1,1,137.90323,3.4353959e-10
1,1,138.70968,1.1005772e-09
1,1,139.51613,7.8477986e-10
1,1,140.32258,1.0107138e-09
1,1,141.12903,1.6752114e-09
1,1,141.93548,1.018774e-09
1,1,142.74194,2.9587018e-09
1,1,143.54839,3.7233813e-09
1,1,144.35484,2.7403029e-09
1,1,145.16129,2.009299e-09
1,1,145.96774,1.1040722e-09
1,1,146.77419,7.852357e-10
1,1,147.58065,7.2321703e-10
1,1,148.3871,2.5195688e-09
1,1,149.19355,1.64746e-09
1,1,150,4.0121006e-10
1,1,150.80645,9.9617578e-10
1,1,151.6129,1.7435898e-09
1,1,152.41935,3.775849e-09
1,1,153.22581,8.0535583e-09
1,1,154.03226,6.6669143e-09
1,1,154.83871,7.1273011e-09
1,1,155.64516,7.1396834e-09
1,1,156.45161,8.4331188e-09
1,1,157.25806,9.3570893e-09
1,1,158.06452,7.610547e-09
1,1,158.87097,6.5231223e-09
1,1,159.67742,3.9769747e-09
1,1,160.48387,3.030861e-09
1,1,161.29032,2.0368653e-09
1,1,162.09677,1.5828886e-09
1,1,162.90323,1.8052261e-09
1,1,163.70968,1.7522305e-09
1,1,164.51613,2.6944424e-09
1,1,165.32258,3.1684931e-09
1,1,166.12903,3.0477394e-09
1,1,166.93548,4.0914734e-09
1,1,167.74194,4.2985943e-09
1,1,168.54839,5.169044e-09
1,1,169.35484,4.5660571e-09
1,1,170.16129,3.367306e-09
1,1,170.96774,3.9067799e-09
1,1,171.77419,2.662536e-09
1,1,172.58065,1.7996473e-09
1,1,173.3871,1.3525395e-09
1,1,174.19355,6.8687334e-10
1,1,175,4.5973955e-10
1,1,175.80645,4.7518239e-10
1,1,176.6129,6.284601e-10
1,1,177.41935,7.5397951e-10
1,1,178.22581,1.1750938e-09
1,1,179.03226,1.4338362e-09
1,1,179.83871,1.1448401e-09
1,1,180.64516,2.23052e-09
1,1,181.45161,2.3062009e-09
1,1,182.25806,1.9123265e-09
1,1,183.06452,2.1681307e-09
1,1,183.87097,1.6340857e-09
1,1,184.67742,1.3377439e-09
1,1,185.48387,1.1460884e-09
1,1,186.29032,8.00166e-10
1,1,187.09677,7.8707148e-10
1,1,187.90323,7.7446963e-10
1,1,188.70968,6.7538052e-10
1,1,189.51613,4.0006095e-10
1,1,190.32258,3.224058e-10
1,1,191.12903,6.8859524e-10
1,1,191.93548,2.8717758e-10
1,1,192.74194,1.1444848e-09
1,1,193.54839,1.7368856e-09
1,1,194.35484,1.7509091e-09
1,1,195.16129,3.1635565e-09
1,1,195.96774,1.5557826e-09
1,1,196.77419,1.4099132e-09
1,1,197.58065,2.0395976e-09
1,1,198.3871,2.2095875e-09
1,1,199.19355,4.1655943e-09
2,2,0,3.1096698e-12
2,2,0.80645161,2.8540219e-12
2,2,1.6129032,1.2117949e-10
2,2,2.4193548,1.9635479e-10
2,2,3.2258065,1.7922487e-10
2,2,4.0322581,2.3613305e-10
2,2,4.8387097,8.4389688e-11
2,2,5.6451613,1.4747715e-11
2,2,6.4516129,1.7498476e-11
2,2,7.2580645,1.5035198e-10
2,2,8.0645161,7.8265498e-10
2,2,8.8709677,4.9525165e-10
2,2,9.6774194,2.2398958e-09
2,2,10.483871,2.3236651e-09
2,2,11.290323,5.4048141e-10
2,2,12.096774,3.4715775e-09
2,2,12.903226,4.7414685e-10
2,2,13.709677,3.6056432e-09
2,2,14.516129,2.9240982e-09
2,2,15.322581,5.1952538e-10
2,2,16.129032,2.8751157e-09
2,2,16.935484,4.3726294e-10
2,2,17.741935,6.3613442e-09
2,2,18.548387,4.4593323e-09
2,2,19.354839,7.5428378e-09
2,2,20.16129,1.4247969e-08
2,2,20.967742,2.3345726e-09
2,2,21.774194,1.9660655e-08
2,2,22.580645,6.8337001e-09
2,2,23.387097,1.774201e-08
2,2,24.193548,2.9272691e-08
2,2,25,8.5501685e-09
2,2,25.806452,4.0098341e-08
2,2,26.612903,1.9995438e-08
2,2,27.419355,1.9369927e-08
2,2,28.225806,3.5588565e-08
2,2,29.032258,2.9413226e-08
2,2,29.83871,9.2543115e-08
2,2,30.645161,3.9420555e-08
2,2,31.451613,1.0024246e-07
2,2,32.258065,1.1130345e-07
2,2,33.064516,5.1302932e-08
2,2,33.870968,1.1675355e-07
2,2,34.677419,6.3337967e-08
2,2,35.483871,6.6733842e-08
2,2,36.290323,4.439077e-08
2,2,37.096774,3.1277731e-08
2,2,37.903226,3.1855842e-08
2,2,38.709677,1.7051221e-08
2,2,39.516129,2.95656e-08
2,2,40.322581,9.3434465e-09
2,2,41.129032,2.3668785e-08
2,2,41.935484,7.8783304e-08
2,2,42.741935,4.1688406e-08
2,2,43.548387,5.8902381e-08
2,2,44.354839,4.1721722e-08
2,2,45.16129,1.3199439e-08
2,2,45.967742,4.193738e-08
2,2,46.774194,8.3408634e-09
2,2,47.580645,2.8389723e-08
2,2,48.387097,1.4530963e-08
2,2,49.193548,2.0510696e-08
2,2,50,2.8748585e-08
2,2,50.806452,7.7738917e-09
2,2,51.612903,2.3146967e-08
2,2,52.419355,1.1915037e-08
2,2,53.225806,1.0295206e-08
2,2,54.032258,1.5140159e-08
2,2,54.83871,2.812899e-09
2,2,55.645161,8.9386479e-09
2,2,56.451613,3.9446884e-09
2,2,57.258065,2.6103928e-09
2,2,58.064516,5.0390253e-09
2,2,58.870968,7.0131423e-09
2,2,59.677419,3.2175131e-08
2,2,60.483871,3.7572133e-09
2,2,61.290323,1.3763718e-08
2,2,62.096774,8.5893404e-09
2,2,62.903226,6.983095e-09
2,2,63.709677,2.1714882e-08
2,2,64.516129,2.2880004e-09
2,2,65.322581,2.5655754e-08
2,2,66.129032,1.4049484e-08
2,2,66.935484,1.7711657e-08
2,2,67.741935,3.8345459e-08
2,2,68.548387,2.8554912e-09
2,2,69.354839,3.6795989e-08
2,2,70.16129,1.6875523e-08
2,2,70.967742,1.1895232e-08
2,2,71.774194,3.0009233e-08
2,2,72.580645,9.4150274e-10
2,2,73.387097,1.2444954e-08
2,2,74.193548,7.0236797e-09
2,2,75,1.0263266e-09
2,2,75.806452,5.0942189e-09
2,2,76.612903,3.2496138e-09
2,2,77.419355,2.4017236e-09
2,2,78.225806,2.9785517e-09
2,2,79.032258,6.4880847e-09
2,2,79.83871,2.2003306e-09
2,2,80.645161,5.1441178e-09
2,2,81.451613,5.1959566e-09
2,2,82.258065,1.1840564e-09
2,2,83.064516,6.5278154e-09
2,2,83.870968,2.5187123e-09
2,2,84.677419,1.7613747e-09
2,2,85.483871,4.6224579e-09
2,2,86.290323,1.0055435e-09
2,2,87.096774,2.5507435e-09
2,2,87.903226,4.4900068e-09
2,2,88.709677,1.5686891e-09
2,2,89.516129,1.9216199e-09
2,2,90.322581,7.4481796e-09
2,2,91.129032,3.70966e-09
2,2,91.935484,4.7200013e-09
2,2,92.741935,1.0444724e-08
2,2,93.548387,2.5522044e-09
2,2,94.354839,8.2089308e-09
2,2,95.16129,7.1789824e-09
2,2,95.967742,1.1727478e-09
2,2,96.774194,6.2504408e-09
2,2,97.580645,1.9827991e-09
2,2,98.387097,1.2526121e-09
2,2,99.193548,3.0319006e-09
2,2,100,9.8792289e-10
2,2,100.80645,1.9278994e-10
2,2,101.6129,3.7677756e-09
2,2,102.41935,5.8141628e-09
2,2,103.22581,2.910346e-09
2,2,104.03226,9.2749893e-09
2,2,104.83871,1.6317575e-08
2,2,105.64516,1.0207516e-08
2,2,106.45161,2.620471e-08
2,2,107.25806,2.6139531e-08
2,2,108.06452,9.3451483e-09
2,2,108.87097,2.1961791e-08
2,2,109.67742,8.8289426e-09
2,2,110.48387,5.2717739e-09
2,2,111.29032,9.8095729e-09
2,2,112.09677,1.5924725e-09
2,2,112.90323,1.0025846e-09
2,2,113.70968,4.8146059e-10
2,2,114.51613,2.2472594e-09
2,2,115.32258,1.412559e-09
2,2,116.12903,1.8278312e-09
2,2,116.93548,1.3912777e-09
2,2,117.74194,8.8040327e-10
2,2,118.54839,1.7254535e-09
2,2,119.35484,4.0888241e-08
2,2,120.16129,7.6310885e-08
2,2,120.96774,7.8777941e-09
2,2,121.77419,7.4299134e-10
2,2,122.58065,3.7149189e-09
2,2,123.3871,1.4869074e-09
2,2,124.19355,1.4716108e-09
2,2,125,2.3375338e-09
2,2,125.80645,1.1650042e-09
2,2,126.6129,1.8169454e-09
2,2,127.41935,2.9091006e-09
2,2,128.22581,2.0266219e-09
2,2,129.03226,8.2418755e-10
2,2,129.83871,5.8988662e-09
2,2,130.64516,3.8904537e-09
2,2,131.45161,1.5153244e-09
2,2,132.25806,7.7627746e-09
2,2,133.06452,2.7162015e-09
2,2,133.87097,1.4834182e-09
2,2,134.67742,2.8433917e-09
2,2,135.48387,2.8141487e-10
2,2,136.29032,1.7489226e-09
2,2,137.09677,1.4539882e-09
2,2,137.90323,4.9765031e-10
2,2,138.70968,2.0736127e-09
2,2,139.51613,1.7984144e-09
2,2,140.32258,8.2422295e-10
2,2,141.12903,1.3405794e-09
2,2,141.93548,2.0434201e-09
2,2,142.74194,6.3167947e-10
2,2,143.54839,4.3711912e-09
2,2,144.35484,2.9571185e-09
2,2,145.16129,8.5920337e-10
2,2,145.96774,7.6379323e-09
2,2,146.77419,1.2540499e-09
2,2,147.58065,5.3087678e-09
2,2,148.3871,9.495419e-09
2,2,149.19355,1.2548427e-10
2,2,150,8.2794617e-09
2,2,150.80645,4.9828928e-09
2,2,151.6129,2.6164581e-09
2,2,152.41935,3.6232694e-09
2,2,153.22581,4.483916e-09
2,2,154.03226,1.8352038e-09
2,2,154.83871,1.7931568e-09
2,2,155.64516,5.3951879e-09
2,2,156.45161,6.214259e-10
2,2,157.25806,3.8696204e-09
2,2,158.06452,5.6081572e-09
2,2,158.87097,1.0749071e-10
2,2,159.67742,5.900183e-09
2,2,160.48387,3.8943831e-09
2,2,161.29032,4.8412929e-10
2,2,162.09677,3.9468269e-09
2,2,162.90323,6.7032356e-10
2,2,163.70968,1.8095384e-09
2,2,164.51613,1.6587404e-09
2,2,165.32258,5.6832914e-10
2,2,166.12903,1.2432351e-09
2,2,166.93548,8.8804493e-10
2,2,167.74194,9.4313413e-10
2,2,168.54839,3.6532422e-10
2,2,169.35484,1.5903274e-09
2,2,170.16129,3.7064046e-10
2,2,170.96774,1.0413893e-09
2,2,171.77419,2.399123e-09
2,2,172.58065,1.6372157e-10
2,2,173.3871,2.7738543e-09
2,2,174.19355,2.3037719e-09
2,2,175,3.3196452e-10
2,2,175.80645,2.927163e-09
2,2,176.6129,8.0732992e-10
2,2,177.41935,2.4578139e-09
2,2,178.22581,2.6385895e-09
2,2,179.03226,9.8492662e-10
2,2,179.83871,2.3974113e-09
2,2,180.64516,1.0086249e-09
2,2,181.45161,2.0190189e-09
2,2,182.25806,8.4020686e-10
2,2,183.06452,2.484281e-09
2,2,183.87097,2.1292037e-09
2,2,184.67742,5.0557096e-10
2,2,185.48387,3.637505e-09
2,2,186.29032,1.5034594e-09
2,2,187.09677,9.0004877e-10
2,2,187.90323,3.1325771e-09
2,2,188.70968,8.1654663e-10
2,2,189.51613,1.749935e-09
2,2,190.32258,3.3695257e-09
2,2,191.12903,1.4194249e-09
2,2,191.93548,2.4046214e-09
2,2,192.74194,1.7969207e-09
2,2,193.54839,1.5148221e-09
2,2,194.35484,2.5092729e-09
2,2,195.16129,2.38298e-09
2,2,195.96774,1.1723854e-09
2,2,196.77419,2.7731281e-09
2,2,197.58065,1.842815e-09
2,2,198.3871,1.402155e-09
2,2,199.19355,3.7419629e-09
3,3,0,2.0517577e-12
3,3,0.80645161,8.6218752e-13
3,3,1.6129032,1.0381473e-11
3,3,2.4193548,1.1672543e-11
3,3,3.2258065,5.0184371e-12
3,3,4.0322581,1.3630581e-11
3,3,4.8387097,1.2133371e-11
3,3,5.6451613,1.7786907e-11
3,3,6.4516129,2.6177084e-11
3,3,7.2580645,2.6797961e-11
3,3,8.0645161,5.8440625e-11
3,3,8.8709677,8.0117262e-11
3,3,9.6774194,1.7585875e-10
3,3,10.483871,1.3599457e-10
3,3,11.290323,3.7891258e-11
3,3,12.096774,1.191959e-10
3,3,12.903226,6.3573065e-11
3,3,13.709677,4.0187713e-10
3,3,14.516129,5.5396656e-10
3,3,15.322581,1.693842e-10
3,3,16.129032,4.0429609e-10
3,3,16.935484,3.9411798e-11
3,3,17.741935,3.6682364e-10
3,3,18.548387,1.8931702e-10
3,3,19.354839,2.0511207e-09
3,3,20.16129,3.9193602e-09
3,3,20.967742,4.5774705e-10
3,3,21.774194,1.6893875e-09
3,3,22.580645,4.0256271e-10
3,3,23.387097,1.7024805e-09
3,3,24.193548,3.0943753e-09
3,3,25,1.7611705e-09
3,3,25.806452,6.3066406e-09
3,3,26.612903,3.5338753e-09
3,3,27.419355,1.6319026e-09
3,3,28.225806,2.5086584e-09
3,3,29.032258,4.7168843e-09
3,3,29.83871,1.1383676e-08
3,3,30.645161,3.8084364e-09
3,3,31.451613,1.4285656e-08
3,3,32.258065,1.6486151e-08
3,3,33.064516,1.2156341e-08
3,3,33.870968,2.6836032e-08
3,3,34.677419,1.5259571e-08
3,3,35.483871,2.3780694e-08
3,3,36.290323,1.6707981e-08
3,3,37.096774,1.337443e-08
3,3,37.903226,2.9680265e-08
3,3,38.709677,1.6084413e-08
3,3,39.516129,1.8566762e-08
3,3,40.322581,1.6536357e-08
3,3,41.129032,1.293244e-08
3,3,41.935484,2.0941803e-08
3,3,42.741935,1.2033051e-08
3,3,43.548387,8.8616369e-09
3,3,44.354839,4.598985e-09
3,3,45.16129,4.901542e-10
3,3,45.967742,8.8349167e-10
3,3,46.774194,5.0581445e-10
3,3,47.580645,8.3205449e-10
3,3,48.387097,1.976003e-09
3,3,49.193548,1.1996311e-09
3,3,50,2.806011e-10
3,3,50.806452,7.1660785e-11
3,3,51.612903,1.8489427e-10
3,3,52.419355,1.4654209e-10
3,3,53.225806,3.080642e-10
3,3,54.032258,5.5236461e-10
3,3,54.83871,2.8784095e-10
3,3,55.645161,4.4647391e-10
3,3,56.451613,2.5451849e-10
3,3,57.258065,8.5468563e-11
3,3,58.064516,3.1084214e-10
3,3,58.870968,5.6218186e-10
3,3,59.677419,4.1227492e-09
3,3,60.483871,1.1907294e-09
3,3,61.290323,8.4097098e-10
3,3,62.096774,4.8989878e-10
3,3,62.903226,7.2445028e-10
3,3,63.709677,1.5745902e-09
3,3,64.516129,3.3760779e-10
3,3,65.322581,2.869548e-09
3,3,66.129032,2.2489239e-09
3,3,66.935484,1.045131e-09
3,3,67.741935,4.1245307e-09
3,3,68.548387,1.1568601e-09
3,3,69.354839,4.5230221e-09
3,3,70.16129,3.8701787e-09
3,3,70.967742,1.1712318e-09
3,3,71.774194,6.2466419e-09
3,3,72.580645,8.4394247e-10
3,3,73.387097,2.244439e-09
3,3,74.193548,3.5271301e-09
3,3,75,3.8316788e-10
3,3,75.806452,2.2869082e-09
3,3,76.612903,1.6071205e-09
3,3,77.419355,3.6756794e-10
3,3,78.225806,1.4137334e-09
3,3,79.032258,2.4419111e-09
3,3,79.83871,1.5703196e-10
3,3,80.645161,2.5315367e-09
3,3,81.451613,1.6407911e-09
3,3,82.258065,1.1965671e-10
3,3,83.064516,1.5749375e-09
3,3,83.870968,6.568411e-10
3,3,84.677419,1.7212027e-10
3,3,85.483871,5.0749415e-10
3,3,86.290323,2.220695e-10
3,3,87.096774,1.1580269e-10
3,3,87.903226,3.4574435e-10
3,3,88.709677,5.2991687e-11
3,3,89.516129,2.3241937e-10
3,3,90.322581,4.4744329e-10
3,3,91.129032,1.7100386e-10
3,3,91.935484,2.8900652e-10
3,3,92.741935,3.1514769e-10
3,3,93.548387,1.0209623e-10
3,3,94.354839,4.5123013e-10
3,3,95.16129,4.7864361e-10
3,3,95.967742,1.1373597e-10
3,3,96.774194,8.1953512e-11
3,3,97.580645,4.4642657e-11
3,3,98.387097,4.0367212e-11
3,3,99.193548,4.3757181e-11
3,3,100,1.780604e-11
3,3,100.80645,1.9781207e-11
3,3,101.6129,3.098694e-10
3,3,102.41935,2.9831375e-10
3,3,103.22581,1.6160033e-10
3,3,104.03226,1.3386553e-10
3,3,104.83871,7.6398168e-11
3,3,105.64516,1.7472904e-10
3,3,106.45161,4.0727694e-11
3,3,107.25806,4.3036398e-11
3,3,108.06452,2.5807064e-11
3,3,108.87097,9.8226018e-11
3,3,109.67742,1.3016687e-10
3,3,110.48387,4.696405e-10
3,3,111.29032,1.3515219e-09
3,3,112.09677,5.31444e-10
3,3,112.90323,6.4445838e-10
3,3,113.70968,9.1722475e-10
3,3,114.51613,5.9920091e-11
3,3,115.32258,3.7772575e-10
3,3,116.12903,2.8562291e-10
3,3,116.93548,2.4605397e-10
3,3,117.74194,4.7944901e-10
3,3,118.54839,3.1427307e-09
3,3,119.35484,2.8275933e-08
3,3,120.16129,6.566353e-08
3,3,120.96774,1.2372317e-08
3,3,121.77419,2.1008029e-10
3,3,122.58065,9.3722396e-10
3,3,123.3871,5.4007827e-10
3,3,124.19355,2.9705679e-10
3,3,125,8.847335e-10
3,3,125.80645,2.4910866e-10
3,3,126.6129,3.9345885e-10
3,3,127.41935,8.6721013e-10
3,3,128.22581,3.0423449e-10
3,3,129.03226,1.6752262e-10
3,3,129.83871,8.5058184e-10
3,3,130.64516,5.229811e-10
3,3,131.45161,3.520257e-10
3,3,132.25806,2.5415223e-09
3,3,133.06452,1.3422847e-09
3,3,133.87097,1.8935304e-09
3,3,134.67742,1.736104e-09
3,3,135.48387,1.7266959e-10
3,3,136.29032,7.8131142e-10
3,3,137.09677,3.223963e-10
3,3,137.90323,1.7523007e-10
3,3,138.70968,3.9220432e-10
3,3,139.51613,1.1907689e-10
3,3,140.32258,3.9994204e-11
3,3,141.12903,1.9432119e-10
3,3,141.93548,2.864438e-10
3,3,142.74194,4.1354444e-11
3,3,143.54839,2.4334674e-10
3,3,144.35484,7.7259551e-12
3,3,145.16129,4.7485267e-10
3,3,145.96774,5.235258e-10
3,3,146.77419,2.1784122e-10
3,3,147.58065,1.6200183e-09
3,3,148.3871,1.3184606e-09
3,3,149.19355,1.2186047e-09
3,3,150,1.1779631e-09
3,3,150.80645,6.0425491e-10
3,3,151.6129,1.748231e-09
3,3,152.41935,5.7145383e-10
3,3,153.22581,5.4506329e-10
3,3,154.03226,3.0923765e-10
3,3,154.83871,6.9944963e-10
3,3,155.64516,1.5270858e-09
3,3,156.45161,2.0643286e-09
3,3,157.25806,3.641957e-09
3,3,158.06452,4.3114252e-09
3,3,158.87097,7.3520171e-09
3,3,159.67742,8.4298744e-09
3,3,160.48387,5.9441633e-09
3,3,161.29032,7.5460042e-09
3,3,162.09677,5.5171939e-09
3,3,162.90323,5.1469285e-09
3,3,163.70968,3.5803298e-09
3,3,164.51613,1.9691545e-09
3,3,165.32258,2.4537696e-09
3,3,166.12903,1.0449535e-09
3,3,166.93548,1.1037085e-09
3,3,167.74194,8.8191787e-10
3,3,168.54839,6.4077444e-10
3,3,169.35484,2.0718555e-09
3,3,170.16129,1.4636391e-09
3,3,170.96774,3.5635412e-09
3,3,171.77419,4.5959624e-09
3,3,172.58065,2.7660686e-09
3,3,173.3871,4.4931544e-09
3,3,174.19355,2.4734727e-09
3,3,175,3.9533247e-09
3,3,175.80645,1.9145325e-09
3,3,176.6129,2.0561856e-09
3,3,177.41935,3.5210162e-09
3,3,178.22581,1.1360048e-09
3,3,179.03226,4.7022012e-09
3,3,179.83871,1.1581605e-09
3,3,180.64516,1.0948213e-09
3,3,181.45161,1.1666765e-09
3,3,182.25806,1.0756434e-10
3,3,183.06452,7.8928138e-10
3,3,183.87097,7.094281e-10
3,3,184.67742,1.5073751e-09
3,3,185.48387,3.8291262e-10
3,3,186.29032,5.0350798e-10
3,3,187.09677,4.4004775e-10
3,3,187.90323,5.0285044e-10
3,3,188.70968,2.8506937e-09
3,3,189.51613,8.1312548e-10
3,3,190.32258,1.6070831e-09
3,3,191.12903,9.4177905e-10
3,3,191.93548,3.9028027e-10
3,3,192.74194,1.8952249e-09
3,3,193.54839,1.8866925e-10
3,3,194.35484,7.9708784e-10
3,3,195.16129,5.1003931e-10
3,3,195.96774,5.5344857e-10
3,3,196.77419,8.749033e-10
3,3,197.58065,1.9693086e-10
3,3,198.3871,9.8325935e-10
3,3,199.19355,1.0485839e-09
4,4,0,1.9718275e-12
4,4,0.80645161,7.7696983e-13
4,4,1.6129032,1.0653689e-12
4,4,2.4193548,1.3429634e-12
4,4,3.2258065,2.1242588e-12
4,4,4.0322581,3.7582161e-12
4,4,4.8387097,5.1533049e-12
4,4,5.6451613,5.1938928e-12
4,4,6.4516129,8.9906315e-12
4,4,7.2580645,2.8332315e-11
4,4,8.0645161,5.4302171e-11
4,4,8.8709677,1.767631e-10
4,4,9.6774194,1.5912945e-10
4,4,10.483871,7.2824985e-11
4,4,11.290323,4.6561391e-11
4,4,12.096774,3.162106e-11
4,4,12.903226,1.4474678e-11
4,4,13.709677,1.1929628e-10
4,4,14.516129,2.3049612e-10
4,4,15.322581,1.7070403e-10
4,4,16.129032,2.7905732e-10
4,4,16.935484,1.4429722e-10
4,4,17.741935,1.9435022e-10
4,4,18.548387,5.9317699e-11
4,4,19.354839,3.1451814e-10
4,4,20.16129,7.0429077e-10
4,4,20.967742,5.7039712e-11
4,4,21.774194,1.8360468e-10
4,4,22.580645,2.659278e-10
4,4,23.387097,5.4765506e-11
4,4,24.193548,1.0897868e-10
4,4,25,7.3877082e-11
4,4,25.806452,3.7175005e-10
4,4,26.612903,1.6312974e-10
4,4,27.419355,3.5078879e-11
4,4,28.225806,3.1191269e-10
4,4,29.032258,4.5596471e-10
4,4,29.83871,2.3771015e-10
4,4,30.645161,2.96022e-11
4,4,31.451613,6.4702993e-10
4,4,32.258065,5.5957999e-10
4,4,33.064516,9.088271e-10
4,4,33.870968,2.4184955e-09
4,4,34.677419,1.4671992e-09
4,4,35.483871,3.0302675e-09
4,4,36.290323,2.0680567e-09
4,4,37.096774,3.0594637e-09
4,4,37.903226,6.9196595e-09
4,4,38.709677,3.6889153e-09
4,4,39.516129,2.0697312e-09
4,4,40.322581,2.3057869e-09
4,4,41.129032,3.8366116e-09
4,4,41.935484,6.9911609e-09
4,4,42.741935,3.1421823e-09
4,4,43.548387,1.1577551e-09
4,4,44.354839,3.9451428e-10
4,4,45.16129,1.5056099e-10
4,4,45.967742,5.5774288e-11
4,4,46.774194,3.1760034e-10
4,4,47.580645,6.2494033e-10
4,4,48.387097,5.3627201e-10
4,4,49.193548,2.149468e-10
4,4,50,7.8740704e-11
4,4,50.806452,1.784003e-10
4,4,51.612903,1.4208181e-10
4,4,52.419355,4.2536635e-11
4,4,53.225806,2.9995644e-11
4,4,54.032258,2.4042815e-11
4,4,54.83871,6.5039761e-11
4,4,55.645161,6.6890423e-11
4,4,56.451613,2.2386996e-11
4,4,57.258065,6.0622878e-11
4,4,58.064516,2.569846e-10
4,4,58.870968,1.9375373e-09
4,4,59.677419,4.7529766e-09
4,4,60.483871,8.8274852e-10
4,4,61.290323,1.2138231e-10
4,4,62.096774,1.2301874e-10
4,4,62.903226,1.533261e-10
4,4,63.709677,1.4516574e-10
4,4,64.516129,1.6882787e-10
4,4,65.322581,3.3170891e-10
4,4,66.129032,3.4441013e-10
4,4,66.935484,2.3501303e-10
4,4,67.741935,2.7319036e-10
4,4,68.548387,7.7731566e-10
4,4,69.354839,3.091521e-10
4,4,70.16129,2.7669789e-10
4,4,70.967742,7.0589361e-10
4,4,71.774194,4.5499319e-10
4,4,72.580645,6.8004267e-10
4,4,73.387097,3.0652958e-10
4,4,74.193548,5.0056055e-10
4,4,75,4.4669925e-10
4,4,75.806452,1.6170986e-10
4,4,76.612903,4.1861723e-10
4,4,77.419355,2.1445679e-10
4,4,78.225806,9.9331033e-11
4,4,79.032258,3.5767364e-10
4,4,79.83871,1.218073e-10
4,4,80.645161,3.3675606e-10
4,4,81.451613,3.6613087e-10
4,4,82.258065,7.4725283e-11
4,4,83.064516,1.8042208e-10
4,4,83.870968,1.2583074e-10
4,4,84.677419,6.9400089e-11
4,4,85.483871,3.0210656e-11
4,4,86.290323,8.4614894e-11
4,4,87.096774,9.5780541e-11
4,4,87.903226,1.2977546e-10
4,4,88.709677,1.3550377e-10
4,4,89.516129,1.3927557e-10
4,4,90.322581,3.0706964e-10
4,4,91.129032,3.627618e-10
4,4,91.935484,4.3065272e-10
4,4,92.741935,5.3296346e-10
4,4,93.548387,5.2553365e-10
4,4,94.354839,5.7347035e-10
4,4,95.16129,5.4309273e-10
4,4,95.967742,5.0997712e-10
4,4,96.774194,6.5988291e-10
4,4,97.580645,3.2725756e-10
4,4,98.387097,9.1946037e-11
4,4,99.193548,9.8452471e-11
4,4,100,9.7941406e-11
4,4,100.80645,9.2320653e-11
4,4,101.6129,1.9473928e-10
4,4,102.41935,4.3816734e-10
4,4,103.22581,4.9401479e-10
4,4,104.03226,3.9654362e-10
4,4,104.83871,2.8085009e-10
4,4,105.64516,6.3253836e-10
4,4,106.45161,7.6100512e-10
4,4,107.25806,7.7237746e-10
4,4,108.06452,5.4707054e-10
4,4,108.87097,7.3270043e-10
4,4,109.67742,5.988413e-10
4,4,110.48387,2.9310564e-10
4,4,111.29032,6.0980641e-10
4,4,112.09677,1.3781466e-10
4,4,112.90323,1.1824492e-10
4,4,113.70968,1.0081829e-10
4,4,114.51613,1.5382782e-10
4,4,115.32258,1.7175174e-10
4,4,116.12903,2.2397829e-10
4,4,116.93548,6.1254086e-10
4,4,117.74194,5.0988163e-10
4,4,118.54839,1.1672135e-09
4,4,119.35484,5.2985809e-09
4,4,120.16129,5.9292504e-09
4,4,120.96774,1.6295502e-09
4,4,121.77419,1.4166352e-10
4,4,122.58065,3.6915017e-10
4,4,123.3871,2.6215451e-10
4,4,124.19355,2.0600627e-11
4,4,125,1.6919848e-10
4,4,125.80645,8.5774359e-11
4,4,126.6129,1.0922883e-10
4,4,127.41935,8.0256173e-10
4,4,128.22581,4.7044934e-10
4,4,129.03226,2.0227185e-10
4,4,129.83871,2.2587131e-10
4,4,130.64516,2.9603529e-10
4,4,131.45161,4.3739971e-11
4,4,132.25806,5.5305147e-10
4,4,133.06452,8.6060754e-10
4,4,133.87097,4.0529528e-10
4,4,134.67742,7.4554921e-10
4,4,135.48387,4.4601551e-10
4,4,136.29032,1.0060733e-10
4,4,137.09677,2.4822995e-10
4,4,137.90323,1.6177377e-10
4,4,138.70968,4.0304509e-11
4,4,139.51613,4.5507054e-11
4,4,140.32258,1.7335818e-10
4,4,141.12903,1.1568227e-10
4,4,141.93548,1.3874705e-10
4,4,142.74194,1.211068e-11
4,4,143.54839,1.8216322e-10
4,4,144.35484,1.3232838e-10
4,4,145.16129,1.4217141e-10
4,4,145.96774,4.608198e-10
4,4,146.77419,2.2392352e-10
4,4,147.58065,1.4731737e-09
4,4,148.3871,3.3295436e-09
4,4,149.19355,1.7641841e-09
4,4,150,1.4230899e-09
4,4,150.80645,1.5461252e-09
4,4,151.6129,1.6686931e-09
4,4,152.41935,1.5545139e-09
4,4,153.22581,1.310466e-09
4,4,154.03226,6.3583272e-10
4,4,154.83871,6.1504662e-10
4,4,155.64516,9.7442539e-10
4,4,156.45161,3.5337579e-09
4,4,157.25806,4.6209486e-09
4,4,158.06452,4.2961806e-09
4,4,158.87097,5.6503779e-09
4,4,159.67742,3.7368905e-09
4,4,160.48387,3.051471e-09
4,4,161.29032,3.6266026e-09
4,4,162.09677,2.7619969e-09
4,4,162.90323,3.164218e-09
4,4,163.70968,3.3074458e-09
4,4,164.51613,3.1298394e-09
4,4,165.32258,2.0711411e-09
4,4,166.12903,1.9632828e-10
4,4,166.93548,8.7467994e-10
4,4,167.74194,4.1793515e-10
4,4,168.54839,9.5128499e-10
4,4,169.35484,7.0513537e-10
4,4,170.16129,2.7207742e-10
4,4,170.96774,4.4463331e-10
4,4,171.77419,1.2233518e-10
4,4,172.58065,4.715267e-10
4,4,173.3871,4.7832508e-10
4,4,174.19355,4.5711983e-11
4,4,175,7.0313399e-10
4,4,175.80645,2.0317622e-10
4,4,176.6129,1.7305024e-10
4,4,177.41935,1.7823291e-10
4,4,178.22581,2.0436955e-10
4,4,179.03226,5.149591e-10
4,4,179.83871,3.1222021e-10
4,4,180.64516,3.2095593e-10
4,4,181.45161,2.063173e-10
4,4,182.25806,1.3020148e-10
4,4,183.06452,2.262908e-10
4,4,183.87097,1.2323767e-10
4,4,184.67742,3.3636148e-10
4,4,185.48387,3.9281515e-10
4,4,186.29032,5.4370047e-10
4,4,187.09677,5.2680286e-10
4,4,187.90323,5.5573668e-10
4,4,188.70968,9.5547981e-10
4,4,189.51613,2.5117955e-10
4,4,190.32258,3.4768581e-10
4,4,191.12903,3.7422418e-10
4,4,191.93548,7.7256017e-11
4,4,192.74194,4.2548252e-10
4,4,193.54839,1.9127005e-10
4,4,194.35484,2.0167895e-10
4,4,195.16129,1.7079031e-10
4,4,195.96774,1.1919489e-10
4,4,196.77419,3.2769072e-10
4,4,197.58065,3.206805e-10
4,4,198.3871,2.5673675e-10
4,4,199.19355,1.4134732e-10
5,5,0,1.2458e-12
5,5,0.80645161,7.4422706e-13
5,5,1.6129032,2.4245807e-13
5,5,2.4193548,5.1224843e-13
5,5,3.2258065,1.6502932e-12
5,5,4.0322581,2.6163034e-12
5,5,4.8387097,4.1677545e-12
5,5,5.6451613,5.9281866e-12
5,5,6.4516129,9.7696431e-12
5,5,7.2580645,3.2155222e-11
5,5,8.0645161,1.1100519e-10
5,5,8.8709677,8.7300909e-11
5,5,9.6774194,7.5399266e-11
5,5,10.483871,9.081146e-11
5,5,11.290323,8.9262369e-12
5,5,12.096774,2.8391516e-11
5,5,12.903226,6.129207e-11
5,5,13.709677,1.9883032e-10
5,5,14.516129,3.938368e-10
5,5,15.322581,1.3741856e-10
5,5,16.129032,1.2107702e-10
5,5,16.935484,3.2366362e-11
5,5,17.741935,4.8438429e-11
5,5,18.548387,2.7588473e-10
5,5,19.354839,1.0789781e-09
5,5,20.16129,1.128979e-09
5,5,20.967742,7.3305671e-11
5,5,21.774194,6.5143715e-10
5,5,22.580645,4.8967767e-10
5,5,23.387097,2.0258514e-10
5,5,24.193548,4.370094e-10
5,5,25,4.9806544e-10
5,5,25.806452,1.3278243e-09
5,5,26.612903,1.0754226e-09
5,5,27.419355,2.0619299e-09
5,5,28.225806,1.4736958e-08
5,5,29.032258,1.0423615e-08
5,5,29.83871,1.4866362e-09
5,5,30.645161,2.0448052e-10
5,5,31.451613,4.839023e-10
5,5,32.258065,3.2061191e-10
5,5,33.064516,6.1385498e-10
5,5,33.870968,1.0179562e-09
5,5,34.677419,2.5759667e-10
5,5,35.483871,9.7416587e-10
5,5,36.290323,1.1567869e-09
5,5,37.096774,1.8608475e-09
5,5,37.903226,3.7341797e-09
5,5,38.709677,2.1491232e-09
5,5,39.516129,1.2775165e-09
5,5,40.322581,3.852113e-09
5,5,41.129032,6.9652777e-09
5,5,41.935484,8.9031973e-09
5,5,42.741935,4.6699313e-09
5,5,43.548387,2.6578707e-09
5,5,44.354839,1.037858e-09
5,5,45.16129,2.3404157e-10
5,5,45.967742,5.7990127e-11
5,5,46.774194,3.4274206e-11
5,5,47.580645,4.2260436e-11
5,5,48.387097,5.360165e-10
5,5,49.193548,4.0071937e-10
5,5,50,4.5428569e-10
5,5,50.806452,3.6936827e-10
5,5,51.612903,1.511999e-10
5,5,52.419355,2.7101095e-11
5,5,53.225806,1.1136246e-10
5,5,54.032258,5.1397572e-11
5,5,54.83871,8.7734167e-11
5,5,55.645161,1.6095459e-10
5,5,56.451613,4.3773517e-11
5,5,57.258065,7.825105e-11
5,5,58.064516,2.0666866e-09
5,5,58.870968,7.7149124e-09
5,5,59.677419,4.8284019e-09
5,5,60.483871,1.0596419e-09
5,5,61.290323,1.1252342e-10
5,5,62.096774,2.9355318e-11
5,5,62.903226,5.1804536e-11
5,5,63.709677,9.5162821e-11
5,5,64.516129,6.8113033e-11
5,5,65.322581,3.1887226e-11
5,5,66.129032,2.3787797e-11
5,5,66.935484,9.0599039e-11
5,5,67.741935,2.2703028e-10
5,5,68.548387,5.2897849e-11
5,5,69.354839,2.9091093e-10
5,5,70.16129,5.1350106e-10
5,5,70.967742,1.6757394e-10
5,5,71.774194,9.0926611e-11
5,5,72.580645,2.186609e-10
5,5,73.387097,2.7116087e-10
5,5,74.193548,1.1598517e-10
5,5,75,3.248606e-10
5,5,75.806452,2.26866e-10
5,5,76.612903,2.3826426e-10
5,5,77.419355,1.4003137e-10
5,5,78.225806,7.2790426e-11
5,5,79.032258,1.0213912e-10
5,5,79.83871,1.0143368e-10
5,5,80.645161,2.5736095e-11
5,5,81.451613,3.9540395e-11
5,5,82.258065,1.2308308e-10
5,5,83.064516,7.3468728e-11
5,5,83.870968,1.1126316e-10
5,5,84.677419,3.8425204e-10
5,5,85.483871,2.6214397e-10
5,5,86.290323,3.7047373e-11
5,5,87.096774,6.3405003e-11
5,5,87.903226,4.820488e-11
5,5,88.709677,3.8212417e-10
5,5,89.516129,2.9886354e-10
5,5,90.322581,1.2776892e-10
5,5,91.129032,2.1426252e-10
5,5,91.935484,1.4814528e-10
5,5,92.741935,8.9054923e-11
5,5,93.548387,1.900904e-10
5,5,94.354839,2.111582e-10
5,5,95.16129,1.4104754e-10
5,5,95.967742,8.6652452e-11
5,5,96.774194,5.7363911e-11
5,5,97.580645,2.9479394e-11
5,5,98.387097,5.4049749e-11
5,5,99.193548,1.0038068e-10
5,5,100,2.5476503e-10
5,5,100.80645,3.5814165e-10
5,5,101.6129,5.1265643e-10
5,5,102.41935,5.0841414e-10
5,5,103.22581,8.4089896e-10
5,5,104.03226,7.8984459e-10
5,5,104.83871,4.5664222e-10
5,5,105.64516,4.1530408e-10
5,5,106.45161,5.1774071e-10
5,5,107.25806,9.4201215e-10
5,5,108.06452,6.1630654e-10
5,5,108.87097,1.6959196e-10
5,5,109.67742,1.8517069e-10
5,5,110.48387,3.7001502e-11
5,5,111.29032,7.2247131e-11
5,5,112.09677,1.3180323e-11
5,5,112.90323,3.8115808e-11
5,5,113.70968,4.4103805e-11
5,5,114.51613,3.5155189e-12
5,5,115.32258,2.6647261e-11
5,5,116.12903,1.2999769e-11
5,5,116.93548,6.6679634e-11
5,5,117.74194,3.2946976e-10
5,5,118.54839,1.3631199e-09
5,5,119.35484,8.7032237e-10
5,5,120.16129,4.7234796e-10
5,5,120.96774,2.4566145e-10
5,5,121.77419,5.1835249e-11
5,5,122.58065,7.2756153e-11
5,5,123.3871,6.0318371e-11
5,5,124.19355,2.1961763e-11
5,5,125,4.9332644e-11
5,5,125.80645,2.1506872e-11
5,5,126.6129,2.787321e-11
5,5,127.41935,1.0311158e-10
5,5,128.22581,5.2801702e-11
5,5,129.03226,2.5150022e-11
5,5,129.83871,3.0891989e-11
5,5,130.64516,4.9234775e-11
5,5,131.45161,2.0843739e-11
5,5,132.25806,9.2043901e-11
5,5,133.06452,2.3078408e-10
5,5,133.87097,4.8995806e-11
5,5,134.67742,2.0710965e-10
5,5,135.48387,1.6657526e-10
5,5,136.29032,8.6612005e-11
5,5,137.09677,1.6419406e-10
5,5,137.90323,4.4664609e-11
5,5,138.70968,2.8788111e-10
5,5,139.51613,1.3265921e-10
5,5,140.32258,2.979937e-11
5,5,141.12903,6.2916913e-11
5,5,141.93548,6.4431929e-11
5,5,142.74194,3.966862e-11
5,5,143.54839,1.1612274e-10
5,5,144.35484,1.3858575e-10
5,5,145.16129,2.880901e-11
5,5,145.96774,1.6610376e-10
5,5,146.77419,1.118764e-10
5,5,147.58065,1.1496477e-11
5,5,148.3871,2.830046e-10
5,5,149.19355,3.3704788e-10
5,5,150,1.6247106e-10
5,5,150.80645,4.7435194e-11
5,5,151.6129,1.1943775e-10
5,5,152.41935,2.5870799e-10
5,5,153.22581,3.3465004e-11
5,5,154.03226,1.677162e-10
5,5,154.83871,2.7120249e-10
5,5,155.64516,3.0269643e-10
5,5,156.45161,9.4647217e-10
5,5,157.25806,1.7133208e-09
5,5,158.06452,1.7842521e-09
5,5,158.87097,7.3027301e-10
5,5,159.67742,1.7930972e-10
5,5,160.48387,1.0506339e-10
5,5,161.29032,4.5055908e-11
5,5,162.09677,1.2816409e-10
5,5,162.90323,2.0872785e-10
5,5,163.70968,1.6000967e-10
5,5,164.51613,3.7687497e-10
5,5,165.32258,2.2632503e-10
5,5,166.12903,4.0525518e-11
5,5,166.93548,1.6716451e-10
5,5,167.74194,2.4249827e-11
5,5,168.54839,9.991311e-11
5,5,169.35484,7.2120953e-11
5,5,170.16129,1.0449232e-10
5,5,170.96774,3.2913567e-10
5,5,171.77419,2.0277336e-10
5,5,172.58065,1.7976082e-10
5,5,173.3871,1.0607703e-10
5,5,174.19355,8.9846902e-11
5,5,175,8.3382871e-11
5,5,175.80645,1.7541467e-11
5,5,176.6129,2.4167296e-10
5,5,177.41935,1.5260703e-10
5,5,178.22581,2.2449688e-10
5,5,179.03226,2.3683053e-10
5,5,179.83871,2.8580425e-11
5,5,180.64516,4.8995857e-11
5,5,181.45161,2.6414552e-11
5,5,182.25806,5.4275916e-12
5,5,183.06452,1.4812912e-11
5,5,183.87097,3.2801712e-12
5,5,184.67742,1.5651283e-11
5,5,185.48387,2.4443886e-12
5,5,186.29032,1.1132718e-11
5,5,187.09677,8.810634e-12
5,5,187.90323,4.3682189e-12
5,5,188.70968,4.2242939e-12
5,5,189.51613,4.9124856e-12
5,5,190.32258,1.5314602e-11
5,5,191.12903,1.4727162e-11
5,5,191.93548,1.0634602e-11
5,5,192.74194,2.6577428e-11
5,5,193.54839,9.1972814e-12
5,5,194.35484,2.4376432e-11
5,5,195.16129,3.6864596e-11
5,5,195.96774,5.7945544e-11
5,5,196.77419,3.9501686e-11
5,5,197.58065,4.9491628e-12
5,5,198.3871,1.524059e-11
5,5,199.19355,2.2927957e-11
6,6,0,2.4101092e-13
6,6,0.80645161,2.8740932e-13
6,6,1.6129032,1.9642495e-12
6,6,2.4193548,1.3020424e-12
6,6,3.2258065,1.8453281e-12
6,6,4.0322581,3.2831246e-12
6,6,4.8387097,3.6090519e-12
6,6,5.6451613,1.0813629e-11
6,6,6.4516129,2.6104498e-11
6,6,7.2580645,3.4913987e-11
6,6,8.0645161,2.4032866e-11
6,6,8.8709677,4.0526249e-11
6,6,9.6774194,5.3082787e-11
6,6,10.483871,1.2283638e-10
6,6,11.290323,6.0406308e-11
6,6,12.096774,4.4220901e-11
6,6,12.903226,4.3367638e-11
6,6,13.709677,4.6182281e-10
6,6,14.516129,9.8919417e-10
6,6,15.322581,4.3208822e-10
6,6,16.129032,4.9616468e-10
6,6,16.935484,4.9730754e-10
6,6,17.741935,1.4942263e-10
6,6,18.548387,1.0629021e-10
6,6,19.354839,7.0235073e-10
6,6,20.16129,1.0328364e-09
6,6,20.967742,1.1173042e-10
6,6,21.774194,1.8695536e-10
6,6,22.580645,1.9432231e-10
6,6,23.387097,3.4149882e-11
6,6,24.193548,4.4367841e-10
6,6,25,5.253567e-10
6,6,25.806452,3.3314773e-10
6,6,26.612903,2.1459965e-10
6,6,27.419355,1.3564109e-09
6,6,28.225806,3.0754675e-09
6,6,29.032258,3.8439168e-09
6,6,29.83871,1.8930657e-09
6,6,30.645161,9.3932029e-10
6,6,31.451613,4.3710831e-10
6,6,32.258065,2.3138737e-10
6,6,33.064516,8.145674e-10
6,6,33.870968,7.7307022e-10
6,6,34.677419,4.2137584e-10
6,6,35.483871,3.0639501e-10
6,6,36.290323,5.5050045e-10
6,6,37.096774,4.2293347e-10
6,6,37.903226,5.8797071e-10
6,6,38.709677,5.9810156e-10
6,6,39.516129,6.4266551e-11
6,6,40.322581,2.3756745e-11
6,6,41.129032,1.0894292e-10
6,6,41.935484,1.869158e-10
6,6,42.741935,4.1292874e-10
6,6,43.548387,6.3329331e-10
6,6,44.354839,3.9941501e-10
6,6,45.16129,2.3322103e-10
6,6,45.967742,6.3894861e-11
6,6,46.774194,2.3586562e-10
6,6,47.580645,3.1227517e-11
6,6,48.387097,1.8053151e-10
6,6,49.193548,5.2114546e-10
6,6,50,4.1029831e-10
6,6,50.806452,1.5360832e-10
6,6,51.612903,9.7308279e-11
6,6,52.419355,5.8109199e-11
6,6,53.225806,1.4325481e-11
6,6,54.032258,4.9495109e-11
6,6,54.83871,1.6550145e-10
6,6,55.645161,1.1056102e-10
6,6,56.451613,1.3419483e-10
6,6,57.258065,2.00793e-11
6,6,58.064516,2.8354309e-09
6,6,58.870968,1.134789e-08
6,6,59.677419,9.8732196e-09
6,6,60.483871,1.7336836e-09
6,6,61.290323,1.9590933e-11
6,6,62.096774,1.5667411e-11
6,6,62.903226,1.0604328e-11
6,6,63.709677,2.4118433e-11
6,6,64.516129,4.4325311e-11
6,6,65.322581,2.3175911e-11
6,6,66.129032,2.5060538e-11
6,6,66.935484,6.5649328e-11
6,6,67.741935,5.7763606e-11
6,6,68.548387,1.9579413e-10
6,6,69.354839,1.7274418e-10
6,6,70.16129,2.0857128e-10
6,6,70.967742,2.0240806e-10
6,6,71.774194,1.5459227e-10
6,6,72.580645,1.246687e-10
6,6,73.387097,1.0211129e-10
6,6,74.193548,1.6147163e-10
6,6,75,4.3759981e-10
6,6,75.806452,6.4482217e-10
6,6,76.612903,6.83867e-10
6,6,77.419355,5.8787455e-10
6,6,78.225806,2.354298e-10
6,6,79.032258,5.9802126e-11
6,6,79.83871,7.2713435e-11
6,6,80.645161,7.9089537e-11
6,6,81.451613,2.4004263e-11
6,6,82.258065,2.021571e-10
6,6,83.064516,1.5638912e-10
6,6,83.870968,6.2910463e-11
6,6,84.677419,2.9061109e-11
6,6,85.483871,2.5310372e-11
6,6,86.290323,2.5613383e-12
6,6,87.096774,4.2191707e-11
6,6,87.903226,2.4543961e-11
6,6,88.709677,2.0546431e-11
6,6,89.516129,1.1966022e-10
6,6,90.322581,4.1565253e-11
6,6,91.129032,6.0577195e-12
6,6,91.935484,1.7069586e-10
6,6,92.741935,2.0895206e-10
6,6,93.548387,4.3935007e-11
6,6,94.354839,5.2505859e-11
6,6,95.16129,3.0881389e-11
6,6,95.967742,1.9727383e-10
6,6,96.774194,2.5795397e-10
6,6,97.580645,4.9857624e-11
6,6,98.387097,5.7839111e-11
6,6,99.193548,2.9152745e-10
6,6,100,1.6671496e-10
6,6,100.80645,1.2267526e-10
6,6,101.6129,2.4199128e-10
6,6,102.41935,1.5024501e-10
6,6,103.22581,7.2152834e-11
6,6,104.03226,6.3086766e-11
6,6,104.83871,8.5312262e-11
6,6,105.64516,1.6660256e-10
6,6,106.45161,1.2987319e-10
6,6,107.25806,1.0280634e-10
6,6,108.06452,1.1021798e-10
6,6,108.87097,1.5530379e-10
6,6,109.67742,1.8926391e-10
6,6,110.48387,1.425559e-10
6,6,111.29032,9.403409e-11
6,6,112.09677,3.3810248e-11
6,6,112.90323,7.08838e-12
6,6,113.70968,1.4725179e-11
6,6,114.51613,4.857594e-11
6,6,115.32258,8.416092e-11
6,6,116.12903,1.0949855e-10
6,6,116.93548,9.3583496e-11
6,6,117.74194,5.7815539e-11
6,6,118.54839,5.3999089e-10
6,6,119.35484,1.664299e-09
6,6,120.16129,2.7085153e-09
6,6,120.96774,2.6763646e-10
6,6,121.77419,4.319277e-11
6,6,122.58065,4.7311295e-11
6,6,123.3871,2.8372779e-11
6,6,124.19355,1.3978323e-10
6,6,125,1.9099502e-10
6,6,125.80645,8.48869e-11
6,6,126.6129,9.3611052e-11
6,6,127.41935,2.6063948e-10
6,6,128.22581,1.61719e-10
6,6,129.03226,1.6853963e-10
6,6,129.83871,1.5253217e-10
6,6,130.64516,4.6831377e-10
6,6,131.45161,2.8785919e-10
6,6,132.25806,3.3785742e-10
6,6,133.06452,4.7921093e-10
6,6,133.87097,2.080995e-10
6,6,134.67742,5.0155638e-10
6,6,135.48387,3.225941e-10
6,6,136.29032,1.500703e-10
6,6,137.09677,3.3825276e-10
6,6,137.90323,4.6322433e-11
6,6,138.70968,1.8417806e-10
6,6,139.51613,5.8187777e-11
6,6,140.32258,1.0006297e-10
6,6,141.12903,1.6463703e-11
6,6,141.93548,6.2830197e-11
6,6,142.74194,8.0444002e-11
6,6,143.54839,1.5972145e-11
6,6,144.35484,1.8500993e-10
6,6,145.16129,1.2633187e-10
6,6,145.96774,1.2889689e-10
6,6,146.77419,1.8058578e-10
6,6,147.58065,4.5224166e-11
6,6,148.3871,9.903527e-11
6,6,149.19355,1.0214014e-10
6,6,150,1.2648764e-10
6,6,150.80645,1.3538169e-10
6,6,151.6129,8.2917186e-11
6,6,152.41935,1.5699406e-10
6,6,153.22581,1.0038351e-10
6,6,154.03226,1.2364289e-10
6,6,154.83871,2.0277743e-10
6,6,155.64516,1.2001462e-10
6,6,156.45161,4.172805e-10
6,6,157.25806,5.6784066e-10
6,6,158.06452,9.9070514e-10
6,6,158.87097,1.0526481e-09
6,6,159.67742,2.6197325e-10
6,6,160.48387,5.3233595e-10
6,6,161.29032,5.0376568e-10
6,6,162.09677,2.1544047e-10
6,6,162.90323,5.0475875e-10
6,6,163.70968,2.0348929e-10
6,6,164.51613,2.8315084e-10
6,6,165.32258,2.0917472e-10
6,6,166.12903,1.2599115e-10
6,6,166.93548,1.9044349e-10
6,6,167.74194,9.919197e-11
6,6,168.54839,1.8621414e-10
6,6,169.35484,7.1630652e-11
6,6,170.16129,1.654629e-10
6,6,170.96774,2.2473196e-10
6,6,171.77419,3.6267803e-11
6,6,172.58065,1.0244237e-10
6,6,173.3871,9.8739497e-11
6,6,174.19355,1.7176645e-10
6,6,175,5.1589383e-10
6,6,175.80645,1.3629916e-10
6,6,176.6129,3.5758794e-10
6,6,177.41935,1.9989691e-10
6,6,178.22581,1.7400758e-10
6,6,179.03226,2.3659404e-10
6,6,179.83871,8.3349717e-11
6,6,180.64516,6.4970278e-11
6,6,181.45161,2.6361685e-11
6,6,182.25806,2.3695641e-11
6,6,183.06452,1.301092e-10
6,6,183.87097,1.0270569e-10
6,6,184.67742,7.7254683e-11
6,6,185.48387,5.6690709e-11
6,6,186.29032,1.3240184e-10
6,6,187.09677,1.3071237e-10
6,6,187.90323,1.8104119e-11
6,6,188.70968,8.3479381e-11
6,6,189.51613,4.7764782e-11
6,6,190.32258,8.9204836e-11
6,6,191.12903,7.0764033e-11
6,6,191.93548,1.81425e-11
6,6,192.74194,5.4674855e-11
6,6,193.54839,1.9898791e-11
6,6,194.35484,2.6592323e-11
6,6,195.16129,3.9480233e-12
6,6,195.96774,6.078517e-12
6,6,196.77419,1.9282138e-11
6,6,197.58065,2.8548671e-11
6,6,198.3871,1.3028729e-11
6,6,199.19355,5.7790951e-12
7,7,0,1.2314468e-12
7,7,0.80645161,7.6220417e-13
7,7,1.6129032,1.1006584e-13
7,7,2.4193548,7.2388431e-14
7,7,3.2258065,1.7471882e-12
7,7,4.0322581,3.975359e-12
7,7,4.8387097,5.0208821e-12
7,7,5.6451613,7.0579053e-12
7,7,6.4516129,8.4222956e-12
7,7,7.2580645,2.5452456e-11
7,7,8.0645161,9.8592788e-11
7,7,8.8709677,1.1111381e-10
7,7,9.6774194,5.6851354e-11
7,7,10.483871,2.7002068e-11
7,7,11.290323,1.9825703e-11
7,7,12.096774,2.6159925e-11
7,7,12.903226,2.6477557e-11
7,7,13.709677,1.2614544e-10
7,7,14.516129,2.3597501e-10
7,7,15.322581,2.4670761e-10
7,7,16.129032,3.6634242e-10
7,7,16.935484,3.1011382e-10
7,7,17.741935,1.0926145e-10
7,7,18.548387,1.4219415e-10
7,7,19.354839,4.4739004e-10
7,7,20.16129,4.6950328e-10
7,7,20.967742,4.3121851e-11
7,7,21.774194,1.3603478e-10
7,7,22.580645,1.4728731e-10
7,7,23.387097,2.1709468e-10
7,7,24.193548,9.4704156e-11
7,7,25,8.4419461e-11
7,7,25.806452,2.1740126e-10
7,7,26.612903,1.5010563e-10
7,7,27.419355,1.2920836e-10
7,7,28.225806,1.0356021e-09
7,7,29.032258,1.6786294e-09
7,7,29.83871,5.259548e-10
7,7,30.645161,1.6434476e-10
7,7,31.451613,2.984589e-10
7,7,32.258065,3.1908315e-10
7,7,33.064516,5.8470065e-11
7,7,33.870968,1.0405884e-10
7,7,34.677419,1.432589e-10
7,7,35.483871,3.7589154e-10
7,7,36.290323,8.8321164e-10
7,7,37.096774,5.9377935e-10
7,7,37.903226,6.3372501e-10
7,7,38.709677,1.0378272e-09
7,7,39.516129,1.4666213e-10
7,7,40.322581,3.0966423e-10
7,7,41.129032,1.4331249e-10
7,7,41.935484,4.191548e-10
7,7,42.741935,8.9719476e-10
7,7,43.548387,8.1090833e-10
7,7,44.354839,3.494846e-10
7,7,45.16129,1.1946982e-10
7,7,45.967742,8.24876e-11
7,7,46.774194,1.3046325e-10
7,7,47.580645,3.2413759e-11
7,7,48.387097,1.3464426e-10
7,7,49.193548,1.6971053e-10
7,7,50,5.3424929e-11
7,7,50.806452,4.7547726e-11
7,7,51.612903,7.8970354e-11
7,7,52.419355,5.8683945e-11
7,7,53.225806,2.994747e-11
7,7,54.032258,5.9457822e-11
7,7,54.83871,7.6190397e-11
7,7,55.645161,2.6634736e-11
7,7,56.451613,7.017529e-11
7,7,57.258065,3.4184909e-10
7,7,58.064516,3.6620884e-09
7,7,58.870968,1.4027083e-08
7,7,59.677419,4.2335109e-09
7,7,60.483871,8.277752e-11
7,7,61.290323,8.5657173e-11
7,7,62.096774,4.1758089e-11
7,7,62.903226,1.6237983e-11
7,7,63.709677,2.1550443e-11
7,7,64.516129,4.3853101e-12
7,7,65.322581,1.8842788e-11
7,7,66.129032,7.6586723e-11
7,7,66.935484,1.5719201e-10
7,7,67.741935,7.5113969e-11
7,7,68.548387,1.0592603e-11
7,7,69.354839,6.7398156e-11
7,7,70.16129,3.0638311e-11
7,7,70.967742,1.7987823e-11
7,7,71.774194,1.855216e-11
7,7,72.580645,4.7999357e-11
7,7,73.387097,1.0512545e-10
7,7,74.193548,3.1022232e-11
7,7,75,4.6597646e-11
7,7,75.806452,3.2865085e-11
7,7,76.612903,1.5134806e-10
7,7,77.419355,1.3421631e-10
7,7,78.225806,7.0813286e-11
7,7,79.032258,8.9054705e-12
7,7,79.83871,2.1517666e-11
7,7,80.645161,8.0037698e-11
7,7,81.451613,1.5002276e-10
7,7,82.258065,2.5752435e-10
7,7,83.064516,2.006215e-11
7,7,83.870968,3.1021624e-11
7,7,84.677419,1.4326453e-11
7,7,85.483871,1.0989762e-11
7,7,86.290323,7.5812955e-12
7,7,87.096774,2.6881583e-11
7,7,87.903226,2.5765164e-11
7,7,88.709677,2.7045085e-11
7,7,89.516129,7.3983225e-11
7,7,90.322581,1.493464e-10
7,7,91.129032,9.8433727e-11
7,7,91.935484,4.1838735e-11
7,7,92.741935,1.6778627e-11
7,7,93.548387,5.1256647e-11
7,7,94.354839,7.7654272e-11
7,7,95.16129,3.9514621e-11
7,7,95.967742,3.1600151e-11
7,7,96.774194,1.1669369e-10
7,7,97.580645,2.9017661e-11
7,7,98.387097,1.7626752e-11
7,7,99.193548,4.7110393e-11
7,7,100,4.6686941e-11
7,7,100.80645,6.5773817e-11
7,7,101.6129,9.8822653e-11
7,7,102.41935,5.1255197e-11
7,7,103.22581,2.5439536e-11
7,7,104.03226,4.0209035e-11
7,7,104.83871,1.5959557e-10
7,7,105.64516,1.2284232e-10
7,7,106.45161,5.5249766e-11
7,7,107.25806,6.818869e-11
7,7,108.06452,9.7044541e-11
7,7,108.87097,1.2366952e-10
7,7,109.67742,1.7077279e-10
7,7,110.48387,5.1641505e-11
7,7,111.29032,1.0108576e-10
7,7,112.09677,4.6915387e-11
7,7,112.90323,5.7945415e-11
7,7,113.70968,7.7578065e-11
7,7,114.51613,8.7911481e-11
7,7,115.32258,9.7560246e-11
7,7,116.12903,1.6938526e-10
7,7,116.93548,3.5758689e-10
7,7,117.74194,5.7048309e-10
7,7,118.54839,2.1850258e-10
7,7,119.35484,3.6964178e-10
7,7,120.16129,7.8005915e-10
7,7,120.96774,1.5697118e-10
7,7,121.77419,2.3324886e-11
7,7,122.58065,3.8701748e-11
7,7,123.3871,3.9117064e-11
7,7,124.19355,3.9394953e-11
7,7,125,7.8328024e-11
7,7,125.80645,1.8172556e-11
7,7,126.6129,1.7271858e-11
7,7,127.41935,3.9674171e-11
7,7,128.22581,2.7876422e-11
7,7,129.03226,2.8740446e-11
7,7,129.83871,2.2547143e-11
7,7,130.64516,4.4269616e-11
7,7,131.45161,5.2447757e-11
7,7,132.25806,6.977653e-11
7,7,133.06452,1.4832313e-10
7,7,133.87097,1.0399569e-10
7,7,134.67742,7.3757965e-11
7,7,135.48387,5.7517072e-11
7,7,136.29032,5.8407353e-11
7,7,137.09677,2.46977e-10
7,7,137.90323,5.2191684e-11
7,7,138.70968,9.7249248e-11
7,7,139.51613,3.0366162e-11
7,7,140.32258,7.4334482e-11
7,7,141.12903,1.7449528e-11
7,7,141.93548,3.4422272e-11
7,7,142.74194,3.1484582e-11
7,7,143.54839,1.2457916e-11
7,7,144.35484,4.6857864e-11
7,7,145.16129,4.160157e-11
7,7,145.96774,5.3528206e-11
7,7,146.77419,1.2876475e-10
7,7,147.58065,8.5148561e-11
7,7,148.3871,8.727263e-11
7,7,149.19355,2.7258262e-11
7,7,150,5.8253305e-11
7,7,150.80645,4.7695273e-11
7,7,151.6129,3.7067316e-11
7,7,152.41935,5.9504633e-11
7,7,153.22581,5.7373467e-11
7,7,154.03226,1.0632263e-11
7,7,154.83871,2.585922e-11
7,7,155.64516,1.4304833e-10
7,7,156.45161,9.768637e-11
7,7,157.25806,1.4461883e-10
7,7,158.06452,1.9421895e-10
7,7,158.87097,4.970077e-11
7,7,159.67742,8.8626249e-11
7,7,160.48387,5.2760922e-11
7,7,161.29032,3.7056762e-11
7,7,162.09677,1.9747622e-11
7,7,162.90323,2.6039434e-11
7,7,163.70968,6.0889879e-11
7,7,164.51613,1.4741181e-10
7,7,165.32258,6.649846e-11
7,7,166.12903,4.7040833e-11
7,7,166.93548,2.7824846e-11
7,7,167.74194,5.0131531e-11
7,7,168.54839,1.2462832e-11
7,7,169.35484,1.9377198e-11
7,7,170.16129,1.8137567e-11
7,7,170.96774,2.5237627e-11
7,7,171.77419,1.1983485e-11
7,7,172.58065,2.1447203e-11
7,7,173.3871,2.8610526e-11
7,7,174.19355,1.1208184e-11
7,7,175,4.795245e-11
7,7,175.80645,1.9006885e-11
7,7,176.6129,1.780255e-11
7,7,177.41935,1.9914126e-11
7,7,178.22581,4.0665777e-11
7,7,179.03226,1.6883306e-10
7,7,179.83871,7.8949674e-11
7,7,180.64516,4.1632592e-11
7,7,181.45161,1.014283e-11
7,7,182.25806,2.632891e-11
7,7,183.06452,5.7718889e-11
7,7,183.87097,1.9279995e-11
7,7,184.67742,3.4233684e-11
7,7,185.48387,2.7457657e-11
7,7,186.29032,2.5598723e-11
7,7,187.09677,3.5512641e-11
7,7,187.90323,2.8792438e-11
7,7,188.70968,8.0292298e-12
7,7,189.51613,1.6070177e-11
7,7,190.32258,1.6615582e-11
7,7,191.12903,3.166979e-11
7,7,191.93548,2.6152157e-12
7,7,192.74194,1.7756967e-11
7,7,193.54839,7.9882321e-12
7,7,194.35484,1.6654874e-12
7,7,195.16129,9.4977101e-12
7,7,195.96774,2.6333052e-11
7,7,196.77419,1.0423021e-11
7,7,197.58065,9.1646934e-12
7,7,198.3871,3.6221605e-11
7,7,199.19355,4.3554237e-11
8,8,0,3.8112249e-13
8,8,0.80645161,2.7302065e-11
8,8,1.6129032,7.0895295e-11
8,8,2.4193548,2.7831769e-11
8,8,3.2258065,2.1735668e-11
8,8,4.0322581,5.0023734e-11
8,8,4.8387097,2.5126453e-11
8,8,5.6451613,1.3952654e-11
8,8,6.4516129,2.407502e-11
8,8,7.2580645,1.096244e-11
8,8,8.0645161,4.9758303e-12
8,8,8.8709677,9.9446413e-12
8,8,9.6774194,4.7624346e-12
8,8,10.483871,8.6915023e-12
8,8,11.290323,2.7238624e-12
8,8,12.096774,2.8509489e-13
8,8,12.903226,8.8162092e-13
8,8,13.709677,6.2696101e-12
8,8,14.516129,2.0811163e-11
8,8,15.322581,8.1580134e-12
8,8,16.129032,9.7557716e-12
8,8,16.935484,8.1338452e-12
8,8,17.741935,1.5196103e-12
8,8,18.548387,2.3406664e-11
8,8,19.354839,1.7490431e-11
8,8,20.16129,7.5713674e-12
8,8,20.967742,2.7412315e-12
8,8,21.774194,1.0506804e-11
8,8,22.580645,9.2104383e-12
8,8,23.387097,5.8787744e-12
8,8,24.193548,2.9134351e-12
8,8,25,9.4746954e-13
8,8,25.806452,3.7754401e-12
8,8,26.612903,6.4635876e-12
8,8,27.419355,6.1929263e-12
8,8,28.225806,4.51927e-11
8,8,29.032258,7.7122454e-11
8,8,29.83871,1.0888828e-11
8,8,30.645161,2.3205049e-12
8,8,31.451613,7.6024281e-12
8,8,32.258065,1.2987054e-11
8,8,33.064516,3.3204985e-12
8,8,33.870968,1.0256272e-11
8,8,34.677419,1.3296524e-11
8,8,35.483871,3.3877193e-11
8,8,36.290323,4.8155993e-11
8,8,37.096774,3.8911241e-11
8,8,37.903226,5.9076427e-11
8,8,38.709677,3.8916086e-11
8,8,39.516129,6.3026343e-12
8,8,40.322581,3.5467613e-12
8,8,41.129032,3.6804166e-12
8,8,41.935484,7.9713877e-12
8,8,42.741935,1.7258567e-11
8,8,43.548387,1.7240256e-11
8,8,44.354839,6.597034e-12
8,8,45.16129,2.1287518e-12
8,8,45.967742,1.62544e-12
8,8,46.774194,7.354143e-12
8,8,47.580645,1.2271585e-11
8,8,48.387097,4.2321995e-11
8,8,49.193548,5.9500512e-11
8,8,50,1.4781077e-11
8,8,50.806452,1.8306753e-12
8,8,51.612903,8.3739727e-12
8,8,52.419355,2.1126412e-11
8,8,53.225806,2.5949437e-11
8,8,54.032258,3.0036436e-11
8,8,54.83871,2.0421146e-11
8,8,55.645161,8.8971883e-12
8,8,56.451613,1.9359222e-11
8,8,57.258065,4.5534421e-11
8,8,58.064516,9.4261993e-11
8,8,58.870968,7.0602226e-10
8,8,59.677419,3.2459644e-10
8,8,60.483871,2.3786959e-11
8,8,61.290323,6.0032906e-12
8,8,62.096774,2.1602861e-12
8,8,62.903226,5.0158335e-12
8,8,63.709677,1.1635874e-11
8,8,64.516129,9.9893162e-12
8,8,65.322581,9.3288379e-12
8,8,66.129032,9.6936738e-12
8,8,66.935484,4.3720399e-12
8,8,67.741935,7.3976725e-12
8,8,68.548387,3.7861696e-12
8,8,69.354839,4.5440471e-12
8,8,70.16129,6.1011843e-12
8,8,70.967742,1.0832665e-11
8,8,71.774194,4.2012808e-12
8,8,72.580645,1.142774e-11
8,8,73.387097,7.4996909e-12
8,8,74.193548,7.1080982e-12
8,8,75,7.1183299e-12
8,8,75.806452,1.1679755e-11
8,8,76.612903,1.1315766e-11
8,8,77.419355,1.1371026e-11
8,8,78.225806,3.480357e-12
8,8,79.032258,3.6890553e-12
8,8,79.83871,1.0246217e-11
8,8,80.645161,1.1875198e-11
8,8,81.451613,4.6251698e-12
8,8,82.258065,1.4325381e-11
8,8,83.064516,2.0320357e-11
8,8,83.870968,3.403793e-12
8,8,84.677419,4.7305137e-12
8,8,85.483871,1.0791131e-11
8,8,86.290323,6.5299356e-12
8,8,87.096774,4.6363909e-12
8,8,87.903226,7.109617e-12
8,8,88.709677,1.7020042e-11
8,8,89.516129,3.9033537e-12
8,8,90.322581,6.5014088e-12
8,8,91.129032,1.1448006e-11
8,8,91.935484,1.644468e-11
8,8,92.741935,1.2021557e-11
8,8,93.548387,5.955964e-12
8,8,94.354839,5.6210314e-12
8,8,95.16129,2.4934688e-13
8,8,95.967742,4.9832497e-12
8,8,96.774194,2.9403423e-12
8,8,97.580645,1.1396147e-11
8,8,98.387097,1.7934282e-11
8,8,99.193548,9.2551452e-12
8,8,100,3.2291995e-12
8,8,100.80645,4.4875887e-12
8,8,101.6129,1.3898164e-11
8,8,102.41935,1.4910049e-11
8,8,103.22581,6.0974195e-12
8,8,104.03226,5.0011433e-12
8,8,104.83871,1.0996297e-11
8,8,105.64516,1.7178156e-11
8,8,106.45161,2.0510996e-11
8,8,107.25806,3.6707779e-11
8,8,108.06452,1.273598e-11
8,8,108.87097,9.0612293e-12
8,8,109.67742,9.3860151e-12
8,8,110.48387,2.0988352e-12
8,8,111.29032,4.5833779e-12
8,8,112.09677,4.003734e-12
8,8,112.90323,4.4699553e-12
8,8,113.70968,1.2833572e-11
8,8,114.51613,9.1078389e-12
8,8,115.32258,1.8754197e-11
8,8,116.12903,1.9585319e-11
8,8,116.93548,1.9461779e-11
8,8,117.74194,8.8985471e-12
8,8,118.54839,6.0761242e-11
8,8,119.35484,9.3452185e-10
8,8,120.16129,1.7417144e-09
8,8,120.96774,2.2355146e-10
8,8,121.77419,9.403432e-12
8,8,122.58065,7.415613e-12
8,8,123.3871,1.0344291e-11
8,8,124.19355,1.6340285e-11
8,8,125,1.8582275e-11
8,8,125.80645,8.9368813e-12
8,8,126.6129,8.9376533e-12
8,8,127.41935,1.2320998e-11
8,8,128.22581,6.5309609e-12
8,8,129.03226,2.8661339e-11
8,8,129.83871,2.5515281e-11
8,8,130.64516,2.4912756e-11
8,8,131.45161,9.7629346e-12
8,8,132.25806,1.9142801e-11
8,8,133.06452,5.7580828e-11
8,8,133.87097,4.2523709e-11
8,8,134.67742,4.2895935e-11
8,8,135.48387,1.9435853e-11
8,8,136.29032,6.5041818e-12
8,8,137.09677,7.3348675e-12
8,8,137.90323,8.7223829e-12
8,8,138.70968,4.2784587e-12
8,8,139.51613,5.7137757e-12
8,8,140.32258,5.9089394e-12
8,8,141.12903,3.9092602e-13
8,8,141.93548,3.2420445e-12
8,8,142.74194,9.1663148e-12
8,8,143.54839,2.835323e-12
8,8,144.35484,6.3990666e-12
8,8,145.16129,6.7480451e-12
8,8,145.96774,2.0898317e-12
8,8,146.77419,6.2040656e-12
8,8,147.58065,1.3531113e-11
8,8,148.3871,1.0810921e-11
8,8,149.19355,9.4646473e-12
8,8,150,4.5179633e-12
8,8,150.80645,6.0867698e-12
8,8,151.6129,9.1853261e-12
8,8,152.41935,1.9563806e-11
8,8,153.22581,1.3404922e-11
8,8,154.03226,9.8870541e-12
8,8,154.83871,2.0612795e-11
8,8,155.64516,7.8873407e-12
8,8,156.45161,1.3833398e-11
8,8,157.25806,1.9381197e-11
8,8,158.06452,1.1796098e-11
8,8,158.87097,1.8295553e-11
8,8,159.67742,4.4564133e-12
8,8,160.48387,8.8832386e-12
8,8,161.29032,1.2206377e-11
8,8,162.09677,8.8296077e-12
8,8,162.90323,9.0470338e-12
8,8,163.70968,2.175253e-12
8,8,164.51613,2.9160227e-12
8,8,165.32258,6.3310599e-12
8,8,166.12903,6.692382e-12
8,8,166.93548,5.9383005e-12
8,8,167.74194,5.412031e-12
8,8,168.54839,1.6798984e-11
8,8,169.35484,5.8703294e-12
8,8,170.16129,1.0805249e-11
8,8,170.96774,7.2784856e-12
8,8,171.77419,4.97168e-12
8,8,172.58065,1.8515577e-11
8,8,173.3871,2.4325616e-11
8,8,174.19355,5.3315091e-11
8,8,175,1.3762888e-10
8,8,175.80645,7.261503e-11
8,8,176.6129,2.8861627e-11
8,8,177.41935,1.0274062e-11
8,8,178.22581,1.4056554e-11
8,8,179.03226,1.2133538e-11
8,8,179.83871,7.9883272e-12
8,8,180.64516,8.621032e-12
8,8,181.45161,3.3240614e-12
8,8,182.25806,5.2681725e-12
8,8,183.06452,1.6757999e-11
8,8,183.87097,5.9890843e-12
8,8,184.67742,4.2053318e-12
8,8,185.48387,1.7135373e-11
8,8,186.29032,2.0863079e-11
8,8,187.09677,1.7612593e-11
8,8,187.90323,9.1704635e-12
8,8,188.70968,6.0593358e-12
8,8,189.51613,3.5065566e-12
8,8,190.32258,4.8545925e-12
8,8,191.12903,4.4487706e-12
8,8,191.93548,7.8412292e-12
8,8,192.74194,7.0791135e-12
8,8,193.54839,3.2627066e-12
8,8,194.35484,5.045143e-12
8,8,195.16129,2.976166e-12
8,8,195.96774,4.9295736e-12
8,8,196.77419,8.1749887e-12
8,8,197.58065,1.2888745e-11
8,8,198.3871,1.261242e-11
8,8,199.19355,1.1472367e-11
9,9,0,5.2381695e-12
9,9,0.80645161,1.6604762e-11
9,9,1.6129032,2.0524154e-11
9,9,2.4193548,1.3699776e-11
9,9,3.2258065,1.0989679e-10
9,9,4.0322581,3.6885631e-10
9,9,4.8387097,1.1185906e-10
9,9,5.6451613,8.1366615e-12
9,9,6.4516129,1.1865704e-11
9,9,7.2580645,7.7020758e-12
9,9,8.0645161,6.1551351e-12
9,9,8.8709677,2.3496445e-11
9,9,9.6774194,3.2067269e-11
9,9,10.483871,7.6710019e-12
9,9,11.290323,9.7922652e-12
9,9,12.096774,1.3756265e-11
9,9,12.903226,8.4157772e-12
9,9,13.709677,4.4466634e-12
9,9,14.516129,2.7653836e-12
9,9,15.322581,1.3707092e-12
9,9,16.129032,4.2112552e-12
9,9,16.935484,1.4063883e-11
9,9,17.741935,1.4878769e-11
9,9,18.548387,1.3475987e-11
9,9,19.354839,1.4822893e-11
9,9,20.16129,3.0865769e-12
9,9,20.967742,3.2880331e-12
9,9,21.774194,3.9698105e-12
9,9,22.580645,1.2870119e-11
9,9,23.387097,1.6580604e-11
9,9,24.193548,1.0378177e-11
9,9,25,6.1721344e-12
9,9,25.806452,1.0852681e-11
9,9,26.612903,8.9363792e-12
9,9,27.419355,2.0814155e-11
9,9,28.225806,6.2900784e-11
9,9,29.032258,6.4730453e-11
9,9,29.83871,2.3398216e-11
9,9,30.645161,1.2265794e-11
9,9,31.451613,3.3573661e-11
9,9,32.258065,4.9115618e-11
9,9,33.064516,2.0859712e-11
9,9,33.870968,1.2342173e-11
9,9,34.677419,1.319333e-11
9,9,35.483871,1.4436988e-11
9,9,36.290323,2.8609288e-11
9,9,37.096774,1.3921148e-11
9,9,37.903226,4.1090689e-11
9,9,38.709677,4.6996625e-11
9,9,39.516129,1.9970792e-11
9,9,40.322581,2.8459912e-11
9,9,41.129032,1.4568822e-11
9,9,41.935484,4.1978984e-11
9,9,42.741935,1.1325105e-10
9,9,43.548387,1.0378978e-10
9,9,44.354839,4.4128922e-11
9,9,45.16129,1.295854e-11
9,9,45.967742,4.5223996e-12
9,9,46.774194,5.1150675e-12
9,9,47.580645,1.0752075e-11
9,9,48.387097,4.0496441e-11
9,9,49.193548,7.6991596e-11
9,9,50,3.7506914e-11
9,9,50.806452,8.6102516e-12
9,9,51.612903,3.6676798e-11
9,9,52.419355,4.5989868e-11
9,9,53.225806,3.2749624e-11
9,9,54.032258,3.8959644e-11
9,9,54.83871,2.5068984e-11
9,9,55.645161,9.6048736e-12
9,9,56.451613,4.5891297e-11
9,9,57.258065,1.1382144e-10
9,9,58.064516,9.6658456e-11
9,9,58.870968,1.9173995e-10
9,9,59.677419,4.8458167e-10
9,9,60.483871,1.1640005e-10
9,9,61.290323,1.713827e-12
9,9,62.096774,3.8815596e-12
9,9,62.903226,1.8350062e-11
9,9,63.709677,2.2496318e-11
9,9,64.516129,9.2477759e-12
9,9,65.322581,1.4173801e-11
9,9,66.129032,3.7908295e-11
9,9,66.935484,3.3120468e-11
9,9,67.741935,7.8389565e-12
9,9,68.548387,2.3434357e-12
9,9,69.354839,3.7554849e-12
9,9,70.16129,2.9195966e-12
9,9,70.967742,5.4207247e-12
9,9,71.774194,4.4132701e-13
9,9,72.580645,1.3218903e-11
9,9,73.387097,1.7286773e-11
9,9,74.193548,2.8891497e-12
9,9,75,5.2964756e-12
9,9,75.806452,2.3909702e-11
9,9,76.612903,2.1525929e-11
9,9,77.419355,8.1802455e-12
9,9,78.225806,2.3163554e-12
9,9,79.032258,3.0563688e-12
9,9,79.83871,1.5390756e-12
9,9,80.645161,2.4116205e-12
9,9,81.451613,1.627527e-11
9,9,82.258065,3.0680332e-11
9,9,83.064516,1.9165996e-11
9,9,83.870968,8.3901727e-12
9,9,84.677419,2.20927e-11
9,9,85.483871,1.7797844e-11
9,9,86.290323,6.9823509e-12
9,9,87.096774,7.1038768e-12
9,9,87.903226,4.7019297e-12
9,9,88.709677,5.317401e-12
9,9,89.516129,1.4245406e-11
9,9,90.322581,1.493833e-11
9,9,91.129032,2.5567726e-11
9,9,91.935484,5.8889882e-11
9,9,92.741935,5.4432407e-11
9,9,93.548387,4.0725306e-12
9,9,94.354839,1.4920384e-11
9,9,95.16129,1.2592223e-11
9,9,95.967742,1.6467314e-11
9,9,96.774194,2.1307765e-11
9,9,97.580645,1.2453125e-11
9,9,98.387097,2.6705088e-12
9,9,99.193548,6.5078381e-12
9,9,100,1.1801437e-11
9,9,100.80645,1.6353759e-11
9,9,101.6129,7.6244069e-12
9,9,102.41935,6.6924801e-12
9,9,103.22581,4.1354787e-12
9,9,104.03226,1.3489025e-11
9,9,104.83871,3.8587256e-12
9,9,105.64516,7.1275018e-12
9,9,106.45161,5.4533418e-12
9,9,107.25806,8.7763203e-12
9,9,108.06452,1.7466947e-11
9,9,108.87097,2.1724815e-11
9,9,109.67742,1.207819e-11
9,9,110.48387,1.2034812e-12
9,9,111.29032,7.617506e-12
9,9,112.09677,3.9611137e-12
9,9,112.90323,1.3538031e-11
9,9,113.70968,2.0313277e-11
9,9,114.51613,1.1594163e-11
9,9,115.32258,1.7063976e-11
9,9,116.12903,6.533073e-12
9,9,116.93548,4.3818743e-12
9,9,117.74194,5.7095277e-12
9,9,118.54839,6.1125061e-12
9,9,119.35484,2.7142729e-11
9,9,120.16129,8.3268332e-11
9,9,120.96774,4.110276e-11
9,9,121.77419,1.6147444e-11
9,9,122.58065,3.9083335e-12
9,9,123.3871,2.0628983e-12
9,9,124.19355,7.6545111e-12
9,9,125,1.7824542e-11
9,9,125.80645,1.1521806e-11
9,9,126.6129,5.0765165e-12
9,9,127.41935,9.0792579e-12
9,9,128.22581,5.9721036e-12
9,9,129.03226,1.0035315e-11
9,9,129.83871,7.3332689e-12
9,9,130.64516,6.9186312e-12
9,9,131.45161,4.9065934e-12
9,9,132.25806,1.255841e-11
9,9,133.06452,3.374242e-11
9,9,133.87097,4.7188843e-11
9,9,134.67742,4.8122237e-11
9,9,135.48387,2.2202536e-11
9,9,136.29032,2.5052124e-11
9,9,137.09677,4.3600471e-11
9,9,137.90323,1.1277879e-11
9,9,138.70968,1.2544183e-11
9,9,139.51613,1.3059167e-11
9,9,140.32258,1.3254684e-12
9,9,141.12903,7.3872191e-12
9,9,141.93548,1.3046432e-11
9,9,142.74194,5.2468064e-12
9,9,143.54839,9.2813086e-12
9,9,144.35484,1.266183e-11
9,9,145.16129,4.8851904e-12
9,9,145.96774,9.9207433e-12
9,9,146.77419,1.2695333e-11
9,9,147.58065,8.2829838e-12
9,9,148.3871,5.2420023e-12
9,9,149.19355,1.8234858e-12
9,9,150,1.4183562e-11
9,9,150.80645,1.8075991e-11
9,9,151.6129,3.6791437e-11
9,9,152.41935,5.5794618e-11
9,9,153.22581,5.1147652e-11
9,9,154.03226,8.9494986e-12
9,9,154.83871,1.6673614e-11
9,9,155.64516,1.5907754e-11
9,9,156.45161,5.3022304e-11
9,9,157.25806,7.0975566e-11
9,9,158.06452,3.85685e-11
9,9,158.87097,1.7618221e-11
9,9,159.67742,1.9499282e-11
9,9,160.48387,2.1428838e-11
9,9,161.29032,2.0712312e-11
9,9,162.09677,1.3759844e-11
9,9,162.90323,1.1086731e-11
9,9,163.70968,1.0984349e-11
9,9,164.51613,1.9102366e-11
9,9,165.32258,3.3702271e-11
9,9,166.12903,2.3657639e-11
9,9,166.93548,1.910749e-11
9,9,167.74194,5.1187418e-11
9,9,168.54839,5.6112099e-11
9,9,169.35484,3.3373204e-11
9,9,170.16129,1.9256937e-11
9,9,170.96774,1.9322435e-11
9,9,171.77419,1.4047281e-11
9,9,172.58065,1.5959667e-11
9,9,173.3871,1.2954802e-11
9,9,174.19355,1.7969364e-11
9,9,175,2.8650225e-11
9,9,175.80645,1.1861932e-11
9,9,176.6129,3.4666067e-11
9,9,177.41935,2.4942691e-11
9,9,178.22581,3.3942986e-11
9,9,179.03226,1.0222152e-10
9,9,179.83871,2.7242632e-11
9,9,180.64516,9.8373053e-12
9,9,181.45161,1.2503227e-11
9,9,182.25806,2.0307259e-11
9,9,183.06452,6.2383516e-11
9,9,183.87097,5.7758727e-11
9,9,184.67742,6.3821414e-11
9,9,185.48387,3.9211196e-11
9,9,186.29032,1.5279257e-11
9,9,187.09677,1.5786239e-11
9,9,187.90323,5.1382167e-11
9,9,188.70968,3.9251544e-11
9,9,189.51613,7.8002716e-12
9,9,190.32258,9.7600925e-12
9,9,191.12903,1.1122132e-11
9,9,191.93548,1.0645149e-12
9,9,192.74194,6.4424999e-12
9,9,193.54839,6.3994129e-12
9,9,194.35484,5.6133344e-12
9,9,195.16129,1.1946621e-11
9,9,195.96774,5.3079591e-12
9,9,196.77419,1.3142109e-11
9,9,197.58065,2.4898601e-12
9,9,198.3871,6.239047e-12
9,9,199.19355,7.5229621e-12
10,10,0,4.0476063e-14
10,10,0.80645161,1.362706e-12
10,10,1.6129032,4.2681818e-12
10,10,2.4193548,4.6281685e-12
10,10,3.2258065,4.9025155e-12
10,10,4.0322581,4.3656906e-12
10,10,4.8387097,1.0322998e-11
10,10,5.6451613,2.8566232e-11
10,10,6.4516129,1.703232e-11
10,10,7.2580645,3.4763377e-12
10,10,8.0645161,4.3981e-12
10,10,8.8709677,3.0934467e-11
10,10,9.6774194,8.8030957e-11
10,10,10.483871,5.7105247e-11
10,10,11.290323,1.5635427e-11
10,10,12.096774,1.1304642e-11
10,10,12.903226,2.7136281e-11
10,10,13.709677,1.2261237e-10
10,10,14.516129,2.4529751e-10
10,10,15.322581,3.3308425e-10
10,10,16.129032,5.5982589e-10
10,10,16.935484,5.501512e-10
10,10,17.741935,1.311148e-10
10,10,18.548387,2.3344731e-10
10,10,19.354839,8.9135313e-10
10,10,20.16129,1.0295734e-09
10,10,20.967742,9.3703705e-11
10,10,21.774194,2.5551581e-11
10,10,22.580645,2.5699642e-11
10,10,23.387097,1.7253698e-10
10,10,24.193548,3.9099876e-10
10,10,25,5.5322735e-10
10,10,25.806452,7.2803067e-10
10,10,26.612903,3.0898849e-10
10,10,27.419355,4.5514712e-10
10,10,28.225806,2.8381272e-09
10,10,29.032258,8.0084526e-09
10,10,29.83871,1.980851e-09
10,10,30.645161,1.4744645e-10
10,10,31.451613,4.5173787e-10
10,10,32.258065,1.1620017e-09
10,10,33.064516,3.2476166e-10
10,10,33.870968,1.5196755e-10
10,10,34.677419,3.4488135e-10
10,10,35.483871,9.6798042e-10
10,10,36.290323,7.873921e-10
10,10,37.096774,2.1654614e-10
10,10,37.903226,4.0356359e-10
10,10,38.709677,8.3920835e-10
10,10,39.516129,1.6960401e-10
10,10,40.322581,2.1945674e-10
10,10,41.129032,2.3594802e-10
10,10,41.935484,6.1458702e-10
10,10,42.741935,8.2027912e-10
10,10,43.548387,5.784799e-10
10,10,44.354839,1.8406144e-10
10,10,45.16129,1.5812069e-11
10,10,45.967742,4.6845797e-11
10,10,46.774194,1.1361961e-10
10,10,47.580645,1.2506408e-10
10,10,48.387097,1.0942162e-10
10,10,49.193548,2.1562948e-10
10,10,50,1.3907274e-10
10,10,50.806452,4.7194889e-11
10,10,51.612903,4.8829021e-11
10,10,52.419355,1.7937588e-10
10,10,53.225806,1.5631799e-10
10,10,54.032258,9.3266244e-11
10,10,54.83871,4.5034301e-11
10,10,55.645161,1.0244787e-10
10,10,56.451613,5.4072885e-10
10,10,57.258065,5.0697228e-10
10,10,58.064516,1.3815724e-09
10,10,58.870968,2.7722201e-09
10,10,59.677419,8.9217285e-10
10,10,60.483871,4.2016075e-11
10,10,61.290323,3.0622701e-11
10,10,62.096774,1.3906483e-11
10,10,62.903226,1.997671e-11
10,10,63.709677,2.4559834e-11
10,10,64.516129,3.9738249e-11
10,10,65.322581,2.4230611e-11
10,10,66.129032,2.1630162e-11
10,10,66.935484,2.4411898e-11
10,10,67.741935,1.3604835e-11
10,10,68.548387,3.362457e-11
10,10,69.354839,8.2422347e-11
10,10,70.16129,3.371331e-11
10,10,70.967742,3.0151161e-11
10,10,71.774194,1.0286446e-10
10,10,72.580645,1.2611628e-10
10,10,73.387097,1.0964338e-10
10,10,74.193548,5.0299238e-11
10,10,75,7.1835963e-11
10,10,75.806452,7.5393873e-11
10,10,76.612903,1.7444964e-10
10,10,77.419355,1.7081318e-10
10,10,78.225806,6.1927645e-11
10,10,79.032258,2.1916377e-11
10,10,79.83871,1.5324438e-11
10,10,80.645161,1.1786479e-11
10,10,81.451613,4.0120303e-12
10,10,82.258065,7.4580864e-11
10,10,83.064516,3.4206457e-11
10,10,83.870968,1.1656274e-11
10,10,84.677419,3.8251287e-11
10,10,85.483871,7.0688052e-11
10,10,86.290323,5.0626614e-11
10,10,87.096774,6.2510054e-12
10,10,87.903226,9.3893958e-11
10,10,88.709677,8.067887e-11
10,10,89.516129,1.5895105e-10
10,10,90.322581,2.5087255e-10
10,10,91.129032,1.7993171e-10
10,10,91.935484,1.4055688e-10
10,10,92.741935,2.0220528e-10
10,10,93.548387,1.5532159e-10
10,10,94.354839,9.2351714e-11
10,10,95.16129,7.1041274e-11
10,10,95.967742,1.6937974e-10
10,10,96.774194,1.9841456e-10
10,10,97.580645,6.3720798e-11
10,10,98.387097,2.8807254e-11
10,10,99.193548,2.6956192e-11
10,10,100,6.5286463e-11
10,10,100.80645,4.9646358e-11
10,10,101.6129,9.892004e-11
10,10,102.41935,1.0481244e-10
10,10,103.22581,1.1209658e-11
10,10,104.03226,1.7505746e-11
10,10,104.83871,3.7544057e-11
10,10,105.64516,3.1537794e-11
10,10,106.45161,2.6322953e-11
10,10,107.25806,4.6950525e-11
10,10,108.06452,3.6927331e-11
10,10,108.87097,2.493463e-11
10,10,109.67742,1.0941813e-11
10,10,110.48387,6.1949612e-12
10,10,111.29032,7.7129074e-12
10,10,112.09677,8.5964602e-13
10,10,112.90323,5.0413736e-12
10,10,113.70968,6.722722e-12
10,10,114.51613,2.9629857e-11
10,10,115.32258,5.1123207e-11
10,10,116.12903,4.5612475e-11
10,10,116.93548,6.1530855e-11
10,10,117.74194,5.3382429e-11
10,10,118.54839,6.531489e-11
10,10,119.35484,6.4022935e-10
10,10,120.16129,1.0102617e-09
10,10,120.96774,2.2532592e-10
10,10,121.77419,4.3577479e-11
10,10,122.58065,2.4615731e-11
10,10,123.3871,1.8509878e-11
10,10,124.19355,6.1150783e-11
10,10,125,4.9797277e-11
10,10,125.80645,3.6253108e-11
10,10,126.6129,7.9076566e-11
10,10,127.41935,1.1372781e-10
10,10,128.22581,1.1700687e-10
10,10,129.03226,8.7401922e-11
10,10,129.83871,2.1896095e-11
10,10,130.64516,2.5449853e-11
10,10,131.45161,9.3864121e-11
10,10,132.25806,9.5234305e-11
10,10,133.06452,3.1883951e-11
10,10,133.87097,7.4505277e-11
10,10,134.67742,2.7824816e-10
10,10,135.48387,2.4069679e-10
10,10,136.29032,1.2835688e-10
10,10,137.09677,9.5712194e-11
10,10,137.90323,9.5150651e-12
10,10,138.70968,1.9028815e-10
10,10,139.51613,8.0307938e-11
10,10,140.32258,5.1251269e-11
10,10,141.12903,1.5281641e-11
10,10,141.93548,3.1982922e-11
10,10,142.74194,4.5137451e-11
10,10,143.54839,6.8049112e-12
10,10,144.35484,5.2725327e-11
10,10,145.16129,3.5823172e-11
10,10,145.96774,7.8902926e-11
10,10,146.77419,1.7532455e-10
10,10,147.58065,1.4190556e-10
10,10,148.3871,1.6673362e-10
10,10,149.19355,7.8599264e-11
10,10,150,1.8953404e-11
10,10,150.80645,2.5573942e-11
10,10,151.6129,3.3654451e-11
10,10,152.41935,8.0250779e-11
10,10,153.22581,9.2224888e-11
10,10,154.03226,1.0444501e-10
10,10,154.83871,1.9775401e-10
10,10,155.64516,1.0217425e-10
10,10,156.45161,1.2891079e-10
10,10,157.25806,2.4623163e-10
10,10,158.06452,1.6040337e-10
10,10,158.87097,7.5617545e-11
10,10,159.67742,1.7262462e-10
10,10,160.48387,3.7235718e-10
10,10,161.29032,3.8113471e-10
10,10,162.09677,3.1785939e-10
10,10,162.90323,2.7519203e-10
10,10,163.70968,4.712768e-11
10,10,164.51613,6.2877706e-11
10,10,165.32258,6.2596681e-11
10,10,166.12903,9.0558283e-11
10,10,166.93548,1.2553539e-10
10,10,167.74194,4.001509e-11
10,10,168.54839,2.099544e-10
10,10,169.35484,1.3067848e-10
10,10,170.16129,1.2416404e-10
10,10,170.96774,1.5050614e-10
10,10,171.77419,3.8225488e-11
10,10,172.58065,2.1989506e-10
10,10,173.3871,1.7918259e-10
10,10,174.19355,2.1054091e-10
10,10,175,6.65427e-10
10,10,175.80645,2.462346e-10
10,10,176.6129,1.6983328e-10
10,10,177.41935,9.1889937e-11
10,10,178.22581,8.0037793e-11
10,10,179.03226,2.2526927e-10
10,10,179.83871,1.2184504e-10
10,10,180.64516,7.2722476e-11
10,10,181.45161,2.3011881e-11
10,10,182.25806,2.2153276e-11
10,10,183.06452,5.4357893e-11
10,10,183.87097,4.6504061e-11
10,10,184.67742,2.0212982e-11
10,10,185.48387,2.3667303e-11
10,10,186.29032,1.3058388e-10
10,10,187.09677,2.0785377e-10
10,10,187.90323,1.1915837e-10
10,10,188.70968,9.8043043e-11
10,10,189.51613,1.0219934e-10
10,10,190.32258,6.4252948e-11
10,10,191.12903,6.737365e-11
10,10,191.93548,6.5806764e-11
10,10,192.74194,1.6663512e-11
10,10,193.54839,1.1005194e-11
10,10,194.35484,2.2616447e-11
10,10,195.16129,4.5208596e-11
10,10,195.96774,8.7207376e-12
10,10,196.77419,1.2818292e-11
10,10,197.58065,5.5900942e-12
10,10,198.3871,1.1150383e-11
10,10,199.19355,1.3183761e-11
11,11,0,8.0596067e-12
11,11,0.80645161,2.3080856e-11
11,11,1.6129032,7.9082055e-11
11,11,2.4193548,3.5125471e-11
11,11,3.2258065,1.4178785e-11
11,11,4.0322581,2.1878273e-11
11,11,4.8387097,1.9321974e-11
11,11,5.6451613,1.4511054e-11
11,11,6.4516129,3.8708561e-11
11,11,7.2580645,2.8507994e-11
11,11,8.0645161,1.1740385e-11
11,11,8.8709677,6.2951743e-12
11,11,9.6774194,1.6824307e-12
11,11,10.483871,1.9327615e-11
11,11,11.290323,1.8105858e-11
11,11,12.096774,1.4553313e-11
11,11,12.903226,2.7697738e-11
11,11,13.709677,5.3683483e-11
11,11,14.516129,7.28521e-11
11,11,15.322581,6.5836379e-11
11,11,16.129032,2.5033036e-11
11,11,16.935484,2.6640198e-11
11,11,17.741935,1.0429313e-10
11,11,18.548387,2.678682e-10
11,11,19.354839,2.6583299e-10
11,11,20.16129,2.6956535e-10
11,11,20.967742,4.8665941e-11
11,11,21.774194,1.3355777e-11
11,11,22.580645,9.2029509e-12
11,11,23.387097,8.1505867e-12
11,11,24.193548,5.3355604e-12
11,11,25,2.7735858e-12
11,11,25.806452,1.077522e-11
11,11,26.612903,1.7737436e-11
11,11,27.419355,4.0647577e-11
11,11,28.225806,1.4171124e-11
11,11,29.032258,3.8494814e-11
11,11,29.83871,4.3449357e-11
11,11,30.645161,2.1224611e-11
11,11,31.451613,7.156375e-12
11,11,32.258065,7.8554798e-12
11,11,33.064516,1.2652529e-11
11,11,33.870968,8.7687689e-11
11,11,34.677419,8.2515318e-11
11,11,35.483871,3.6236625e-11
11,11,36.290323,5.7009942e-11
11,11,37.096774,2.2300168e-11
11,11,37.903226,6.884117e-11
11,11,38.709677,1.1566867e-10
11,11,39.516129,3.0645798e-11
11,11,40.322581,5.8136359e-12
11,11,41.129032,2.1186714e-11
11,11,41.935484,2.9616095e-11
11,11,42.741935,1.8396747e-11
11,11,43.548387,2.1832685e-11
11,11,44.354839,2.5287574e-11
11,11,45.16129,7.7787203e-12
11,11,45.967742,1.4445725e-11
11,11,46.774194,1.868944e-11
11,11,47.580645,1.7201767e-11
11,11,48.387097,5.3382877e-12
11,11,49.193548,1.9359502e-11
11,11,50,8.7002148e-12
11,11,50.806452,1.0952719e-11
11,11,51.612903,1.1718591e-11
11,11,52.419355,2.1338221e-11
11,11,53.225806,2.8029765e-11
11,11,54.032258,2.5728262e-11
11,11,54.83871,1.5979563e-11
11,11,55.645161,9.0983031e-12
11,11,56.451613,1.8885499e-11
11,11,57.258065,5.4048466e-11
11,11,58.064516,4.9661398e-11
11,11,58.870968,3.3165205e-10
11,11,59.677419,3.3433347e-10
11,11,60.483871,9.3965396e-11
11,11,61.290323,1.3599021e-11
11,11,62.096774,5.9586281e-12
11,11,62.903226,1.5170785e-11
11,11,63.709677,1.6984689e-11
11,11,64.516129,6.1248579e-12
11,11,65.322581,1.31114e-11
11,11,66.129032,1.4405804e-11
11,11,66.935484,1.1892319e-11
11,11,67.741935,1.4881617e-11
11,11,68.548387,6.7191328e-12
11,11,69.354839,9.4462533e-12
11,11,70.16129,1.0519928e-11
11,11,70.967742,9.3158929e-12
11,11,71.774194,7.1576243e-12
11,11,72.580645,9.1957388e-12
11,11,73.387097,4.0644511e-12
11,11,74.193548,3.973331e-12
11,11,75,1.1194655e-11
11,11,75.806452,8.2202066e-12
11,11,76.612903,6.2708728e-12
11,11,77.419355,1.3434408e-11
11,11,78.225806,5.6522175e-12
11,11,79.032258,6.0118361e-13
11,11,79.83871,4.0540493e-12
11,11,80.645161,3.7933555e-12
11,11,81.451613,1.9425505e-11
11,11,82.258065,2.5786816e-11
11,11,83.064516,2.907299e-11
11,11,83.870968,1.2510507e-11
11,11,84.677419,1.7341874e-11
11,11,85.483871,2.0974983e-11
11,11,86.290323,1.1391582e-11
11,11,87.096774,4.3393532e-12
11,11,87.903226,2.517366e-12
11,11,88.709677,6.6133772e-12
11,11,89.516129,1.238867e-11
11,11,90.322581,1.0879833e-11
11,11,91.129032,2.5454821e-11
11,11,91.935484,7.5571607e-12
11,11,92.741935,1.0483465e-11
11,11,93.548387,2.5906908e-11
11,11,94.354839,3.3224926e-11
11,11,95.16129,5.2834389e-12
11,11,95.967742,9.0522037e-12
11,11,96.774194,1.5323422e-11
11,11,97.580645,1.3516392e-11
11,11,98.387097,2.8115668e-12
11,11,99.193548,1.2384171e-11
11,11,100,1.2094673e-11
11,11,100.80645,1.4045224e-11
11,11,101.6129,1.1409848e-11
11,11,102.41935,1.8981555e-11
11,11,103.22581,2.0002348e-11
11,11,104.03226,3.3134244e-11
11,11,104.83871,4.6411665e-11
11,11,105.64516,3.5601633e-11
11,11,106.45161,1.0712851e-10
11,11,107.25806,4.1858402e-10
11,11,108.06452,1.0882721e-10
11,11,108.87097,6.732735e-12
11,11,109.67742,2.9194907e-11
11,11,110.48387,3.4797025e-11
11,11,111.29032,3.1006935e-11
11,11,112.09677,1.3758266e-11
11,11,112.90323,2.868661e-10
11,11,113.70968,8.2840549e-10
11,11,114.51613,2.3684655e-10
11,11,115.32258,2.6097901e-11
11,11,116.12903,2.1259336e-11
11,11,116.93548,4.1832317e-12
11,11,117.74194,1.6413287e-11
11,11,118.54839,7.1613254e-11
11,11,119.35484,1.8753547e-09
11,11,120.16129,4.2330134e-09
11,11,120.96774,7.9889766e-10
11,11,121.77419,1.3781007e-11
11,11,122.58065,1.0056949e-11
11,11,123.3871,1.1021191e-11
11,11,124.19355,1.0676099e-11
11,11,125,1.6441684e-11
11,11,125.80645,3.3047544e-11
11,11,126.6129,3.8712801e-11
11,11,127.41935,1.8783077e-10
11,11,128.22581,1.7122351e-10
11,11,129.03226,1.6610005e-11
11,11,129.83871,5.3528795e-12
11,11,130.64516,5.6021948e-12
11,11,131.45161,2.8605129e-11
11,11,132.25806,3.8753912e-11
11,11,133.06452,3.3413506e-11
11,11,133.87097,5.7587448e-11
11,11,134.67742,2.5359756e-11
11,11,135.48387,2.5553477e-11
11,11,136.29032,4.555105e-11
11,11,137.09677,1.1954476e-11
11,11,137.90323,1.0730103e-11
11,11,138.70968,1.9522059e-11
11,11,139.51613,4.1494374e-11
11,11,140.32258,3.4584575e-11
11,11,141.12903,5.1706459e-12
11,11,141.93548,1.1000816e-11
11,11,142.74194,8.1952638e-12
11,11,143.54839,1.9509878e-11
11,11,144.35484,3.0137232e-11
11,11,145.16129,4.9087966e-11
11,11,145.96774,4.5459808e-11
11,11,146.77419,3.5448847e-12
11,11,147.58065,3.1587513e-11
11,11,148.3871,9.4562582e-11
11,11,149.19355,5.096899e-11
11,11,150,5.4080947e-12
11,11,150.80645,4.6853902e-12
11,11,151.6129,1.0947418e-11
11,11,152.41935,6.3679872e-11
11,11,153.22581,3.0364287e-10
11,11,154.03226,1.403037e-10
11,11,154.83871,2.2070993e-11
11,11,155.64516,8.3003847e-11
11,11,156.45161,2.8177483e-10
11,11,157.25806,2.4791685e-10
11,11,158.06452,4.1532407e-10
11,11,158.87097,3.7879461e-10
11,11,159.67742,7.3926088e-11
11,11,160.48387,4.5814886e-11
11,11,161.29032,4.9535055e-11
11,11,162.09677,5.9701677e-11
11,11,162.90323,5.1008785e-11
11,11,163.70968,6.9472462e-11
11,11,164.51613,1.3077523e-10
11,11,165.32258,7.605113e-11
11,11,166.12903,5.4271954e-12
11,11,166.93548,1.5895897e-11
11,11,167.74194,1.8403936e-11
11,11,168.54839,5.4719699e-12
11,11,169.35484,1.5087757e-11
11,11,170.16129,9.3786552e-12
11,11,170.96774,1.0919745e-11
11,11,171.77419,2.0797895e-11
11,11,172.58065,2.9217224e-11
11,11,173.3871,8.0218846e-12
11,11,174.19355,9.9133805e-12
11,11,175,4.8211766e-11
11,11,175.80645,2.8384202e-11
11,11,176.6129,2.5532307e-11
11,11,177.41935,2.8381948e-11
11,11,178.22581,8.5754987e-12
11,11,179.03226,5.0863441e-11
11,11,179.83871,9.1818539e-11
11,11,180.64516,2.7114084e-11
11,11,181.45161,8.2941083e-12
11,11,182.25806,6.3192145e-12
11,11,183.06452,8.1502282e-12
11,11,183.87097,1.8998245e-12
11,11,184.67742,2.753175e-12
11,11,185.48387,4.6008553e-12
11,11,186.29032,6.8695091e-12
11,11,187.09677,1.0427558e-11
11,11,187.90323,5.418431e-12
11,11,188.70968,6.2412386e-12
11,11,189.51613,1.9262381e-11
11,11,190.32258,2.2511688e-11
11,11,191.12903,2.8534175e-11
11,11,191.93548,2.9090332e-11
11,11,192.74194,4.9983966e-12
11,11,193.54839,5.5125662e-12
11,11,194.35484,1.0918413e-11
11,11,195.16129,2.8837467e-12
11,11,195.96774,1.8363245e-11
11,11,196.77419,2.9685105e-11
11,11,197.58065,1.5132564e-11
11,11,198.3871,9.4655365e-12
11,11,199.19355,3.803141e-12
12,12,0,2.5915057e-12
12,12,0.80645161,7.9959182e-12
12,12,1.6129032,1.2766524e-12
12,12,2.4193548,6.9737159e-12
12,12,3.2258065,2.3398494e-11
12,12,4.0322581,3.4703622e-11
12,12,4.8387097,5.910085e-12
12,12,5.6451613,1.4701253e-11
12,12,6.4516129,8.9051891e-12
12,12,7.2580645,1.1107479e-11
12,12,8.0645161,1.149122e-11
12,12,8.8709677,2.3873356e-11
12,12,9.6774194,1.5371015e-11
12,12,10.483871,3.816866e-12
12,12,11.290323,4.4730877e-12
12,12,12.096774,7.7566025e-12
12,12,12.903226,1.5772794e-11
12,12,13.709677,2.2770335e-11
12,12,14.516129,1.7153574e-11
12,12,15.322581,1.0950877e-11
12,12,16.129032,1.5989221e-11
12,12,16.935484,6.9206942e-12
12,12,17.741935,4.8949601e-12
12,12,18.548387,9.5998728e-12
12,12,19.354839,5.2790974e-11
12,12,20.16129,7.4579646e-11
12,12,20.967742,1.6292947e-11
12,12,21.774194,7.912097e-12
12,12,22.580645,7.9467158e-12
12,12,23.387097,2.2322852e-12
12,12,24.193548,3.1390795e-12
12,12,25,6.1485805e-12
12,12,25.806452,1.0578799e-11
12,12,26.612903,1.6548834e-11
12,12,27.419355,1.1370568e-11
12,12,28.225806,1.0774045e-11
12,12,29.032258,2.8482112e-11
12,12,29.83871,2.7877471e-11
12,12,30.645161,1.5333325e-11
12,12,31.451613,4.4725286e-12
12,12,32.258065,3.0944666e-12
12,12,33.064516,5.1548338e-12
12,12,33.870968,8.7537125e-12
12,12,34.677419,1.8179114e-11
12,12,35.483871,1.6217869e-11
12,12,36.290323,3.9393404e-11
12,12,37.096774,6.3403838e-11
12,12,37.903226,2.0170054e-10
12,12,38.709677,1.6985813e-10
12,12,39.516129,3.7922132e-11
12,12,40.322581,1.36021e-11
12,12,41.129032,4.4359676e-12
12,12,41.935484,8.0858752e-12
12,12,42.741935,6.0673747e-12
12,12,43.548387,2.8627552e-12
12,12,44.354839,3.0910834e-12
12,12,45.16129,4.7509972e-12
12,12,45.967742,3.3449302e-12
12,12,46.774194,2.6947499e-12
12,12,47.580645,5.384219e-12
12,12,48.387097,2.1419784e-11
12,12,49.193548,1.3034361e-11
12,12,50,8.4320536e-12
12,12,50.806452,5.4108171e-12
12,12,51.612903,3.1131968e-12
12,12,52.419355,5.2623528e-12
12,12,53.225806,4.1669694e-12
12,12,54.032258,1.3432475e-11
12,12,54.83871,3.0192831e-11
12,12,55.645161,5.3469879e-11
12,12,56.451613,1.0456017e-10
12,12,57.258065,8.759279e-11
12,12,58.064516,1.1817593e-10
12,12,58.870968,4.3378492e-10
12,12,59.677419,9.0818655e-10
12,12,60.483871,1.7830217e-10
12,12,61.290323,4.2881011e-12
12,12,62.096774,9.3879342e-12
12,12,62.903226,2.496358e-11
12,12,63.709677,1.0819768e-11
12,12,64.516129,1.1621373e-11
12,12,65.322581,2.6873896e-11
12,12,66.129032,2.1398967e-11
12,12,66.935484,1.5159751e-11
12,12,67.741935,1.0763643e-11
12,12,68.548387,1.0755346e-11
12,12,69.354839,9.8551259e-12
12,12,70.16129,7.0141466e-12
12,12,70.967742,1.2932292e-11
12,12,71.774194,1.2234012e-11
12,12,72.580645,3.5050501e-12
12,12,73.387097,3.9337795e-12
12,12,74.193548,7.6468403e-12
12,12,75,9.1637043e-12
12,12,75.806452,3.9675843e-12
12,12,76.612903,1.5421652e-12
12,12,77.419355,1.5844927e-12
12,12,78.225806,2.8465752e-12
12,12,79.032258,2.0944393e-12
12,12,79.83871,2.8149047e-12
12,12,80.645161,5.9425995e-12
12,12,81.451613,1.619087e-12
12,12,82.258065,4.752598e-12
12,12,83.064516,1.3066158e-11
12,12,83.870968,3.3520767e-12
12,12,84.677419,1.792605e-11
12,12,85.483871,8.8586212e-12
12,12,86.290323,7.7265488e-12
12,12,87.096774,5.983833e-12
12,12,87.903226,5.1009061e-12
12,12,88.709677,1.0640954e-11
12,12,89.516129,1.4463362e-11
12,12,90.322581,2.3492274e-11
12,12,91.129032,3.0163271e-11
12,12,91.935484,2.2909e-11
12,12,92.741935,1.6867037e-11
12,12,93.548387,1.0556171e-11
12,12,94.354839,1.5929721e-11
12,12,95.16129,2.1353113e-12
12,12,95.967742,1.0775508e-11
12,12,96.774194,2.5429334e-11
12,12,97.580645,2.5928269e-11
12,12,98.387097,1.8563503e-12
12,12,99.193548,7.7923674e-12
12,12,100,6.594429e-12
12,12,100.80645,9.8279255e-12
12,12,101.6129,7.8892727e-12
12,12,102.41935,3.7133411e-12
12,12,103.22581,5.2311874e-12
12,12,104.03226,1.3843066e-11
12,12,104.83871,1.9693937e-11
12,12,105.64516,1.163928e-11
12,12,106.45161,9.1819022e-11
12,12,107.25806,3.4436817e-10
12,12,108.06452,8.7360898e-11
12,12,108.87097,1.7088699e-12
12,12,109.67742,3.0002467e-12
12,12,110.48387,3.3706839e-12
12,12,111.29032,6.0046102e-12
12,12,112.09677,4.4845298e-12
12,12,112.90323,1.5420433e-10
12,12,113.70968,4.6767885e-10
12,12,114.51613,1.6335038e-10
12,12,115.32258,3.6895585e-11
12,12,116.12903,4.0785671e-11
12,12,116.93548,7.911048e-12
12,12,117.74194,1.0131577e-11
12,12,118.54839,9.4076282e-11
12,12,119.35484,1.2342281e-08
12,12,120.16129,2.8494689e-08
12,12,120.96774,3.8948214e-09
12,12,121.77419,2.1418056e-11
12,12,122.58065,1.0686251e-11
12,12,123.3871,9.6543997e-12
12,12,124.19355,8.6969916e-12
12,12,125,9.0801156e-12
12,12,125.80645,1.7622054e-11
12,12,126.6129,4.1968079e-11
12,12,127.41935,2.8848707e-10
12,12,128.22581,2.4472412e-10
12,12,129.03226,4.2088436e-11
12,12,129.83871,1.2417195e-11
12,12,130.64516,7.1061384e-12
12,12,131.45161,1.4917944e-11
12,12,132.25806,6.117892e-11
12,12,133.06452,7.0982226e-11
12,12,133.87097,3.3024372e-11
12,12,134.67742,1.1444239e-11
12,12,135.48387,2.4264002e-11
12,12,136.29032,3.8291643e-11
12,12,137.09677,6.6996398e-12
12,12,137.90323,1.1432934e-11
12,12,138.70968,6.1186404e-11
12,12,139.51613,9.9008799e-11
12,12,140.32258,6.2713981e-11
12,12,141.12903,9.5646612e-12
12,12,141.93548,1.0374357e-11
12,12,142.74194,8.3758423e-12
12,12,143.54839,2.0104643e-11
12,12,144.35484,1.7590926e-11
12,12,145.16129,2.0979692e-11
12,12,145.96774,2.7105873e-11
12,12,146.77419,1.0112167e-11
12,12,147.58065,1.5315109e-11
12,12,148.3871,8.8844348e-11
12,12,149.19355,2.3693601e-11
12,12,150,1.5215708e-11
12,12,150.80645,3.7932821e-12
12,12,151.6129,3.4283353e-11
12,12,152.41935,2.478197e-10
12,12,153.22581,1.7533911e-09
12,12,154.03226,5.678585e-10
12,12,154.83871,1.1847304e-11
12,12,155.64516,3.2326006e-11
12,12,156.45161,4.3400129e-11
12,12,157.25806,7.2872803e-11
12,12,158.06452,2.1295937e-10
12,12,158.87097,7.9777719e-11
12,12,159.67742,9.2534241e-11
12,12,160.48387,7.8244893e-11
12,12,161.29032,2.4781911e-11
12,12,162.09677,2.8856238e-11
12,12,162.90323,7.6494084e-11
12,12,163.70968,1.2239488e-10
12,12,164.51613,1.4054415e-10
12,12,165.32258,1.1708696e-10
12,12,166.12903,3.8937269e-11
12,12,166.93548,2.4048871e-11
12,12,167.74194,8.4141687e-11
12,12,168.54839,3.8625036e-11
12,12,169.35484,2.5446762e-11
12,12,170.16129,1.5166427e-11
12,12,170.96774,1.8927165e-11
12,12,171.77419,1.4701334e-12
12,12,172.58065,9.9903675e-12
12,12,173.3871,5.5302597e-12
12,12,174.19355,8.7598185e-12
12,12,175,3.8016574e-11
12,12,175.80645,1.2017504e-11
12,12,176.6129,1.1010984e-11
12,12,177.41935,2.06631e-11
12,12,178.22581,3.2918791e-11
12,12,179.03226,3.6006291e-11
12,12,179.83871,3.0756086e-11
12,12,180.64516,5.5775426e-11
12,12,181.45161,1.0860578e-10
12,12,182.25806,7.0870167e-11
12,12,183.06452,4.7168463e-11
12,12,183.87097,1.9429904e-11
12,12,184.67742,2.1330491e-11
12,12,185.48387,3.5803929e-11
12,12,186.29032,2.64596e-11
12,12,187.09677,9.3222725e-12
12,12,187.90323,2.7578715e-11
12,12,188.70968,8.7229252e-11
12,12,189.51613,4.2410759e-11
12,12,190.32258,5.0089626e-11
12,12,191.12903,6.181245e-11
12,12,191.93548,6.8560774e-11
12,12,192.74194,1.3576709e-11
12,12,193.54839,1.8479524e-11
12,12,194.35484,2.8650715e-11
12,12,195.16129,5.6447913e-11
12,12,195.96774,9.4629677e-11
12,12,196.77419,1.1903894e-10
12,12,197.58065,6.3616144e-11
12,12,198.3871,3.1506254e-11
12,12,199.19355,1.0504585e-11
13,13,0,1.075026e-12
13,13,0.80645161,4.8547615e-12
13,13,1.6129032,2.1365397e-12
13,13,2.4193548,1.3914937e-11
13,13,3.2258065,4.8752253e-12
13,13,4.0322581,1.6885607e-12
13,13,4.8387097,5.503959e-12
13,13,5.6451613,1.2910798e-11
13,13,6.4516129,1.791268e-11
13,13,7.2580645,1.0563178e-11
13,13,8.0645161,2.5215846e-11
13,13,8.8709677,9.4679796e-12
13,13,9.6774194,4.5537743e-11
13,13,10.483871,5.5454002e-11
13,13,11.290323,1.5895299e-10
13,13,12.096774,3.1151636e-10
13,13,12.903226,5.3137307e-11
13,13,13.709677,6.128242e-11
13,13,14.516129,1.3685249e-10
13,13,15.322581,5.0606707e-11
13,13,16.129032,3.5193653e-11
13,13,16.935484,3.2845249e-11
13,13,17.741935,4.4463651e-11
13,13,18.548387,3.3409366e-11
13,13,19.354839,5.6360332e-10
13,13,20.16129,1.233686e-09
13,13,20.967742,2.6336059e-10
13,13,21.774194,5.4396812e-11
13,13,22.580645,1.2600867e-10
13,13,23.387097,1.6796302e-10
13,13,24.193548,1.4065532e-10
13,13,25,4.0617325e-11
13,13,25.806452,1.4868204e-10
13,13,26.612903,1.2195847e-10
13,13,27.419355,1.4243377e-11
13,13,28.225806,1.8123412e-10
13,13,29.032258,2.2013745e-10
13,13,29.83871,1.8701578e-11
13,13,30.645161,1.0408906e-10
13,13,31.451613,5.1691811e-11
13,13,32.258065,1.3515899e-10
13,13,33.064516,9.0378149e-11
13,13,33.870968,2.5989235e-10
13,13,34.677419,1.8589484e-10
13,13,35.483871,1.7231293e-10
13,13,36.290323,3.4860481e-10
13,13,37.096774,1.0493738e-10
13,13,37.903226,1.1226472e-09
13,13,38.709677,1.4384095e-09
13,13,39.516129,1.2634734e-10
13,13,40.322581,6.9211273e-12
13,13,41.129032,2.0946012e-12
13,13,41.935484,2.2352716e-11
13,13,42.741935,9.0724924e-12
13,13,43.548387,5.6587271e-12
13,13,44.354839,1.3475917e-11
13,13,45.16129,3.4161687e-11
13,13,45.967742,2.0843845e-11
13,13,46.774194,5.9892639e-12
13,13,47.580645,3.5899218e-11
13,13,48.387097,1.1636691e-10
13,13,49.193548,1.6998619e-10
13,13,50,7.4500262e-11
13,13,50.806452,2.3209197e-11
13,13,51.612903,7.6409188e-12
13,13,52.419355,2.7464165e-11
13,13,53.225806,1.788592e-11
13,13,54.032258,1.1847568e-11
13,13,54.83871,3.1401498e-11
13,13,55.645161,6.8198783e-11
13,13,56.451613,1.4864628e-11
13,13,57.258065,5.0097127e-11
13,13,58.064516,1.215051e-10
13,13,58.870968,1.7312377e-09
13,13,59.677419,2.8456414e-09
13,13,60.483871,6.2820535e-10
13,13,61.290323,2.4270316e-11
13,13,62.096774,1.1337564e-11
13,13,62.903226,2.9784661e-11
13,13,63.709677,9.377018e-11
13,13,64.516129,6.0612842e-11
13,13,65.322581,1.8108689e-11
13,13,66.129032,2.3217333e-11
13,13,66.935484,2.8471949e-11
13,13,67.741935,6.0346363e-11
13,13,68.548387,1.0504859e-10
13,13,69.354839,1.0543762e-10
13,13,70.16129,4.9719435e-11
13,13,70.967742,4.7762172e-11
13,13,71.774194,7.4262019e-11
13,13,72.580645,4.8949586e-11
13,13,73.387097,2.2339971e-11
13,13,74.193548,1.7147772e-11
13,13,75,1.1614729e-11
13,13,75.806452,1.1542296e-11
13,13,76.612903,1.0645228e-11
13,13,77.419355,5.5591381e-12
13,13,78.225806,6.1461446e-12
13,13,79.032258,1.0499161e-11
13,13,79.83871,5.6789589e-12
13,13,80.645161,1.0757379e-11
13,13,81.451613,6.0156018e-11
13,13,82.258065,1.3539258e-10
13,13,83.064516,1.8991255e-10
13,13,83.870968,4.9245899e-11
13,13,84.677419,3.8660298e-11
13,13,85.483871,2.7696061e-11
13,13,86.290323,1.1828982e-11
13,13,87.096774,2.8422435e-11
13,13,87.903226,2.7746605e-11
13,13,88.709677,4.1333569e-11
13,13,89.516129,1.2615306e-10
13,13,90.322581,3.6487409e-11
13,13,91.129032,9.2088357e-11
13,13,91.935484,3.6846933e-11
13,13,92.741935,5.3144959e-11
13,13,93.548387,1.0428589e-10
13,13,94.354839,4.4609534e-10
13,13,95.16129,7.8393674e-11
13,13,95.967742,2.2661466e-10
13,13,96.774194,2.8029001e-10
13,13,97.580645,1.9202251e-10
13,13,98.387097,7.9455875e-11
13,13,99.193548,1.8681366e-10
13,13,100,1.0675088e-10
13,13,100.80645,1.9819728e-10
13,13,101.6129,1.2040367e-10
13,13,102.41935,2.5314978e-11
13,13,103.22581,1.043021e-10
13,13,104.03226,1.1094679e-10
13,13,104.83871,2.2771502e-10
13,13,105.64516,2.5434254e-10
13,13,106.45161,8.1245244e-10
13,13,107.25806,3.4370988e-09
13,13,108.06452,7.8823182e-10
13,13,108.87097,6.308136e-11
13,13,109.67742,3.1933505e-10
13,13,110.48387,3.6419428e-10
13,13,111.29032,2.0703114e-10
13,13,112.09677,3.833582e-11
13,13,112.90323,3.1976332e-09
13,13,113.70968,9.4452578e-09
13,13,114.51613,2.5148583e-09
13,13,115.32258,2.3183942e-10
13,13,116.12903,2.3221634e-10
13,13,116.93548,8.3479339e-11
13,13,117.74194,2.192861e-10
13,13,118.54839,9.0974925e-10
13,13,119.35484,4.3324046e-08
13,13,120.16129,9.8218778e-08
13,13,120.96774,1.4919562e-08
13,13,121.77419,4.3537478e-11
13,13,122.58065,3.4334381e-11
13,13,123.3871,1.3919465e-10
13,13,124.19355,1.0366053e-10
13,13,125,6.8703062e-11
13,13,125.80645,9.7396144e-11
13,13,126.6129,1.4332544e-10
13,13,127.41935,8.3472215e-10
13,13,128.22581,5.9347847e-10
13,13,129.03226,6.9300926e-11
13,13,129.83871,4.6663793e-11
13,13,130.64516,2.3240305e-11
13,13,131.45161,1.7158986e-10
13,13,132.25806,2.0119931e-10
13,13,133.06452,4.0690018e-11
13,13,133.87097,1.5775258e-10
13,13,134.67742,1.1139676e-10
13,13,135.48387,1.2926168e-10
13,13,136.29032,8.8841417e-11
13,13,137.09677,1.321495e-11
13,13,137.90323,1.7035247e-10
13,13,138.70968,9.5141219e-10
13,13,139.51613,9.6944248e-10
13,13,140.32258,5.4968253e-10
13,13,141.12903,1.188295e-10
13,13,141.93548,1.2565389e-10
13,13,142.74194,6.4464599e-11
13,13,143.54839,8.9389053e-11
13,13,144.35484,4.633262e-11
13,13,145.16129,5.1809058e-11
13,13,145.96774,6.2369167e-11
13,13,146.77419,1.359811e-11
13,13,147.58065,2.4950436e-10
13,13,148.3871,5.5964662e-10
13,13,149.19355,4.6420946e-10
13,13,150,1.1872871e-10
13,13,150.80645,5.0408573e-12
13,13,151.6129,2.8541876e-11
13,13,152.41935,4.5793382e-10
13,13,153.22581,2.6006778e-09
13,13,154.03226,9.9865884e-10
13,13,154.83871,7.2809928e-11
13,13,155.64516,3.7403509e-10
13,13,156.45161,1.3089716e-09
13,13,157.25806,1.752075e-09
13,13,158.06452,2.7345416e-09
13,13,158.87097,1.7111353e-09
13,13,159.67742,5.8846678e-10
13,13,160.48387,7.3524147e-10
13,13,161.29032,6.0158553e-10
13,13,162.09677,5.307239e-10
13,13,162.90323,5.5729122e-10
13,13,163.70968,3.5709773e-10
13,13,164.51613,2.7197519e-10
13,13,165.32258,1.5996266e-10
13,13,166.12903,3.3259754e-11
13,13,166.93548,2.2331993e-11
13,13,167.74194,4.189969e-11
13,13,168.54839,3.6845446e-11
13,13,169.35484,5.399529e-11
13,13,170.16129,2.7992029e-11
13,13,170.96774,2.4615727e-11
13,13,171.77419,1.4605765e-11
13,13,172.58065,9.7654517e-12
13,13,173.3871,3.9627645e-11
13,13,174.19355,5.1938956e-11
13,13,175,1.7186079e-11
13,13,175.80645,5.0331015e-11
13,13,176.6129,8.8348045e-11
13,13,177.41935,4.7144164e-11
13,13,178.22581,8.7863918e-11
13,13,179.03226,1.2567065e-10
13,13,179.83871,1.1402006e-10
13,13,180.64516,5.9849149e-11
13,13,181.45161,4.8352206e-11
13,13,182.25806,5.5234352e-11
13,13,183.06452,3.2688912e-11
13,13,183.87097,1.9752651e-11
13,13,184.67742,3.4278297e-11
13,13,185.48387,1.4088784e-11
13,13,186.29032,3.1279639e-11
13,13,187.09677,2.3283172e-11
13,13,187.90323,8.5742663e-11
13,13,188.70968,1.3207034e-10
13,13,189.51613,1.0240257e-10
13,13,190.32258,4.5353627e-11
13,13,191.12903,1.5506808e-10
13,13,191.93548,1.4097236e-10
13,13,192.74194,2.430775e-11
13,13,193.54839,5.1900869e-12
13,13,194.35484,2.0568452e-11
13,13,195.16129,1.2826377e-11
13,13,195.96774,4.6289359e-11
13,13,196.77419,5.5505232e-11
13,13,197.58065,4.4133772e-11
13,13,198.3871,3.8416366e-11
13,13,199.19355,1.2364895e-11
14,14,0,1.8932919e-12
14,14,0.80645161,1.0904197e-12
14,14,1.6129032,2.7972364e-13
14,14,2.4193548,1.1541721e-12
14,14,3.2258065,4.2282747e-12
14,14,4.0322581,5.7779663e-12
14,14,4.8387097,2.9668374e-12
14,14,5.6451613,1.5304841e-11
14,14,6.4516129,3.734463e-11
14,14,7.2580645,4.9286814e-12
14,14,8.0645161,5.5628699e-11
14,14,8.8709677,4.9614381e-11
14,14,9.6774194,3.2377012e-10
14,14,10.483871,5.1243245e-10
14,14,11.290323,2.4664901e-09
14,14,12.096774,7.2140189e-09
14,14,12.903226,2.8887596e-09
14,14,13.709677,3.4868226e-10
14,14,14.516129,2.3594672e-10
14,14,15.322581,2.597816e-10
14,14,16.129032,3.2014048e-10
14,14,16.935484,3.4875749e-10
14,14,17.741935,1.6523294e-10
14,14,18.548387,7.0763193e-11
14,14,19.354839,2.025438e-09
14,14,20.16129,5.7900402e-09
14,14,20.967742,2.1560995e-09
14,14,21.774194,8.652221e-10
14,14,22.580645,6.3311764e-10
14,14,23.387097,3.0549799e-10
14,14,24.193548,1.5782874e-10
14,14,25,1.8467923e-10
14,14,25.806452,2.8427642e-10
14,14,26.612903,1.217934e-10
14,14,27.419355,4.1938205e-11
14,14,28.225806,6.3673134e-11
14,14,29.032258,1.1645258e-11
14,14,29.83871,1.2359313e-10
14,14,30.645161,1.3328136e-10
14,14,31.451613,7.0795269e-11
14,14,32.258065,1.7562489e-10
14,14,33.064516,1.0824029e-10
14,14,33.870968,2.655231e-10
14,14,34.677419,2.6982118e-10
14,14,35.483871,2.9492744e-10
14,14,36.290323,2.5675922e-10
14,14,37.096774,2.0597462e-10
14,14,37.903226,2.0032262e-09
14,14,38.709677,2.0308611e-09
14,14,39.516129,5.8313816e-11
14,14,40.322581,1.6462803e-11
14,14,41.129032,2.6388755e-11
14,14,41.935484,4.0724236e-11
14,14,42.741935,2.2580069e-11
14,14,43.548387,3.5352317e-11
14,14,44.354839,1.5887978e-10
14,14,45.16129,1.6551185e-10
14,14,45.967742,5.18003e-11
14,14,46.774194,5.3868382e-11
14,14,47.580645,4.4229986e-11
14,14,48.387097,2.6181286e-11
14,14,49.193548,3.1099301e-11
14,14,50,2.7429195e-11
14,14,50.806452,3.3111601e-11
14,14,51.612903,3.6140712e-11
14,14,52.419355,5.0051867e-11
14,14,53.225806,2.8166073e-11
14,14,54.032258,2.4896987e-11
14,14,54.83871,3.5545572e-11
14,14,55.645161,4.4275415e-11
14,14,56.451613,8.4539691e-11
14,14,57.258065,9.4150523e-11
14,14,58.064516,3.3843187e-10
14,14,58.870968,7.3107969e-09
14,14,59.677419,2.4049434e-08
14,14,60.483871,6.0028734e-09
14,14,61.290323,1.4941628e-11
14,14,62.096774,9.6707112e-11
14,14,62.903226,2.3363701e-10
14,14,63.709677,3.3124891e-10
14,14,64.516129,7.4621722e-11
14,14,65.322581,7.6307512e-11
14,14,66.129032,9.7134132e-11
14,14,66.935484,2.5648751e-10
14,14,67.741935,2.4769831e-10
14,14,68.548387,3.9824197e-10
14,14,69.354839,8.1381838e-10
14,14,70.16129,1.0227976e-10
14,14,70.967742,1.4726396e-10
14,14,71.774194,1.9134378e-10
14,14,72.580645,4.155998e-11
14,14,73.387097,9.1081935e-11
14,14,74.193548,1.2284542e-10
14,14,75,1.5864641e-10
14,14,75.806452,1.6470466e-10
14,14,76.612903,2.0851838e-10
14,14,77.419355,1.432018e-10
14,14,78.225806,5.8381598e-11
14,14,79.032258,2.4483239e-11
14,14,79.83871,4.4456627e-11
14,14,80.645161,1.076547e-10
14,14,81.451613,6.2706556e-11
14,14,82.258065,7.46065e-11
14,14,83.064516,1.8141597e-10
14,14,83.870968,1.2666111e-10
14,14,84.677419,2.838587e-11
14,14,85.483871,1.7086842e-11
14,14,86.290323,2.731321e-11
14,14,87.096774,1.9799879e-11
14,14,87.903226,1.2904228e-11
14,14,88.709677,9.5517322e-11
14,14,89.516129,1.3280204e-10
14,14,90.322581,5.6206654e-10
14,14,91.129032,9.445144e-10
14,14,91.935484,2.4284831e-10
14,14,92.741935,1.6939372e-10
14,14,93.548387,5.2424677e-10
14,14,94.354839,1.21797e-09
14,14,95.16129,3.1091287e-10
14,14,95.967742,2.3405065e-11
14,14,96.774194,8.9004763e-11
14,14,97.580645,1.4854726e-10
14,14,98.387097,9.2823121e-11
14,14,99.193548,5.5176811e-11
14,14,100,2.5289565e-11
14,14,100.80645,1.3147715e-10
14,14,101.6129,2.3129629e-10
14,14,102.41935,1.6030388e-10
14,14,103.22581,4.1026946e-11
14,14,104.03226,1.2854641e-11
14,14,104.83871,7.7884832e-11
14,14,105.64516,5.3979631e-11
14,14,106.45161,1.3367865e-10
14,14,107.25806,3.7884215e-10
14,14,108.06452,1.1603083e-10
14,14,108.87097,3.999735e-11
14,14,109.67742,4.9098533e-11
14,14,110.48387,4.7023171e-11
14,14,111.29032,3.9413784e-11
14,14,112.09677,3.6970894e-11
14,14,112.90323,7.0265707e-10
14,14,113.70968,2.0811055e-09
14,14,114.51613,4.7912953e-10
14,14,115.32258,1.6550675e-10
14,14,116.12903,2.2031133e-10
14,14,116.93548,4.5770901e-10
14,14,117.74194,2.8151836e-11
14,14,118.54839,2.5342576e-09
14,14,119.35484,3.5823088e-07
14,14,120.16129,8.0898139e-07
14,14,120.96774,1.1567164e-07
14,14,121.77419,2.3713116e-10
14,14,122.58065,4.1490885e-10
14,14,123.3871,5.7058635e-10
14,14,124.19355,2.3258553e-10
14,14,125,1.8685236e-10
14,14,125.80645,1.2122472e-10
14,14,126.6129,5.2674372e-10
14,14,127.41935,2.0477182e-09
14,14,128.22581,1.473502e-09
14,14,129.03226,4.341412e-10
14,14,129.83871,2.792442e-10
14,14,130.64516,6.393553e-11
14,14,131.45161,1.7751938e-10
14,14,132.25806,7.4157319e-10
14,14,133.06452,8.3079673e-10
14,14,133.87097,2.8408947e-10
14,14,134.67742,1.385442e-10
14,14,135.48387,2.0390845e-10
14,14,136.29032,3.3512796e-10
14,14,137.09677,4.5470076e-11
14,14,137.90323,3.0791818e-11
14,14,138.70968,1.4311377e-10
14,14,139.51613,2.3652949e-10
14,14,140.32258,2.111979e-10
14,14,141.12903,1.0807122e-10
14,14,141.93548,6.105141e-11
14,14,142.74194,9.7651672e-11
14,14,143.54839,1.5112141e-10
14,14,144.35484,6.2926831e-11
14,14,145.16129,1.9125558e-10
14,14,145.96774,2.3128586e-10
14,14,146.77419,1.6050607e-10
14,14,147.58065,8.8996487e-10
14,14,148.3871,3.055903e-09
14,14,149.19355,8.7988967e-10
14,14,150,1.0647222e-10
14,14,150.80645,8.814303e-12
14,14,151.6129,2.1727022e-10
14,14,152.41935,2.199891e-09
14,14,153.22581,1.1317663e-08
14,14,154.03226,3.412667e-09
14,14,154.83871,3.5751318e-11
14,14,155.64516,1.3129381e-11
14,14,156.45161,4.6042549e-11
14,14,157.25806,9.7364028e-11
14,14,158.06452,7.1781036e-10
14,14,158.87097,2.8330515e-10
14,14,159.67742,1.5253183e-10
14,14,160.48387,3.015785e-10
14,14,161.29032,4.0476949e-10
14,14,162.09677,1.7583868e-10
14,14,162.90323,1.033611e-10
14,14,163.70968,4.7890916e-11
14,14,164.51613,2.5784994e-11
14,14,165.32258,3.9408347e-11
14,14,166.12903,1.1344273e-11
14,14,166.93548,4.4518803e-11
14,14,167.74194,1.229829e-10
14,14,168.54839,1.1387299e-10
14,14,169.35484,3.3662e-11
14,14,170.16129,4.7735383e-11
14,14,170.96774,1.2093118e-10
14,14,171.77419,1.3086445e-10
14,14,172.58065,1.2872119e-10
14,14,173.3871,4.3056974e-11
14,14,174.19355,5.7405452e-11
14,14,175,1.2857609e-10
14,14,175.80645,2.3983173e-11
14,14,176.6129,5.6008324e-11
14,14,177.41935,1.2446607e-10
14,14,178.22581,1.2096175e-10
14,14,179.03226,4.3136574e-10
14,14,179.83871,4.0952425e-10
14,14,180.64516,1.3709369e-10
14,14,181.45161,7.9356223e-11
14,14,182.25806,4.8559242e-11
14,14,183.06452,1.5344629e-11
14,14,183.87097,3.1493742e-11
14,14,184.67742,7.0984302e-11
14,14,185.48387,7.1211083e-11
14,14,186.29032,1.1475898e-10
14,14,187.09677,1.9287408e-11
14,14,187.90323,9.8000787e-11
14,14,188.70968,1.4850192e-10
14,14,189.51613,2.9099182e-11
14,14,190.32258,2.5777473e-10
14,14,191.12903,8.697706e-11
14,14,191.93548,1.5260588e-10
14,14,192.74194,7.910918e-11
14,14,193.54839,1.089324e-11
14,14,194.35484,7.4064972e-12
14,14,195.16129,4.0952077e-11
14,14,195.96774,5.4749426e-11
14,14,196.77419,1.03214e-10
14,14,197.58065,8.6334116e-11
14,14,198.3871,5.6646296e-11
14,14,199.19355,2.9051723e-11
15,15,0,6.3700157e-12
15,15,0.80645161,3.6469425e-12
15,15,1.6129032,4.3006409e-13
15,15,2.4193548,1.3688999e-12
15,15,3.2258065,1.6100236e-11
15,15,4.0322581,3.7412549e-11
15,15,4.8387097,2.4678397e-11
15,15,5.6451613,3.6626474e-11
15,15,6.4516129,6.5237469e-11
15,15,7.2580645,2.2445624e-11
15,15,8.0645161,8.5910666e-11
15,15,8.8709677,7.6040687e-11
15,15,9.6774194,5.4768455e-10
15,15,10.483871,8.9587689e-10
15,15,11.290323,3.1211985e-09
15,15,12.096774,9.3845489e-09
15,15,12.903226,4.2345446e-09
15,15,13.709677,5.1473207e-10
15,15,14.516129,1.9670883e-10
15,15,15.322581,6.7675596e-11
15,15,16.129032,1.3033305e-10
15,15,16.935484,2.394902e-10
15,15,17.741935,2.7939045e-10
15,15,18.548387,4.0899948e-10
15,15,19.354839,4.5775772e-10
15,15,20.16129,1.440729e-09
15,15,20.967742,5.8714786e-10
15,15,21.774194,4.005156e-10
15,15,22.580645,1.2308573e-10
15,15,23.387097,2.7607347e-10
15,15,24.193548,5.6468594e-10
15,15,25,5.3580487e-10
15,15,25.806452,1.259864e-09
15,15,26.612903,8.830019e-10
15,15,27.419355,1.4324266e-10
15,15,28.225806,7.6773848e-10
15,15,29.032258,1.3743398e-09
15,15,29.83871,7.6566723e-10
15,15,30.645161,5.4468227e-10
15,15,31.451613,1.17169e-09
15,15,32.258065,1.3968661e-09
15,15,33.064516,7.8581343e-10
15,15,33.870968,1.6471394e-09
15,15,34.677419,1.1986512e-09
15,15,35.483871,7.1735438e-10
15,15,36.290323,7.6382254e-10
15,15,37.096774,1.7633933e-09
15,15,37.903226,1.0008788e-08
15,15,38.709677,9.1912981e-09
15,15,39.516129,8.5554032e-10
15,15,40.322581,2.1254985e-10
15,15,41.129032,2.264096e-10
15,15,41.935484,4.2836707e-10
15,15,42.741935,1.8242494e-10
15,15,43.548387,1.338627e-10
15,15,44.354839,2.1906726e-10
15,15,45.16129,4.2731354e-10
15,15,45.967742,2.2655524e-10
15,15,46.774194,5.9832377e-10
15,15,47.580645,1.4905014e-09
15,15,48.387097,1.1359483e-09
15,15,49.193548,5.4840178e-10
15,15,50,9.9477186e-10
15,15,50.806452,1.8473171e-09
15,15,51.612903,1.4700387e-09
15,15,52.419355,1.1760878e-09
15,15,53.225806,6.2676871e-10
15,15,54.032258,4.3709652e-10
15,15,54.83871,1.8312097e-10
15,15,55.645161,2.2127972e-10
15,15,56.451613,4.0512364e-10
15,15,57.258065,6.2716198e-10
15,15,58.064516,2.253329e-09
15,15,58.870968,8.0149491e-09
15,15,59.677419,5.3502688e-09
15,15,60.483871,1.0355675e-09
15,15,61.290323,2.5457032e-11
15,15,62.096774,5.5900522e-11
15,15,62.903226,1.0640057e-10
15,15,63.709677,1.1245846e-10
15,15,64.516129,7.9575225e-11
15,15,65.322581,1.9390927e-11
15,15,66.129032,2.3648054e-11
15,15,66.935484,1.6056509e-10
15,15,67.741935,8.7964764e-11
15,15,68.548387,7.3490871e-10
15,15,69.354839,1.3420353e-09
15,15,70.16129,7.4850539e-10
15,15,70.967742,1.0625595e-09
15,15,71.774194,8.6253114e-10
15,15,72.580645,6.4487579e-11
15,15,73.387097,4.5198845e-10
15,15,74.193548,1.8703282e-10
15,15,75,6.095905e-11
15,15,75.806452,1.0736118e-10
15,15,76.612903,8.6814733e-11
15,15,77.419355,1.3892875e-10
15,15,78.225806,9.1175407e-11
15,15,79.032258,1.3489483e-10
15,15,79.83871,1.0728021e-10
15,15,80.645161,4.1767581e-10
15,15,81.451613,9.7272215e-10
15,15,82.258065,6.2487376e-10
15,15,83.064516,4.4508994e-10
15,15,83.870968,3.2612717e-10
15,15,84.677419,9.6642339e-11
15,15,85.483871,2.9963587e-11
15,15,86.290323,2.2225506e-11
15,15,87.096774,1.8817967e-11
15,15,87.903226,5.3863307e-11
15,15,88.709677,1.2238444e-10
15,15,89.516129,1.5282636e-10
15,15,90.322581,2.8777968e-10
15,15,91.129032,3.9468634e-10
15,15,91.935484,6.3512221e-11
15,15,92.741935,4.3849545e-11
15,15,93.548387,9.2724732e-11
15,15,94.354839,4.2785135e-10
15,15,95.16129,1.9890744e-10
15,15,95.967742,1.9551678e-11
15,15,96.774194,2.7412565e-10
15,15,97.580645,2.6591641e-10
15,15,98.387097,7.4266001e-11
15,15,99.193548,5.1295264e-11
15,15,100,3.0987358e-11
15,15,100.80645,7.4012777e-11
15,15,101.6129,8.9361155e-10
15,15,102.41935,1.4356077e-09
15,15,103.22581,3.2502818e-10
15,15,104.03226,2.0945647e-10
15,15,104.83871,1.4289921e-10
15,15,105.64516,3.8965891e-10
15,15,106.45161,9.4397049e-10
15,15,107.25806,1.9813541e-09
15,15,108.06452,1.5313089e-09
15,15,108.87097,2.6657945e-10
15,15,109.67742,6.7106862e-10
15,15,110.48387,7.2386231e-10
15,15,111.29032,1.8615484e-10
15,15,112.09677,6.3873875e-11
15,15,112.90323,4.3193831e-10
15,15,113.70968,1.7499687e-09
15,15,114.51613,2.7685011e-10
15,15,115.32258,1.317948e-10
15,15,116.12903,1.591269e-10
15,15,116.93548,1.1764001e-10
15,15,117.74194,1.0285731e-10
15,15,118.54839,2.1701438e-10
15,15,119.35484,4.3126874e-09
15,15,120.16129,7.8926862e-09
15,15,120.96774,1.4359886e-09
15,15,121.77419,2.2624698e-10
15,15,122.58065,1.3495308e-10
15,15,123.3871,8.6434526e-11
15,15,124.19355,1.2727859e-10
15,15,125,7.0773815e-12
15,15,125.80645,4.4818179e-11
15,15,126.6129,1.0490308e-10
15,15,127.41935,7.16409e-10
15,15,128.22581,4.3158085e-10
15,15,129.03226,2.2562065e-10
15,15,129.83871,1.5679261e-10
15,15,130.64516,2.4032858e-11
15,15,131.45161,1.0253202e-10
15,15,132.25806,2.7561687e-10
15,15,133.06452,2.4857837e-10
15,15,133.87097,1.1904388e-10
15,15,134.67742,1.2903835e-10
15,15,135.48387,2.2319289e-10
15,15,136.29032,2.3258144e-10
15,15,137.09677,4.385531e-11
15,15,137.90323,3.8823994e-10
15,15,138.70968,2.4751373e-10
15,15,139.51613,2.6286146e-10
15,15,140.32258,5.0389474e-11
15,15,141.12903,2.7701868e-10
15,15,141.93548,1.8162154e-10
15,15,142.74194,1.2132578e-10
15,15,143.54839,3.9435171e-10
15,15,144.35484,1.9180351e-10
15,15,145.16129,1.8294132e-10
15,15,145.96774,3.0689105e-10
15,15,146.77419,7.392903e-11
15,15,147.58065,2.3769265e-10
15,15,148.3871,1.6781258e-10
15,15,149.19355,8.8329498e-12
15,15,150,1.1091475e-10
15,15,150.80645,3.5062331e-11
15,15,151.6129,7.1082708e-11
15,15,152.41935,7.6289673e-11
15,15,153.22581,3.7838774e-10
15,15,154.03226,1.8638944e-10
15,15,154.83871,1.8872635e-10
15,15,155.64516,1.0187254e-10
15,15,156.45161,1.0273909e-10
15,15,157.25806,1.225075e-10
15,15,158.06452,1.0841781e-10
15,15,158.87097,3.2584991e-10
15,15,159.67742,1.4260926e-10
15,15,160.48387,1.2902275e-10
15,15,161.29032,1.8519406e-10
15,15,162.09677,5.178951e-11
15,15,162.90323,2.7883782e-10
15,15,163.70968,1.1789772e-10
15,15,164.51613,3.8592279e-11
15,15,165.32258,6.9924781e-11
15,15,166.12903,6.4801267e-11
15,15,166.93548,6.2932776e-11
15,15,167.74194,5.8053971e-11
15,15,168.54839,4.6025186e-11
15,15,169.35484,1.9452897e-11
15,15,170.16129,1.6303504e-11
15,15,170.96774,3.0637929e-11
15,15,171.77419,2.0098079e-11
15,15,172.58065,5.9589876e-11
15,15,173.3871,2.1898741e-11
15,15,174.19355,5.1878837e-11
15,15,175,9.3350088e-11
15,15,175.80645,6.7317678e-12
15,15,176.6129,1.0624908e-11
15,15,177.41935,3.4554357e-11
15,15,178.22581,1.5927845e-10
15,15,179.03226,2.0854254e-10
15,15,179.83871,3.4282463e-12
15,15,180.64516,2.6376834e-11
15,15,181.45161,3.3140321e-11
15,15,182.25806,7.5049322e-11
15,15,183.06452,1.6809599e-11
15,15,183.87097,4.67064e-11
15,15,184.67742,4.2967951e-11
15,15,185.48387,1.4941229e-11
15,15,186.29032,3.005235e-11
15,15,187.09677,9.9504057e-12
15,15,187.90323,7.1725767e-11
15,15,188.70968,1.3467683e-10
15,15,189.51613,1.951365e-11
15,15,190.32258,7.9600051e-11
15,15,191.12903,1.1480297e-10
15,15,191.93548,1.2142701e-10
15,15,192.74194,2.4571979e-11
15,15,193.54839,4.7039169e-11
15,15,194.35484,4.854855e-11
15,15,195.16129,7.6655983e-11
15,15,195.96774,1.3346919e-10
15,15,196.77419,1.75837e-10
15,15,197.58065,3.8153109e-11
15,15,198.3871,4.9361844e-11
15,15,199.19355,5.8890331e-11
16,16,0,3.9614245e-12
16,16,0.80645161,1.0163169e-12
16,16,1.6129032,1.2433403e-11
16,16,2.4193548,1.8772813e-11
16,16,3.2258065,1.2855925e-11
16,16,4.0322581,1.8530667e-11
16,16,4.8387097,1.3633343e-11
16,16,5.6451613,2.3249602e-11
16,16,6.4516129,3.4564516e-11
16,16,7.2580645,2.0219352e-11
16,16,8.0645161,4.1298301e-11
16,16,8.8709677,4.3861874e-11
16,16,9.6774194,1.2139449e-10
16,16,10.483871,1.4638938e-10
16,16,11.290323,8.3811951e-11
16,16,12.096774,2.1387019e-10
16,16,12.903226,2.1512508e-10
16,16,13.709677,4.9594132e-10
16,16,14.516129,5.2052837e-10
16,16,15.322581,1.3903772e-10
16,16,16.129032,2.0513755e-10
16,16,16.935484,3.3472544e-11
16,16,17.741935,3.702566e-10
16,16,18.548387,5.1842146e-10
16,16,19.354839,3.3046155e-09
16,16,20.16129,5.4748678e-09
16,16,20.967742,3.4528604e-10
16,16,21.774194,1.1490713e-09
16,16,22.580645,4.2307632e-10
16,16,23.387097,1.638357e-09
16,16,24.193548,2.5204388e-09
16,16,25,1.3008921e-09
16,16,25.806452,3.1402673e-09
16,16,26.612903,1.9290442e-09
16,16,27.419355,1.3218247e-09
16,16,28.225806,2.2719828e-09
16,16,29.032258,3.5785334e-09
16,16,29.83871,4.5662353e-09
16,16,30.645161,1.9534971e-09
16,16,31.451613,4.9801593e-09
16,16,32.258065,4.0561818e-09
16,16,33.064516,2.5251912e-09
16,16,33.870968,4.697455e-09
16,16,34.677419,1.8853473e-09
16,16,35.483871,3.6627643e-09
16,16,36.290323,1.8476565e-09
16,16,37.096774,3.8465541e-09
16,16,37.903226,3.3430413e-08
16,16,38.709677,3.0836986e-08
16,16,39.516129,1.078203e-09
16,16,40.322581,2.7620695e-10
16,16,41.129032,2.4599394e-10
16,16,41.935484,4.6957813e-10
16,16,42.741935,2.4954496e-10
16,16,43.548387,4.8531699e-10
16,16,44.354839,1.633252e-09
16,16,45.16129,1.4605188e-09
16,16,45.967742,6.7374209e-10
16,16,46.774194,5.3293199e-10
16,16,47.580645,1.7266877e-09
16,16,48.387097,1.4436035e-09
16,16,49.193548,6.7182093e-10
16,16,50,1.0016895e-09
16,16,50.806452,5.9477059e-10
16,16,51.612903,3.7488949e-10
16,16,52.419355,5.0518474e-11
16,16,53.225806,2.4489922e-10
16,16,54.032258,3.7238811e-10
16,16,54.83871,1.832163e-10
16,16,55.645161,3.0281313e-10
16,16,56.451613,1.5632407e-10
16,16,57.258065,1.5445187e-10
16,16,58.064516,1.655284e-10
16,16,58.870968,1.6691468e-09
16,16,59.677419,5.1138194e-09
16,16,60.483871,2.1006502e-09
16,16,61.290323,3.3622391e-10
16,16,62.096774,6.9599633e-11
16,16,62.903226,4.0522806e-11
16,16,63.709677,1.0077534e-10
16,16,64.516129,1.2513218e-10
16,16,65.322581,1.7919678e-10
16,16,66.129032,1.1798927e-10
16,16,66.935484,5.0531408e-11
16,16,67.741935,2.2734974e-10
16,16,68.548387,2.1850082e-10
16,16,69.354839,7.0063867e-10
16,16,70.16129,5.4444122e-11
16,16,70.967742,4.5107699e-10
16,16,71.774194,3.6540276e-10
16,16,72.580645,4.829899e-11
16,16,73.387097,3.7098956e-10
16,16,74.193548,1.7378126e-10
16,16,75,3.107425e-10
16,16,75.806452,4.4835965e-11
16,16,76.612903,2.8905389e-10
16,16,77.419355,5.5668414e-11
16,16,78.225806,6.3190236e-11
16,16,79.032258,9.72663e-11
16,16,79.83871,4.1782341e-11
16,16,80.645161,2.873496e-10
16,16,81.451613,7.4781897e-10
16,16,82.258065,4.7470431e-10
16,16,83.064516,4.2428202e-10
16,16,83.870968,1.5414071e-10
16,16,84.677419,3.6018018e-10
16,16,85.483871,6.9982198e-10
16,16,86.290323,7.8237252e-11
16,16,87.096774,1.6630036e-10
16,16,87.903226,2.099863e-10
16,16,88.709677,6.1748206e-11
16,16,89.516129,2.2503143e-10
16,16,90.322581,4.8044794e-10
16,16,91.129032,3.6040202e-10
16,16,91.935484,2.328989e-11
16,16,92.741935,8.1999743e-11
16,16,93.548387,2.5915061e-11
16,16,94.354839,1.5863933e-10
16,16,95.16129,3.2565979e-10
16,16,95.967742,1.0668747e-10
16,16,96.774194,3.7917475e-10
16,16,97.580645,1.9855273e-10
16,16,98.387097,3.2629383e-10
16,16,99.193548,2.8096683e-10
16,16,100,7.7998727e-11
16,16,100.80645,2.1647094e-10
16,16,101.6129,1.7942211e-10
16,16,102.41935,2.2009829e-10
16,16,103.22581,9.2993882e-11
16,16,104.03226,1.2030138e-10
16,16,104.83871,9.0074124e-11
16,16,105.64516,7.1268068e-11
16,16,106.45161,3.2026203e-10
16,16,107.25806,1.6998445e-10
16,16,108.06452,3.6903211e-10
16,16,108.87097,4.7367165e-10
16,16,109.67742,2.149711e-10
16,16,110.48387,3.6873326e-10
16,16,111.29032,2.2164421e-10
16,16,112.09677,4.6392302e-12
16,16,112.90323,5.4379483e-11
16,16,113.70968,2.4001749e-11
16,16,114.51613,3.4014797e-11
16,16,115.32258,6.2000566e-11
16,16,116.12903,2.770324e-10
16,16,116.93548,4.6931842e-11
16,16,117.74194,6.7542549e-10
16,16,118.54839,1.2813426e-09
16,16,119.35484,4.950978e-10
16,16,120.16129,2.1404363e-09
16,16,120.96774,7.4351208e-10
16,16,121.77419,3.2309913e-10
16,16,122.58065,4.8090045e-10
16,16,123.3871,1.1262558e-10
16,16,124.19355,2.8624435e-10
16,16,125,3.2795422e-10
16,16,125.80645,1.6978511e-10
16,16,126.6129,1.725061e-10
16,16,127.41935,1.3141213e-09
16,16,128.22581,9.5305574e-10
16,16,129.03226,1.2804613e-10
16,16,129.83871,2.9538356e-10
16,16,130.64516,3.4748376e-10
16,16,131.45161,2.2593566e-10
16,16,132.25806,6.7598977e-10
16,16,133.06452,7.3378928e-10
16,16,133.87097,1.2790308e-10
16,16,134.67742,1.5032595e-10
16,16,135.48387,5.3990175e-11
16,16,136.29032,3.607259e-10
16,16,137.09677,8.5773557e-11
16,16,137.90323,5.5779133e-10
16,16,138.70968,3.0008951e-10
16,16,139.51613,4.9793161e-11
16,16,140.32258,1.6610945e-10
16,16,141.12903,2.0607106e-10
16,16,141.93548,3.2807133e-10
16,16,142.74194,1.0239606e-10
16,16,143.54839,5.8672551e-10
16,16,144.35484,5.352161e-10
16,16,145.16129,5.847695e-10
16,16,145.96774,1.6547159e-09
16,16,146.77419,1.2040773e-09
16,16,147.58065,1.4524559e-09
16,16,148.3871,1.638013e-09
16,16,149.19355,4.4260653e-10
16,16,150,6.4424356e-10
16,16,150.80645,4.5626247e-10
16,16,151.6129,3.3750093e-10
16,16,152.41935,9.8547921e-10
16,16,153.22581,1.1386807e-09
16,16,154.03226,7.6539414e-10
16,16,154.83871,6.1788225e-11
16,16,155.64516,3.3520385e-10
16,16,156.45161,6.2681442e-10
16,16,157.25806,4.5261389e-10
16,16,158.06452,2.9657678e-10
16,16,158.87097,1.90774e-10
16,16,159.67742,8.287322e-10
16,16,160.48387,9.7451622e-10
16,16,161.29032,6.8226175e-10
16,16,162.09677,5.0432951e-10
16,16,162.90323,4.5538863e-10
16,16,163.70968,1.7672054e-10
16,16,164.51613,3.4664924e-10
16,16,165.32258,2.4231118e-10
16,16,166.12903,2.6555503e-10
16,16,166.93548,1.4365395e-10
16,16,167.74194,1.564802e-10
16,16,168.54839,2.4682403e-10
16,16,169.35484,3.20137e-11
16,16,170.16129,1.0947163e-10
16,16,170.96774,3.6940157e-11
16,16,171.77419,9.9934171e-11
16,16,172.58065,1.7927458e-10
16,16,173.3871,5.0019977e-11
16,16,174.19355,2.5256718e-10
16,16,175,1.4889625e-10
16,16,175.80645,2.7358527e-10
16,16,176.6129,1.60174e-10
16,16,177.41935,1.5845139e-10
16,16,178.22581,6.1065785e-10
16,16,179.03226,7.315941e-10
16,16,179.83871,5.6696374e-10
16,16,180.64516,3.5824498e-10
16,16,181.45161,7.6861441e-11
16,16,182.25806,1.8122195e-10
16,16,183.06452,7.1665246e-11
16,16,183.87097,1.1362444e-10
16,16,184.67742,2.9777475e-10
16,16,185.48387,2.8277633e-11
16,16,186.29032,4.0274616e-11
16,16,187.09677,4.6641347e-11
16,16,187.90323,8.9399436e-11
16,16,188.70968,6.8571266e-11
16,16,189.51613,3.7174673e-11
16,16,190.32258,5.991129e-11
16,16,191.12903,7.8988682e-11
16,16,191.93548,3.1147718e-10
16,16,192.74194,1.6269293e-10
16,16,193.54839,2.9862717e-11
16,16,194.35484,2.1506108e-10
16,16,195.16129,4.3072588e-11
16,16,195.96774,1.1062044e-10
16,16,196.77419,1.80124e-10
16,16,197.58065,1.4347794e-10
16,16,198.3871,8.5483393e-11
16,16,199.19355,1.3404487e-10
17,17,0,6.8133501e-13
17,17,0.80645161,2.8156976e-13
17,17,1.6129032,1.3468429e-12
17,17,2.4193548,2.8230981e-12
17,17,3.2258065,2.562435e-12
17,17,4.0322581,9.4671178e-12
17,17,4.8387097,1.8603694e-11
17,17,5.6451613,2.8889402e-11
17,17,6.4516129,5.39844e-11
17,17,7.2580645,3.3852819e-11
17,17,8.0645161,9.7240151e-11
17,17,8.8709677,1.3130334e-10
17,17,9.6774194,1.0490832e-10
17,17,10.483871,3.1906883e-11
17,17,11.290323,3.6448151e-11
17,17,12.096774,1.8979135e-10
17,17,12.903226,5.0592628e-10
17,17,13.709677,3.7517861e-10
17,17,14.516129,1.0516586e-10
17,17,15.322581,2.9899905e-11
17,17,16.129032,1.4214044e-10
17,17,16.935484,1.0350742e-10
17,17,17.741935,1.4044299e-10
17,17,18.548387,1.7883878e-10
17,17,19.354839,4.8839281e-10
17,17,20.16129,1.1134619e-09
17,17,20.967742,2.3267116e-11
17,17,21.774194,1.375804e-10
17,17,22.580645,1.6092862e-10
17,17,23.387097,7.2432549e-11
17,17,24.193548,7.1297683e-11
17,17,25,3.6032638e-10
17,17,25.806452,6.9374817e-10
17,17,26.612903,9.5884896e-11
17,17,27.419355,5.0674414e-10
17,17,28.225806,2.6233316e-09
17,17,29.032258,1.1194228e-09
17,17,29.83871,6.9006986e-10
17,17,30.645161,7.1198771e-10
17,17,31.451613,5.0869488e-10
17,17,32.258065,6.1021596e-10
17,17,33.064516,5.8408711e-10
17,17,33.870968,1.3113658e-09
17,17,34.677419,2.0665219e-09
17,17,35.483871,2.347705e-09
17,17,36.290323,2.5617087e-09
17,17,37.096774,3.3153139e-09
17,17,37.903226,1.6831753e-08
17,17,38.709677,1.6717958e-08
17,17,39.516129,7.3059712e-10
17,17,40.322581,1.7088457e-10
17,17,41.129032,1.9662894e-10
17,17,41.935484,3.823397e-10
17,17,42.741935,3.1957562e-11
17,17,43.548387,2.7852141e-10
17,17,44.354839,3.2196176e-10
17,17,45.16129,2.1959891e-10
17,17,45.967742,3.1190001e-10
17,17,46.774194,5.1860694e-10
17,17,47.580645,8.6296079e-10
17,17,48.387097,1.3005086e-09
17,17,49.193548,9.7816565e-10
17,17,50,2.7739987e-10
17,17,50.806452,1.7976311e-10
17,17,51.612903,4.7775271e-10
17,17,52.419355,3.0781211e-10
17,17,53.225806,4.9514529e-10
17,17,54.032258,4.5048948e-10
17,17,54.83871,2.1508772e-10
17,17,55.645161,1.2657676e-10
17,17,56.451613,4.2292641e-10
17,17,57.258065,3.0493195e-10
17,17,58.064516,6.9683387e-11
17,17,58.870968,6.0585429e-10
17,17,59.677419,2.3432224e-09
17,17,60.483871,5.0564836e-10
17,17,61.290323,2.2263402e-10
17,17,62.096774,1.7794578e-10
17,17,62.903226,3.5944193e-11
17,17,63.709677,5.2342451e-11
17,17,64.516129,1.7338255e-10
17,17,65.322581,1.8832238e-10
17,17,66.129032,1.3368953e-10
17,17,66.935484,2.348294e-10
17,17,67.741935,2.5344235e-10
17,17,68.548387,1.7541435e-10
17,17,69.354839,2.0620549e-10
17,17,70.16129,2.5794412e-10
17,17,70.967742,8.6240442e-11
17,17,71.774194,3.5607136e-11
17,17,72.580645,4.5356656e-11
17,17,73.387097,6.6517412e-11
17,17,74.193548,9.3398385e-11
17,17,75,1.7632454e-10
17,17,75.806452,1.0316105e-10
17,17,76.612903,4.4226351e-11
17,17,77.419355,7.0269838e-11
17,17,78.225806,9.7326697e-12
17,17,79.032258,4.898767e-11
17,17,79.83871,1.0946575e-11
17,17,80.645161,4.2150518e-11
17,17,81.451613,1.1186555e-10
17,17,82.258065,3.2539401e-11
17,17,83.064516,1.3590762e-10
17,17,83.870968,3.8862357e-11
17,17,84.677419,2.5413213e-10
17,17,85.483871,3.6661408e-10
17,17,86.290323,1.8918499e-11
17,17,87.096774,2.2161367e-11
17,17,87.903226,9.3182747e-11
17,17,88.709677,8.0469628e-11
17,17,89.516129,5.4366128e-11
17,17,90.322581,1.4339885e-10
17,17,91.129032,1.2066987e-10
17,17,91.935484,1.1912184e-10
17,17,92.741935,1.616916e-10
17,17,93.548387,4.2228327e-11
17,17,94.354839,3.9780229e-11
17,17,95.16129,3.193088e-10
17,17,95.967742,3.40978e-10
17,17,96.774194,1.6443812e-10
17,17,97.580645,1.2972044e-10
17,17,98.387097,4.8508441e-11
17,17,99.193548,9.1230727e-11
17,17,100,8.4549031e-11
17,17,100.80645,4.8681296e-11
17,17,101.6129,5.2602448e-10
17,17,102.41935,8.1569084e-10
17,17,103.22581,5.1861174e-10
17,17,104.03226,3.6470833e-10
17,17,104.83871,3.8953025e-10
17,17,105.64516,7.3387543e-10
17,17,106.45161,7.4983301e-10
17,17,107.25806,4.4652374e-10
17,17,108.06452,5.0556052e-10
17,17,108.87097,2.1406697e-10
17,17,109.67742,5.8337788e-10
17,17,110.48387,4.099393e-10
17,17,111.29032,3.2031336e-10
17,17,112.09677,1.5389476e-10
17,17,112.90323,7.3438141e-11
17,17,113.70968,2.7890668e-10
17,17,114.51613,5.273861e-11
17,17,115.32258,8.4750272e-11
17,17,116.12903,7.3137791e-11
17,17,116.93548,1.1061185e-10
17,17,117.74194,1.1088608e-10
17,17,118.54839,5.5256485e-10
17,17,119.35484,1.2201337e-08
17,17,120.16129,2.5054004e-08
17,17,120.96774,4.1421455e-09
17,17,121.77419,9.129456e-11
17,17,122.58065,1.0727761e-10
17,17,123.3871,8.3273347e-11
17,17,124.19355,6.7691659e-11
17,17,125,1.4046711e-11
17,17,125.80645,1.047071e-11
17,17,126.6129,2.1997056e-11
17,17,127.41935,1.2816335e-10
17,17,128.22581,5.4246759e-11
17,17,129.03226,2.0759969e-11
17,17,129.83871,1.4431261e-10
17,17,130.64516,1.0053706e-10
17,17,131.45161,1.3818045e-10
17,17,132.25806,1.9659978e-10
17,17,133.06452,1.0004546e-10
17,17,133.87097,8.4119288e-12
17,17,134.67742,7.0466486e-12
17,17,135.48387,4.5471499e-11
17,17,136.29032,2.6808225e-11
17,17,137.09677,2.599624e-11
17,17,137.90323,5.8414036e-11
17,17,138.70968,9.9336202e-11
17,17,139.51613,1.8679575e-10
17,17,140.32258,6.7550527e-11
17,17,141.12903,2.7261836e-12
17,17,141.93548,4.230462e-11
17,17,142.74194,2.5816808e-11
17,17,143.54839,1.7755455e-11
17,17,144.35484,6.3042116e-11
17,17,145.16129,4.2512005e-11
17,17,145.96774,6.8108652e-11
17,17,146.77419,3.9107056e-11
17,17,147.58065,4.1156084e-11
17,17,148.3871,4.1413478e-11
17,17,149.19355,2.6539144e-11
17,17,150,2.3110383e-11
17,17,150.80645,3.589605e-12
17,17,151.6129,1.8086585e-11
17,17,152.41935,1.0969332e-11
17,17,153.22581,6.413742e-11
17,17,154.03226,1.711446e-10
17,17,154.83871,1.7183722e-10
17,17,155.64516,8.5276929e-11
17,17,156.45161,1.5582723e-11
17,17,157.25806,9.0128239e-11
17,17,158.06452,8.0749584e-10
17,17,158.87097,1.1951539e-09
17,17,159.67742,2.9179531e-10
17,17,160.48387,1.2244881e-10
17,17,161.29032,1.9061654e-10
17,17,162.09677,6.8097805e-11
17,17,162.90323,2.2110589e-11
17,17,163.70968,2.5709332e-11
17,17,164.51613,1.6282038e-11
17,17,165.32258,1.0134423e-11
17,17,166.12903,1.0875925e-11
17,17,166.93548,1.3420569e-11
17,17,167.74194,1.2694073e-11
17,17,168.54839,8.2864497e-11
17,17,169.35484,6.8472049e-11
17,17,170.16129,2.4480513e-11
17,17,170.96774,2.891341e-11
17,17,171.77419,2.7110522e-11
17,17,172.58065,3.1479783e-11
17,17,173.3871,4.3341405e-11
17,17,174.19355,7.0398373e-11
17,17,175,6.8008705e-11
17,17,175.80645,4.8504372e-11
17,17,176.6129,3.7252077e-11
17,17,177.41935,4.1325429e-11
17,17,178.22581,1.0095739e-10
17,17,179.03226,1.2939376e-10
17,17,179.83871,4.7050203e-11
17,17,180.64516,2.3388455e-11
17,17,181.45161,1.6502975e-11
17,17,182.25806,5.0783022e-11
17,17,183.06452,3.3184836e-11
17,17,183.87097,1.91939e-11
17,17,184.67742,9.2245567e-12
17,17,185.48387,5.3463198e-11
17,17,186.29032,8.8427904e-11
17,17,187.09677,7.179349e-11
17,17,187.90323,3.7032187e-11
17,17,188.70968,2.5420947e-11
17,17,189.51613,1.6284735e-11
17,17,190.32258,3.6233826e-11
17,17,191.12903,2.2500188e-11
17,17,191.93548,2.5051586e-11
17,17,192.74194,1.9216571e-11
17,17,193.54839,2.7233748e-11
17,17,194.35484,2.5774072e-11
17,17,195.16129,3.1412469e-11
17,17,195.96774,1.1137643e-11
17,17,196.77419,3.7459917e-11
17,17,197.58065,6.7489583e-11
17,17,198.3871,2.6885153e-11
17,17,199.19355,1.1943166e-11
18,18,0,1.2393226e-13
18,18,0.80645161,2.1636056e-13
18,18,1.6129032,5.7552224e-13
18,18,2.4193548,6.4476777e-13
18,18,3.2258065,1.4183558e-12
18,18,4.0322581,1.8658473e-12
18,18,4.8387097,4.3390804e-12
18,18,5.6451613,6.2901401e-12
18,18,6.4516129,8.1969907e-12
18,18,7.2580645,9.0380632e-11
18,18,8.0645161,8.0571079e-10
18,18,8.8709677,8.9008639e-10
18,18,9.6774194,2.7856468e-10
18,18,10.483871,1.951126e-10
18,18,11.290323,2.2430543e-10
18,18,12.096774,4.4366275e-10
18,18,12.903226,4.2022055e-10
18,18,13.709677,3.7155333e-10
18,18,14.516129,6.0213355e-10
18,18,15.322581,4.9159525e-10
18,18,16.129032,5.2773551e-10
18,18,16.935484,1.1760765e-09
18,18,17.741935,7.8364223e-10
18,18,18.548387,8.1119493e-10
18,18,19.354839,1.202008e-09
18,18,20.16129,8.1465211e-10
18,18,20.967742,2.3544186e-10
18,18,21.774194,1.3008623e-10
18,18,22.580645,1.8803636e-10
18,18,23.387097,2.0995527e-10
18,18,24.193548,1.5638056e-10
18,18,25,8.0407787e-11
18,18,25.806452,2.1102194e-10
18,18,26.612903,3.4387551e-10
18,18,27.419355,1.9053646e-09
18,18,28.225806,8.8535814e-09
18,18,29.032258,4.3569802e-09
18,18,29.83871,7.7070155e-11
18,18,30.645161,1.2159353e-10
18,18,31.451613,7.5477138e-11
18,18,32.258065,4.4391372e-10
18,18,33.064516,5.2781061e-10
18,18,33.870968,4.660382e-10
18,18,34.677419,5.8322424e-10
18,18,35.483871,1.80797e-10
18,18,36.290323,2.3116121e-10
18,18,37.096774,2.7065124e-10
18,18,37.903226,2.7161212e-10
18,18,38.709677,2.0476012e-10
18,18,39.516129,6.6699608e-11
18,18,40.322581,1.2345954e-10
18,18,41.129032,3.0971351e-10
18,18,41.935484,1.8364889e-10
18,18,42.741935,2.3433944e-10
18,18,43.548387,2.8773071e-10
18,18,44.354839,3.8986043e-11
18,18,45.16129,6.2849029e-10
18,18,45.967742,1.2213758e-09
18,18,46.774194,6.732716e-10
18,18,47.580645,1.5652974e-10
18,18,48.387097,2.3472933e-09
18,18,49.193548,1.4373458e-09
18,18,50,3.5607528e-10
18,18,50.806452,1.7126024e-10
18,18,51.612903,1.0826746e-10
18,18,52.419355,4.821071e-10
18,18,53.225806,6.2628981e-10
18,18,54.032258,4.4847873e-10
18,18,54.83871,2.2235459e-10
18,18,55.645161,1.3769434e-10
18,18,56.451613,1.8362001e-10
18,18,57.258065,2.800628e-10
18,18,58.064516,7.5724876e-09
18,18,58.870968,3.5801718e-08
18,18,59.677419,1.4706295e-08
18,18,60.483871,1.3462543e-09
18,18,61.290323,1.7290199e-10
18,18,62.096774,9.3196176e-11
18,18,62.903226,5.2399421e-11
18,18,63.709677,6.8482405e-11
18,18,64.516129,1.936014e-10
18,18,65.322581,1.4683654e-10
18,18,66.129032,2.7666169e-10
18,18,66.935484,1.4982672e-10
18,18,67.741935,1.4819538e-10
18,18,68.548387,2.5480363e-10
18,18,69.354839,2.2264225e-10
18,18,70.16129,5.1537551e-11
18,18,70.967742,3.1433294e-11
18,18,71.774194,5.8596961e-11
18,18,72.580645,1.7325481e-10
18,18,73.387097,3.9032221e-10
18,18,74.193548,2.3749734e-10
18,18,75,7.9149999e-12
18,18,75.806452,6.6603538e-11
18,18,76.612903,9.9374027e-11
18,18,77.419355,9.7111239e-11
18,18,78.225806,9.3581038e-11
18,18,79.032258,4.9576342e-11
18,18,79.83871,1.0769568e-11
18,18,80.645161,5.0425555e-12
18,18,81.451613,1.1630567e-11
18,18,82.258065,1.3496666e-11
18,18,83.064516,2.8909548e-11
18,18,83.870968,2.8416764e-11
18,18,84.677419,1.6798228e-10
18,18,85.483871,1.0319643e-10
18,18,86.290323,2.2973593e-11
18,18,87.096774,3.3543097e-11
18,18,87.903226,1.4466002e-11
18,18,88.709677,3.289766e-11
18,18,89.516129,3.8593176e-11
18,18,90.322581,3.9816567e-11
18,18,91.129032,2.4653099e-11
18,18,91.935484,9.1419664e-11
18,18,92.741935,2.5856355e-10
18,18,93.548387,9.7325275e-11
18,18,94.354839,2.2931138e-10
18,18,95.16129,1.4051837e-10
18,18,95.967742,4.3199041e-11
18,18,96.774194,1.283014e-10
18,18,97.580645,1.92847e-10
18,18,98.387097,1.2564639e-10
18,18,99.193548,6.1263363e-11
18,18,100,7.8393182e-11
18,18,100.80645,8.0503927e-11
18,18,101.6129,4.1243133e-11
18,18,102.41935,2.7309187e-11
18,18,103.22581,1.092065e-10
18,18,104.03226,2.4292192e-10
18,18,104.83871,1.4147874e-10
18,18,105.64516,7.3902475e-11
18,18,106.45161,7.0061469e-11
18,18,107.25806,5.2475577e-11
18,18,108.06452,3.4945239e-11
18,18,108.87097,2.019312e-11
18,18,109.67742,7.8686852e-11
18,18,110.48387,1.1531063e-10
18,18,111.29032,8.0347e-11
18,18,112.09677,2.2455693e-11
18,18,112.90323,5.1963007e-11
18,18,113.70968,1.5507032e-10
18,18,114.51613,2.9327646e-11
18,18,115.32258,2.8997103e-11
18,18,116.12903,3.3245313e-11
18,18,116.93548,3.7017013e-11
18,18,117.74194,1.1885819e-10
18,18,118.54839,3.0462284e-10
18,18,119.35484,3.6110256e-09
18,18,120.16129,7.196739e-09
18,18,120.96774,9.0369212e-10
18,18,121.77419,3.8963037e-11
18,18,122.58065,2.3185835e-11
18,18,123.3871,2.5552699e-12
18,18,124.19355,6.092917e-12
18,18,125,3.7486769e-12
18,18,125.80645,1.234177e-11
18,18,126.6129,1.3224248e-11
18,18,127.41935,9.3388562e-12
18,18,128.22581,8.0145342e-12
18,18,129.03226,2.4749372e-11
18,18,129.83871,4.020215e-11
18,18,130.64516,2.8975239e-11
18,18,131.45161,3.83415e-11
18,18,132.25806,2.3459586e-11
18,18,133.06452,2.9299819e-11
18,18,133.87097,1.9012684e-11
18,18,134.67742,2.5098626e-11
18,18,135.48387,3.1195057e-11
18,18,136.29032,2.4182078e-11
18,18,137.09677,1.3050397e-11
18,18,137.90323,1.658862e-11
18,18,138.70968,2.921635e-11
18,18,139.51613,4.5747116e-11
18,18,140.32258,2.7121463e-11
18,18,141.12903,2.0110154e-11
18,18,141.93548,1.7670547e-11
18,18,142.74194,2.2465398e-12
18,18,143.54839,2.2992372e-11
18,18,144.35484,3.1513011e-11
18,18,145.16129,3.364428e-11
18,18,145.96774,7.439441e-11
18,18,146.77419,2.343862e-11
18,18,147.58065,3.7999366e-11
18,18,148.3871,8.5916915e-11
18,18,149.19355,8.3492443e-11
18,18,150,2.995105e-11
18,18,150.80645,3.2423157e-11
18,18,151.6129,1.2567725e-10
18,18,152.41935,2.0284272e-10
18,18,153.22581,2.8365136e-10
18,18,154.03226,8.8607106e-11
18,18,154.83871,1.6444256e-10
18,18,155.64516,8.76404e-10
18,18,156.45161,2.3252276e-09
18,18,157.25806,1.8536409e-09
18,18,158.06452,2.0850416e-09
18,18,158.87097,1.525446e-09
18,18,159.67742,4.9123134e-10
18,18,160.48387,9.0490525e-11
18,18,161.29032,7.6156675e-11
18,18,162.09677,8.6498744e-11
18,18,162.90323,1.2900375e-10
18,18,163.70968,9.8800678e-11
18,18,164.51613,8.5769805e-11
18,18,165.32258,4.6154272e-11
18,18,166.12903,2.4778667e-11
18,18,166.93548,8.0709762e-12
18,18,167.74194,5.8774704e-12
18,18,168.54839,1.9133762e-11
18,18,169.35484,2.8879418e-11
18,18,170.16129,7.0284934e-12
18,18,170.96774,3.668905e-12
18,18,171.77419,1.5660272e-11
18,18,172.58065,1.221718e-11
18,18,173.3871,1.416173e-11
18,18,174.19355,3.5380927e-11
18,18,175,5.0596398e-11
18,18,175.80645,2.431431e-11
18,18,176.6129,1.6547284e-11
18,18,177.41935,1.6522076e-11
18,18,178.22581,2.7362972e-11
18,18,179.03226,4.8397458e-11
18,18,179.83871,1.0502952e-11
18,18,180.64516,3.4010598e-12
18,18,181.45161,5.5802511e-12
18,18,182.25806,8.9506338e-12
18,18,183.06452,1.2519133e-11
18,18,183.87097,1.0436711e-11
18,18,184.67742,1.7375191e-12
18,18,185.48387,3.2618342e-11
18,18,186.29032,2.1698578e-11
18,18,187.09677,1.3157187e-11
18,18,187.90323,1.8827081e-11
18,18,188.70968,6.929424e-12
18,18,189.51613,7.1887914e-12
18,18,190.32258,2.2354168e-11
18,18,191.12903,5.5787166e-11
18,18,191.93548,3.5858591e-11
18,18,192.74194,1.4812201e-11
18,18,193.54839,9.7785379e-12
18,18,194.35484,4.9582603e-12
18,18,195.16129,4.2521957e-12
18,18,195.96774,1.4098063e-11
18,18,196.77419,5.5744634e-11
18,18,197.58065,2.0555072e-11
18,18,198.3871,1.7655398e-11
18,18,199.19355,2.999242e-11
19,19,0,5.9919376e-12
19,19,0.80645161,4.2235486e-12
19,19,1.6129032,9.5595792e-13
19,19,2.4193548,1.1420027e-12
19,19,3.2258065,2.5764593e-12
19,19,4.0322581,4.2220017e-12
19,19,4.8387097,9.0047051e-12
19,19,5.6451613,1.4290244e-11
19,19,6.4516129,1.3080589e-11
19,19,7.2580645,1.4606163e-10
19,19,8.0645161,1.219492e-09
19,19,8.8709677,1.6503361e-09
19,19,9.6774194,9.8049384e-10
19,19,10.483871,4.304977e-10
19,19,11.290323,2.9510674e-10
19,19,12.096774,6.4777194e-10
19,19,12.903226,2.9476822e-10
19,19,13.709677,3.9993681e-10
19,19,14.516129,1.1957011e-09
19,19,15.322581,8.4117138e-10
19,19,16.129032,6.9260177e-10
19,19,16.935484,8.0102306e-10
19,19,17.741935,3.8063029e-10
19,19,18.548387,3.6942205e-10
19,19,19.354839,3.912885e-10
19,19,20.16129,1.270494e-10
19,19,20.967742,4.723345e-11
19,19,21.774194,2.4560601e-10
19,19,22.580645,2.3077358e-10
19,19,23.387097,5.9370444e-11
19,19,24.193548,5.4946754e-11
19,19,25,1.0130776e-11
19,19,25.806452,5.257464e-11
19,19,26.612903,1.0840298e-10
19,19,27.419355,8.2477131e-10
19,19,28.225806,4.1051189e-09
19,19,29.032258,4.6959465e-09
19,19,29.83871,1.1687328e-09
19,19,30.645161,1.3116942e-10
19,19,31.451613,3.6451314e-10
19,19,32.258065,7.1709277e-10
19,19,33.064516,8.5635574e-11
19,19,33.870968,6.8072627e-11
19,19,34.677419,1.5741595e-11
19,19,35.483871,1.70768e-10
19,19,36.290323,1.3700798e-10
19,19,37.096774,1.2535217e-10
19,19,37.903226,5.311272e-10
19,19,38.709677,2.2348862e-10
19,19,39.516129,2.192412e-10
19,19,40.322581,4.2874885e-10
19,19,41.129032,2.691422e-10
19,19,41.935484,3.0818921e-11
19,19,42.741935,1.2008295e-10
19,19,43.548387,1.0403479e-10
19,19,44.354839,5.2769217e-11
19,19,45.16129,5.182451e-11
19,19,45.967742,6.3727123e-11
19,19,46.774194,9.867885e-11
19,19,47.580645,9.4143706e-11
19,19,48.387097,1.182032e-10
19,19,49.193548,1.3867582e-10
19,19,50,8.619812e-11
19,19,50.806452,5.8526296e-11
19,19,51.612903,5.4428434e-11
19,19,52.419355,1.7190173e-10
19,19,53.225806,1.74808e-10
19,19,54.032258,2.6044838e-11
19,19,54.83871,1.3804852e-10
19,19,55.645161,1.6585415e-10
19,19,56.451613,3.1402079e-10
19,19,57.258065,7.5908651e-10
19,19,58.064516,1.0451614e-08
19,19,58.870968,3.7431296e-08
19,19,59.677419,1.0756905e-08
19,19,60.483871,4.3529525e-10
19,19,61.290323,6.0776051e-11
19,19,62.096774,6.9017214e-11
19,19,62.903226,2.9835877e-11
19,19,63.709677,7.4601858e-11
19,19,64.516129,3.1642107e-11
19,19,65.322581,3.5100307e-11
19,19,66.129032,4.9390639e-11
19,19,66.935484,9.245661e-11
19,19,67.741935,8.1868287e-11
19,19,68.548387,5.9307102e-11
19,19,69.354839,4.3259453e-11
19,19,70.16129,9.5280404e-11
19,19,70.967742,5.1352723e-11
19,19,71.774194,5.2786195e-11
19,19,72.580645,2.0228488e-11
19,19,73.387097,1.1335797e-11
19,19,74.193548,8.6851806e-12
19,19,75,7.1406322e-12
19,19,75.806452,2.7124336e-11
19,19,76.612903,9.4965754e-11
19,19,77.419355,4.9648264e-11
19,19,78.225806,2.1312997e-11
19,19,79.032258,4.5629195e-11
19,19,79.83871,3.3821014e-11
19,19,80.645161,1.4071257e-11
19,19,81.451613,8.0898487e-12
19,19,82.258065,3.9490274e-11
19,19,83.064516,2.4047048e-11
19,19,83.870968,3.4251886e-12
19,19,84.677419,2.2279908e-12
19,19,85.483871,1.9869345e-11
19,19,86.290323,6.8093266e-11
19,19,87.096774,2.6855167e-11
19,19,87.903226,1.2197172e-11
19,19,88.709677,5.4568119e-11
19,19,89.516129,1.6442417e-11
19,19,90.322581,2.3303043e-11
19,19,91.129032,1.4007163e-11
19,19,91.935484,6.054245e-11
19,19,92.741935,1.4857566e-10
19,19,93.548387,9.4234598e-11
19,19,94.354839,7.7159957e-11
19,19,95.16129,6.8077855e-11
19,19,95.967742,2.9292651e-11
19,19,96.774194,5.5325609e-11
19,19,97.580645,5.1448676e-11
19,19,98.387097,1.3921986e-11
19,19,99.193548,1.4719058e-12
19,19,100,7.8544036e-12
19,19,100.80645,4.6172899e-11
19,19,101.6129,4.8272521e-11
19,19,102.41935,6.7083608e-11
19,19,103.22581,5.9253681e-11
19,19,104.03226,4.7336175e-11
19,19,104.83871,5.5107761e-11
19,19,105.64516,6.3330625e-11
19,19,106.45161,6.0574832e-11
19,19,107.25806,3.0270026e-11
19,19,108.06452,1.2979171e-11
19,19,108.87097,1.0350664e-11
19,19,109.67742,4.6210369e-12
19,19,110.48387,9.3515187e-12
19,19,111.29032,2.0793856e-11
19,19,112.09677,1.2408127e-11
19,19,112.90323,1.7882599e-11
19,19,113.70968,2.0459462e-11
19,19,114.51613,3.8754255e-11
19,19,115.32258,1.9285051e-11
19,19,116.12903,8.4275149e-12
19,19,116.93548,2.3335383e-11
19,19,117.74194,4.7715597e-11
19,19,118.54839,1.6607047e-10
19,19,119.35484,7.3558997e-10
19,19,120.16129,2.1429442e-09
19,19,120.96774,3.5662493e-10
19,19,121.77419,8.0703843e-12
19,19,122.58065,9.0337436e-12
19,19,123.3871,9.8596449e-12
19,19,124.19355,1.4010067e-11
19,19,125,1.0579111e-11
19,19,125.80645,5.1057482e-12
19,19,126.6129,3.6435299e-13
19,19,127.41935,8.7814544e-12
19,19,128.22581,1.4368276e-11
19,19,129.03226,3.166118e-12
19,19,129.83871,4.001549e-12
19,19,130.64516,2.0383799e-11
19,19,131.45161,3.6881457e-11
19,19,132.25806,3.8679013e-11
19,19,133.06452,2.5636727e-11
19,19,133.87097,6.2109933e-12
19,19,134.67742,7.4686927e-12
19,19,135.48387,5.9355639e-12
19,19,136.29032,1.9330174e-11
19,19,137.09677,2.6431577e-11
19,19,137.90323,2.3894226e-11
19,19,138.70968,1.4644987e-11
19,19,139.51613,5.6123677e-12
19,19,140.32258,2.3077939e-11
19,19,141.12903,2.0773725e-11
19,19,141.93548,1.4126335e-11
19,19,142.74194,2.1006474e-11
19,19,143.54839,2.3526281e-11
19,19,144.35484,1.5054789e-11
19,19,145.16129,2.3633117e-12
19,19,145.96774,1.0446115e-11
19,19,146.77419,2.0213155e-11
19,19,147.58065,1.7887039e-11
19,19,148.3871,3.7119438e-12
19,19,149.19355,3.3662568e-11
19,19,150,4.0401615e-11
19,19,150.80645,1.3179806e-11
19,19,151.6129,8.919892e-12
19,19,152.41935,2.7256397e-11
19,19,153.22581,3.4100139e-11
19,19,154.03226,2.9522464e-11
19,19,154.83871,2.9479712e-11
19,19,155.64516,4.1283964e-11
19,19,156.45161,1.8732764e-10
19,19,157.25806,3.4649679e-10
19,19,158.06452,8.4653903e-10
19,19,158.87097,1.0375064e-09
19,19,159.67742,3.3200093e-10
19,19,160.48387,8.5921802e-11
19,19,161.29032,3.8171267e-11
19,19,162.09677,4.4911502e-12
19,19,162.90323,1.2630468e-11
19,19,163.70968,3.1718845e-11
19,19,164.51613,1.5104364e-11
19,19,165.32258,6.0032855e-12
19,19,166.12903,7.0406234e-12
19,19,166.93548,4.8476328e-12
19,19,167.74194,1.0648966e-11
19,19,168.54839,2.5619277e-11
19,19,169.35484,3.0463794e-11
19,19,170.16129,3.2464081e-11
19,19,170.96774,2.1108103e-11
19,19,171.77419,1.0816588e-11
19,19,172.58065,9.4115947e-12
19,19,173.3871,7.2401785e-12
19,19,174.19355,1.6980076e-11
19,19,175,3.2682172e-11
19,19,175.80645,7.4991041e-12
19,19,176.6129,4.4510873e-11
19,19,177.41935,4.2546235e-11
19,19,178.22581,4.1741268e-11
19,19,179.03226,5.0424044e-11
19,19,179.83871,1.7800258e-11
19,19,180.64516,1.0697753e-11
19,19,181.45161,6.3459715e-12
19,19,182.25806,1.2964517e-11
19,19,183.06452,2.2258401e-11
19,19,183.87097,4.8349739e-11
19,19,184.67742,4.206371e-11
19,19,185.48387,2.2138784e-11
19,19,186.29032,1.6988452e-11
19,19,187.09677,1.7481085e-11
19,19,187.90323,3.7356998e-11
19,19,188.70968,6.9548611e-11
19,19,189.51613,9.2885551e-11
19,19,190.32258,9.225615e-11
19,19,191.12903,4.1786223e-11
19,19,191.93548,7.6836049e-11
19,19,192.74194,3.7638586e-11
19,19,193.54839,6.4206765e-11
19,19,194.35484,2.6011877e-11
19,19,195.16129,3.0788893e-12
19,19,195.96774,1.5656542e-11
19,19,196.77419,1.327831e-11
19,19,197.58065,9.9550877e-13
19,19,198.3871,1.8013199e-11
19,19,199.19355,8.4762578e-12
20,20,0,2.3867098e-12
20,20,0.80645161,1.2464982e-12
20,20,1.6129032,1.5577999e-13
20,20,2.4193548,8.8186638e-14
20,20,3.2258065,6.3566494e-13
20,20,4.0322581,3.0090701e-12
20,20,4.8387097,6.5030878e-12
20,20,5.6451613,1.1114457e-11
20,20,6.4516129,8.2786033e-12
20,20,7.2580645,4.7954848e-11
20,20,8.0645161,3.5364169e-10
20,20,8.8709677,5.3761867e-10
20,20,9.6774194,4.9826614e-10
20,20,10.483871,3.269949e-10
20,20,11.290323,2.3336935e-10
20,20,12.096774,9.1800432e-10
20,20,12.903226,4.8417023e-10
20,20,13.709677,2.0672795e-10
20,20,14.516129,2.6758826e-10
20,20,15.322581,2.3408967e-10
20,20,16.129032,6.1071542e-10
20,20,16.935484,9.5528566e-10
20,20,17.741935,1.8245269e-10
20,20,18.548387,2.3330363e-10
20,20,19.354839,7.1135577e-10
20,20,20.16129,6.3919789e-10
20,20,20.967742,9.8427033e-11
20,20,21.774194,2.8398066e-10
20,20,22.580645,2.6989465e-10
20,20,23.387097,1.1752996e-10
20,20,24.193548,1.5390266e-10
20,20,25,4.5683907e-11
20,20,25.806452,4.6606511e-11
20,20,26.612903,2.7240898e-10
20,20,27.419355,6.6095418e-10
20,20,28.225806,3.2286333e-09
20,20,29.032258,2.5227875e-09
20,20,29.83871,5.0312469e-10
20,20,30.645161,7.3581996e-11
20,20,31.451613,2.5297996e-11
20,20,32.258065,2.7278457e-11
20,20,33.064516,1.0079751e-10
20,20,33.870968,1.2998785e-10
20,20,34.677419,1.081169e-10
20,20,35.483871,2.2216589e-11
20,20,36.290323,7.2644652e-11
20,20,37.096774,2.7753157e-11
20,20,37.903226,5.8434372e-11
20,20,38.709677,7.213356e-11
20,20,39.516129,4.1289719e-11
20,20,40.322581,2.0328003e-10
20,20,41.129032,3.9668287e-10
20,20,41.935484,1.126287e-10
20,20,42.741935,1.82521e-10
20,20,43.548387,1.2927928e-10
20,20,44.354839,3.3853005e-11
20,20,45.16129,5.9447689e-11
20,20,45.967742,9.2745526e-11
20,20,46.774194,9.986589e-11
20,20,47.580645,1.1739457e-10
20,20,48.387097,4.6287374e-10
20,20,49.193548,1.9080655e-10
20,20,50,7.2655716e-11
20,20,50.806452,3.7977027e-11
20,20,51.612903,4.1178933e-11
20,20,52.419355,9.6284453e-11
20,20,53.225806,9.3853843e-11
20,20,54.032258,8.2322123e-11
20,20,54.83871,2.6376766e-10
20,20,55.645161,6.0825242e-10
20,20,56.451613,1.2583255e-09
20,20,57.258065,2.3969954e-09
20,20,58.064516,1.9712533e-08
20,20,58.870968,7.769569e-08
20,20,59.677419,2.5216963e-08
20,20,60.483871,3.6835947e-10
20,20,61.290323,1.2306129e-11
20,20,62.096774,3.6465415e-11
20,20,62.903226,5.8985314e-11
20,20,63.709677,7.4107552e-11
20,20,64.516129,4.4746438e-11
20,20,65.322581,3.7265375e-11
20,20,66.129032,8.9086486e-11
20,20,66.935484,3.3999609e-11
20,20,67.741935,2.4997034e-11
20,20,68.548387,5.4086765e-11
20,20,69.354839,1.3348946e-11
20,20,70.16129,1.099461e-11
20,20,70.967742,2.9245252e-11
20,20,71.774194,3.1461521e-11
20,20,72.580645,2.7974976e-11
20,20,73.387097,1.9007058e-11
20,20,74.193548,2.3424156e-11
20,20,75,4.1972388e-11
20,20,75.806452,7.0446494e-11
20,20,76.612903,7.6293885e-11
20,20,77.419355,3.3763803e-11
20,20,78.225806,1.3794169e-11
20,20,79.032258,1.9429525e-11
20,20,79.83871,1.30727e-11
20,20,80.645161,7.7978793e-12
20,20,81.451613,5.6160466e-12
20,20,82.258065,6.2755765e-11
20,20,83.064516,6.9693147e-11
20,20,83.870968,2.7147494e-11
20,20,84.677419,1.5264819e-11
20,20,85.483871,9.7692315e-12
20,20,86.290323,2.6398537e-11
20,20,87.096774,6.0261697e-12
20,20,87.903226,1.1268273e-11
20,20,88.709677,2.4191938e-11
20,20,89.516129,6.0798939e-12
20,20,90.322581,2.232463e-11
20,20,91.129032,1.0616795e-11
20,20,91.935484,8.1918261e-11
20,20,92.741935,2.7154074e-10
20,20,93.548387,8.5661043e-11
20,20,94.354839,2.6894422e-11
20,20,95.16129,3.1162308e-11
20,20,95.967742,1.0584611e-10
20,20,96.774194,1.6510505e-10
20,20,97.580645,6.1234092e-11
20,20,98.387097,2.8777857e-11
20,20,99.193548,4.1328106e-12
20,20,100,7.8224059e-12
20,20,100.80645,3.9214623e-12
20,20,101.6129,5.2779839e-11
20,20,102.41935,7.8308453e-11
20,20,103.22581,3.6290767e-11
20,20,104.03226,3.0525929e-11
20,20,104.83871,1.198389e-11
20,20,105.64516,4.8979182e-12
20,20,106.45161,2.075439e-11
20,20,107.25806,2.5589692e-11
20,20,108.06452,1.8141664e-11
20,20,108.87097,9.0963332e-12
20,20,109.67742,1.4747181e-11
20,20,110.48387,1.6698212e-11
20,20,111.29032,5.3554465e-12
20,20,112.09677,1.2717373e-11
20,20,112.90323,3.8603509e-11
20,20,113.70968,2.0638046e-11
20,20,114.51613,4.1318084e-12
20,20,115.32258,1.8218576e-11
20,20,116.12903,3.2606254e-11
20,20,116.93548,7.7629304e-12
20,20,117.74194,2.3629893e-11
20,20,118.54839,8.0567441e-11
20,20,119.35484,2.6098268e-09
20,20,120.16129,5.1453991e-09
20,20,120.96774,6.9630096e-10
20,20,121.77419,5.4531479e-12
20,20,122.58065,4.8979639e-12
20,20,123.3871,9.3676488e-12
20,20,124.19355,3.8895537e-12
20,20,125,6.3548136e-12
20,20,125.80645,8.1775805e-12
20,20,126.6129,7.606316e-12
20,20,127.41935,1.4433322e-11
20,20,128.22581,1.4377248e-11
20,20,129.03226,1.3053998e-11
20,20,129.83871,1.1947394e-11
20,20,130.64516,1.7229168e-11
20,20,131.45161,4.9580111e-12
20,20,132.25806,1.6121833e-11
20,20,133.06452,9.3765489e-12
20,20,133.87097,1.6672015e-12
20,20,134.67742,2.0290733e-11
20,20,135.48387,2.401511e-11
20,20,136.29032,4.4481626e-12
20,20,137.09677,1.921644e-11
20,20,137.90323,6.8053105e-12
20,20,138.70968,4.0695315e-12
20,20,139.51613,2.999466e-12
20,20,140.32258,7.1009422e-13
20,20,141.12903,1.7001471e-12
20,20,141.93548,3.7553614e-12
20,20,142.74194,2.2690223e-12
20,20,143.54839,2.0591714e-12
20,20,144.35484,4.4089871e-12
20,20,145.16129,8.2931727e-12
20,20,145.96774,1.8692551e-11
20,20,146.77419,1.9564206e-11
20,20,147.58065,2.0484422e-11
20,20,148.3871,2.3565873e-11
20,20,149.19355,3.0940031e-11
20,20,150,3.0241876e-11
20,20,150.80645,2.0424119e-11
20,20,151.6129,1.3838601e-11
20,20,152.41935,5.4173987e-11
20,20,153.22581,8.6649945e-11
20,20,154.03226,2.0248098e-11
20,20,154.83871,3.5442044e-12
20,20,155.64516,1.2981756e-11
20,20,156.45161,1.0242215e-11
20,20,157.25806,1.764166e-11
20,20,158.06452,5.4665628e-11
20,20,158.87097,8.6453735e-11
20,20,159.67742,6.4027818e-11
20,20,160.48387,2.4127921e-11
20,20,161.29032,2.3952804e-11
20,20,162.09677,1.6837465e-11
20,20,162.90323,6.9270413e-12
20,20,163.70968,8.4689534e-12
20,20,164.51613,1.4873413e-11
20,20,165.32258,3.5996317e-11
20,20,166.12903,5.6418987e-11
20,20,166.93548,2.3751701e-11
20,20,167.74194,1.6530646e-11
20,20,168.54839,2.086597e-11
20,20,169.35484,1.2666732e-11
20,20,170.16129,2.9705826e-12
20,20,170.96774,9.8527464e-12
20,20,171.77419,1.1243485e-11
20,20,172.58065,7.1399417e-12
20,20,173.3871,1.1813069e-12
20,20,174.19355,1.2808843e-11
20,20,175,2.6574143e-11
20,20,175.80645,2.3050833e-11
20,20,176.6129,9.1034553e-11
20,20,177.41935,9.0868228e-11
20,20,178.22581,3.4827875e-11
20,20,179.03226,3.3454356e-11
20,20,179.83871,1.3808238e-11
20,20,180.64516,6.4091233e-12
20,20,181.45161,8.9238288e-12
20,20,182.25806,1.2381805e-11
20,20,183.06452,6.5633113e-12
20,20,183.87097,1.1116365e-11
20,20,184.67742,2.0540326e-11
20,20,185.48387,1.0350972e-11
20,20,186.29032,1.3646102e-11
20,20,187.09677,2.8282108e-11
20,20,187.90323,1.4873478e-11
20,20,188.70968,1.9365056e-11
20,20,189.51613,2.7676427e-11
20,20,190.32258,2.4702241e-11
20,20,191.12903,1.3494795e-11
20,20,191.93548,1.1374174e-11
20,20,192.74194,2.314744e-11
20,20,193.54839,1.74706e-11
20,20,194.35484,1.3088216e-11
20,20,195.16129,8.6200101e-12
20,20,195.96774,9.4597352e-12
20,20,196.77419,2.8672182e-11
20,20,197.58065,1.2016184e-11
20,20,198.3871,1.4361095e-11
20,20,199.19355,4.221131e-11
