sensor_label,channel,frequency_hz,amplitude
1,1,0,1.7891886e-06
1,1,0.50003418,1.5012235e-06
1,1,1.0000684,1.8838449e-06
1,1,1.5001025,6.5454128e-06
1,1,2.0001367,2.5717654e-05
1,1,2.5001709,3.0958723e-05
1,1,3.0002051,2.4022673e-05
1,1,3.5002393,2.4297481e-05
1,1,4.0002735,1.899322e-05
1,1,4.5003076,1.9495519e-05
1,1,5.0003418,1.8157682e-05
1,1,5.500376,2.2314776e-05
1,1,6.0004102,3.3958574e-05
1,1,6.5004444,3.3508567e-05
1,1,7.0004785,1.7983104e-05
1,1,7.5005127,1.3612053e-05
1,1,8.0005469,5.074722e-05
1,1,8.5005811,6.218129e-05
1,1,9.0006153,2.9591715e-05
1,1,9.5006495,2.7185139e-05
1,1,10.000684,6.9395671e-05
1,1,10.500718,6.3314319e-05
1,1,11.000752,2.2133586e-05
1,1,11.500786,3.8425333e-05
1,1,12.00082,7.9571985e-05
1,1,12.500855,6.6963834e-05
1,1,13.000889,2.5973047e-05
1,1,13.500923,2.8817876e-05
1,1,14.000957,6.7507485e-05
1,1,14.500991,5.2330907e-05
1,1,15.001025,1.736187e-05
1,1,15.50106,3.3974722e-05
1,1,16.001094,6.2346091e-05
1,1,16.501128,4.4357607e-05
1,1,17.001162,2.5226535e-06
1,1,17.501196,6.0967582e-05
1,1,18.001231,0.00010529306
1,1,18.501265,7.0893719e-05
1,1,19.001299,1.956167e-05
1,1,19.501333,0.0001138388
1,1,20.001367,0.00016802796
1,1,20.501401,7.7597434e-05
1,1,21.001436,2.8519032e-05
1,1,21.50147,7.1700947e-05
1,1,22.001504,0.00014159106
1,1,22.501538,9.8814845e-05
1,1,23.001572,1.707066e-05
1,1,23.501607,0.0001021258
1,1,24.001641,0.00018037625
1,1,24.501675,0.00010416266
1,1,25.001709,2.811063e-05
1,1,25.501743,9.6058094e-05
1,1,26.001777,0.00016230694
1,1,26.501812,9.7168618e-05
1,1,27.001846,3.3880706e-05
1,1,27.50188,8.5854017e-05
1,1,28.001914,0.00018348576
1,1,28.501948,0.0001536172
1,1,29.001983,1.7867202e-05
1,1,29.502017,0.00015292565
1,1,30.002051,0.00030383559
1,1,30.502085,0.00022672382
1,1,31.002119,5.6470971e-05
1,1,31.502153,0.00014119186
1,1,32.002188,0.00031758383
1,1,32.502222,0.00022380109
1,1,33.002256,7.339039e-05
1,1,33.50229,0.00014345219
1,1,34.002324,0.0003531036
1,1,34.502359,0.00027782343
1,1,35.002393,0.00011461122
1,1,35.502427,0.00015507192
1,1,36.002461,0.00037670255
1,1,36.502495,0.00025698152
1,1,37.002529,3.8242201e-05
1,1,37.502564,0.00018769077
1,1,38.002598,0.00054520083
1,1,38.502632,0.00044004101
1,1,39.002666,1.7314889e-05
1,1,39.5027,0.0001447421
1,1,40.002735,0.00025344994
1,1,40.502769,0.0001890619
1,1,41.002803,0.00012590081
1,1,41.502837,0.00011431767
1,1,42.002871,0.00024226583
1,1,42.502905,0.00018044641
1,1,43.00294,0.00010132378
1,1,43.502974,2.5911569e-05
1,1,44.003008,0.00012167504
1,1,44.503042,0.00011860725
1,1,45.003076,6.3570318e-05
1,1,45.503111,2.0029503e-05
1,1,46.003145,7.0021542e-05
1,1,46.503179,7.9738621e-05
1,1,47.003213,3.2994252e-05
1,1,47.503247,2.5871035e-05
1,1,48.003281,5.2383464e-05
1,1,48.503316,5.5461211e-05
1,1,49.00335,2.295715e-05
1,1,49.503384,2.3222e-05
1,1,50.003418,4.6395433e-05
1,1,50.503452,3.329512e-05
1,1,51.003487,2.9154375e-05
1,1,51.503521,3.5764228e-05
1,1,52.003555,3.4257174e-05
1,1,52.503589,1.6034511e-05
1,1,53.003623,2.5549924e-05
1,1,53.503657,2.4078521e-05
1,1,54.003692,2.610062e-05
1,1,54.503726,8.0560369e-06
1,1,55.00376,2.9100949e-05
1,1,55.503794,1.7966835e-05
1,1,56.003828,4.2564118e-05
1,1,56.503863,3.7984651e-05
1,1,57.003897,2.9547322e-05
1,1,57.503931,2.3222403e-05
1,1,58.003965,4.9487362e-05
1,1,58.503999,2.8273781e-05
1,1,59.004033,7.0533369e-05
1,1,59.504068,0.00016162259
1,1,60.004102,8.9551634e-05
1,1,60.504136,3.5698854e-05
1,1,61.00417,5.1663107e-05
1,1,61.504204,6.4871141e-05
1,1,62.004239,8.5933134e-05
1,1,62.504273,6.4102453e-05
1,1,63.004307,7.7541995e-05
1,1,63.504341,7.8417442e-05
1,1,64.004375,0.00010976846
1,1,64.504409,7.5232976e-05
1,1,65.004444,0.00012614077
1,1,65.504478,0.0001259783
1,1,66.004512,0.00010707503
1,1,66.504546,9.0247079e-05
1,1,67.00458,0.00019945544
1,1,67.504615,0.00016802455
1,1,68.004649,0.00013823857
1,1,68.504683,0.0001703306
1,1,69.004717,0.00028069439
1,1,69.504751,0.00021862752
1,1,70.004785,0.00016974684
1,1,70.50482,0.00020974373
1,1,71.004854,0.00019589233
1,1,71.504888,0.00014733519
1,1,72.004922,9.08088e-05
1,1,72.504956,6.8287065e-05
1,1,73.004991,7.8065542e-05
1,1,73.505025,6.6954968e-05
1,1,74.005059,6.4322347e-05
1,1,74.505093,3.6110334e-05
1,1,75.005127,4.9115991e-05
1,1,75.505161,7.6963629e-05
1,1,76.005196,4.9421735e-05
1,1,76.50523,3.750286e-05
1,1,77.005264,7.6983755e-05
1,1,77.505298,7.4273798e-05
1,1,78.005332,2.6699472e-05
1,1,78.505367,5.3241597e-05
1,1,79.005401,8.1522462e-05
1,1,79.505435,7.7011225e-05
1,1,80.005469,2.2684143e-05
1,1,80.505503,4.9865679e-05
1,1,81.005537,7.5735504e-05
1,1,81.505572,6.3869122e-05
1,1,82.005606,8.688313e-06
1,1,82.50564,3.5440024e-05
1,1,83.005674,3.8905101e-05
1,1,83.505708,5.2906447e-05
1,1,84.005743,2.9046331e-05
1,1,84.505777,2.3570839e-05
1,1,85.005811,2.5010938e-06
1,1,85.505845,2.9122499e-05
1,1,86.005879,3.7714279e-05
1,1,86.505913,3.9360284e-05
1,1,87.005948,2.318781e-05
1,1,87.505982,2.826567e-05
1,1,88.006016,5.1054995e-05
1,1,88.50605,6.1524007e-05
1,1,89.006084,3.6809306e-05
1,1,89.506119,3.2167718e-05
1,1,90.006153,6.1629191e-05
1,1,90.506187,7.9122892e-05
1,1,91.006221,6.1403636e-05
1,1,91.506255,3.7651382e-05
1,1,92.006289,5.6361613e-05
1,1,92.506324,7.5831801e-05
1,1,93.006358,5.2085232e-05
1,1,93.506392,2.677544e-05
1,1,94.006426,2.7710793e-05
1,1,94.50646,4.3050227e-05
1,1,95.006495,3.6143157e-05
1,1,95.506529,2.6974839e-05
1,1,96.006563,1.7404497e-05
1,1,96.506597,2.0242383e-05
1,1,97.006631,1.4154963e-05
1,1,97.506665,1.301551e-05
1,1,98.0067,2.3093194e-05
1,1,98.506734,2.0714944e-05
1,1,99.006768,1.2806143e-05
1,1,99.506802,1.7845913e-05
1,1,100.00684,3.1274914e-05
1,1,100.50687,3.3613094e-05
1,1,101.0069,2.5254912e-05
1,1,101.50694,2.7437895e-05
1,1,102.00697,5.0652622e-05
1,1,102.50701,4.8685337e-05
1,1,103.00704,2.3615223e-05
1,1,103.50708,3.76897e-05
1,1,104.00711,6.1339351e-05
1,1,104.50714,4.2167519e-05
1,1,105.00718,9.2588279e-06
1,1,105.50721,3.6111672e-05
1,1,106.00725,7.0386948e-05
1,1,106.50728,3.3900312e-05
1,1,107.00731,3.4888758e-05
1,1,107.50735,3.9718462e-05
1,1,108.00738,4.7818333e-05
1,1,108.50742,2.7128796e-05
1,1,109.00745,3.4597999e-05
1,1,109.50749,1.3735497e-05
1,1,110.00752,1.4016401e-05
1,1,110.50755,1.3619008e-05
1,1,111.00759,1.0559555e-05
1,1,111.50762,1.8065166e-05
1,1,112.00766,3.7833256e-05
1,1,112.50769,5.5894582e-05
1,1,113.00773,3.2452957e-05
1,1,113.50776,8.6290563e-06
1,1,114.00779,4.7491962e-05
1,1,114.50783,7.3900957e-05
1,1,115.00786,6.7056991e-05
1,1,115.5079,3.4924068e-05
1,1,116.00793,2.8231058e-05
1,1,116.50796,7.7390744e-05
1,1,117.008,8.3894384e-05
1,1,117.50803,4.556597e-05
1,1,118.00807,2.419368e-05
1,1,118.5081,6.2302154e-05
1,1,119.00814,0.00014017752
1,1,119.50817,0.00011816835
1,1,120.0082,0.00019645165
1,1,120.50824,9.5600612e-05
1,1,121.00827,3.8176966e-05
1,1,121.50831,1.9872745e-05
1,1,122.00834,2.0114605e-05
1,1,122.50837,1.4719562e-05
1,1,123.00841,1.4804624e-05
1,1,123.50844,1.3984377e-05
1,1,124.00848,3.1293504e-05
1,1,124.50851,5.0215209e-05
1,1,125.00855,3.8355988e-05
1,1,125.50858,2.1519532e-05
1,1,126.00861,2.7691023e-05
1,1,126.50865,8.793388e-05
1,1,127.00868,9.246759e-05
1,1,127.50872,3.8789193e-05
1,1,128.00875,2.742947e-05
1,1,128.50878,8.4529723e-05
1,1,129.00882,9.2474867e-05
1,1,129.50885,5.1895298e-05
1,1,130.00889,2.8015825e-06
1,1,130.50892,6.5047821e-05
1,1,131.00896,6.9409589e-05
1,1,131.50899,3.625155e-05
1,1,132.00902,2.2888654e-05
1,1,132.50906,3.6712175e-05
1,1,133.00909,5.1469238e-05
1,1,133.50913,3.0393719e-05
1,1,134.00916,1.1741347e-05
1,1,134.50919,1.6800568e-05
1,1,135.00923,1.7279997e-05
1,1,135.50926,1.3633022e-05
1,1,136.0093,2.8571292e-05
1,1,136.50933,3.5683096e-05
1,1,137.00937,3.1220077e-05
1,1,137.5094,1.3190076e-05
1,1,138.00943,2.8835995e-05
1,1,138.50947,6.3840271e-05
1,1,139.0095,5.9686259e-05
1,1,139.50954,3.0760846e-05
1,1,140.00957,1.46706e-05
1,1,140.50961,7.8697974e-05
1,1,141.00964,9.9045792e-05
1,1,141.50967,4.9838233e-05
1,1,142.00971,1.0572674e-05
1,1,142.50974,4.8799968e-05
1,1,143.00978,0.00010025586
1,1,143.50981,8.3949836e-05
1,1,144.00984,5.4517833e-05
1,1,144.50988,7.2500371e-05
1,1,145.00991,8.1567295e-05
1,1,145.50995,6.2813305e-05
1,1,146.00998,2.4642307e-05
1,1,146.51002,4.4679405e-05
1,1,147.01005,5.530275e-05
1,1,147.51008,2.1408365e-05
1,1,148.01012,4.4793606e-05
1,1,148.51015,8.6051116e-05
1,1,149.01019,7.3874431e-05
1,1,149.51022,1.8322687e-05
1,1,150.01025,1.9346506e-05
1,1,150.51029,5.2116491e-05
1,1,151.01032,5.8212668e-05
1,1,151.51036,7.915811e-05
1,1,152.01039,8.7748551e-06
1,1,152.51043,0.00010372481
1,1,153.01046,0.00017274369
1,1,153.51049,0.00014691076
1,1,154.01053,6.2553882e-05
1,1,154.51056,0.00010504799
1,1,155.0106,0.00016073276
1,1,155.51063,0.00012754976
1,1,156.01066,6.6212616e-05
1,1,156.5107,0.00013444232
1,1,157.01073,0.00018591107
1,1,157.51077,0.00013516045
1,1,158.0108,7.7737484e-05
1,1,158.51084,0.00011852389
1,1,159.01087,0.00013734812
1,1,159.5109,7.9431903e-05
1,1,160.01094,4.803522e-05
1,1,160.51097,8.3188908e-05
1,1,161.01101,8.683395e-05
1,1,161.51104,4.8564951e-05
1,1,162.01107,2.95606e-05
1,1,162.51111,7.0197051e-05
1,1,163.01114,8.4119849e-05
1,1,163.51118,5.8107224e-05
1,1,164.01121,3.0873336e-05
1,1,164.51125,8.3238176e-05
1,1,165.01128,0.00011107003
1,1,165.51131,7.9765893e-05
1,1,166.01135,4.0812657e-05
1,1,166.51138,9.0075835e-05
1,1,167.01142,0.0001212968
1,1,167.51145,9.5151936e-05
1,1,168.01149,5.5515983e-05
1,1,168.51152,0.00011090483
1,1,169.01155,0.00013593057
1,1,169.51159,8.8125394e-05
1,1,170.01162,4.3699964e-05
1,1,170.51166,9.2441503e-05
1,1,171.01169,0.00011565088
1,1,171.51172,7.7166308e-05
1,1,172.01176,4.0857268e-05
1,1,172.51179,6.4650377e-05
1,1,173.01183,7.7219236e-05
1,1,173.51186,4.9415302e-05
1,1,174.0119,2.2695785e-05
1,1,174.51193,3.8083504e-05
1,1,175.01196,4.5035248e-05
1,1,175.512,3.1616897e-05
1,1,176.01203,1.4404001e-05
1,1,176.51207,4.1028171e-05
1,1,177.0121,5.4594107e-05
1,1,177.51213,3.8145191e-05
1,1,178.01217,2.2473607e-05
1,1,178.5122,6.2853989e-05
1,1,179.01224,8.2388824e-05
1,1,179.51227,5.1721607e-05
1,1,180.01231,1.0483375e-05
1,1,180.51234,7.5141088e-05
1,1,181.01237,0.00010483981
1,1,181.51241,6.0472329e-05
1,1,182.01244,3.2824309e-05
1,1,182.51248,8.2261498e-05
1,1,183.01251,9.8780117e-05
1,1,183.51254,6.4113505e-05
1,1,184.01258,2.6867439e-05
1,1,184.51261,6.8234135e-05
1,1,185.01265,7.5660624e-05
1,1,185.51268,5.2483872e-05
1,1,186.01272,2.0625841e-05
1,1,186.51275,4.8133435e-05
1,1,187.01278,5.3363559e-05
1,1,187.51282,4.1206254e-05
1,1,188.01285,2.497396e-05
1,1,188.51289,3.9994221e-05
1,1,189.01292,5.6298427e-05
1,1,189.51295,2.8536229e-05
1,1,190.01299,2.6242881e-05
1,1,190.51302,3.4882467e-05
1,1,191.01306,7.6573554e-05
1,1,191.51309,5.6584053e-05
1,1,192.01313,3.1450332e-05
1,1,192.51316,5.4930805e-05
1,1,193.01319,0.00010770449
1,1,193.51323,0.00010461585
1,1,194.01326,4.3947891e-05
1,1,194.5133,4.8869676e-05
1,1,195.01333,0.00013116074
1,1,195.51337,0.00012352419
1,1,196.0134,5.4968058e-05
1,1,196.51343,2.9639083e-05
1,1,197.01347,9.3370317e-05
1,1,197.5135,0.00011865388
1,1,198.01354,4.8664169e-05
1,1,198.51357,1.7447269e-05
1,1,199.0136,0.00010198554
1,1,199.51364,0.00012004482
2,2,0,2.3327745e-05
2,2,0.50003418,1.184368e-05
2,2,1.0000684,1.1771942e-06
2,2,1.5001025,9.7551213e-06
2,2,2.0001367,2.3570216e-05
2,2,2.5001709,1.7859346e-05
2,2,3.0002051,7.2784909e-06
2,2,3.5002393,1.7464595e-05
2,2,4.0002735,2.6462249e-05
2,2,4.5003076,1.4286655e-05
2,2,5.0003418,1.8831271e-06
2,2,5.500376,2.8419157e-06
2,2,6.0004102,3.0799222e-06
2,2,6.5004444,9.7790289e-06
2,2,7.0004785,1.8771134e-06
2,2,7.5005127,2.3419809e-05
2,2,8.0005469,4.7149213e-05
2,2,8.5005811,2.3658216e-05
2,2,9.0006153,1.670274e-05
2,2,9.5006495,3.8057943e-05
2,2,10.000684,9.8260939e-05
2,2,10.500718,7.4572872e-05
2,2,11.000752,1.0570706e-05
2,2,11.500786,4.9908339e-05
2,2,12.00082,0.00010072308
2,2,12.500855,6.9605971e-05
2,2,13.000889,1.2786264e-06
2,2,13.500923,5.6491841e-05
2,2,14.000957,0.0001180893
2,2,14.500991,7.9152841e-05
2,2,15.001025,1.2044188e-05
2,2,15.50106,4.6486168e-05
2,2,16.001094,9.3547404e-05
2,2,16.501128,6.2981546e-05
2,2,17.001162,2.7664303e-05
2,2,17.501196,8.5777728e-05
2,2,18.001231,0.00014251806
2,2,18.501265,9.0181332e-05
2,2,19.001299,3.777438e-05
2,2,19.501333,8.1926296e-05
2,2,20.001367,0.00019419638
2,2,20.501401,0.000104012
2,2,21.001436,7.3388316e-05
2,2,21.50147,0.00016302378
2,2,22.001504,0.00023576862
2,2,22.501538,0.00013701145
2,2,23.001572,8.6561505e-05
2,2,23.501607,0.00018076315
2,2,24.001641,0.00030211475
2,2,24.501675,0.00018433074
2,2,25.001709,0.00010107204
2,2,25.501743,0.00017027266
2,2,26.001777,0.00032759864
2,2,26.501812,0.00023776436
2,2,27.001846,4.7556e-05
2,2,27.50188,0.00022258793
2,2,28.001914,0.00036032769
2,2,28.501948,0.00022613967
2,2,29.001983,0.00023350675
2,2,29.502017,0.00031805188
2,2,30.002051,0.00045763918
2,2,30.502085,0.00030267138
2,2,31.002119,0.00031773708
2,2,31.502153,0.00038114705
2,2,32.002188,0.00052150905
2,2,32.502222,0.0003841596
2,2,33.002256,0.00032637913
2,2,33.50229,0.00041708825
2,2,34.002324,0.00038400387
2,2,34.502359,0.00036603903
2,2,35.002393,0.00031785919
2,2,35.502427,0.00038513082
2,2,36.002461,0.00024863404
2,2,36.502495,0.00022355651
2,2,37.002529,0.00025668461
2,2,37.502564,0.00035764821
2,2,38.002598,0.00019899489
2,2,38.502632,0.000122018
2,2,39.002666,0.00021838493
2,2,39.5027,0.00027958111
2,2,40.002735,0.00018765507
2,2,40.502769,0.00010676768
2,2,41.002803,0.00016686471
2,2,41.502837,0.00035486074
2,2,42.002871,0.00042198036
2,2,42.502905,0.00028663159
2,2,43.00294,0.00024449288
2,2,43.502974,0.00038002468
2,2,44.003008,0.00040909665
2,2,44.503042,0.00024517635
2,2,45.003076,0.00011345362
2,2,45.503111,0.00029584928
2,2,46.003145,0.00033186521
2,2,46.503179,0.00019843406
2,2,47.003213,0.00013407736
2,2,47.503247,0.00027838704
2,2,48.003281,0.0002670791
2,2,48.503316,0.00015180248
2,2,49.00335,0.00017112691
2,2,49.503384,0.00029010501
2,2,50.003418,0.0002578027
2,2,50.503452,0.00015693741
2,2,51.003487,0.00015438948
2,2,51.503521,0.00023992291
2,2,52.003555,0.00022682505
2,2,52.503589,0.0001482484
2,2,53.003623,0.00013304778
2,2,53.503657,0.00019694752
2,2,54.003692,0.00019198259
2,2,54.503726,0.00012411597
2,2,55.00376,8.2651817e-05
2,2,55.503794,0.00014452803
2,2,56.003828,0.00015000251
2,2,56.503863,9.1909205e-05
2,2,57.003897,3.9722313e-05
2,2,57.503931,0.00011616324
2,2,58.003965,0.00012909492
2,2,58.503999,5.5566438e-05
2,2,59.004033,0.000132721
2,2,59.504068,0.00030484097
2,2,60.004102,0.00021886046
2,2,60.504136,2.7474042e-05
2,2,61.00417,0.00012472182
2,2,61.504204,0.00021701795
2,2,62.004239,0.00017141992
2,2,62.504273,4.5999549e-05
2,2,63.004307,0.00015909054
2,2,63.504341,0.00024223181
2,2,64.004375,0.00018949114
2,2,64.504409,7.0230498e-05
2,2,65.004444,0.00018062123
2,2,65.504478,0.0002814712
2,2,66.004512,0.00020692825
2,2,66.504546,7.6014912e-05
2,2,67.00458,0.00020951987
2,2,67.504615,0.00035626995
2,2,68.004649,0.00024013715
2,2,68.504683,3.8049719e-05
2,2,69.004717,0.00016044837
2,2,69.504751,0.00034527988
2,2,70.004785,0.00026766839
2,2,70.50482,2.4096564e-05
2,2,71.004854,0.0001613774
2,2,71.504888,0.00030200981
2,2,72.004922,0.00021500753
2,2,72.504956,6.3071782e-05
2,2,73.004991,0.00012649605
2,2,73.505025,0.00020288935
2,2,74.005059,0.00013859169
2,2,74.505093,7.9432478e-05
2,2,75.005127,4.5974073e-05
2,2,75.505161,0.00011279191
2,2,76.005196,9.243704e-05
2,2,76.50523,9.79819e-05
2,2,77.005264,6.9886166e-05
2,2,77.505298,8.9069478e-05
2,2,78.005332,6.0639885e-05
2,2,78.505367,0.00011533235
2,2,79.005401,0.00012249951
2,2,79.505435,0.00011708283
2,2,80.005469,5.9700341e-05
2,2,80.505503,0.00011698537
2,2,81.005537,0.00013102358
2,2,81.505572,0.00011251925
2,2,82.005606,5.994746e-05
2,2,82.50564,8.9335356e-05
2,2,83.005674,0.00013176204
2,2,83.505708,0.00012102504
2,2,84.005743,6.730031e-05
2,2,84.505777,7.0513943e-05
2,2,85.005811,9.4059796e-05
2,2,85.505845,0.00011744531
2,2,86.005879,7.8640282e-05
2,2,86.505913,4.7292631e-05
2,2,87.005948,7.5747575e-05
2,2,87.505982,0.00010506781
2,2,88.006016,8.789214e-05
2,2,88.50605,7.9802624e-05
2,2,89.006084,1.8679347e-05
2,2,89.506119,6.621933e-05
2,2,90.006153,9.1322415e-05
2,2,90.506187,0.00013336394
2,2,91.006221,0.00010198303
2,2,91.506255,4.6786392e-05
2,2,92.006289,8.4306542e-05
2,2,92.506324,0.0001611308
2,2,93.006358,0.00014552924
2,2,93.506392,5.4061171e-05
2,2,94.006426,7.1836646e-05
2,2,94.50646,0.00014770573
2,2,95.006495,0.00015789309
2,2,95.506529,6.2292493e-05
2,2,96.006563,5.134577e-05
2,2,96.506597,0.00011531759
2,2,97.006631,0.0001161719
2,2,97.506665,7.9502109e-05
2,2,98.0067,5.8619101e-06
2,2,98.506734,7.491607e-05
2,2,99.006768,8.6768083e-05
2,2,99.506802,7.0772935e-05
2,2,100.00684,3.4476108e-05
2,2,100.50687,3.5687548e-05
2,2,101.0069,1.4909146e-05
2,2,101.50694,8.223321e-05
2,2,102.00697,0.00011271815
2,2,102.50701,0.00010798207
2,2,103.00704,8.6902357e-05
2,2,103.50708,8.2210589e-05
2,2,104.00711,0.00012725363
2,2,104.50714,0.00018648434
2,2,105.00718,0.00019075806
2,2,105.50721,0.00014240162
2,2,106.00725,0.0001646044
2,2,106.50728,0.00025885726
2,2,107.00731,0.00026625968
2,2,107.50735,0.00015524066
2,2,108.00738,0.00010369364
2,2,108.50742,0.00018289412
2,2,109.00745,0.00024626299
2,2,109.50749,0.00017994901
2,2,110.00752,5.3060811e-05
2,2,110.50755,0.00012807019
2,2,111.00759,0.00017542011
2,2,111.50762,0.0001221406
2,2,112.00766,6.8778405e-05
2,2,112.50769,5.9763868e-05
2,2,113.00773,5.4220503e-05
2,2,113.50776,1.4392583e-05
2,2,114.00779,4.8148913e-05
2,2,114.50783,7.8140891e-05
2,2,115.00786,5.8015541e-05
2,2,115.5079,3.2441609e-05
2,2,116.00793,5.0373324e-05
2,2,116.50796,7.4153579e-05
2,2,117.008,5.7590173e-05
2,2,117.50803,2.0612065e-05
2,2,118.00807,5.7365485e-05
2,2,118.5081,7.7921625e-05
2,2,119.00814,3.5513954e-05
2,2,119.50817,0.00033458147
2,2,120.0082,0.0004655071
2,2,120.50824,0.00014065245
2,2,121.00827,0.00010509013
2,2,121.50831,4.936092e-05
2,2,122.00834,5.0576627e-05
2,2,122.50837,9.2323944e-05
2,2,123.00841,9.4216062e-05
2,2,123.50844,4.6568818e-05
2,2,124.00848,5.9960199e-05
2,2,124.50851,7.6459515e-05
2,2,125.00855,7.7204426e-05
2,2,125.50858,6.2889415e-05
2,2,126.00861,4.7959847e-05
2,2,126.50865,7.3608511e-05
2,2,127.00868,5.0920537e-05
2,2,127.50872,9.285443e-05
2,2,128.00875,5.9855758e-05
2,2,128.50878,5.8590082e-05
2,2,129.00882,1.6769343e-05
2,2,129.50885,9.1727481e-05
2,2,130.00889,0.00012466545
2,2,130.50892,0.00010226604
2,2,131.00896,5.1659635e-05
2,2,131.50899,6.6271314e-05
2,2,132.00902,0.0001183057
2,2,132.50906,0.00013411886
2,2,133.00909,8.6990976e-05
2,2,133.50913,2.8327271e-05
2,2,134.00916,6.5158067e-05
2,2,134.50919,8.1232627e-05
2,2,135.00923,6.679538e-05
2,2,135.50926,1.5607768e-05
2,2,136.0093,5.0071323e-05
2,2,136.50933,7.2183168e-05
2,2,137.00937,6.8849986e-05
2,2,137.5094,3.5461018e-05
2,2,138.00943,4.7985927e-05
2,2,138.50947,6.8960149e-05
2,2,139.0095,7.471309e-05
2,2,139.50954,7.1010085e-05
2,2,140.00957,5.152652e-05
2,2,140.50961,5.1712152e-05
2,2,141.00964,4.4305613e-05
2,2,141.50967,7.643966e-05
2,2,142.00971,5.7939899e-05
2,2,142.50974,3.9007543e-05
2,2,143.00978,2.8622626e-05
2,2,143.50981,9.7067003e-05
2,2,144.00984,0.0001138898
2,2,144.50988,4.8093447e-05
2,2,145.00991,1.4679084e-05
2,2,145.50995,8.5787974e-05
2,2,146.00998,0.0001451311
2,2,146.51002,0.00010873151
2,2,147.01005,1.3034921e-05
2,2,147.51008,0.00010010876
2,2,148.01012,0.00016569853
2,2,148.51015,0.00014978471
2,2,149.01019,6.6161586e-05
2,2,149.51022,7.5040455e-05
2,2,150.01025,0.00015762745
2,2,150.51029,0.000159684
2,2,151.01032,8.1982486e-05
2,2,151.51036,9.5376681e-05
2,2,152.01039,0.00011038224
2,2,152.51043,0.00010345318
2,2,153.01046,9.6543122e-05
2,2,153.51049,0.0001174253
2,2,154.01053,7.345507e-05
2,2,154.51056,4.003557e-05
2,2,155.0106,8.5704955e-05
2,2,155.51063,0.00011788115
2,2,156.01066,9.3560684e-05
2,2,156.5107,1.4026925e-05
2,2,157.01073,5.7659155e-05
2,2,157.51077,0.00011494902
2,2,158.0108,0.0001204647
2,2,158.51084,7.1049705e-05
2,2,159.01087,2.5603533e-05
2,2,159.5109,0.00010781743
2,2,160.01094,0.00012843809
2,2,160.51097,9.6201066e-05
2,2,161.01101,1.3473068e-05
2,2,161.51104,7.1214358e-05
2,2,162.01107,0.00010696898
2,2,162.51111,7.9303379e-05
2,2,163.01114,3.4025166e-05
2,2,163.51118,6.2768238e-05
2,2,164.01121,7.7335972e-05
2,2,164.51125,6.7186027e-05
2,2,165.01128,3.9294501e-05
2,2,165.51131,4.7977908e-05
2,2,166.01135,5.7894295e-05
2,2,166.51138,5.3317831e-05
2,2,167.01142,4.4777903e-05
2,2,167.51145,5.4765112e-05
2,2,168.01149,4.3301219e-05
2,2,168.51152,2.9874694e-05
2,2,169.01155,5.0472425e-05
2,2,169.51159,6.6651668e-05
2,2,170.01162,3.9128687e-05
2,2,170.51166,8.1935766e-06
2,2,171.01169,4.7425968e-05
2,2,171.51172,8.1739903e-05
2,2,172.01176,5.9355964e-05
2,2,172.51179,2.2224194e-05
2,2,173.01183,3.0848947e-05
2,2,173.51186,9.5050529e-05
2,2,174.0119,9.1188101e-05
2,2,174.51193,3.9533547e-05
2,2,175.01196,3.426971e-05
2,2,175.512,7.7697946e-05
2,2,176.01203,8.9386883e-05
2,2,176.51207,5.6199199e-05
2,2,177.0121,4.956755e-05
2,2,177.51213,9.0564434e-05
2,2,178.01217,8.8239486e-05
2,2,178.5122,6.879687e-05
2,2,179.01224,2.8973665e-05
2,2,179.51227,8.6590255e-05
2,2,180.01231,6.4291701e-05
2,2,180.51234,5.5322147e-05
2,2,181.01237,5.5746238e-05
2,2,181.51241,8.0300638e-05
2,2,182.01244,4.7695716e-05
2,2,182.51248,5.1055047e-05
2,2,183.01251,5.9557454e-05
2,2,183.51254,9.3843814e-05
2,2,184.01258,4.400342e-05
2,2,184.51261,2.9652739e-05
2,2,185.01265,4.3059771e-05
2,2,185.51268,0.0001021712
2,2,186.01272,7.4077508e-05
2,2,186.51275,3.4371406e-05
2,2,187.01278,2.6343483e-05
2,2,187.51282,8.3377307e-05
2,2,188.01285,8.2519023e-05
2,2,188.51289,6.2136889e-05
2,2,189.01292,3.1172035e-05
2,2,189.51295,7.1853768e-05
2,2,190.01299,8.8149133e-05
2,2,190.51302,9.333144e-05
2,2,191.01306,5.319583e-05
2,2,191.51309,7.878882e-05
2,2,192.01313,7.7606221e-05
2,2,192.51316,8.0341436e-05
2,2,193.01319,6.3790919e-05
2,2,193.51323,7.2377729e-05
2,2,194.01326,6.7879385e-05
2,2,194.5133,9.0015599e-05
2,2,195.01333,7.2288378e-05
2,2,195.51337,7.6024038e-05
2,2,196.0134,4.4491111e-05
2,2,196.51343,8.1886838e-05
2,2,197.01347,7.6983321e-05
2,2,197.5135,7.9638278e-05
2,2,198.01354,3.2324961e-05
2,2,198.51357,7.2732058e-05
2,2,199.0136,7.2109256e-05
2,2,199.51364,9.9489809e-05
3,3,0,6.3843708e-08
3,3,0.50003418,1.1147618e-06
3,3,1.0000684,1.8420341e-06
3,3,1.5001025,1.3923142e-05
3,3,2.0001367,3.6781433e-05
3,3,2.5001709,3.5809293e-05
3,3,3.0002051,2.1130625e-05
3,3,3.5002393,3.5091183e-05
3,3,4.0002735,3.6365975e-05
3,3,4.5003076,3.0996134e-05
3,3,5.0003418,3.0150336e-05
3,3,5.500376,2.6039467e-05
3,3,6.0004102,1.1601091e-05
3,3,6.5004444,1.0892086e-05
3,3,7.0004785,2.3668339e-05
3,3,7.5005127,2.8408946e-05
3,3,8.0005469,6.8397971e-05
3,3,8.5005811,6.4074034e-05
3,3,9.0006153,3.177438e-05
3,3,9.5006495,5.5510319e-05
3,3,10.000684,0.00011456503
3,3,10.500718,9.2925284e-05
3,3,11.000752,3.8084139e-05
3,3,11.500786,6.5195687e-05
3,3,12.00082,0.00013234681
3,3,12.500855,0.00011227673
3,3,13.000889,5.9384731e-05
3,3,13.500923,7.2417137e-05
3,3,14.000957,0.0001315747
3,3,14.500991,0.0001169327
3,3,15.001025,5.8308611e-05
3,3,15.50106,5.550067e-05
3,3,16.001094,0.00011736612
3,3,16.501128,0.00012355375
3,3,17.001162,6.8699608e-05
3,3,17.501196,6.9683043e-05
3,3,18.001231,0.00014114077
3,3,18.501265,0.00012905624
3,3,19.001299,7.8513471e-05
3,3,19.501333,5.485797e-05
3,3,20.001367,9.1564697e-05
3,3,20.501401,0.00013206122
3,3,21.001436,9.1525716e-05
3,3,21.50147,9.4738821e-05
3,3,22.001504,0.00018871729
3,3,22.501538,0.00016991617
3,3,23.001572,0.00010507413
3,3,23.501607,9.6607124e-05
3,3,24.001641,0.00017717231
3,3,24.501675,0.0001625704
3,3,25.001709,7.658951e-05
3,3,25.501743,7.541372e-05
3,3,26.001777,0.00014837112
3,3,26.501812,0.00017275184
3,3,27.001846,9.5611177e-05
3,3,27.50188,0.00011567935
3,3,28.001914,0.00027089158
3,3,28.501948,0.00024032528
3,3,29.001983,0.00013339091
3,3,29.502017,0.0001876934
3,3,30.002051,0.00039770723
3,3,30.502085,0.00036559665
3,3,31.002119,0.00016328566
3,3,31.502153,0.00018887656
3,3,32.002188,0.00041493947
3,3,32.502222,0.00043465487
3,3,33.002256,0.00019095004
3,3,33.50229,0.00016566835
3,3,34.002324,0.00033515872
3,3,34.502359,0.00041854945
3,3,35.002393,0.00027666993
3,3,35.502427,0.00023153027
3,3,36.002461,0.00035562441
3,3,36.502495,0.00038677242
3,3,37.002529,0.00025903739
3,3,37.502564,0.00020502636
3,3,38.002598,0.00016360942
3,3,38.502632,0.00021597752
3,3,39.002666,0.00026193138
3,3,39.5027,0.00024058364
3,3,40.002735,8.0306165e-05
3,3,40.502769,9.9685252e-05
3,3,41.002803,0.00012689489
3,3,41.502837,0.00013494448
3,3,42.002871,0.00021348703
3,3,42.502905,0.00023751608
3,3,43.00294,3.0026677e-05
3,3,43.502974,4.7281792e-05
3,3,44.003008,0.00027632175
3,3,44.503042,0.00027418102
3,3,45.003076,9.5628349e-05
3,3,45.503111,5.8217965e-05
3,3,46.003145,0.00015246025
3,3,46.503179,0.00015978593
3,3,47.003213,5.4553883e-05
3,3,47.503247,4.0061967e-05
3,3,48.003281,9.8475465e-05
3,3,48.503316,0.00010988139
3,3,49.00335,6.4426283e-05
3,3,49.503384,4.8956687e-05
3,3,50.003418,5.5175869e-05
3,3,50.503452,6.4330358e-05
3,3,51.003487,5.062202e-05
3,3,51.503521,3.4148749e-05
3,3,52.003555,3.5299049e-05
3,3,52.503589,3.5383347e-05
3,3,53.003623,1.7902356e-05
3,3,53.503657,2.2539261e-05
3,3,54.003692,5.1627136e-06
3,3,54.503726,7.6775459e-06
3,3,55.00376,9.5530163e-06
3,3,55.503794,1.4015873e-05
3,3,56.003828,2.205146e-05
3,3,56.503863,2.0046777e-05
3,3,57.003897,1.4385177e-05
3,3,57.503931,3.1302075e-05
3,3,58.003965,5.7464246e-05
3,3,58.503999,7.0191285e-05
3,3,59.004033,4.2730071e-05
3,3,59.504068,5.4038443e-05
3,3,60.004102,3.5748752e-05
3,3,60.504136,5.6824193e-05
3,3,61.00417,4.5306418e-05
3,3,61.504204,3.6580236e-05
3,3,62.004239,4.3051648e-05
3,3,62.504273,5.9681521e-05
3,3,63.004307,4.6295753e-05
3,3,63.504341,3.9262976e-05
3,3,64.004375,6.3729772e-05
3,3,64.504409,0.00010176664
3,3,65.004444,8.6436317e-05
3,3,65.504478,6.3638104e-05
3,3,66.004512,8.768819e-05
3,3,66.504546,0.00011821651
3,3,67.00458,9.8462642e-05
3,3,67.504615,8.0706067e-05
3,3,68.004649,0.00012893657
3,3,68.504683,0.00017821732
3,3,69.004717,0.00016486703
3,3,69.504751,0.00014077017
3,3,70.004785,0.00015695352
3,3,70.50482,0.00016571694
3,3,71.004854,0.00014628921
3,3,71.504888,0.00014408076
3,3,72.004922,0.00016820121
3,3,72.504956,0.00014771058
3,3,73.004991,0.00012745664
3,3,73.505025,0.00013254544
3,3,74.005059,0.00014322302
3,3,74.505093,9.7492461e-05
3,3,75.005127,6.7698025e-05
3,3,75.505161,7.4697551e-05
3,3,76.005196,6.5999433e-05
3,3,76.50523,3.7211509e-05
3,3,77.005264,4.4553472e-05
3,3,77.505298,8.0328613e-05
3,3,78.005332,9.7095466e-05
3,3,78.505367,0.00010952985
3,3,79.005401,0.0001100822
3,3,79.505435,0.00010153364
3,3,80.005469,0.00012984101
3,3,80.505503,0.00014755599
3,3,81.005537,0.00013202685
3,3,81.505572,0.00012985992
3,3,82.005606,0.00014836981
3,3,82.50564,0.00015515226
3,3,83.005674,0.00012171833
3,3,83.505708,9.8120378e-05
3,3,84.005743,0.00011890197
3,3,84.505777,0.0001402475
3,3,85.005811,0.00010781741
3,3,85.505845,6.9555717e-05
3,3,86.005879,8.1372985e-05
3,3,86.505913,0.00010235496
3,3,87.005948,7.3595404e-05
3,3,87.505982,2.4628317e-05
3,3,88.006016,4.0657376e-05
3,3,88.50605,6.3949806e-05
3,3,89.006084,5.5582505e-05
3,3,89.506119,1.5990241e-05
3,3,90.006153,1.6829612e-05
3,3,90.506187,3.2925005e-05
3,3,91.006221,5.3268801e-05
3,3,91.506255,4.9763547e-05
3,3,92.006289,4.1126976e-05
3,3,92.506324,4.4537157e-05
3,3,93.006358,6.0559659e-05
3,3,93.506392,6.4981708e-05
3,3,94.006426,5.5693071e-05
3,3,94.50646,5.5596921e-05
3,3,95.006495,6.1316204e-05
3,3,95.506529,6.8466205e-05
3,3,96.006563,6.3980638e-05
3,3,96.506597,6.5410787e-05
3,3,97.006631,3.8739869e-05
3,3,97.506665,4.3486995e-05
3,3,98.0067,4.469485e-05
3,3,98.506734,4.8463747e-05
3,3,99.006768,3.7799429e-05
3,3,99.506802,3.1646331e-05
3,3,100.00684,3.4857271e-05
3,3,100.50687,4.256065e-05
3,3,101.0069,4.9320799e-05
3,3,101.50694,5.0473406e-05
3,3,102.00697,2.8351216e-05
3,3,102.50701,4.4407906e-05
3,3,103.00704,5.9890352e-05
3,3,103.50708,7.3855988e-05
3,3,104.00711,6.4813152e-05
3,3,104.50714,6.1327929e-05
3,3,105.00718,7.9775052e-05
3,3,105.50721,9.6532707e-05
3,3,106.00725,9.4085852e-05
3,3,106.50728,8.016477e-05
3,3,107.00731,8.3450832e-05
3,3,107.50735,9.399997e-05
3,3,108.00738,8.8724426e-05
3,3,108.50742,7.3709148e-05
3,3,109.00745,6.140137e-05
3,3,109.50749,4.8742492e-05
3,3,110.00752,3.842952e-05
3,3,110.50755,5.0359063e-05
3,3,111.00759,5.298402e-05
3,3,111.50762,1.1440609e-05
3,3,112.00766,3.0722134e-05
3,3,112.50769,9.7355469e-06
3,3,113.00773,4.2636451e-05
3,3,113.50776,7.0470745e-05
3,3,114.00779,8.0775086e-05
3,3,114.50783,4.3714749e-05
3,3,115.00786,2.8050187e-05
3,3,115.5079,6.6650121e-05
3,3,116.00793,0.00010735675
3,3,116.50796,7.1522073e-05
3,3,117.008,3.1024331e-05
3,3,117.50803,4.476906e-05
3,3,118.00807,7.2170581e-05
3,3,118.5081,7.3833958e-05
3,3,119.00814,0.00011535722
3,3,119.50817,7.4604351e-05
3,3,120.0082,0.00034838
3,3,120.50824,0.0001693409
3,3,121.00827,4.0213709e-05
3,3,121.50831,5.9027666e-06
3,3,122.00834,3.0408723e-05
3,3,122.50837,4.9522321e-05
3,3,123.00841,4.7239502e-05
3,3,123.50844,2.6084102e-05
3,3,124.00848,7.6438253e-05
3,3,124.50851,5.3605574e-05
3,3,125.00855,3.297144e-05
3,3,125.50858,4.4263106e-05
3,3,126.00861,9.4022833e-05
3,3,126.50865,5.545334e-05
3,3,127.00868,8.2052135e-06
3,3,127.50872,6.4396038e-05
3,3,128.00875,7.5094987e-05
3,3,128.50878,5.3923085e-05
3,3,129.00882,1.2457046e-05
3,3,129.50885,4.8043433e-05
3,3,130.00889,7.648766e-05
3,3,130.50892,5.209459e-05
3,3,131.00896,1.4865568e-05
3,3,131.50899,3.9159837e-05
3,3,132.00902,6.5483822e-05
3,3,132.50906,7.7691133e-05
3,3,133.00909,6.2479832e-05
3,3,133.50913,2.7086914e-05
3,3,134.00916,5.9116818e-05
3,3,134.50919,7.4086214e-05
3,3,135.00923,5.8487316e-05
3,3,135.50926,2.9530157e-05
3,3,136.0093,0.0001101804
3,3,136.50933,8.8816982e-05
3,3,137.00937,5.8280682e-05
3,3,137.5094,2.5767949e-05
3,3,138.00943,9.1467439e-05
3,3,138.50947,8.4954964e-05
3,3,139.0095,5.2582414e-05
3,3,139.50954,5.3474985e-05
3,3,140.00957,9.7845701e-05
3,3,140.50961,8.2215154e-05
3,3,141.00964,1.5279006e-05
3,3,141.50967,6.0673379e-05
3,3,142.00971,9.5919655e-05
3,3,142.50974,6.7074478e-05
3,3,143.00978,8.3589517e-06
3,3,143.50981,6.2947124e-05
3,3,144.00984,8.3743761e-05
3,3,144.50988,7.8127946e-05
3,3,145.00991,3.656427e-05
3,3,145.50995,6.8194076e-05
3,3,146.00998,0.00010881894
3,3,146.51002,0.0001109975
3,3,147.01005,5.8552672e-05
3,3,147.51008,6.8420668e-05
3,3,148.01012,0.00012299532
3,3,148.51015,0.00011782102
3,3,149.01019,8.3505854e-05
3,3,149.51022,7.5522894e-05
3,3,150.01025,0.000145504
3,3,150.51029,0.00013653282
3,3,151.01032,8.0076017e-05
3,3,151.51036,7.7044533e-05
3,3,152.01039,0.00016752832
3,3,152.51043,0.00013200688
3,3,153.01046,6.3615619e-05
3,3,153.51049,8.2552244e-05
3,3,154.01053,0.0001686436
3,3,154.51056,0.00012617243
3,3,155.0106,3.6021849e-05
3,3,155.51063,8.2269292e-05
3,3,156.01066,0.00016118352
3,3,156.5107,0.00014626662
3,3,157.01073,8.9650842e-05
3,3,157.51077,0.0001320989
3,3,158.0108,0.00016304036
3,3,158.51084,0.00016167291
3,3,159.01087,0.00014165052
3,3,159.5109,0.00013368566
3,3,160.01094,0.00018650491
3,3,160.51097,0.00019559226
3,3,161.01101,0.00017022251
3,3,161.51104,0.00013885736
3,3,162.01107,0.00019084104
3,3,162.51111,0.00021025624
3,3,163.01114,0.00018245507
3,3,163.51118,0.00013073818
3,3,164.01121,0.00018393495
3,3,164.51125,0.00020365374
3,3,165.01128,0.00017882777
3,3,165.51131,0.00012982523
3,3,166.01135,0.00016637958
3,3,166.51138,0.00018638641
3,3,167.01142,0.00014626263
3,3,167.51145,9.9080216e-05
3,3,168.01149,0.00013112492
3,3,168.51152,0.0001569006
3,3,169.01155,0.00013913459
3,3,169.51159,0.00010418738
3,3,170.01162,0.00011733559
3,3,170.51166,0.00015245217
3,3,171.01169,0.00016325289
3,3,171.51172,0.00012065743
3,3,172.01176,9.8762641e-05
3,3,172.51179,0.00013869075
3,3,173.01183,0.00017866373
3,3,173.51186,0.000142449
3,3,174.0119,0.0001110703
3,3,174.51193,0.00014645044
3,3,175.01196,0.00017682583
3,3,175.512,0.00013560719
3,3,176.01203,7.832816e-05
3,3,176.51207,0.00012972837
3,3,177.0121,0.00017231626
3,3,177.51213,0.0001038591
3,3,178.01217,3.1925853e-05
3,3,178.5122,9.6012375e-05
3,3,179.01224,0.00018234677
3,3,179.51227,0.00011930834
3,3,180.01231,3.7143076e-05
3,3,180.51234,7.2033279e-05
3,3,181.01237,4.8282165e-05
3,3,181.51241,3.5632613e-05
3,3,182.01244,3.7957238e-05
3,3,182.51248,8.4539715e-05
3,3,183.01251,9.3510341e-05
3,3,183.51254,3.6862036e-05
3,3,184.01258,3.1978647e-05
3,3,184.51261,6.4714298e-05
3,3,185.01265,0.00010417344
3,3,185.51268,6.9666131e-05
3,3,186.01272,1.6743846e-05
3,3,186.51275,4.0010762e-05
3,3,187.01278,0.00011552027
3,3,187.51282,9.2180771e-05
3,3,188.01285,4.4898753e-06
3,3,188.51289,1.2026256e-05
3,3,189.01292,9.6159366e-05
3,3,189.51295,9.1931265e-05
3,3,190.01299,1.9514247e-05
3,3,190.51302,2.1670459e-05
3,3,191.01306,9.7140632e-05
3,3,191.51309,8.8126793e-05
3,3,192.01313,8.2397217e-06
3,3,192.51316,4.8159169e-05
3,3,193.01319,9.2827352e-05
3,3,193.51323,7.7239711e-05
3,3,194.01326,2.5960194e-05
3,3,194.5133,6.3378464e-05
3,3,195.01333,0.0001162166
3,3,195.51337,8.5672495e-05
3,3,196.0134,4.0476494e-05
3,3,196.51343,5.1695582e-05
3,3,197.01347,0.00011885167
3,3,197.5135,0.00011953125
3,3,198.01354,3.220489e-05
3,3,198.51357,3.173659e-05
3,3,199.0136,0.00017109255
3,3,199.51364,0.00019277788
4,4,0,5.1591782e-06
4,4,0.50003418,3.1406017e-06
4,4,1.0000684,1.4587135e-06
4,4,1.5001025,4.9123835e-06
4,4,2.0001367,1.5614176e-05
4,4,2.5001709,1.279655e-05
4,4,3.0002051,1.857353e-06
4,4,3.5002393,1.0268552e-05
4,4,4.0002735,9.4509048e-06
4,4,4.5003076,2.1734267e-06
4,4,5.0003418,3.1331237e-06
4,4,5.500376,6.3956235e-06
4,4,6.0004102,1.4520307e-05
4,4,6.5004444,9.2323085e-06
4,4,7.0004785,5.3205798e-06
4,4,7.5005127,1.1832121e-05
4,4,8.0005469,3.4654252e-05
4,4,8.5005811,3.2565494e-05
4,4,9.0006153,1.8138859e-05
4,4,9.5006495,2.4398683e-05
4,4,10.000684,5.268101e-05
4,4,10.500718,3.6005403e-05
4,4,11.000752,1.1679382e-05
4,4,11.500786,1.6782669e-05
4,4,12.00082,6.1473404e-05
4,4,12.500855,4.7248949e-05
4,4,13.000889,1.3295916e-05
4,4,13.500923,1.64742e-05
4,4,14.000957,5.8490269e-05
4,4,14.500991,4.6434926e-05
4,4,15.001025,2.0986924e-05
4,4,15.50106,2.6742308e-05
4,4,16.001094,3.6226405e-05
4,4,16.501128,4.0070835e-05
4,4,17.001162,1.7188446e-05
4,4,17.501196,1.0722794e-05
4,4,18.001231,4.4738234e-05
4,4,18.501265,4.2859276e-05
4,4,19.001299,1.0483255e-05
4,4,19.501333,4.049298e-05
4,4,20.001367,0.00011769755
4,4,20.501401,0.00010398922
4,4,21.001436,4.7024831e-05
4,4,21.50147,5.2526208e-05
4,4,22.001504,9.2359003e-05
4,4,22.501538,8.447501e-05
4,4,23.001572,5.5261918e-05
4,4,23.501607,5.2395011e-05
4,4,24.001641,7.5694144e-05
4,4,24.501675,7.0580693e-05
4,4,25.001709,4.1670679e-05
4,4,25.501743,4.3172397e-05
4,4,26.001777,7.9635399e-05
4,4,26.501812,6.3805066e-05
4,4,27.001846,5.5895815e-05
4,4,27.50188,6.5338029e-05
4,4,28.001914,0.00012343071
4,4,28.501948,0.00010977566
4,4,29.001983,6.9760662e-05
4,4,29.502017,9.4842107e-05
4,4,30.002051,0.00016699356
4,4,30.502085,0.0001671826
4,4,31.002119,7.4444521e-05
4,4,31.502153,0.00011441608
4,4,32.002188,0.0001851895
4,4,32.502222,0.00021123749
4,4,33.002256,0.00010363303
4,4,33.50229,0.00010882814
4,4,34.002324,0.00015422159
4,4,34.502359,0.00017959052
4,4,35.002393,0.00010447073
4,4,35.502427,8.4714019e-05
4,4,36.002461,0.00013784087
4,4,36.502495,0.00017900263
4,4,37.002529,0.00016346601
4,4,37.502564,0.00013422644
4,4,38.002598,6.467328e-05
4,4,38.502632,6.7942683e-05
4,4,39.002666,0.00015853295
4,4,39.5027,0.00022857063
4,4,40.002735,0.00022165671
4,4,40.502769,0.00022384315
4,4,41.002803,0.00021928418
4,4,41.502837,0.0003037785
4,4,42.002871,0.00028910626
4,4,42.502905,0.00035737996
4,4,43.00294,0.00038482475
4,4,43.502974,0.00048743897
4,4,44.003008,0.00037916538
4,4,44.503042,0.00029959198
4,4,45.003076,0.00028425355
4,4,45.503111,0.00032501136
4,4,46.003145,0.00025269235
4,4,46.503179,0.00020795898
4,4,47.003213,0.00021221603
4,4,47.503247,0.00022590164
4,4,48.003281,0.00017071398
4,4,48.503316,0.00012654428
4,4,49.00335,0.0001337878
4,4,49.503384,0.00013735549
4,4,50.003418,0.00010034893
4,4,50.503452,7.5484189e-05
4,4,51.003487,8.3263393e-05
4,4,51.503521,8.3843241e-05
4,4,52.003555,6.0929706e-05
4,4,52.503589,4.4333556e-05
4,4,53.003623,5.6710903e-05
4,4,53.503657,6.0425769e-05
4,4,54.003692,4.3173324e-05
4,4,54.503726,2.8041861e-05
4,4,55.00376,4.3524554e-05
4,4,55.503794,6.9432298e-05
4,4,56.003828,6.7630757e-05
4,4,56.503863,5.5733066e-05
4,4,57.003897,6.4525155e-05
4,4,57.503931,8.9842954e-05
4,4,58.003965,9.7974457e-05
4,4,58.503999,9.0255036e-05
4,4,59.004033,7.4923285e-05
4,4,59.504068,9.3882365e-05
4,4,60.004102,6.6968453e-05
4,4,60.504136,6.4974189e-05
4,4,61.00417,6.0779698e-05
4,4,61.504204,7.6906033e-05
4,4,62.004239,8.2361395e-05
4,4,62.504273,6.5274965e-05
4,4,63.004307,4.2368094e-05
4,4,63.504341,4.8912149e-05
4,4,64.004375,6.0085161e-05
4,4,64.504409,5.1343028e-05
4,4,65.004444,2.9920643e-05
4,4,65.504478,3.4590912e-05
4,4,66.004512,4.9245298e-05
4,4,66.504546,5.1843686e-05
4,4,67.00458,3.0131474e-05
4,4,67.504615,2.4139595e-05
4,4,68.004649,5.2348034e-05
4,4,68.504683,7.1749551e-05
4,4,69.004717,4.8057403e-05
4,4,69.504751,1.7227919e-05
4,4,70.004785,3.1670766e-05
4,4,70.50482,6.4782631e-05
4,4,71.004854,3.4473907e-05
4,4,71.504888,2.4262217e-05
4,4,72.004922,4.1121362e-05
4,4,72.504956,5.7600777e-05
4,4,73.004991,4.0422111e-05
4,4,73.505025,3.9441869e-05
4,4,74.005059,4.9157444e-05
4,4,74.505093,5.5531177e-05
4,4,75.005127,6.4076107e-05
4,4,75.505161,2.1295782e-05
4,4,76.005196,3.9055229e-05
4,4,76.50523,5.9780785e-05
4,4,77.005264,6.6264502e-05
4,4,77.505298,2.6861801e-05
4,4,78.005332,1.6921529e-05
4,4,78.505367,3.366412e-05
4,4,79.005401,5.1561815e-05
4,4,79.505435,4.4765262e-05
4,4,80.005469,2.6338561e-05
4,4,80.505503,1.4358125e-05
4,4,81.005537,3.997196e-05
4,4,81.505572,5.2394491e-05
4,4,82.005606,4.9099902e-05
4,4,82.50564,3.7335848e-05
4,4,83.005674,3.1095543e-05
4,4,83.505708,4.2263754e-05
4,4,84.005743,4.7622971e-05
4,4,84.505777,5.4332475e-05
4,4,85.005811,4.0576244e-05
4,4,85.505845,3.2212988e-05
4,4,86.005879,4.3564348e-05
4,4,86.505913,4.7976918e-05
4,4,87.005948,2.1860836e-05
4,4,87.505982,1.9849171e-05
4,4,88.006016,2.9486776e-05
4,4,88.50605,2.9002734e-05
4,4,89.006084,1.4813623e-05
4,4,89.506119,4.1071185e-06
4,4,90.006153,9.7541826e-06
4,4,90.506187,1.2816404e-05
4,4,91.006221,3.5925506e-06
4,4,91.506255,1.4822286e-05
4,4,92.006289,1.9787331e-05
4,4,92.506324,2.172274e-05
4,4,93.006358,1.8416525e-05
4,4,93.506392,2.4061696e-05
4,4,94.006426,2.3873144e-05
4,4,94.50646,3.671891e-05
4,4,95.006495,3.6006306e-05
4,4,95.506529,2.143052e-05
4,4,96.006563,2.8383524e-05
4,4,96.506597,4.9014638e-05
4,4,97.006631,4.4136938e-05
4,4,97.506665,1.7347799e-05
4,4,98.0067,2.1368628e-05
4,4,98.506734,5.3691643e-05
4,4,99.006768,5.4668967e-05
4,4,99.506802,1.8468594e-05
4,4,100.00684,1.4568436e-05
4,4,100.50687,3.969733e-05
4,4,101.0069,3.9302956e-05
4,4,101.50694,9.481105e-06
4,4,102.00697,1.3946646e-05
4,4,102.50701,2.0676044e-05
4,4,103.00704,9.0029018e-06
4,4,103.50708,7.1254185e-06
4,4,104.00711,1.4555469e-05
4,4,104.50714,3.4181787e-05
4,4,105.00718,2.7377577e-05
4,4,105.50721,9.4269954e-06
4,4,106.00725,1.8783471e-05
4,4,106.50728,5.7984446e-05
4,4,107.00731,5.8060264e-05
4,4,107.50735,2.3667703e-05
4,4,108.00738,2.2118418e-05
4,4,108.50742,5.7121908e-05
4,4,109.00745,6.4556663e-05
4,4,109.50749,2.9848834e-05
4,4,110.00752,3.2299815e-05
4,4,110.50755,4.4635499e-05
4,4,111.00759,5.6612296e-05
4,4,111.50762,2.4461719e-05
4,4,112.00766,2.5632614e-05
4,4,112.50769,1.7389174e-05
4,4,113.00773,3.6566948e-05
4,4,113.50776,1.9301332e-05
4,4,114.00779,9.7704415e-06
4,4,114.50783,2.3007074e-05
4,4,115.00786,1.0024695e-05
4,4,115.5079,4.0982043e-06
4,4,116.00793,1.3864024e-05
4,4,116.50796,3.3173657e-05
4,4,117.008,3.2082218e-05
4,4,117.50803,9.3894993e-06
4,4,118.00807,1.1697525e-05
4,4,118.5081,2.089571e-05
4,4,119.00814,7.1733147e-05
4,4,119.50817,9.4567275e-05
4,4,120.0082,9.0012404e-05
4,4,120.50824,3.386512e-05
4,4,121.00827,5.8802866e-05
4,4,121.50831,4.7539163e-05
4,4,122.00834,3.0954307e-05
4,4,122.50837,2.4621922e-05
4,4,123.00841,5.1833595e-05
4,4,123.50844,5.188223e-05
4,4,124.00848,3.8671283e-05
4,4,124.50851,2.1069229e-05
4,4,125.00855,2.0431517e-05
4,4,125.50858,3.328935e-05
4,4,126.00861,3.3790913e-05
4,4,126.50865,1.2156713e-05
4,4,127.00868,1.7594457e-05
4,4,127.50872,3.5212002e-05
4,4,128.00875,2.8015631e-05
4,4,128.50878,1.0325406e-05
4,4,129.00882,1.9219259e-05
4,4,129.50885,2.8418903e-05
4,4,130.00889,3.2887189e-05
4,4,130.50892,2.6038161e-05
4,4,131.00896,2.3610129e-05
4,4,131.50899,3.2365119e-05
4,4,132.00902,5.4314667e-05
4,4,132.50906,2.3632346e-05
4,4,133.00909,2.335335e-05
4,4,133.50913,2.8756226e-05
4,4,134.00916,6.2356519e-05
4,4,134.50919,4.4960601e-05
4,4,135.00923,1.0620363e-05
4,4,135.50926,3.3844459e-05
4,4,136.0093,6.5536542e-05
4,4,136.50933,5.0103643e-05
4,4,137.00937,1.1506769e-05
4,4,137.5094,3.1749612e-05
4,4,138.00943,3.3409134e-05
4,4,138.50947,5.8866143e-06
4,4,139.0095,1.4369325e-05
4,4,139.50954,2.0268644e-05
4,4,140.00957,3.5368404e-05
4,4,140.50961,9.0220541e-06
4,4,141.00964,2.5472766e-05
4,4,141.50967,5.7410998e-06
4,4,142.00971,3.3563991e-05
4,4,142.50974,1.6457984e-05
4,4,143.00978,3.1081054e-05
4,4,143.50981,1.3828963e-05
4,4,144.00984,6.5884169e-05
4,4,144.50988,6.3143197e-05
4,4,145.00991,2.1393236e-05
4,4,145.50995,2.8833426e-05
4,4,146.00998,8.315255e-05
4,4,146.51002,8.6030442e-05
4,4,147.01005,6.7150566e-06
4,4,147.51008,3.2172797e-05
4,4,148.01012,9.342961e-05
4,4,148.51015,9.4853162e-05
4,4,149.01019,3.7928452e-05
4,4,149.51022,2.627355e-05
4,4,150.01025,6.3974422e-05
4,4,150.51029,7.1553884e-05
4,4,151.01032,1.9991606e-05
4,4,151.51036,2.9184704e-05
4,4,152.01039,6.4291826e-05
4,4,152.51043,5.9862489e-05
4,4,153.01046,3.704887e-05
4,4,153.51049,5.2204529e-05
4,4,154.01053,5.7426554e-05
4,4,154.51056,6.3581879e-05
4,4,155.0106,2.1596363e-05
4,4,155.51063,2.8090138e-05
4,4,156.01066,7.7360853e-05
4,4,156.5107,9.7075224e-05
4,4,157.01073,4.1754375e-05
4,4,157.51077,4.5326664e-05
4,4,158.0108,7.8725319e-05
4,4,158.51084,0.00011673712
4,4,159.01087,3.4457475e-05
4,4,159.5109,2.9440154e-05
4,4,160.01094,6.8893331e-05
4,4,160.51097,0.00010734487
4,4,161.01101,6.8841603e-05
4,4,161.51104,3.8608469e-05
4,4,162.01107,5.8055571e-05
4,4,162.51111,0.00012189293
4,4,163.01114,5.0635196e-05
4,4,163.51118,5.6623227e-05
4,4,164.01121,7.3401444e-05
4,4,164.51125,0.00010959857
4,4,165.01128,2.4676836e-05
4,4,165.51131,6.9943822e-05
4,4,166.01135,3.8861615e-05
4,4,166.51138,0.00010582776
4,4,167.01142,3.7902955e-05
4,4,167.51145,3.7110934e-05
4,4,168.01149,9.4932746e-05
4,4,168.51152,0.00016050118
4,4,169.01155,5.6813758e-05
4,4,169.51159,5.0123893e-05
4,4,170.01162,3.0241356e-05
4,4,170.51166,0.00013787167
4,4,171.01169,6.5105747e-05
4,4,171.51172,6.2430772e-05
4,4,172.01176,1.2526849e-05
4,4,172.51179,0.000101114
4,4,173.01183,6.2604636e-05
4,4,173.51186,4.6778273e-05
4,4,174.0119,5.0324309e-05
4,4,174.51193,8.322115e-05
4,4,175.01196,5.1063689e-05
4,4,175.512,2.7452281e-05
4,4,176.01203,1.1561284e-05
4,4,176.51207,6.439421e-05
4,4,177.0121,5.4395738e-05
4,4,177.51213,1.1208643e-05
4,4,178.01217,1.672376e-05
4,4,178.5122,4.8745297e-05
4,4,179.01224,4.5104435e-05
4,4,179.51227,5.2245372e-05
4,4,180.01231,3.2504326e-05
4,4,180.51234,5.1596615e-05
4,4,181.01237,5.0222713e-05
4,4,181.51241,3.1054842e-05
4,4,182.01244,2.4186267e-05
4,4,182.51248,2.822667e-05
4,4,183.01251,3.1461923e-05
4,4,183.51254,4.9428912e-05
4,4,184.01258,6.1331704e-05
4,4,184.51261,8.9843404e-06
4,4,185.01265,3.4647032e-05
4,4,185.51268,4.1669939e-05
4,4,186.01272,5.1850212e-05
4,4,186.51275,9.566841e-06
4,4,187.01278,2.3023459e-05
4,4,187.51282,4.2995654e-05
4,4,188.01285,4.2201823e-05
4,4,188.51289,2.5537283e-05
4,4,189.01292,4.6349781e-05
4,4,189.51295,3.693935e-05
4,4,190.01299,4.2764997e-05
4,4,190.51302,1.8898576e-05
4,4,191.01306,3.2015612e-05
4,4,191.51309,1.959691e-05
4,4,192.01313,3.0229892e-05
4,4,192.51316,9.7494941e-06
4,4,193.01319,3.3047901e-05
4,4,193.51323,2.2182402e-05
4,4,194.01326,3.1042546e-05
4,4,194.5133,2.3261872e-05
4,4,195.01333,2.8057403e-05
4,4,195.51337,2.9849698e-05
4,4,196.0134,2.6680959e-05
4,4,196.51343,3.766027e-05
4,4,197.01347,4.0072447e-05
4,4,197.5135,1.4315673e-05
4,4,198.01354,4.4007855e-05
4,4,198.51357,4.1145609e-05
4,4,199.0136,3.8469909e-05
4,4,199.51364,1.8273757e-05
5,5,0,2.103097e-05
5,5,0.50003418,1.0238858e-05
5,5,1.0000684,1.8202538e-06
5,5,1.5001025,1.408566e-05
5,5,2.0001367,3.2542747e-05
5,5,2.5001709,2.8625043e-05
5,5,3.0002051,1.2897276e-05
5,5,3.5002393,2.7047323e-05
5,5,4.0002735,4.3568369e-05
5,5,4.5003076,3.260447e-05
5,5,5.0003418,5.7037605e-06
5,5,5.500376,7.2186716e-06
5,5,6.0004102,5.9363447e-06
5,5,6.5004444,8.6742983e-06
5,5,7.0004785,1.5035817e-05
5,5,7.5005127,1.9465091e-05
5,5,8.0005469,6.9071693e-05
5,5,8.5005811,7.9362675e-05
5,5,9.0006153,2.5531913e-05
5,5,9.5006495,3.9104183e-05
5,5,10.000684,9.9190341e-05
5,5,10.500718,0.00010050917
5,5,11.000752,3.484188e-05
5,5,11.500786,4.5471989e-05
5,5,12.00082,0.00012532484
5,5,12.500855,0.00013457798
5,5,13.000889,3.2254453e-05
5,5,13.500923,6.6348738e-05
5,5,14.000957,0.00012315511
5,5,14.500991,0.00014918237
5,5,15.001025,6.4374812e-05
5,5,15.50106,3.6161036e-05
5,5,16.001094,0.00011693463
5,5,16.501128,0.00013618713
5,5,17.001162,4.4961916e-05
5,5,17.501196,4.839747e-05
5,5,18.001231,0.00013115736
5,5,18.501265,0.00017271486
5,5,19.001299,7.9077235e-05
5,5,19.501333,2.4131347e-05
5,5,20.001367,0.00012959875
5,5,20.501401,0.00019992238
5,5,21.001436,6.5443457e-05
5,5,21.50147,6.2256025e-05
5,5,22.001504,0.00011523182
5,5,22.501538,0.00020246601
5,5,23.001572,0.00010198712
5,5,23.501607,9.8284498e-05
5,5,24.001641,0.00015387367
5,5,24.501675,0.00021875549
5,5,25.001709,0.00017089134
5,5,25.501743,4.9043748e-05
5,5,26.001777,0.00015697352
5,5,26.501812,0.00027395928
5,5,27.001846,0.00026779718
5,5,27.50188,6.514373e-05
5,5,28.001914,0.00010239186
5,5,28.501948,0.00033669237
5,5,29.001983,0.00035437848
5,5,29.502017,3.3595906e-05
5,5,30.002051,0.00017957311
5,5,30.502085,0.00034280393
5,5,31.002119,0.00041376919
5,5,31.502153,5.5562894e-05
5,5,32.002188,0.00023813964
5,5,32.502222,0.00026386236
5,5,33.002256,0.00043637382
5,5,33.50229,8.3957648e-05
5,5,34.002324,0.00023686935
5,5,34.502359,0.00024013119
5,5,35.002393,0.00034905333
5,5,35.502427,7.6728885e-05
5,5,36.002461,0.00027249255
5,5,36.502495,0.00018180752
5,5,37.002529,0.00032902361
5,5,37.502564,0.00014129441
5,5,38.002598,0.00023270787
5,5,38.502632,0.0001627846
5,5,39.002666,9.1851631e-05
5,5,39.5027,4.6225071e-05
5,5,40.002735,0.00015419592
5,5,40.502769,0.00021656246
5,5,41.002803,0.00014472741
5,5,41.502837,0.00015904081
5,5,42.002871,8.675816e-05
5,5,42.502905,0.00030085054
5,5,43.00294,0.00026058651
5,5,43.502974,0.00023215081
5,5,44.003008,8.0613253e-05
5,5,44.503042,0.00025379397
5,5,45.003076,0.0002129154
5,5,45.503111,0.00013894038
5,5,46.003145,3.6073618e-05
5,5,46.503179,0.00017139854
5,5,47.003213,0.00017124814
5,5,47.503247,7.7641936e-05
5,5,48.003281,4.7932218e-05
5,5,48.503316,0.00012829452
5,5,49.00335,0.00012941652
5,5,49.503384,6.8998327e-05
5,5,50.003418,2.6794224e-05
5,5,50.503452,7.7831292e-05
5,5,51.003487,6.3982264e-05
5,5,51.503521,3.2051352e-05
5,5,52.003555,4.8942339e-06
5,5,52.503589,2.8938408e-05
5,5,53.003623,3.0119525e-05
5,5,53.503657,1.5604344e-05
5,5,54.003692,9.1996635e-06
5,5,54.503726,1.8590536e-05
5,5,55.00376,2.5172113e-05
5,5,55.503794,2.4367761e-05
5,5,56.003828,1.108811e-05
5,5,56.503863,1.1651481e-05
5,5,57.003897,2.2487683e-05
5,5,57.503931,1.1208158e-05
5,5,58.003965,1.487246e-05
5,5,58.503999,0.00010160663
5,5,59.004033,0.00018334033
5,5,59.504068,0.00013145119
5,5,60.004102,5.2579294e-05
5,5,60.504136,2.1980381e-05
5,5,61.00417,3.2358114e-05
5,5,61.504204,4.141818e-05
5,5,62.004239,3.6226649e-06
5,5,62.504273,4.0172445e-05
5,5,63.004307,3.408999e-05
5,5,63.504341,5.4531133e-05
5,5,64.004375,2.1710829e-05
5,5,64.504409,6.233879e-05
5,5,65.004444,3.2754541e-05
5,5,65.504478,9.3000185e-05
5,5,66.004512,7.201833e-05
5,5,66.504546,6.7557646e-05
5,5,67.00458,6.3312436e-05
5,5,67.504615,0.00012034289
5,5,68.004649,9.3680385e-05
5,5,68.504683,0.00011781177
5,5,69.004717,0.00010049728
5,5,69.504751,9.3599222e-05
5,5,70.004785,0.00011384082
5,5,70.50482,8.8727433e-05
5,5,71.004854,0.00012198546
5,5,71.504888,4.5208852e-05
5,5,72.004922,8.8365017e-05
5,5,72.504956,6.1825875e-05
5,5,73.004991,8.0357761e-05
5,5,73.505025,4.1662411e-05
5,5,74.005059,3.6802736e-05
5,5,74.505093,3.706293e-05
5,5,75.005127,5.606626e-05
5,5,75.505161,4.0350305e-05
5,5,76.005196,6.1966859e-05
5,5,76.50523,5.0589131e-05
5,5,77.005264,6.8159169e-05
5,5,77.505298,5.9054917e-05
5,5,78.005332,8.6133805e-05
5,5,78.505367,5.3770125e-05
5,5,79.005401,6.5220906e-05
5,5,79.505435,6.8141814e-05
5,5,80.005469,0.00010608473
5,5,80.505503,6.1164662e-05
5,5,81.005537,5.3174148e-05
5,5,81.505572,4.9041516e-05
5,5,82.005606,0.00010179872
5,5,82.50564,4.9102353e-05
5,5,83.005674,2.2043161e-05
5,5,83.505708,5.1686644e-05
5,5,84.005743,9.2785461e-05
5,5,84.505777,5.570411e-05
5,5,85.005811,3.1389697e-05
5,5,85.505845,3.0736778e-05
5,5,86.005879,4.7382918e-05
5,5,86.505913,1.7975958e-05
5,5,87.005948,2.2525386e-05
5,5,87.505982,4.0300042e-05
5,5,88.006016,2.1342747e-05
5,5,88.50605,9.1869468e-06
5,5,89.006084,4.9181523e-05
5,5,89.506119,4.7773035e-05
5,5,90.006153,2.5451059e-05
5,5,90.506187,4.3078967e-05
5,5,91.006221,3.6181425e-05
5,5,91.506255,3.0027571e-05
5,5,92.006289,4.5073005e-05
5,5,92.506324,6.6609262e-05
5,5,93.006358,4.5310325e-05
5,5,93.506392,2.2692348e-05
5,5,94.006426,5.3434159e-05
5,5,94.50646,6.4667018e-05
5,5,95.006495,2.7658848e-05
5,5,95.506529,2.7715958e-05
5,5,96.006563,6.302145e-05
5,5,96.506597,5.6924659e-05
5,5,97.006631,3.0150185e-05
5,5,97.506665,3.9376915e-05
5,5,98.0067,6.0919195e-05
5,5,98.506734,2.8173442e-05
5,5,99.006768,4.2962274e-05
5,5,99.506802,7.1276626e-05
5,5,100.00684,7.8842343e-05
5,5,100.50687,3.1128332e-05
5,5,101.0069,4.5199931e-05
5,5,101.50694,8.3066035e-05
5,5,102.00697,7.7562442e-05
5,5,102.50701,4.6626192e-05
5,5,103.00704,5.5415652e-05
5,5,103.50708,8.7633246e-05
5,5,104.00711,3.914778e-05
5,5,104.50714,6.4647042e-05
5,5,105.00718,8.0265707e-06
5,5,105.50721,6.6958698e-05
5,5,106.00725,2.977009e-05
5,5,106.50728,3.5502669e-05
5,5,107.00731,2.6171847e-05
5,5,107.50735,3.1691601e-05
5,5,108.00738,3.5441524e-05
5,5,108.50742,6.9841701e-06
5,5,109.00745,3.3569583e-05
5,5,109.50749,1.7500281e-05
5,5,110.00752,2.4103012e-05
5,5,110.50755,6.806008e-06
5,5,111.00759,3.2994502e-05
5,5,111.50762,3.8637697e-05
5,5,112.00766,2.7342878e-05
5,5,112.50769,2.156732e-05
5,5,113.00773,1.3749236e-05
5,5,113.50776,3.821671e-05
5,5,114.00779,4.1076731e-05
5,5,114.50783,3.548465e-05
5,5,115.00786,3.4119539e-05
5,5,115.5079,2.4363737e-05
5,5,116.00793,4.7983769e-05
5,5,116.50796,5.0455701e-05
5,5,117.008,5.9106601e-05
5,5,117.50803,3.4407735e-05
5,5,118.00807,4.1217726e-05
5,5,118.5081,9.0466141e-05
5,5,119.00814,4.3848475e-05
5,5,119.50817,9.140536e-05
5,5,120.0082,8.3386807e-05
5,5,120.50824,1.711081e-05
5,5,121.00827,5.5432077e-05
5,5,121.50831,4.9322496e-05
5,5,122.00834,1.9272647e-05
5,5,122.50837,1.8951556e-05
5,5,123.00841,2.7748636e-05
5,5,123.50844,2.9975497e-05
5,5,124.00848,2.1214203e-05
5,5,124.50851,1.7789493e-05
5,5,125.00855,1.8374172e-05
5,5,125.50858,1.5762107e-05
5,5,126.00861,2.6894975e-05
5,5,126.50865,4.0352116e-05
5,5,127.00868,4.4560797e-05
5,5,127.50872,3.5848657e-05
5,5,128.00875,2.6523394e-05
5,5,128.50878,6.0360335e-05
5,5,129.00882,6.3909248e-05
5,5,129.50885,5.1148579e-05
5,5,130.00889,3.6479068e-05
5,5,130.50892,7.2124524e-05
5,5,131.00896,8.2573587e-05
5,5,131.50899,5.1261218e-05
5,5,132.00902,4.9841411e-05
5,5,132.50906,5.3258205e-05
5,5,133.00909,3.6304711e-05
5,5,133.50913,5.3703421e-05
5,5,134.00916,4.5847086e-05
5,5,134.50919,4.676496e-05
5,5,135.00923,4.3044875e-05
5,5,135.50926,3.5364419e-05
5,5,136.0093,3.2253215e-05
5,5,136.50933,2.7696083e-05
5,5,137.00937,2.9087491e-05
5,5,137.5094,1.7172782e-05
5,5,138.00943,3.2026321e-05
5,5,138.50947,6.4252507e-05
5,5,139.0095,6.2637486e-05
5,5,139.50954,4.6001708e-05
5,5,140.00957,2.8056998e-05
5,5,140.50961,6.4031172e-05
5,5,141.00964,9.3427205e-05
5,5,141.50967,7.7829302e-05
5,5,142.00971,5.192809e-05
5,5,142.50974,7.1452455e-05
5,5,143.00978,0.00012112391
5,5,143.50981,0.00010310955
5,5,144.00984,6.3896137e-05
5,5,144.50988,7.5047865e-05
5,5,145.00991,0.00014674306
5,5,145.50995,0.00011005886
5,5,146.00998,9.7251981e-05
5,5,146.51002,8.7032973e-05
5,5,147.01005,0.00011380374
5,5,147.51008,9.9878924e-05
5,5,148.01012,9.2193821e-05
5,5,148.51015,0.00010609461
5,5,149.01019,0.00010377713
5,5,149.51022,0.00010376487
5,5,150.01025,8.8528454e-05
5,5,150.51029,0.00013816355
5,5,151.01032,0.0001465037
5,5,151.51036,0.00013733606
5,5,152.01039,0.00011530632
5,5,152.51043,0.00017518966
5,5,153.01046,0.00024579993
5,5,153.51049,0.00023321752
5,5,154.01053,0.00016551413
5,5,154.51056,0.00025701593
5,5,155.0106,0.0003299676
5,5,155.51063,0.00031174674
5,5,156.01066,0.00022524659
5,5,156.5107,0.00027979329
5,5,157.01073,0.0002335121
5,5,157.51077,0.00027557596
5,5,158.0108,0.0001245016
5,5,158.51084,0.0001564269
5,5,159.01087,0.00014944589
5,5,159.5109,0.00017618289
5,5,160.01094,0.00010693394
5,5,160.51097,0.00012727717
5,5,161.01101,7.0669173e-05
5,5,161.51104,0.00010633595
5,5,162.01107,3.587039e-05
5,5,162.51111,6.6562207e-05
5,5,163.01114,2.2327716e-05
5,5,163.51118,5.1181741e-05
5,5,164.01121,3.9133818e-05
5,5,164.51125,5.9134166e-05
5,5,165.01128,6.7775532e-05
5,5,165.51131,1.5618252e-05
5,5,166.01135,3.5876981e-05
5,5,166.51138,6.4501388e-05
5,5,167.01142,9.664307e-05
5,5,167.51145,5.8650677e-05
5,5,168.01149,4.9651423e-05
5,5,168.51152,5.616913e-05
5,5,169.01155,8.9880914e-05
5,5,169.51159,7.0120621e-05
5,5,170.01162,5.9909227e-05
5,5,170.51166,6.3171964e-05
5,5,171.01169,8.57314e-05
5,5,171.51172,7.3014037e-05
5,5,172.01176,5.8513516e-05
5,5,172.51179,4.6472025e-05
5,5,173.01183,5.7565896e-05
5,5,173.51186,3.5782841e-05
5,5,174.0119,4.7045724e-05
5,5,174.51193,3.2333311e-05
5,5,175.01196,4.5033524e-05
5,5,175.512,1.6860165e-05
5,5,176.01203,2.8904333e-05
5,5,176.51207,3.4321115e-05
5,5,177.0121,4.2681647e-05
5,5,177.51213,1.3875465e-05
5,5,178.01217,2.6818866e-05
5,5,178.5122,4.1688083e-05
5,5,179.01224,4.5024074e-05
5,5,179.51227,2.5181843e-05
5,5,180.01231,1.4235001e-05
5,5,180.51234,2.7001514e-05
5,5,181.01237,3.4564436e-05
5,5,181.51241,2.5710895e-05
5,5,182.01244,2.0709712e-05
5,5,182.51248,2.7155316e-05
5,5,183.01251,3.5530584e-05
5,5,183.51254,2.7922815e-05
5,5,184.01258,2.2251043e-05
5,5,184.51261,3.2363148e-05
5,5,185.01265,1.706746e-05
5,5,185.51268,2.8668342e-05
5,5,186.01272,1.5958484e-05
5,5,186.51275,3.8303941e-05
5,5,187.01278,8.1721703e-06
5,5,187.51282,9.8426249e-06
5,5,188.01285,2.0243001e-05
5,5,188.51289,3.6957927e-05
5,5,189.01292,1.8088911e-05
5,5,189.51295,6.0019888e-06
5,5,190.01299,1.5627029e-05
5,5,190.51302,2.9074113e-05
5,5,191.01306,2.7275092e-05
5,5,191.51309,1.4226287e-05
5,5,192.01313,1.3239383e-05
5,5,192.51316,2.3210059e-05
5,5,193.01319,3.1618319e-05
5,5,193.51323,2.222088e-05
5,5,194.01326,1.4759573e-05
5,5,194.5133,2.5719284e-05
5,5,195.01333,2.8961694e-05
5,5,195.51337,9.4982496e-06
5,5,196.0134,1.0809726e-05
5,5,196.51343,2.4876543e-05
5,5,197.01347,2.4706519e-05
5,5,197.5135,1.433665e-05
5,5,198.01354,3.6039919e-06
5,5,198.51357,2.8214835e-05
5,5,199.0136,3.258356e-05
5,5,199.51364,4.5083539e-05
6,6,0,1.9639574e-05
6,6,0.50003418,9.7684217e-06
6,6,1.0000684,5.2500111e-07
6,6,1.5001025,8.6048669e-06
6,6,2.0001367,1.9271524e-05
6,6,2.5001709,1.4090346e-05
6,6,3.0002051,6.9749233e-06
6,6,3.5002393,1.4273609e-05
6,6,4.0002735,2.6359337e-05
6,6,4.5003076,1.345529e-05
6,6,5.0003418,7.1014506e-06
6,6,5.500376,1.0614425e-05
6,6,6.0004102,7.9189227e-06
6,6,6.5004444,1.0338378e-05
6,6,7.0004785,3.2908637e-06
6,6,7.5005127,8.1949517e-06
6,6,8.0005469,3.2504523e-05
6,6,8.5005811,3.677509e-05
6,6,9.0006153,1.4581693e-05
6,6,9.5006495,2.2374643e-05
6,6,10.000684,6.3179188e-05
6,6,10.500718,6.1670654e-05
6,6,11.000752,1.3130758e-05
6,6,11.500786,2.2800815e-05
6,6,12.00082,7.5880577e-05
6,6,12.500855,7.1717463e-05
6,6,13.000889,2.6568662e-06
6,6,13.500923,4.8391827e-05
6,6,14.000957,8.5228248e-05
6,6,14.500991,9.496741e-05
6,6,15.001025,3.6793844e-05
6,6,15.50106,9.85732e-06
6,6,16.001094,7.0454368e-05
6,6,16.501128,8.425057e-05
6,6,17.001162,4.7630121e-05
6,6,17.501196,5.2077929e-05
6,6,18.001231,6.6828594e-05
6,6,18.501265,9.9545375e-05
6,6,19.001299,5.4419685e-05
6,6,19.501333,4.1070364e-05
6,6,20.001367,0.00011800422
6,6,20.501401,0.00014860499
6,6,21.001436,7.6118301e-05
6,6,21.50147,4.699783e-05
6,6,22.001504,0.00014276093
6,6,22.501538,0.00020003404
6,6,23.001572,8.3671207e-05
6,6,23.501607,4.0485403e-05
6,6,24.001641,0.00011240077
6,6,24.501675,0.00017520424
6,6,25.001709,9.1601424e-05
6,6,25.501743,6.9935361e-05
6,6,26.001777,0.00018305714
6,6,26.501812,0.00029878179
6,6,27.001846,0.00020142072
6,6,27.50188,8.8161823e-05
6,6,28.001914,0.00019229795
6,6,28.501948,0.00039610036
6,6,29.001983,0.0003386885
6,6,29.502017,0.00012783501
6,6,30.002051,0.00016619005
6,6,30.502085,0.00037340833
6,6,31.002119,0.00038789771
6,6,31.502153,0.00019698738
6,6,32.002188,0.00025277751
6,6,32.502222,0.00050119557
6,6,33.002256,0.0006064572
6,6,33.50229,0.00023865817
6,6,34.002324,0.00026873158
6,6,34.502359,0.00032134195
6,6,35.002393,0.00032571244
6,6,35.502427,0.00012387812
6,6,36.002461,0.00021167915
6,6,36.502495,0.00018365136
6,6,37.002529,0.00017046522
6,6,37.502564,6.7588648e-05
6,6,38.002598,0.00014244896
6,6,38.502632,0.00011572862
6,6,39.002666,9.5837635e-05
6,6,39.5027,4.9467355e-05
6,6,40.002735,9.878234e-05
6,6,40.502769,6.1946504e-05
6,6,41.002803,4.0591511e-05
6,6,41.502837,4.0146986e-05
6,6,42.002871,0.00014579765
6,6,42.502905,0.0001872591
6,6,43.00294,0.00013007879
6,6,43.502974,0.00018065033
6,6,44.003008,0.00030768251
6,6,44.503042,0.00038916854
6,6,45.003076,0.00034438229
6,6,45.503111,0.00025602771
6,6,46.003145,0.00026382673
6,6,46.503179,0.0003151565
6,6,47.003213,0.00029311015
6,6,47.503247,0.00021651423
6,6,48.003281,0.00018759796
6,6,48.503316,0.00025008395
6,6,49.00335,0.00024498532
6,6,49.503384,0.00017434878
6,6,50.003418,0.00012859283
6,6,50.503452,0.00016170661
6,6,51.003487,0.00016238158
6,6,51.503521,0.00012671357
6,6,52.003555,9.2110739e-05
6,6,52.503589,0.00012398934
6,6,53.003623,0.00012645694
6,6,53.503657,7.8271979e-05
6,6,54.003692,4.7734857e-05
6,6,54.503726,8.0286951e-05
6,6,55.00376,7.5147091e-05
6,6,55.503794,3.4202757e-05
6,6,56.003828,3.558381e-05
6,6,56.503863,6.004349e-05
6,6,57.003897,5.3634807e-05
6,6,57.503931,2.8120409e-05
6,6,58.003965,6.8787895e-05
6,6,58.503999,3.8636894e-05
6,6,59.004033,1.0497508e-05
6,6,59.504068,0.000144375
6,6,60.004102,0.00015779331
6,6,60.504136,6.9766775e-05
6,6,61.00417,6.4658714e-05
6,6,61.504204,6.4542536e-05
6,6,62.004239,5.3219304e-05
6,6,62.504273,6.3341951e-05
6,6,63.004307,8.520767e-05
6,6,63.504341,8.6871017e-05
6,6,64.004375,5.3920548e-05
6,6,64.504409,5.1886672e-05
6,6,65.004444,8.4436238e-05
6,6,65.504478,8.5526982e-05
6,6,66.004512,5.0059841e-05
6,6,66.504546,3.6413317e-05
6,6,67.00458,7.0176895e-05
6,6,67.504615,8.3774152e-05
6,6,68.004649,5.5484017e-05
6,6,68.504683,2.0220621e-05
6,6,69.004717,2.3303322e-05
6,6,69.504751,5.7537073e-05
6,6,70.004785,5.1511813e-05
6,6,70.50482,2.6094816e-05
6,6,71.004854,2.9217059e-05
6,6,71.504888,6.8205335e-05
6,6,72.004922,6.9952244e-05
6,6,72.504956,5.3898628e-05
6,6,73.004991,3.7237472e-05
6,6,73.505025,6.2410033e-05
6,6,74.005059,7.0573774e-05
6,6,74.505093,7.7378441e-05
6,6,75.005127,8.4299171e-05
6,6,75.505161,8.0888056e-05
6,6,76.005196,7.0745216e-05
6,6,76.50523,7.2280964e-05
6,6,77.005264,9.6632372e-05
6,6,77.505298,9.1712e-05
6,6,78.005332,4.3556742e-05
6,6,78.505367,3.0120462e-05
6,6,79.005401,6.5915916e-05
6,6,79.505435,6.4428664e-05
6,6,80.005469,2.2750198e-05
6,6,80.505503,2.990532e-05
6,6,81.005537,3.7844338e-05
6,6,81.505572,2.5383533e-05
6,6,82.005606,2.9494182e-05
6,6,82.50564,3.6872298e-05
6,6,83.005674,2.1992841e-05
6,6,83.505708,1.5252989e-05
6,6,84.005743,6.4385907e-05
6,6,84.505777,6.3309723e-05
6,6,85.005811,3.1395536e-05
6,6,85.505845,3.0273611e-05
6,6,86.005879,5.992717e-05
6,6,86.505913,6.5128738e-05
6,6,87.005948,4.2413167e-05
6,6,87.505982,2.8703682e-05
6,6,88.006016,3.1688472e-05
6,6,88.50605,3.2124959e-05
6,6,89.006084,2.683489e-05
6,6,89.506119,2.9136487e-05
6,6,90.006153,4.3334875e-05
6,6,90.506187,3.701642e-05
6,6,91.006221,2.3653599e-05
6,6,91.506255,4.7241122e-05
6,6,92.006289,8.2616683e-05
6,6,92.506324,6.7792118e-05
6,6,93.006358,4.6151257e-05
6,6,93.506392,6.2860929e-05
6,6,94.006426,7.0867991e-05
6,6,94.50646,4.6948873e-05
6,6,95.006495,1.8474108e-05
6,6,95.506529,2.4168632e-05
6,6,96.006563,4.181768e-05
6,6,96.506597,7.5324671e-05
6,6,97.006631,5.8998393e-05
6,6,97.506665,1.815575e-05
6,6,98.0067,2.9496771e-05
6,6,98.506734,8.4181495e-05
6,6,99.006768,0.00012533974
6,6,99.506802,0.00010260351
6,6,100.00684,8.7701253e-05
6,6,100.50687,9.9371273e-05
6,6,101.0069,9.9706765e-05
6,6,101.50694,9.8058252e-05
6,6,102.00697,9.5325144e-05
6,6,102.50701,7.5294226e-05
6,6,103.00704,9.1811978e-05
6,6,103.50708,0.00014418088
6,6,104.00711,0.00013372726
6,6,104.50714,8.654421e-05
6,6,105.00718,4.6988129e-05
6,6,105.50721,7.9304141e-05
6,6,106.00725,8.3098656e-05
6,6,106.50728,4.6561249e-05
6,6,107.00731,1.851858e-05
6,6,107.50735,5.1793432e-05
6,6,108.00738,5.5682694e-05
6,6,108.50742,4.2522316e-05
6,6,109.00745,5.3855005e-05
6,6,109.50749,3.4357667e-05
6,6,110.00752,2.5048311e-05
6,6,110.50755,5.9994181e-05
6,6,111.00759,8.7248636e-05
6,6,111.50762,7.6783763e-05
6,6,112.00766,4.051222e-05
6,6,112.50769,6.5871184e-05
6,6,113.00773,0.00010975237
6,6,113.50776,0.00011723243
6,6,114.00779,7.8918404e-05
6,6,114.50783,6.540264e-05
6,6,115.00786,9.3447006e-05
6,6,115.5079,0.00010880386
6,6,116.00793,8.4967622e-05
6,6,116.50796,5.8430741e-05
6,6,117.008,5.7897547e-05
6,6,117.50803,7.5290281e-05
6,6,118.00807,7.9272345e-05
6,6,118.5081,5.7045449e-05
6,6,119.00814,6.771454e-05
6,6,119.50817,8.1171271e-05
6,6,120.0082,0.00010277195
6,6,120.50824,7.2785889e-05
6,6,121.00827,4.6042749e-05
6,6,121.50831,2.6826993e-05
6,6,122.00834,1.5067746e-05
6,6,122.50837,4.0977285e-05
6,6,123.00841,6.6342726e-05
6,6,123.50844,8.1223022e-05
6,6,124.00848,6.5955903e-05
6,6,124.50851,4.1558395e-05
6,6,125.00855,7.013437e-05
6,6,125.50858,6.6419134e-05
6,6,126.00861,4.5090051e-05
6,6,126.50865,2.3783648e-05
6,6,127.00868,3.9811589e-05
6,6,127.50872,3.7943009e-05
6,6,128.00875,1.7362835e-05
6,6,128.50878,1.5649992e-05
6,6,129.00882,1.865301e-05
6,6,129.50885,1.213733e-05
6,6,130.00889,1.5383732e-05
6,6,130.50892,2.0233401e-05
6,6,131.00896,2.3075031e-05
6,6,131.50899,2.8140429e-06
6,6,132.00902,9.4041718e-06
6,6,132.50906,3.8856299e-05
6,6,133.00909,2.1216459e-05
6,6,133.50913,7.1418054e-05
6,6,134.00916,2.8749443e-05
6,6,134.50919,5.6159187e-05
6,6,135.00923,5.1674523e-05
6,6,135.50926,6.3888324e-05
6,6,136.0093,5.6076403e-05
6,6,136.50933,2.4997323e-05
6,6,137.00937,5.8682916e-05
6,6,137.5094,7.7083732e-05
6,6,138.00943,6.1415572e-05
6,6,138.50947,3.8354593e-05
6,6,139.0095,6.3459373e-05
6,6,139.50954,7.193974e-05
6,6,140.00957,4.9996372e-05
6,6,140.50961,9.7286792e-06
6,6,141.00964,6.2263914e-06
6,6,141.50967,2.1890479e-05
6,6,142.00971,3.2145781e-05
6,6,142.50974,2.2208484e-05
6,6,143.00978,1.4644558e-05
6,6,143.50981,1.1287534e-05
6,6,144.00984,4.7295901e-06
6,6,144.50988,2.2942521e-05
6,6,145.00991,3.4263987e-05
6,6,145.50995,3.3473882e-05
6,6,146.00998,3.1779596e-05
6,6,146.51002,9.4055045e-06
6,6,147.01005,4.316915e-05
6,6,147.51008,4.6653537e-05
6,6,148.01012,4.7337876e-05
6,6,148.51015,2.2336272e-06
6,6,149.01019,5.5272639e-05
6,6,149.51022,6.6578976e-05
6,6,150.01025,6.3140053e-05
6,6,150.51029,1.1672566e-05
6,6,151.01032,5.8065968e-05
6,6,151.51036,6.7177753e-05
6,6,152.01039,6.4400904e-05
6,6,152.51043,2.4119128e-05
6,6,153.01046,3.0163315e-05
6,6,153.51049,4.3441348e-05
6,6,154.01053,5.7288581e-05
6,6,154.51056,2.3838021e-05
6,6,155.0106,2.4396592e-05
6,6,155.51063,3.1941652e-05
6,6,156.01066,4.0016555e-05
6,6,156.5107,2.6758881e-05
6,6,157.01073,3.1328132e-05
6,6,157.51077,2.7551456e-05
6,6,158.0108,2.8743427e-05
6,6,158.51084,1.1660065e-05
6,6,159.01087,4.5288273e-05
6,6,159.5109,5.3591764e-05
6,6,160.01094,2.6358231e-05
6,6,160.51097,1.4363527e-05
6,6,161.01101,5.1595405e-05
6,6,161.51104,8.500479e-05
6,6,162.01107,5.1356006e-05
6,6,162.51111,2.5355237e-05
6,6,163.01114,5.3412661e-05
6,6,163.51118,9.9292405e-05
6,6,164.01121,6.9090794e-05
6,6,164.51125,3.5743988e-05
6,6,165.01128,3.9221807e-05
6,6,165.51131,8.982614e-05
6,6,166.01135,7.0802035e-05
6,6,166.51138,3.8562228e-05
6,6,167.01142,1.7657112e-05
6,6,167.51145,6.5493396e-05
6,6,168.01149,5.4034231e-05
6,6,168.51152,3.4884314e-05
6,6,169.01155,7.1259861e-06
6,6,169.51159,3.4674596e-05
6,6,170.01162,2.9850196e-05
6,6,170.51166,6.6844626e-06
6,6,171.01169,4.1046372e-05
6,6,171.51172,7.5880559e-05
6,6,172.01176,6.5851468e-05
6,6,172.51179,3.5346399e-05
6,6,173.01183,7.2829458e-05
6,6,173.51186,0.00013794395
6,6,174.0119,0.00013796984
6,6,174.51193,0.00010017981
6,6,175.01196,7.738841e-05
6,6,175.512,0.00013959542
6,6,176.01203,0.00015163417
6,6,176.51207,0.00011134035
6,6,177.0121,5.388332e-05
6,6,177.51213,0.00011775595
6,6,178.01217,0.00013982359
6,6,178.5122,0.00010697588
6,6,179.01224,4.0329842e-05
6,6,179.51227,5.9511319e-05
6,6,180.01231,8.8415824e-05
6,6,180.51234,7.2256671e-05
6,6,181.01237,2.9298922e-05
6,6,181.51241,3.7101617e-05
6,6,182.01244,4.6934236e-05
6,6,182.51248,4.0210202e-05
6,6,183.01251,2.5872153e-05
6,6,183.51254,5.6241408e-05
6,6,184.01258,4.7303169e-05
6,6,184.51261,8.9505369e-06
6,6,185.01265,1.9596005e-05
6,6,185.51268,6.2447435e-05
6,6,186.01272,7.5865706e-05
6,6,186.51275,3.9377762e-05
6,6,187.01278,2.553383e-05
6,6,187.51282,9.1511553e-05
6,6,188.01285,0.00012939863
6,6,188.51289,8.811911e-05
6,6,189.01292,2.6023735e-05
6,6,189.51295,8.8268878e-05
6,6,190.01299,0.00014980331
6,6,190.51302,0.0001047614
6,6,191.01306,2.4376395e-05
6,6,191.51309,6.6836192e-05
6,6,192.01313,0.00012853788
6,6,192.51316,9.266595e-05
6,6,193.01319,2.7878314e-05
6,6,193.51323,5.2514422e-05
6,6,194.01326,9.5007336e-05
6,6,194.5133,5.5869005e-05
6,6,195.01333,3.3661554e-05
6,6,195.51337,6.5360123e-05
6,6,196.0134,7.7789473e-05
6,6,196.51343,3.2126106e-05
6,6,197.01347,3.4797838e-05
6,6,197.5135,8.1686435e-05
6,6,198.01354,0.00010345214
6,6,198.51357,7.0637708e-05
6,6,199.0136,4.4493986e-05
6,6,199.51364,9.7352892e-05
7,7,0,3.9011909e-06
7,7,0.50003418,1.3941073e-06
7,7,1.0000684,2.1582612e-07
7,7,1.5001025,2.5101123e-06
7,7,2.0001367,3.4343263e-06
7,7,2.5001709,2.2454458e-07
7,7,3.0002051,1.8192531e-06
7,7,3.5002393,1.9583028e-06
7,7,4.0002735,9.4793513e-07
7,7,4.5003076,2.706576e-06
7,7,5.0003418,1.2037548e-06
7,7,5.500376,7.9869115e-07
7,7,6.0004102,4.2681944e-06
7,7,6.5004444,5.4589117e-06
7,7,7.0004785,3.3282605e-06
7,7,7.5005127,1.2566288e-05
7,7,8.0005469,2.5502771e-05
7,7,8.5005811,1.1899714e-05
7,7,9.0006153,1.5937246e-06
7,7,9.5006495,6.1119452e-06
7,7,10.000684,2.021984e-05
7,7,10.500718,1.7527181e-05
7,7,11.000752,3.119243e-06
7,7,11.500786,7.541219e-06
7,7,12.00082,1.7951031e-05
7,7,12.500855,1.4348238e-05
7,7,13.000889,1.3930656e-05
7,7,13.500923,7.3994209e-06
7,7,14.000957,2.4606882e-05
7,7,14.500991,3.1438348e-05
7,7,15.001025,1.790824e-05
7,7,15.50106,1.3659303e-05
7,7,16.001094,3.1376923e-05
7,7,16.501128,3.4480994e-05
7,7,17.001162,2.3912766e-05
7,7,17.501196,2.0367302e-05
7,7,18.001231,2.8673641e-05
7,7,18.501265,1.8846852e-05
7,7,19.001299,1.9236558e-05
7,7,19.501333,3.0272513e-05
7,7,20.001367,1.2684038e-05
7,7,20.501401,2.0223238e-05
7,7,21.001436,2.3716594e-05
7,7,21.50147,1.480487e-05
7,7,22.001504,5.1104839e-06
7,7,22.501538,7.5491415e-06
7,7,23.001572,1.8135112e-05
7,7,23.501607,1.7549737e-05
7,7,24.001641,3.0566296e-05
7,7,24.501675,3.7219444e-05
7,7,25.001709,1.0212938e-05
7,7,25.501743,4.9705279e-06
7,7,26.001777,2.5942766e-05
7,7,26.501812,3.0657381e-05
7,7,27.001846,1.2584711e-05
7,7,27.50188,1.4782973e-05
7,7,28.001914,2.5973441e-05
7,7,28.501948,5.3999565e-05
7,7,29.001983,6.6971836e-05
7,7,29.502017,3.8842971e-05
7,7,30.002051,6.663526e-06
7,7,30.502085,3.1732398e-05
7,7,31.002119,1.9989158e-05
7,7,31.502153,2.0009525e-05
7,7,32.002188,3.6985006e-05
7,7,32.502222,6.4162485e-05
7,7,33.002256,3.9375724e-05
7,7,33.50229,2.2483099e-05
7,7,34.002324,1.8343185e-05
7,7,34.502359,2.3696012e-05
7,7,35.002393,2.4535558e-05
7,7,35.502427,3.6509995e-05
7,7,36.002461,4.820254e-05
7,7,36.502495,4.2759797e-05
7,7,37.002529,2.0820019e-05
7,7,37.502564,2.5666203e-05
7,7,38.002598,2.4087607e-05
7,7,38.502632,3.2287364e-05
7,7,39.002666,2.3112574e-05
7,7,39.5027,5.9325113e-05
7,7,40.002735,5.098603e-05
7,7,40.502769,3.0534729e-05
7,7,41.002803,1.1043438e-05
7,7,41.502837,3.2520228e-05
7,7,42.002871,5.6812492e-05
7,7,42.502905,5.6765968e-05
7,7,43.00294,5.2731238e-06
7,7,43.502974,3.1843695e-05
7,7,44.003008,1.7199697e-05
7,7,44.503042,1.4828868e-05
7,7,45.003076,1.0082607e-05
7,7,45.503111,9.2122852e-06
7,7,46.003145,2.3732821e-05
7,7,46.503179,2.834804e-05
7,7,47.003213,2.2953839e-05
7,7,47.503247,5.4144555e-06
7,7,48.003281,2.0158799e-05
7,7,48.503316,3.6290612e-05
7,7,49.00335,2.2438628e-05
7,7,49.503384,3.3704014e-06
7,7,50.003418,1.6206565e-05
7,7,50.503452,2.1289917e-05
7,7,51.003487,1.8468423e-05
7,7,51.503521,9.6159813e-06
7,7,52.003555,1.4842642e-05
7,7,52.503589,2.2218203e-05
7,7,53.003623,2.4823255e-05
7,7,53.503657,1.1424423e-05
7,7,54.003692,6.2905304e-06
7,7,54.503726,1.2029288e-05
7,7,55.00376,1.8671047e-05
7,7,55.503794,1.8691385e-05
7,7,56.003828,6.0791085e-06
7,7,56.503863,1.0615528e-05
7,7,57.003897,1.4729585e-05
7,7,57.503931,1.5458749e-05
7,7,58.003965,2.6223724e-05
7,7,58.503999,9.4221652e-05
7,7,59.004033,0.00017593873
7,7,59.504068,7.008677e-05
7,7,60.004102,2.050692e-05
7,7,60.504136,2.3157653e-05
7,7,61.00417,1.1695044e-05
7,7,61.504204,1.3438662e-05
7,7,62.004239,6.1227664e-06
7,7,62.504273,2.7196153e-05
7,7,63.004307,2.2209629e-05
7,7,63.504341,9.9970557e-06
7,7,64.004375,1.3301552e-05
7,7,64.504409,1.8204738e-05
7,7,65.004444,2.0176369e-05
7,7,65.504478,2.0573662e-05
7,7,66.004512,2.075912e-05
7,7,66.504546,2.551911e-05
7,7,67.00458,2.5625956e-05
7,7,67.504615,1.8089496e-05
7,7,68.004649,2.3333668e-05
7,7,68.504683,2.718648e-05
7,7,69.004717,3.0001757e-05
7,7,69.504751,3.2052588e-05
7,7,70.004785,2.1761889e-05
7,7,70.50482,1.9531657e-05
7,7,71.004854,4.2336589e-05
7,7,71.504888,5.4971807e-05
7,7,72.004922,4.1951295e-05
7,7,72.504956,2.6852644e-05
7,7,73.004991,4.5042793e-05
7,7,73.505025,5.9007066e-05
7,7,74.005059,3.3217375e-05
7,7,74.505093,4.0785568e-05
7,7,75.005127,7.1110858e-05
7,7,75.505161,6.536442e-05
7,7,76.005196,4.1166446e-05
7,7,76.50523,4.1796503e-05
7,7,77.005264,4.7032128e-05
7,7,77.505298,2.1187437e-05
7,7,78.005332,1.1676667e-05
7,7,78.505367,2.2521668e-05
7,7,79.005401,2.0652765e-05
7,7,79.505435,5.3064219e-06
7,7,80.005469,9.8240887e-06
7,7,80.505503,8.2590063e-06
7,7,81.005537,1.52984e-05
7,7,81.505572,2.6259362e-05
7,7,82.005606,3.857803e-05
7,7,82.50564,3.1904265e-05
7,7,83.005674,1.8551219e-05
7,7,83.505708,1.536162e-05
7,7,84.005743,1.0791814e-05
7,7,84.505777,2.082137e-06
7,7,85.005811,4.0028708e-06
7,7,85.505845,3.6058638e-06
7,7,86.005879,5.5533751e-06
7,7,86.505913,7.4654609e-06
7,7,87.005948,1.1912264e-05
7,7,87.505982,1.2286742e-05
7,7,88.006016,1.2206732e-05
7,7,88.50605,3.2466128e-06
7,7,89.006084,2.2039417e-05
7,7,89.506119,2.2819255e-05
7,7,90.006153,1.9585089e-05
7,7,90.506187,1.0997409e-05
7,7,91.006221,5.3120427e-06
7,7,91.506255,9.2386116e-06
7,7,92.006289,4.7144414e-06
7,7,92.506324,3.1458285e-06
7,7,93.006358,8.0932541e-06
7,7,93.506392,1.6170921e-06
7,7,94.006426,1.7603468e-05
7,7,94.50646,2.1661827e-05
7,7,95.006495,5.5830092e-06
7,7,95.506529,5.2806742e-06
7,7,96.006563,1.7578534e-05
7,7,96.506597,1.5278182e-05
7,7,97.006631,8.6419276e-06
7,7,97.506665,1.6433037e-05
7,7,98.0067,1.9621662e-05
7,7,98.506734,1.671506e-05
7,7,99.006768,1.38664e-05
7,7,99.506802,1.047616e-05
7,7,100.00684,1.598949e-05
7,7,100.50687,5.8169549e-06
7,7,101.0069,8.7309278e-06
7,7,101.50694,2.3962541e-05
7,7,102.00697,1.5064359e-05
7,7,102.50701,4.0314142e-06
7,7,103.00704,1.2640133e-05
7,7,103.50708,2.3531615e-05
7,7,104.00711,1.4763201e-05
7,7,104.50714,1.5855469e-05
7,7,105.00718,7.5582334e-06
7,7,105.50721,1.4074721e-05
7,7,106.00725,3.8238819e-06
7,7,106.50728,1.1178268e-05
7,7,107.00731,8.0905735e-07
7,7,107.50735,7.1006462e-06
7,7,108.00738,5.1391694e-06
7,7,108.50742,9.0881536e-06
7,7,109.00745,5.4975683e-06
7,7,109.50749,2.1714839e-05
7,7,110.00752,2.1098775e-05
7,7,110.50755,1.1745936e-05
7,7,111.00759,1.1128214e-05
7,7,111.50762,7.5873951e-06
7,7,112.00766,6.5177198e-06
7,7,112.50769,1.6186818e-05
7,7,113.00773,3.0579467e-05
7,7,113.50776,1.8375413e-05
7,7,114.00779,1.6346413e-05
7,7,114.50783,2.7106791e-05
7,7,115.00786,2.3413568e-05
7,7,115.5079,3.7584106e-05
7,7,116.00793,2.6903954e-05
7,7,116.50796,1.6578224e-05
7,7,117.008,2.5250123e-06
7,7,117.50803,2.0882386e-05
7,7,118.00807,1.917418e-05
7,7,118.5081,2.5663276e-05
7,7,119.00814,1.2591306e-05
7,7,119.50817,2.7830843e-05
7,7,120.0082,3.8937317e-05
7,7,120.50824,1.3966773e-06
7,7,121.00827,2.8598267e-05
7,7,121.50831,1.7092567e-05
7,7,122.00834,1.1537701e-05
7,7,122.50837,1.8188361e-05
7,7,123.00841,1.8176715e-05
7,7,123.50844,3.5436898e-06
7,7,124.00848,1.948377e-05
7,7,124.50851,2.4257535e-05
7,7,125.00855,2.246561e-05
7,7,125.50858,1.3420192e-05
7,7,126.00861,2.186552e-05
7,7,126.50865,2.9264337e-05
7,7,127.00868,3.6778158e-05
7,7,127.50872,3.8122115e-05
7,7,128.00875,1.8289174e-05
7,7,128.50878,2.1755578e-05
7,7,129.00882,1.891961e-05
7,7,129.50885,7.2997111e-06
7,7,130.00889,8.6405768e-06
7,7,130.50892,1.4577543e-05
7,7,131.00896,1.2836171e-05
7,7,131.50899,6.5816403e-06
7,7,132.00902,1.2620961e-05
7,7,132.50906,3.4383882e-05
7,7,133.00909,5.8577792e-05
7,7,133.50913,3.251429e-05
7,7,134.00916,1.9342452e-05
7,7,134.50919,4.3081228e-06
7,7,135.00923,9.0560114e-06
7,7,135.50926,4.7235507e-06
7,7,136.0093,7.5453321e-06
7,7,136.50933,2.0657135e-05
7,7,137.00937,2.7853956e-05
7,7,137.5094,1.6470235e-05
7,7,138.00943,1.5235888e-05
7,7,138.50947,3.9584056e-05
7,7,139.0095,3.5965707e-05
7,7,139.50954,1.550519e-05
7,7,140.00957,1.4221647e-05
7,7,140.50961,1.4733433e-05
7,7,141.00964,2.1145367e-05
7,7,141.50967,8.9742271e-06
7,7,142.00971,1.2044106e-05
7,7,142.50974,8.1626796e-06
7,7,143.00978,1.5922452e-05
7,7,143.50981,2.2676585e-06
7,7,144.00984,2.1517295e-05
7,7,144.50988,2.0581048e-05
7,7,145.00991,7.3511967e-06
7,7,145.50995,5.4295806e-06
7,7,146.00998,7.754536e-06
7,7,146.51002,7.7551373e-06
7,7,147.01005,7.3891037e-06
7,7,147.51008,9.3508188e-07
7,7,148.01012,6.1455101e-06
7,7,148.51015,1.1818957e-05
7,7,149.01019,1.1078021e-05
7,7,149.51022,1.5290893e-05
7,7,150.01025,1.9121684e-05
7,7,150.51029,8.6850089e-06
7,7,151.01032,3.2023876e-06
7,7,151.51036,1.6067021e-05
7,7,152.01039,1.8751633e-05
7,7,152.51043,8.868657e-06
7,7,153.01046,7.6923289e-06
7,7,153.51049,8.667551e-06
7,7,154.01053,1.7245801e-05
7,7,154.51056,1.5658302e-05
7,7,155.0106,2.5098687e-05
7,7,155.51063,1.7906568e-05
7,7,156.01066,2.7355844e-05
7,7,156.5107,3.5620282e-05
7,7,157.01073,3.5337012e-05
7,7,157.51077,8.7173629e-06
7,7,158.0108,7.398192e-06
7,7,158.51084,1.2683463e-06
7,7,159.01087,1.7968641e-05
7,7,159.5109,5.9339317e-06
7,7,160.01094,2.0385969e-05
7,7,160.51097,2.8259239e-05
7,7,161.01101,1.7603979e-05
7,7,161.51104,1.7909366e-05
7,7,162.01107,2.7076772e-05
7,7,162.51111,1.7757604e-05
7,7,163.01114,1.4772126e-05
7,7,163.51118,9.6286334e-06
7,7,164.01121,3.0732318e-05
7,7,164.51125,3.9168536e-05
7,7,165.01128,4.5445254e-05
7,7,165.51131,4.9983184e-05
7,7,166.01135,7.023254e-05
7,7,166.51138,6.4249261e-05
7,7,167.01142,5.4906491e-05
7,7,167.51145,4.8314945e-05
7,7,168.01149,7.279197e-05
7,7,168.51152,7.6196852e-05
7,7,169.01155,5.7199368e-05
7,7,169.51159,3.7999665e-05
7,7,170.01162,6.6483676e-05
7,7,170.51166,8.3890573e-05
7,7,171.01169,5.7943593e-05
7,7,171.51172,3.5967301e-05
7,7,172.01176,5.5579272e-05
7,7,172.51179,6.4376614e-05
7,7,173.01183,4.3869725e-05
7,7,173.51186,3.3883351e-05
7,7,174.0119,3.696833e-05
7,7,174.51193,3.9679841e-05
7,7,175.01196,2.450961e-05
7,7,175.512,2.7100037e-05
7,7,176.01203,3.0220324e-05
7,7,176.51207,3.4023714e-05
7,7,177.0121,2.4792704e-05
7,7,177.51213,2.2724813e-05
7,7,178.01217,2.456209e-05
7,7,178.5122,2.6021312e-05
7,7,179.01224,1.8338299e-05
7,7,179.51227,1.9886757e-05
7,7,180.01231,2.513361e-05
7,7,180.51234,3.6513624e-05
7,7,181.01237,2.4495903e-05
7,7,181.51241,2.0815056e-05
7,7,182.01244,2.8290294e-05
7,7,182.51248,4.6779943e-05
7,7,183.01251,3.9814245e-05
7,7,183.51254,2.8163538e-05
7,7,184.01258,1.9665981e-05
7,7,184.51261,2.8848881e-05
7,7,185.01265,2.8196067e-05
7,7,185.51268,2.3392753e-05
7,7,186.01272,2.2226448e-05
7,7,186.51275,2.4232042e-05
7,7,187.01278,2.0076599e-05
7,7,187.51282,2.3828202e-05
7,7,188.01285,1.6914535e-05
7,7,188.51289,1.1811356e-05
7,7,189.01292,1.5940951e-05
7,7,189.51295,2.0569365e-05
7,7,190.01299,1.6440395e-05
7,7,190.51302,4.8488296e-06
7,7,191.01306,7.3554697e-06
7,7,191.51309,6.1072059e-06
7,7,192.01313,4.035683e-06
7,7,192.51316,1.8782291e-05
7,7,193.01319,1.3738891e-05
7,7,193.51323,8.5920199e-06
7,7,194.01326,8.2358954e-06
7,7,194.5133,1.6095523e-05
7,7,195.01333,1.0990544e-05
7,7,195.51337,6.3132329e-06
7,7,196.0134,7.7217428e-06
7,7,196.51343,1.7712477e-05
7,7,197.01347,2.3875254e-05
7,7,197.5135,1.9007958e-05
7,7,198.01354,1.5234156e-05
7,7,198.51357,2.1273291e-05
7,7,199.0136,2.1742329e-05
7,7,199.51364,1.7144543e-05
8,8,0,4.4570734e-06
8,8,0.50003418,6.470257e-06
8,8,1.0000684,7.4078488e-06
8,8,1.5001025,1.0847066e-05
8,8,2.0001367,1.3497695e-05
8,8,2.5001709,6.5828992e-06
8,8,3.0002051,3.2033717e-06
8,8,3.5002393,6.3700444e-06
8,8,4.0002735,9.2508293e-06
8,8,4.5003076,3.9472989e-06
8,8,5.0003418,3.2731913e-06
8,8,5.500376,4.5619057e-06
8,8,6.0004102,2.3083873e-06
8,8,6.5004444,2.6356019e-06
8,8,7.0004785,2.2124172e-06
8,8,7.5005127,3.1600003e-06
8,8,8.0005469,6.6764594e-06
8,8,8.5005811,7.0240678e-06
8,8,9.0006153,4.4383695e-06
8,8,9.5006495,4.1682451e-06
8,8,10.000684,7.1423981e-06
8,8,10.500718,7.4568122e-06
8,8,11.000752,4.9904377e-06
8,8,11.500786,3.3991329e-06
8,8,12.00082,4.848379e-06
8,8,12.500855,4.5267312e-06
8,8,13.000889,6.7790587e-06
8,8,13.500923,7.3351508e-06
8,8,14.000957,8.4155695e-06
8,8,14.500991,8.7879756e-06
8,8,15.001025,6.1628979e-06
8,8,15.50106,3.7860703e-06
8,8,16.001094,5.7977919e-06
8,8,16.501128,8.2627868e-06
8,8,17.001162,7.2058775e-06
8,8,17.501196,4.2635989e-06
8,8,18.001231,2.6308252e-06
8,8,18.501265,3.0414944e-06
8,8,19.001299,5.5982626e-06
8,8,19.501333,3.6964108e-06
8,8,20.001367,1.3377612e-06
8,8,20.501401,1.5535726e-06
8,8,21.001436,4.0585578e-07
8,8,21.50147,2.8038122e-06
8,8,22.001504,3.0450637e-06
8,8,22.501538,9.5782425e-07
8,8,23.001572,2.3325833e-06
8,8,23.501607,3.5678456e-06
8,8,24.001641,4.7385006e-06
8,8,24.501675,3.0908226e-06
8,8,25.001709,4.242607e-06
8,8,25.501743,3.4583831e-06
8,8,26.001777,4.4050086e-06
8,8,26.501812,4.2871408e-06
8,8,27.001846,3.488403e-06
8,8,27.50188,3.9761659e-06
8,8,28.001914,4.7576649e-06
8,8,28.501948,7.613074e-06
8,8,29.001983,1.2564856e-05
8,8,29.502017,2.9629061e-06
8,8,30.002051,5.891117e-06
8,8,30.502085,5.0361163e-06
8,8,31.002119,4.1002262e-06
8,8,31.502153,1.9626297e-06
8,8,32.002188,1.0853344e-05
8,8,32.502222,1.0254319e-05
8,8,33.002256,3.0294392e-06
8,8,33.50229,7.025262e-06
8,8,34.002324,8.5229186e-06
8,8,34.502359,1.0628818e-05
8,8,35.002393,9.8311054e-06
8,8,35.502427,3.5364013e-06
8,8,36.002461,9.9502993e-06
8,8,36.502495,7.3670418e-06
8,8,37.002529,4.1998211e-06
8,8,37.502564,6.4645853e-06
8,8,38.002598,5.1652045e-06
8,8,38.502632,7.3213975e-06
8,8,39.002666,1.7646134e-07
8,8,39.5027,4.3629386e-06
8,8,40.002735,3.7643263e-06
8,8,40.502769,1.7250814e-06
8,8,41.002803,4.4559205e-06
8,8,41.502837,1.0109094e-05
8,8,42.002871,4.8384312e-06
8,8,42.502905,3.7697867e-06
8,8,43.00294,4.9238766e-06
8,8,43.502974,2.4456627e-06
8,8,44.003008,1.7904378e-06
8,8,44.503042,3.0566701e-06
8,8,45.003076,1.9955233e-06
8,8,45.503111,2.624419e-06
8,8,46.003145,5.5835738e-06
8,8,46.503179,9.9290004e-06
8,8,47.003213,9.5530492e-06
8,8,47.503247,6.7254126e-06
8,8,48.003281,2.5885343e-06
8,8,48.503316,7.0141385e-06
8,8,49.00335,5.6994531e-06
8,8,49.503384,4.722106e-06
8,8,50.003418,4.8206966e-07
8,8,50.503452,7.2397601e-06
8,8,51.003487,3.9915109e-06
8,8,51.503521,4.4504718e-06
8,8,52.003555,4.0533129e-06
8,8,52.503589,5.2050722e-06
8,8,53.003623,1.0758421e-06
8,8,53.503657,1.2919715e-06
8,8,54.003692,2.0850114e-06
8,8,54.503726,1.5991291e-07
8,8,55.00376,4.6598281e-06
8,8,55.503794,2.7903276e-06
8,8,56.003828,3.4445418e-06
8,8,56.503863,6.8013845e-06
8,8,57.003897,5.2013887e-06
8,8,57.503931,6.3375568e-06
8,8,58.003965,7.5000084e-06
8,8,58.503999,2.0749091e-05
8,8,59.004033,3.9315449e-05
8,8,59.504068,3.0111345e-05
8,8,60.004102,1.2244751e-05
8,8,60.504136,1.8231452e-06
8,8,61.00417,1.4303457e-06
8,8,61.504204,2.8435938e-06
8,8,62.004239,3.1773169e-06
8,8,62.504273,3.7423281e-06
8,8,63.004307,1.1919714e-06
8,8,63.504341,2.9033419e-06
8,8,64.004375,1.2838493e-06
8,8,64.504409,4.0164537e-06
8,8,65.004444,3.0676745e-06
8,8,65.504478,1.202493e-06
8,8,66.004512,9.4699393e-07
8,8,66.504546,3.5967987e-06
8,8,67.00458,4.5917018e-06
8,8,67.504615,4.429706e-07
8,8,68.004649,4.2289403e-06
8,8,68.504683,3.4430748e-06
8,8,69.004717,2.3624903e-06
8,8,69.504751,3.4364439e-06
8,8,70.004785,1.3838019e-06
8,8,70.50482,2.0157229e-06
8,8,71.004854,2.4587874e-06
8,8,71.504888,5.6466941e-06
8,8,72.004922,8.7832758e-06
8,8,72.504956,7.3408812e-06
8,8,73.004991,4.9640709e-06
8,8,73.505025,2.1681352e-06
8,8,74.005059,2.7238372e-06
8,8,74.505093,6.0131554e-07
8,8,75.005127,1.6703323e-06
8,8,75.505161,3.0472157e-06
8,8,76.005196,5.0688625e-06
8,8,76.50523,9.7166488e-07
8,8,77.005264,4.4200412e-06
8,8,77.505298,3.1519857e-06
8,8,78.005332,2.0935323e-06
8,8,78.505367,4.1218873e-06
8,8,79.005401,5.6010818e-06
8,8,79.505435,3.2467485e-06
8,8,80.005469,2.59381e-06
8,8,80.505503,4.434288e-06
8,8,81.005537,2.4333984e-06
8,8,81.505572,3.2153967e-06
8,8,82.005606,1.6369226e-06
8,8,82.50564,4.3239438e-06
8,8,83.005674,3.5291304e-06
8,8,83.505708,3.3241486e-06
8,8,84.005743,7.1807726e-06
8,8,84.505777,9.3828174e-06
8,8,85.005811,5.3838582e-06
8,8,85.505845,2.2115654e-06
8,8,86.005879,5.0968403e-06
8,8,86.505913,6.9358948e-06
8,8,87.005948,6.011657e-06
8,8,87.505982,2.5985418e-06
8,8,88.006016,4.2576169e-07
8,8,88.50605,5.7945698e-06
8,8,89.006084,1.2292511e-05
8,8,89.506119,9.8531554e-06
8,8,90.006153,6.0595192e-06
8,8,90.506187,4.4580662e-06
8,8,91.006221,6.110937e-06
8,8,91.506255,9.1642079e-06
8,8,92.006289,7.7502562e-06
8,8,92.506324,8.763198e-06
8,8,93.006358,7.4716819e-06
8,8,93.506392,7.9579245e-06
8,8,94.006426,1.1174692e-05
8,8,94.50646,1.0989697e-05
8,8,95.006495,6.815508e-06
8,8,95.506529,2.4110559e-06
8,8,96.006563,5.0247527e-06
8,8,96.506597,8.1131633e-06
8,8,97.006631,2.2239035e-06
8,8,97.506665,5.7810792e-06
8,8,98.0067,5.3434131e-06
8,8,98.506734,7.2505715e-06
8,8,99.006768,3.4500513e-06
8,8,99.506802,3.304147e-06
8,8,100.00684,4.3874301e-06
8,8,100.50687,1.3080305e-06
8,8,101.0069,2.2699131e-06
8,8,101.50694,3.527278e-06
8,8,102.00697,1.0434726e-06
8,8,102.50701,4.1422712e-06
8,8,103.00704,1.0521125e-06
8,8,103.50708,5.4555934e-06
8,8,104.00711,3.9167335e-06
8,8,104.50714,1.5317072e-06
8,8,105.00718,2.3393287e-06
8,8,105.50721,9.2165785e-07
8,8,106.00725,5.5761777e-06
8,8,106.50728,7.291484e-06
8,8,107.00731,2.7852727e-06
8,8,107.50735,6.9245048e-06
8,8,108.00738,2.6379883e-06
8,8,108.50742,5.1650179e-06
8,8,109.00745,1.6248019e-06
8,8,109.50749,1.589666e-05
8,8,110.00752,1.4219865e-05
8,8,110.50755,5.1967198e-06
8,8,111.00759,6.8021976e-06
8,8,111.50762,4.8154796e-06
8,8,112.00766,4.8433445e-06
8,8,112.50769,6.8398506e-06
8,8,113.00773,4.5928806e-06
8,8,113.50776,3.8959501e-06
8,8,114.00779,4.8445349e-06
8,8,114.50783,1.9079423e-05
8,8,115.00786,1.6083311e-05
8,8,115.5079,4.8680033e-05
8,8,116.00793,5.9711553e-05
8,8,116.50796,3.4272155e-05
8,8,117.008,1.0993439e-05
8,8,117.50803,2.4889366e-06
8,8,118.00807,3.1076049e-06
8,8,118.5081,3.631838e-06
8,8,119.00814,9.7540717e-06
8,8,119.50817,2.7341506e-05
8,8,120.0082,6.6001088e-05
8,8,120.50824,3.7768738e-05
8,8,121.00827,1.0212674e-05
8,8,121.50831,2.1545838e-05
8,8,122.00834,1.5338933e-05
8,8,122.50837,8.3418932e-06
8,8,123.00841,5.4454874e-06
8,8,123.50844,6.0803609e-06
8,8,124.00848,8.4055747e-06
8,8,124.50851,1.0087613e-05
8,8,125.00855,1.127905e-05
8,8,125.50858,9.7891848e-06
8,8,126.00861,1.9130704e-06
8,8,126.50865,6.0618084e-06
8,8,127.00868,2.0665717e-05
8,8,127.50872,2.3689248e-05
8,8,128.00875,1.257026e-06
8,8,128.50878,5.2072265e-06
8,8,129.00882,6.7427085e-07
8,8,129.50885,5.7413282e-06
8,8,130.00889,3.2570623e-06
8,8,130.50892,6.234303e-06
8,8,131.00896,5.7899513e-06
8,8,131.50899,5.792921e-06
8,8,132.00902,1.9160852e-05
8,8,132.50906,0.00012653006
8,8,133.00909,0.00030418867
8,8,133.50913,0.00018803759
8,8,134.00916,4.449289e-05
8,8,134.50919,1.0025034e-05
8,8,135.00923,2.5252656e-06
8,8,135.50926,2.0464614e-06
8,8,136.0093,5.1589145e-06
8,8,136.50933,1.7606537e-06
8,8,137.00937,1.0512665e-05
8,8,137.5094,1.1121569e-05
8,8,138.00943,5.8112129e-06
8,8,138.50947,2.4547665e-05
8,8,139.0095,3.9090984e-05
8,8,139.50954,2.3974559e-05
8,8,140.00957,1.2471918e-05
8,8,140.50961,2.3474367e-06
8,8,141.00964,8.5395104e-06
8,8,141.50967,7.3295537e-06
8,8,142.00971,7.046052e-06
8,8,142.50974,2.1893778e-06
8,8,143.00978,4.321458e-06
8,8,143.50981,7.1633891e-06
8,8,144.00984,9.8885549e-06
8,8,144.50988,3.4110444e-05
8,8,145.00991,3.267176e-05
8,8,145.50995,1.0687275e-05
8,8,146.00998,3.8960101e-06
8,8,146.51002,3.5297867e-06
8,8,147.01005,3.0006654e-06
8,8,147.51008,2.4855485e-06
8,8,148.01012,2.4889205e-06
8,8,148.51015,2.8302489e-06
8,8,149.01019,5.8570398e-06
8,8,149.51022,6.7789321e-06
8,8,150.01025,8.3735927e-06
8,8,150.51029,3.3311134e-06
8,8,151.01032,5.8613906e-07
8,8,151.51036,5.4354952e-06
8,8,152.01039,7.1234852e-06
8,8,152.51043,1.7533842e-06
8,8,153.01046,4.4698531e-06
8,8,153.51049,4.7462785e-06
8,8,154.01053,8.9596802e-06
8,8,154.51056,4.7963981e-06
8,8,155.0106,5.9314207e-06
8,8,155.51063,6.4075314e-06
8,8,156.01066,1.0135792e-05
8,8,156.5107,8.8756718e-06
8,8,157.01073,4.1202511e-06
8,8,157.51077,2.6964997e-06
8,8,158.0108,3.3165557e-06
8,8,158.51084,1.9911086e-06
8,8,159.01087,4.7746941e-06
8,8,159.5109,7.3942122e-06
8,8,160.01094,9.4166173e-06
8,8,160.51097,9.811337e-06
8,8,161.01101,7.647257e-06
8,8,161.51104,1.0570759e-05
8,8,162.01107,1.2400789e-05
8,8,162.51111,7.8637153e-06
8,8,163.01114,2.361125e-06
8,8,163.51118,1.0136753e-05
8,8,164.01121,9.7694005e-06
8,8,164.51125,2.2093946e-06
8,8,165.01128,4.9811119e-06
8,8,165.51131,1.2492171e-05
8,8,166.01135,1.854969e-05
8,8,166.51138,1.3380845e-05
8,8,167.01142,4.8109983e-06
8,8,167.51145,9.7412791e-06
8,8,168.01149,1.9010115e-05
8,8,168.51152,1.6040139e-05
8,8,169.01155,3.1525947e-06
8,8,169.51159,8.4450953e-06
8,8,170.01162,1.5517459e-05
8,8,170.51166,1.3847844e-05
8,8,171.01169,3.3105064e-06
8,8,171.51172,6.1592279e-06
8,8,172.01176,1.0942663e-05
8,8,172.51179,1.1757348e-05
8,8,173.01183,6.4611145e-06
8,8,173.51186,6.3057186e-06
8,8,174.0119,1.1164292e-05
8,8,174.51193,1.1923389e-05
8,8,175.01196,1.2775123e-05
8,8,175.512,1.1441978e-05
8,8,176.01203,9.7936303e-06
8,8,176.51207,8.7323592e-06
8,8,177.0121,2.2057653e-06
8,8,177.51213,7.8923906e-06
8,8,178.01217,1.3685262e-05
8,8,178.5122,1.1943179e-05
8,8,179.01224,4.8213191e-06
8,8,179.51227,7.487647e-06
8,8,180.01231,1.3157934e-05
8,8,180.51234,1.4418883e-05
8,8,181.01237,1.3295862e-05
8,8,181.51241,1.201014e-05
8,8,182.01244,9.8840695e-06
8,8,182.51248,1.2828271e-05
8,8,183.01251,1.1148104e-05
8,8,183.51254,7.9764541e-06
8,8,184.01258,7.4259689e-06
8,8,184.51261,1.1696342e-05
8,8,185.01265,1.1698761e-05
8,8,185.51268,8.5105795e-06
8,8,186.01272,1.1415549e-05
8,8,186.51275,9.0284193e-06
8,8,187.01278,3.9370042e-06
8,8,187.51282,5.754332e-06
8,8,188.01285,7.4095241e-06
8,8,188.51289,8.6005869e-06
8,8,189.01292,6.0209287e-06
8,8,189.51295,6.3149486e-06
8,8,190.01299,7.4500097e-06
8,8,190.51302,6.126118e-06
8,8,191.01306,5.9005349e-06
8,8,191.51309,6.6127995e-06
8,8,192.01313,8.2850389e-06
8,8,192.51316,1.2420487e-05
8,8,193.01319,1.0914446e-05
8,8,193.51323,8.0996761e-06
8,8,194.01326,2.2227544e-06
8,8,194.5133,1.2906363e-05
8,8,195.01333,1.4623016e-05
8,8,195.51337,9.5346552e-06
8,8,196.0134,5.884745e-06
8,8,196.51343,1.3359644e-05
8,8,197.01347,1.8511392e-05
8,8,197.5135,1.2873793e-05
8,8,198.01354,4.9270017e-06
8,8,198.51357,6.5221164e-06
8,8,199.0136,1.3164151e-05
8,8,199.51364,1.0639036e-05
9,9,0,3.1794251e-06
9,9,0.50003418,3.1732494e-06
9,9,1.0000684,2.5024809e-06
9,9,1.5001025,1.8252162e-06
9,9,2.0001367,3.9908356e-06
9,9,2.5001709,2.4363144e-06
9,9,3.0002051,3.4871967e-07
9,9,3.5002393,1.4053162e-05
9,9,4.0002735,2.5672551e-05
9,9,4.5003076,1.0248696e-05
9,9,5.0003418,7.9123979e-06
9,9,5.500376,9.3289874e-06
9,9,6.0004102,5.3770686e-06
9,9,6.5004444,3.7083328e-06
9,9,7.0004785,3.0599948e-06
9,9,7.5005127,1.8441279e-06
9,9,8.0005469,3.0010646e-06
9,9,8.5005811,3.1334508e-06
9,9,9.0006153,8.1130828e-06
9,9,9.5006495,6.6610697e-06
9,9,10.000684,5.0179529e-06
9,9,10.500718,3.8613089e-06
9,9,11.000752,2.5896653e-06
9,9,11.500786,4.9847433e-06
9,9,12.00082,3.5061419e-06
9,9,12.500855,2.6650348e-06
9,9,13.000889,4.4432127e-06
9,9,13.500923,4.7052047e-06
9,9,14.000957,7.0246496e-06
9,9,14.500991,8.2031006e-06
9,9,15.001025,4.0499996e-06
9,9,15.50106,1.8756501e-06
9,9,16.001094,2.3200679e-06
9,9,16.501128,2.9200421e-06
9,9,17.001162,3.842176e-06
9,9,17.501196,4.4405332e-06
9,9,18.001231,1.5145161e-07
9,9,18.501265,5.5027822e-06
9,9,19.001299,7.3556777e-06
9,9,19.501333,4.1471873e-06
9,9,20.001367,2.8707367e-06
9,9,20.501401,2.6762664e-06
9,9,21.001436,1.5874702e-06
9,9,21.50147,8.3419614e-07
9,9,22.001504,2.1862573e-06
9,9,22.501538,8.6428109e-07
9,9,23.001572,2.8879222e-06
9,9,23.501607,5.1190867e-07
9,9,24.001641,6.2649452e-06
9,9,24.501675,6.3365429e-06
9,9,25.001709,7.910446e-06
9,9,25.501743,8.1711791e-06
9,9,26.001777,2.4981639e-06
9,9,26.501812,5.5644018e-06
9,9,27.001846,5.164233e-06
9,9,27.50188,2.1928396e-06
9,9,28.001914,8.419561e-06
9,9,28.501948,2.0789925e-05
9,9,29.001983,1.9541356e-05
9,9,29.502017,2.5730464e-06
9,9,30.002051,1.0888998e-05
9,9,30.502085,1.1067204e-05
9,9,31.002119,6.3057113e-06
9,9,31.502153,4.3993509e-06
9,9,32.002188,3.3827137e-06
9,9,32.502222,4.7040719e-06
9,9,33.002256,6.0862632e-06
9,9,33.50229,5.2851048e-06
9,9,34.002324,3.6009447e-06
9,9,34.502359,6.2129054e-06
9,9,35.002393,7.6603629e-06
9,9,35.502427,3.8693472e-06
9,9,36.002461,6.8346463e-06
9,9,36.502495,2.6341316e-06
9,9,37.002529,3.6472403e-06
9,9,37.502564,6.5334781e-06
9,9,38.002598,1.1057025e-06
9,9,38.502632,1.2397487e-05
9,9,39.002666,1.7870288e-05
9,9,39.5027,2.3274914e-05
9,9,40.002735,1.0080202e-05
9,9,40.502769,7.2523247e-06
9,9,41.002803,1.6172495e-05
9,9,41.502837,2.4513265e-05
9,9,42.002871,1.1107484e-05
9,9,42.502905,2.502054e-06
9,9,43.00294,4.7070141e-06
9,9,43.502974,1.008641e-05
9,9,44.003008,1.0566795e-05
9,9,44.503042,1.1212088e-05
9,9,45.003076,1.3771371e-05
9,9,45.503111,1.1904601e-05
9,9,46.003145,9.9587086e-06
9,9,46.503179,1.1613307e-05
9,9,47.003213,6.3107119e-06
9,9,47.503247,3.5073265e-06
9,9,48.003281,2.3647139e-06
9,9,48.503316,5.7413245e-06
9,9,49.00335,1.2264191e-05
9,9,49.503384,9.7031486e-06
9,9,50.003418,1.85099e-06
9,9,50.503452,4.4898829e-06
9,9,51.003487,3.7759158e-06
9,9,51.503521,2.6550296e-06
9,9,52.003555,2.0576491e-06
9,9,52.503589,2.2158904e-06
9,9,53.003623,2.5400639e-06
9,9,53.503657,2.0138366e-06
9,9,54.003692,4.491304e-06
9,9,54.503726,4.9165847e-06
9,9,55.00376,2.1784257e-06
9,9,55.503794,3.8406308e-06
9,9,56.003828,3.7113728e-06
9,9,56.503863,9.7209793e-06
9,9,57.003897,1.2803416e-05
9,9,57.503931,3.0100729e-05
9,9,58.003965,3.1623664e-05
9,9,58.503999,2.2262757e-05
9,9,59.004033,2.5058086e-05
9,9,59.504068,3.291861e-05
9,9,60.004102,2.6204797e-05
9,9,60.504136,3.3775875e-06
9,9,61.00417,5.1094123e-06
9,9,61.504204,5.3097915e-06
9,9,62.004239,1.775042e-06
9,9,62.504273,4.1147319e-06
9,9,63.004307,5.7692353e-06
9,9,63.504341,2.9285398e-06
9,9,64.004375,2.7832853e-06
9,9,64.504409,3.2410834e-06
9,9,65.004444,6.6908848e-06
9,9,65.504478,5.1836614e-06
9,9,66.004512,1.8557443e-06
9,9,66.504546,3.4487789e-06
9,9,67.00458,1.6168935e-06
9,9,67.504615,4.6649955e-06
9,9,68.004649,7.3606154e-06
9,9,68.504683,8.8159226e-06
9,9,69.004717,5.7369189e-06
9,9,69.504751,1.025745e-05
9,9,70.004785,6.0610204e-06
9,9,70.50482,3.5160146e-06
9,9,71.004854,6.3052988e-06
9,9,71.504888,1.1495229e-05
9,9,72.004922,6.5670526e-06
9,9,72.504956,2.8123963e-06
9,9,73.004991,8.2468272e-06
9,9,73.505025,1.4567898e-05
9,9,74.005059,1.0061108e-05
9,9,74.505093,2.8338067e-06
9,9,75.005127,3.7491305e-06
9,9,75.505161,5.43396e-06
9,9,76.005196,8.1580794e-06
9,9,76.50523,5.7501897e-06
9,9,77.005264,4.6596139e-06
9,9,77.505298,8.7779091e-07
9,9,78.005332,9.9874131e-07
9,9,78.505367,3.6713944e-06
9,9,79.005401,9.0601935e-06
9,9,79.505435,4.5300758e-06
9,9,80.005469,2.4487384e-06
9,9,80.505503,1.2388728e-06
9,9,81.005537,1.7187278e-06
9,9,81.505572,4.9737728e-06
9,9,82.005606,6.2537461e-06
9,9,82.50564,5.5864828e-06
9,9,83.005674,1.0601117e-06
9,9,83.505708,6.6139789e-07
9,9,84.005743,3.4446725e-06
9,9,84.505777,4.7911969e-06
9,9,85.005811,6.9726472e-06
9,9,85.505845,1.0032886e-06
9,9,86.005879,8.5968295e-06
9,9,86.505913,9.5282105e-06
9,9,87.005948,8.8443129e-06
9,9,87.505982,6.8575067e-06
9,9,88.006016,6.4146397e-06
9,9,88.50605,7.5989281e-06
9,9,89.006084,1.1103868e-05
9,9,89.506119,7.331528e-06
9,9,90.006153,3.0376691e-06
9,9,90.506187,6.4891065e-06
9,9,91.006221,9.8277663e-07
9,9,91.506255,2.2165949e-06
9,9,92.006289,7.6052962e-06
9,9,92.506324,4.4302121e-06
9,9,93.006358,8.3660775e-06
9,9,93.506392,9.4975185e-06
9,9,94.006426,1.0453754e-05
9,9,94.50646,1.4502385e-05
9,9,95.006495,9.1885604e-06
9,9,95.506529,2.1476858e-06
9,9,96.006563,2.7210787e-06
9,9,96.506597,7.4026493e-06
9,9,97.006631,2.9404776e-06
9,9,97.506665,1.799784e-06
9,9,98.0067,3.4005163e-06
9,9,98.506734,2.8785451e-06
9,9,99.006768,6.0522392e-06
9,9,99.506802,3.9258232e-06
9,9,100.00684,5.3121212e-06
9,9,100.50687,5.8731903e-06
9,9,101.0069,9.3846995e-06
9,9,101.50694,6.5655634e-06
9,9,102.00697,4.7788563e-06
9,9,102.50701,8.863013e-06
9,9,103.00704,9.5872601e-06
9,9,103.50708,4.7704019e-06
9,9,104.00711,8.7432595e-06
9,9,104.50714,6.8692486e-06
9,9,105.00718,1.1136973e-06
9,9,105.50721,6.8362402e-06
9,9,106.00725,5.1061422e-06
9,9,106.50728,1.8007852e-06
9,9,107.00731,1.8929069e-06
9,9,107.50735,3.4301206e-06
9,9,108.00738,3.3851248e-07
9,9,108.50742,7.4583013e-06
9,9,109.00745,6.7174488e-06
9,9,109.50749,8.0032531e-06
9,9,110.00752,1.237138e-05
9,9,110.50755,4.110499e-06
9,9,111.00759,6.4678932e-06
9,9,111.50762,4.5136284e-06
9,9,112.00766,4.4580513e-06
9,9,112.50769,7.4929893e-06
9,9,113.00773,5.9438235e-06
9,9,113.50776,2.8868154e-06
9,9,114.00779,3.1646966e-06
9,9,114.50783,6.4126458e-06
9,9,115.00786,9.2064811e-06
9,9,115.5079,4.0801455e-05
9,9,116.00793,4.2428592e-05
9,9,116.50796,1.0557007e-05
9,9,117.008,3.4755113e-06
9,9,117.50803,9.6412094e-06
9,9,118.00807,6.1432463e-06
9,9,118.5081,2.9185162e-06
9,9,119.00814,1.7740348e-06
9,9,119.50817,1.2800599e-05
9,9,120.0082,1.4568464e-05
9,9,120.50824,9.3819939e-06
9,9,121.00827,1.3281521e-05
9,9,121.50831,2.4595284e-05
9,9,122.00834,1.5680918e-05
9,9,122.50837,6.7748853e-06
9,9,123.00841,5.6585063e-06
9,9,123.50844,2.6188733e-06
9,9,124.00848,1.3653537e-06
9,9,124.50851,5.3297393e-06
9,9,125.00855,9.3602098e-06
9,9,125.50858,8.0551815e-06
9,9,126.00861,5.8131868e-06
9,9,126.50865,8.2511036e-06
9,9,127.00868,3.015713e-05
9,9,127.50872,3.5851598e-05
9,9,128.00875,1.1922595e-05
9,9,128.50878,6.7137698e-06
9,9,129.00882,3.1219605e-06
9,9,129.50885,3.2611563e-06
9,9,130.00889,2.1057359e-06
9,9,130.50892,2.3858079e-06
9,9,131.00896,5.3747294e-07
9,9,131.50899,7.5949662e-06
9,9,132.00902,2.3905383e-05
9,9,132.50906,8.4375863e-05
9,9,133.00909,7.9172193e-05
9,9,133.50913,2.4542509e-05
9,9,134.00916,1.1686161e-05
9,9,134.50919,1.1075282e-05
9,9,135.00923,6.7624777e-06
9,9,135.50926,9.9158946e-06
9,9,136.0093,5.2621676e-06
9,9,136.50933,6.0440272e-06
9,9,137.00937,7.8397157e-06
9,9,137.5094,6.8819786e-06
9,9,138.00943,9.430918e-06
9,9,138.50947,3.786354e-05
9,9,139.0095,3.0767424e-05
9,9,139.50954,6.279934e-06
9,9,140.00957,1.0597898e-05
9,9,140.50961,1.0583003e-05
9,9,141.00964,1.5290409e-05
9,9,141.50967,1.4302801e-05
9,9,142.00971,1.4326875e-05
9,9,142.50974,4.7079948e-06
9,9,143.00978,4.7730549e-06
9,9,143.50981,4.0106341e-06
9,9,144.00984,1.598018e-05
9,9,144.50988,2.2757997e-05
9,9,145.00991,2.014333e-05
9,9,145.50995,7.7555386e-06
9,9,146.00998,1.086092e-05
9,9,146.51002,3.9186669e-06
9,9,147.01005,2.7131898e-06
9,9,147.51008,6.1308953e-06
9,9,148.01012,6.9736078e-06
9,9,148.51015,1.8855073e-06
9,9,149.01019,2.3521855e-06
9,9,149.51022,4.0890975e-06
9,9,150.01025,5.2168319e-06
9,9,150.51029,1.5989616e-06
9,9,151.01032,2.9050954e-06
9,9,151.51036,4.8353671e-06
9,9,152.01039,7.5972518e-06
9,9,152.51043,1.2404431e-06
9,9,153.01046,7.3145339e-06
9,9,153.51049,1.081121e-05
9,9,154.01053,1.1048462e-05
9,9,154.51056,5.1182903e-06
9,9,155.0106,7.3487812e-06
9,9,155.51063,2.8532784e-06
9,9,156.01066,1.5895825e-05
9,9,156.5107,1.8978976e-05
9,9,157.01073,1.438981e-05
9,9,157.51077,3.6512112e-06
9,9,158.0108,8.4753214e-06
9,9,158.51084,4.9471875e-06
9,9,159.01087,5.5262676e-06
9,9,159.5109,5.585491e-06
9,9,160.01094,1.5791323e-05
9,9,160.51097,1.1169318e-05
9,9,161.01101,4.2689685e-06
9,9,161.51104,1.4549314e-05
9,9,162.01107,1.7705465e-05
9,9,162.51111,5.1812465e-06
9,9,163.01114,8.4891226e-06
9,9,163.51118,1.2315708e-05
9,9,164.01121,1.1981998e-05
9,9,164.51125,2.491333e-06
9,9,165.01128,5.091802e-06
9,9,165.51131,1.1381241e-05
9,9,166.01135,2.3481888e-05
9,9,166.51138,1.8569831e-05
9,9,167.01142,8.2267964e-06
9,9,167.51145,1.4079627e-05
9,9,168.01149,2.0308989e-05
9,9,168.51152,1.8590361e-05
9,9,169.01155,7.8985163e-06
9,9,169.51159,8.08495e-06
9,9,170.01162,2.0310489e-05
9,9,170.51166,2.5867506e-05
9,9,171.01169,1.4594999e-05
9,9,171.51172,8.6400377e-06
9,9,172.01176,1.9295562e-05
9,9,172.51179,1.8781029e-05
9,9,173.01183,5.8400933e-06
9,9,173.51186,1.3027575e-05
9,9,174.0119,7.6108436e-06
9,9,174.51193,3.9688276e-06
9,9,175.01196,4.0969832e-06
9,9,175.512,4.0394587e-06
9,9,176.01203,3.529227e-06
9,9,176.51207,3.4129139e-06
9,9,177.0121,2.0972337e-06
9,9,177.51213,2.9056809e-06
9,9,178.01217,3.577235e-06
9,9,178.5122,4.185913e-06
9,9,179.01224,1.4824185e-06
9,9,179.51227,4.1265207e-06
9,9,180.01231,3.4921257e-06
9,9,180.51234,2.8802806e-06
9,9,181.01237,3.8009426e-06
9,9,181.51241,5.9527307e-06
9,9,182.01244,6.5724658e-06
9,9,182.51248,8.7609432e-06
9,9,183.01251,7.2398942e-06
9,9,183.51254,6.2215812e-06
9,9,184.01258,4.5369847e-06
9,9,184.51261,7.3348254e-06
9,9,185.01265,5.0075811e-06
9,9,185.51268,8.82348e-06
9,9,186.01272,8.8664748e-06
9,9,186.51275,6.1631628e-06
9,9,187.01278,9.7908786e-06
9,9,187.51282,7.3709335e-06
9,9,188.01285,4.5119555e-06
9,9,188.51289,1.0603116e-05
9,9,189.01292,1.4295543e-05
9,9,189.51295,7.7628032e-06
9,9,190.01299,1.7330817e-06
9,9,190.51302,6.1419149e-06
9,9,191.01306,4.6912199e-06
9,9,191.51309,5.9111943e-06
9,9,192.01313,2.98161e-06
9,9,192.51316,2.1118855e-06
9,9,193.01319,3.9098848e-06
9,9,193.51323,2.7643807e-06
9,9,194.01326,9.9924713e-07
9,9,194.5133,4.3791892e-06
9,9,195.01333,2.8130502e-06
9,9,195.51337,3.4951236e-06
9,9,196.0134,3.9117162e-06
9,9,196.51343,5.8058677e-06
9,9,197.01347,2.8081743e-06
9,9,197.5135,4.9792555e-06
9,9,198.01354,6.303475e-06
9,9,198.51357,6.5776253e-06
9,9,199.0136,1.5159003e-06
9,9,199.51364,3.5950112e-06
10,10,0,3.4379885e-06
10,10,0.50003418,1.9996112e-06
10,10,1.0000684,2.6045835e-06
10,10,1.5001025,8.1937827e-07
10,10,2.0001367,3.8119743e-06
10,10,2.5001709,3.3520198e-06
10,10,3.0002051,2.6430397e-06
10,10,3.5002393,8.2343785e-07
10,10,4.0002735,2.0795949e-06
10,10,4.5003076,1.7125835e-06
10,10,5.0003418,4.2005554e-06
10,10,5.500376,6.2066213e-06
10,10,6.0004102,1.5470991e-06
10,10,6.5004444,7.7689415e-06
10,10,7.0004785,7.5799979e-06
10,10,7.5005127,1.6901293e-05
10,10,8.0005469,3.1916723e-05
10,10,8.5005811,2.374521e-05
10,10,9.0006153,4.3501443e-06
10,10,9.5006495,6.9305764e-06
10,10,10.000684,2.3573679e-06
10,10,10.500718,5.4367447e-06
10,10,11.000752,2.3354037e-06
10,10,11.500786,6.4535623e-06
10,10,12.00082,1.3212978e-05
10,10,12.500855,4.6067233e-06
10,10,13.000889,1.0276881e-05
10,10,13.500923,1.2356564e-05
10,10,14.000957,1.1676206e-05
10,10,14.500991,1.4233716e-05
10,10,15.001025,2.0193066e-05
10,10,15.50106,1.0913064e-05
10,10,16.001094,1.1730286e-05
10,10,16.501128,2.4579828e-05
10,10,17.001162,2.4692239e-05
10,10,17.501196,1.4278095e-05
10,10,18.001231,2.2502634e-05
10,10,18.501265,3.2371613e-05
10,10,19.001299,2.3833268e-05
10,10,19.501333,3.0801965e-05
10,10,20.001367,5.3582835e-05
10,10,20.501401,2.9250879e-05
10,10,21.001436,1.0242359e-05
10,10,21.50147,5.3155788e-06
10,10,22.001504,2.6378582e-05
10,10,22.501538,1.6052815e-05
10,10,23.001572,7.0298895e-06
10,10,23.501607,1.7263812e-05
10,10,24.001641,6.5282187e-05
10,10,24.501675,5.317472e-05
10,10,25.001709,1.5695245e-05
10,10,25.501743,3.3432121e-05
10,10,26.001777,4.6714564e-05
10,10,26.501812,2.6087821e-05
10,10,27.001846,3.15662e-05
10,10,27.50188,2.461915e-05
10,10,28.001914,2.9166859e-05
10,10,28.501948,0.00011526534
10,10,29.001983,0.00015626091
10,10,29.502017,4.1451575e-05
10,10,30.002051,4.4002995e-05
10,10,30.502085,4.1647714e-05
10,10,31.002119,2.1899838e-05
10,10,31.502153,1.9191677e-05
10,10,32.002188,1.9386437e-05
10,10,32.502222,1.0103802e-05
10,10,33.002256,2.431686e-05
10,10,33.50229,4.3570437e-05
10,10,34.002324,4.3063907e-05
10,10,34.502359,4.7522753e-05
10,10,35.002393,4.3962621e-05
10,10,35.502427,4.6797688e-05
10,10,36.002461,5.6812123e-05
10,10,36.502495,3.6535538e-05
10,10,37.002529,5.9675201e-05
10,10,37.502564,5.062955e-05
10,10,38.002598,1.8779419e-05
10,10,38.502632,3.1484978e-05
10,10,39.002666,7.8158125e-05
10,10,39.5027,9.9054609e-05
10,10,40.002735,2.9474115e-05
10,10,40.502769,4.4335008e-05
10,10,41.002803,6.9714101e-05
10,10,41.502837,8.4099111e-05
10,10,42.002871,3.1427218e-05
10,10,42.502905,3.4155795e-05
10,10,43.00294,2.3576574e-05
10,10,43.502974,3.4346863e-05
10,10,44.003008,3.047995e-05
10,10,44.503042,3.626977e-05
10,10,45.003076,4.4103142e-05
10,10,45.503111,3.9760402e-05
10,10,46.003145,2.6274513e-05
10,10,46.503179,3.1001921e-05
10,10,47.003213,2.2786858e-05
10,10,47.503247,7.7730346e-06
10,10,48.003281,2.0832161e-05
10,10,48.503316,2.609387e-05
10,10,49.00335,1.5932679e-05
10,10,49.503384,2.0306985e-05
10,10,50.003418,2.1182104e-05
10,10,50.503452,1.3727579e-05
10,10,51.003487,9.3355491e-06
10,10,51.503521,2.387356e-06
10,10,52.003555,1.6742973e-05
10,10,52.503589,1.004563e-05
10,10,53.003623,8.0924179e-06
10,10,53.503657,1.108493e-05
10,10,54.003692,1.3016498e-05
10,10,54.503726,8.4398619e-06
10,10,55.00376,7.4449966e-06
10,10,55.503794,1.3391057e-05
10,10,56.003828,1.3744229e-05
10,10,56.503863,2.5436826e-05
10,10,57.003897,2.3266045e-05
10,10,57.503931,3.2133827e-05
10,10,58.003965,3.9709327e-05
10,10,58.503999,5.7659542e-05
10,10,59.004033,8.1088963e-05
10,10,59.504068,5.3820019e-05
10,10,60.004102,1.7233124e-05
10,10,60.504136,2.3326454e-06
10,10,61.00417,7.8531222e-06
10,10,61.504204,6.1564642e-06
10,10,62.004239,3.7018481e-06
10,10,62.504273,7.9553044e-06
10,10,63.004307,1.3973519e-06
10,10,63.504341,1.1431416e-05
10,10,64.004375,1.6669188e-05
10,10,64.504409,1.3006917e-05
10,10,65.004444,7.749953e-06
10,10,65.504478,1.3754836e-05
10,10,66.004512,1.1705839e-05
10,10,66.504546,6.6339502e-06
10,10,67.00458,1.0618487e-05
10,10,67.504615,1.7543426e-05
10,10,68.004649,1.8234573e-05
10,10,68.504683,1.2216365e-05
10,10,69.004717,1.0451368e-05
10,10,69.504751,2.4433566e-05
10,10,70.004785,1.8698976e-05
10,10,70.50482,1.0911214e-05
10,10,71.004854,1.3562234e-05
10,10,71.504888,3.6661958e-05
10,10,72.004922,3.2380453e-05
10,10,72.504956,1.6323852e-05
10,10,73.004991,2.1015219e-05
10,10,73.505025,4.2363094e-05
10,10,74.005059,2.9658869e-05
10,10,74.505093,1.0884186e-05
10,10,75.005127,3.4000857e-05
10,10,75.505161,3.5515884e-05
10,10,76.005196,1.6013818e-05
10,10,76.50523,1.5972962e-05
10,10,77.005264,2.8736159e-05
10,10,77.505298,1.3833967e-05
10,10,78.005332,3.0569369e-06
10,10,78.505367,1.5005124e-05
10,10,79.005401,1.5111708e-05
10,10,79.505435,3.1383931e-06
10,10,80.005469,8.1670064e-06
10,10,80.505503,1.3565591e-05
10,10,81.005537,5.7623584e-06
10,10,81.505572,1.4239124e-05
10,10,82.005606,1.3031341e-05
10,10,82.50564,7.5442221e-06
10,10,83.005674,6.9977415e-06
10,10,83.505708,8.4198526e-06
10,10,84.005743,1.4197785e-05
10,10,84.505777,1.6521211e-05
10,10,85.005811,2.0741005e-05
10,10,85.505845,2.0287167e-05
10,10,86.005879,2.5239138e-05
10,10,86.505913,2.451861e-05
10,10,87.005948,2.3884975e-05
10,10,87.505982,2.5678637e-05
10,10,88.006016,2.290793e-05
10,10,88.50605,7.7276153e-06
10,10,89.006084,1.5255567e-05
10,10,89.506119,1.7273483e-05
10,10,90.006153,1.1776621e-05
10,10,90.506187,9.5285497e-06
10,10,91.006221,1.6006329e-05
10,10,91.506255,2.2816629e-05
10,10,92.006289,3.4183297e-05
10,10,92.506324,3.6690396e-05
10,10,93.006358,1.8937761e-05
10,10,93.506392,7.7746992e-06
10,10,94.006426,3.1878758e-05
10,10,94.50646,4.4194132e-05
10,10,95.006495,2.6140226e-05
10,10,95.506529,1.2385696e-05
10,10,96.006563,3.795497e-06
10,10,96.506597,1.4992837e-05
10,10,97.006631,8.5928611e-06
10,10,97.506665,7.5257075e-06
10,10,98.0067,1.8343526e-05
10,10,98.506734,1.1597266e-05
10,10,99.006768,1.0429905e-05
10,10,99.506802,1.29786e-05
10,10,100.00684,7.3006026e-06
10,10,100.50687,5.2956803e-06
10,10,101.0069,1.1152209e-05
10,10,101.50694,1.3882389e-05
10,10,102.00697,8.0240153e-06
10,10,102.50701,7.5387224e-06
10,10,103.00704,4.4976174e-06
10,10,103.50708,3.4209098e-06
10,10,104.00711,1.0402006e-05
10,10,104.50714,7.954537e-06
10,10,105.00718,1.78554e-06
10,10,105.50721,4.3386673e-06
10,10,106.00725,6.8711127e-06
10,10,106.50728,1.1505427e-05
10,10,107.00731,9.6493718e-06
10,10,107.50735,7.8509341e-06
10,10,108.00738,2.428559e-06
10,10,108.50742,6.9363574e-06
10,10,109.00745,1.0210953e-05
10,10,109.50749,2.9229302e-05
10,10,110.00752,3.5579455e-05
10,10,110.50755,1.8054446e-05
10,10,111.00759,1.3283791e-05
10,10,111.50762,1.4011023e-05
10,10,112.00766,1.2582453e-05
10,10,112.50769,9.7251129e-06
10,10,113.00773,2.5102444e-06
10,10,113.50776,6.8887097e-06
10,10,114.00779,1.5207379e-05
10,10,114.50783,1.6782257e-05
10,10,115.00786,1.179924e-05
10,10,115.5079,1.1714022e-05
10,10,116.00793,4.1659444e-05
10,10,116.50796,3.7154941e-05
10,10,117.008,1.6720263e-05
10,10,117.50803,1.50556e-05
10,10,118.00807,2.1725869e-05
10,10,118.5081,7.0060416e-06
10,10,119.00814,6.1783687e-06
10,10,119.50817,2.3780256e-05
10,10,120.0082,4.668847e-05
10,10,120.50824,1.8495413e-05
10,10,121.00827,1.3707924e-05
10,10,121.50831,5.3107114e-05
10,10,122.00834,4.0212674e-05
10,10,122.50837,8.2301236e-06
10,10,123.00841,1.0578421e-05
10,10,123.50844,8.2831689e-06
10,10,124.00848,7.4236429e-06
10,10,124.50851,1.5292295e-06
10,10,125.00855,5.2748094e-06
10,10,125.50858,2.0773239e-05
10,10,126.00861,2.9400055e-05
10,10,126.50865,1.5370305e-05
10,10,127.00868,5.2029318e-05
10,10,127.50872,4.6283776e-05
10,10,128.00875,1.5102452e-05
10,10,128.50878,2.855518e-05
10,10,129.00882,1.6430755e-05
10,10,129.50885,1.4952471e-05
10,10,130.00889,6.65913e-06
10,10,130.50892,1.7495818e-05
10,10,131.00896,1.8774737e-05
10,10,131.50899,1.3758434e-05
10,10,132.00902,4.6252531e-05
10,10,132.50906,5.0919569e-05
10,10,133.00909,0.00013009019
10,10,133.50913,0.00014846935
10,10,134.00916,6.6771404e-05
10,10,134.50919,1.5818844e-05
10,10,135.00923,1.2519264e-05
10,10,135.50926,1.1573207e-05
10,10,136.0093,3.24397e-06
10,10,136.50933,1.2472204e-05
10,10,137.00937,2.316959e-05
10,10,137.5094,2.3087044e-05
10,10,138.00943,1.6261172e-05
10,10,138.50947,0.00013940111
10,10,139.0095,0.00016574493
10,10,139.50954,6.7395672e-05
10,10,140.00957,2.4919801e-05
10,10,140.50961,1.979448e-05
10,10,141.00964,2.2056734e-05
10,10,141.50967,2.3992069e-05
10,10,142.00971,2.7047911e-05
10,10,142.50974,6.5547402e-06
10,10,143.00978,1.5753516e-05
10,10,143.50981,1.6735976e-05
10,10,144.00984,5.5764225e-05
10,10,144.50988,0.00014173912
10,10,145.00991,0.00011897045
10,10,145.50995,3.0631726e-05
10,10,146.00998,1.0331239e-05
10,10,146.51002,1.2084061e-06
10,10,147.01005,4.6312999e-06
10,10,147.51008,1.6692676e-05
10,10,148.01012,1.9363998e-05
10,10,148.51015,4.7057752e-06
10,10,149.01019,6.6508588e-06
10,10,149.51022,2.2318705e-05
10,10,150.01025,1.9582733e-05
10,10,150.51029,1.673642e-05
10,10,151.01032,3.3604347e-05
10,10,151.51036,4.2943162e-05
10,10,152.01039,4.3401111e-05
10,10,152.51043,1.9624247e-05
10,10,153.01046,3.5984112e-05
10,10,153.51049,4.4009748e-05
10,10,154.01053,4.9923653e-05
10,10,154.51056,2.0613052e-05
10,10,155.0106,2.0589795e-05
10,10,155.51063,1.700384e-05
10,10,156.01066,5.6028957e-05
10,10,156.5107,5.0234466e-05
10,10,157.01073,3.470339e-05
10,10,157.51077,1.9024154e-05
10,10,158.0108,4.5443168e-05
10,10,158.51084,2.1990314e-05
10,10,159.01087,2.4070518e-05
10,10,159.5109,3.2075679e-05
10,10,160.01094,5.9364631e-05
10,10,160.51097,4.2964743e-05
10,10,161.01101,1.4712239e-05
10,10,161.51104,3.803763e-05
10,10,162.01107,5.3607181e-05
10,10,162.51111,2.3094147e-05
10,10,163.01114,1.5784869e-05
10,10,163.51118,3.7926009e-05
10,10,164.01121,5.1508238e-05
10,10,164.51125,3.1180874e-05
10,10,165.01128,2.7405659e-05
10,10,165.51131,4.875279e-05
10,10,166.01135,8.0700212e-05
10,10,166.51138,6.2462746e-05
10,10,167.01142,2.7905888e-05
10,10,167.51145,5.3758106e-05
10,10,168.01149,8.871627e-05
10,10,168.51152,7.4383019e-05
10,10,169.01155,2.4914427e-05
10,10,169.51159,3.5067805e-05
10,10,170.01162,7.4376981e-05
10,10,170.51166,7.6325614e-05
10,10,171.01169,3.4189152e-05
10,10,171.51172,4.0246359e-05
10,10,172.01176,6.289756e-05
10,10,172.51179,6.8759162e-05
10,10,173.01183,3.33143e-05
10,10,173.51186,2.9356773e-05
10,10,174.0119,5.3509365e-05
10,10,174.51193,5.8501146e-05
10,10,175.01196,4.441217e-05
10,10,175.512,3.9072752e-05
10,10,176.01203,3.6544484e-05
10,10,176.51207,3.7966019e-05
10,10,177.0121,2.6637585e-05
10,10,177.51213,2.2030827e-05
10,10,178.01217,2.8127904e-05
10,10,178.5122,4.1919804e-05
10,10,179.01224,2.7927907e-05
10,10,179.51227,1.62465e-05
10,10,180.01231,3.0955902e-05
10,10,180.51234,3.9045947e-05
10,10,181.01237,3.1609498e-05
10,10,181.51241,3.8097382e-05
10,10,182.01244,2.6364841e-05
10,10,182.51248,2.7822703e-05
10,10,183.01251,2.7435002e-05
10,10,183.51254,2.6854556e-05
10,10,184.01258,1.6471788e-05
10,10,184.51261,3.2186274e-05
10,10,185.01265,3.94662e-05
10,10,185.51268,3.4676063e-05
10,10,186.01272,2.2063652e-05
10,10,186.51275,1.1425394e-05
10,10,187.01278,2.4159895e-05
10,10,187.51282,2.1477128e-05
10,10,188.01285,2.0864855e-05
10,10,188.51289,3.2552745e-05
10,10,189.01292,1.8471241e-05
10,10,189.51295,5.1037807e-06
10,10,190.01299,9.7452671e-06
10,10,190.51302,1.5420819e-05
10,10,191.01306,2.2122001e-05
10,10,191.51309,1.394184e-05
10,10,192.01313,9.9812613e-06
10,10,192.51316,9.5353394e-06
10,10,193.01319,2.7946157e-06
10,10,193.51323,1.6767853e-05
10,10,194.01326,2.083392e-05
10,10,194.5133,1.771289e-05
10,10,195.01333,6.6535146e-06
10,10,195.51337,8.4888069e-06
10,10,196.0134,1.0574985e-05
10,10,196.51343,6.605934e-06
10,10,197.01347,1.1577101e-05
10,10,197.5135,1.4811611e-05
10,10,198.01354,1.7069371e-05
10,10,198.51357,1.5130964e-05
10,10,199.0136,8.2292412e-06
10,10,199.51364,7.0271372e-06
11,11,0,9.9747299e-07
11,11,0.50003418,4.8063343e-06
11,11,1.0000684,5.0894973e-06
11,11,1.5001025,1.9525603e-05
11,11,2.0001367,2.476103e-05
11,11,2.5001709,7.7759839e-06
11,11,3.0002051,3.4995634e-06
11,11,3.5002393,6.9207949e-06
11,11,4.0002735,1.2083715e-05
11,11,4.5003076,5.6821864e-06
11,11,5.0003418,3.4626778e-06
11,11,5.500376,5.8529784e-06
11,11,6.0004102,5.3140461e-06
11,11,6.5004444,4.1815673e-06
11,11,7.0004785,3.8182648e-06
11,11,7.5005127,6.4237312e-06
11,11,8.0005469,1.4170622e-06
11,11,8.5005811,7.4049727e-06
11,11,9.0006153,5.0873701e-06
11,11,9.5006495,8.6360173e-06
11,11,10.000684,7.1160488e-06
11,11,10.500718,1.017839e-05
11,11,11.000752,1.3059936e-05
11,11,11.500786,5.8830128e-06
11,11,12.00082,2.9681684e-06
11,11,12.500855,4.0884373e-06
11,11,13.000889,9.0554095e-06
11,11,13.500923,7.8266717e-06
11,11,14.000957,8.561554e-06
11,11,14.500991,1.3535688e-05
11,11,15.001025,9.5881403e-06
11,11,15.50106,4.4653935e-06
11,11,16.001094,9.2729107e-06
11,11,16.501128,5.4468758e-06
11,11,17.001162,2.918116e-06
11,11,17.501196,3.4344959e-06
11,11,18.001231,1.0701301e-05
11,11,18.501265,2.4536232e-05
11,11,19.001299,2.5900474e-05
11,11,19.501333,2.2894466e-05
11,11,20.001367,2.4932015e-05
11,11,20.501401,1.1125289e-05
11,11,21.001436,3.7404707e-06
11,11,21.50147,3.6828948e-06
11,11,22.001504,3.93217e-06
11,11,22.501538,3.5864073e-06
11,11,23.001572,3.675367e-06
11,11,23.501607,4.7212231e-06
11,11,24.001641,2.9290575e-06
11,11,24.501675,2.4523976e-06
11,11,25.001709,2.9268135e-06
11,11,25.501743,1.4226423e-06
11,11,26.001777,3.818964e-06
11,11,26.501812,5.2171941e-06
11,11,27.001846,5.1166773e-06
11,11,27.50188,4.9419414e-06
11,11,28.001914,7.7737434e-07
11,11,28.501948,6.725566e-06
11,11,29.001983,7.7999445e-06
11,11,29.502017,1.7330287e-06
11,11,30.002051,2.1942967e-06
11,11,30.502085,1.3822517e-06
11,11,31.002119,1.7583044e-06
11,11,31.502153,2.1913638e-06
11,11,32.002188,5.1012356e-06
11,11,32.502222,6.3784188e-06
11,11,33.002256,5.4336011e-06
11,11,33.50229,8.2975139e-07
11,11,34.002324,2.052292e-06
11,11,34.502359,5.5456958e-06
11,11,35.002393,8.6916104e-06
11,11,35.502427,4.099621e-06
11,11,36.002461,2.1546042e-06
11,11,36.502495,3.2276975e-06
11,11,37.002529,5.1493952e-06
11,11,37.502564,7.8579942e-07
11,11,38.002598,1.4569319e-05
11,11,38.502632,1.9944766e-05
11,11,39.002666,5.4805439e-06
11,11,39.5027,2.6500762e-06
11,11,40.002735,6.0344905e-07
11,11,40.502769,3.3127697e-06
11,11,41.002803,5.2405472e-06
11,11,41.502837,4.5814202e-06
11,11,42.002871,4.6876258e-06
11,11,42.502905,3.1861246e-06
11,11,43.00294,6.0177961e-06
11,11,43.502974,6.898647e-06
11,11,44.003008,3.741638e-06
11,11,44.503042,2.957287e-06
11,11,45.003076,2.7506568e-06
11,11,45.503111,8.6172909e-07
11,11,46.003145,4.4987947e-06
11,11,46.503179,3.5991028e-06
11,11,47.003213,2.1090047e-06
11,11,47.503247,2.7386709e-06
11,11,48.003281,2.3421263e-06
11,11,48.503316,4.944894e-06
11,11,49.00335,4.5827443e-06
11,11,49.503384,5.6830488e-06
11,11,50.003418,1.6664249e-06
11,11,50.503452,9.1817129e-06
11,11,51.003487,1.5100262e-05
11,11,51.503521,1.1183853e-05
11,11,52.003555,5.2670458e-06
11,11,52.503589,5.3094506e-06
11,11,53.003623,5.7578729e-06
11,11,53.503657,2.9902384e-06
11,11,54.003692,8.4528083e-06
11,11,54.503726,1.1449642e-05
11,11,55.00376,1.5442585e-06
11,11,55.503794,4.080525e-06
11,11,56.003828,6.4097191e-06
11,11,56.503863,7.9083488e-06
11,11,57.003897,8.7105813e-06
11,11,57.503931,9.8395821e-06
11,11,58.003965,9.0685501e-06
11,11,58.503999,1.1797331e-05
11,11,59.004033,1.8101586e-05
11,11,59.504068,1.0763883e-05
11,11,60.004102,1.8107781e-05
11,11,60.504136,3.4909795e-06
11,11,61.00417,4.7370015e-06
11,11,61.504204,1.7162704e-06
11,11,62.004239,4.5414166e-06
11,11,62.504273,6.7119003e-06
11,11,63.004307,5.6755511e-06
11,11,63.504341,6.61188e-06
11,11,64.004375,4.6778368e-06
11,11,64.504409,5.0199488e-06
11,11,65.004444,3.8004762e-06
11,11,65.504478,1.806478e-06
11,11,66.004512,4.9948076e-06
11,11,66.504546,3.2532645e-06
11,11,67.00458,2.00417e-06
11,11,67.504615,1.9167627e-06
11,11,68.004649,2.5432103e-06
11,11,68.504683,2.5389957e-06
11,11,69.004717,1.8036027e-06
11,11,69.504751,1.5773988e-06
11,11,70.004785,4.2827305e-06
11,11,70.50482,4.6745156e-06
11,11,71.004854,3.5959499e-06
11,11,71.504888,1.3688072e-06
11,11,72.004922,3.3215252e-06
11,11,72.504956,2.5767925e-06
11,11,73.004991,1.1160115e-06
11,11,73.505025,2.6892217e-06
11,11,74.005059,2.7999021e-06
11,11,74.505093,2.8412708e-06
11,11,75.005127,1.4531038e-06
11,11,75.505161,3.7906227e-06
11,11,76.005196,2.3721758e-06
11,11,76.50523,3.871681e-07
11,11,77.005264,1.8503774e-06
11,11,77.505298,2.6489324e-06
11,11,78.005332,2.2596009e-06
11,11,78.505367,1.3427839e-06
11,11,79.005401,5.7058947e-07
11,11,79.505435,2.1788098e-06
11,11,80.005469,3.3071401e-06
11,11,80.505503,2.7816712e-06
11,11,81.005537,4.0696446e-06
11,11,81.505572,7.2362152e-06
11,11,82.005606,7.4298036e-06
11,11,82.50564,7.0132964e-06
11,11,83.005674,3.4411794e-06
11,11,83.505708,2.8495855e-06
11,11,84.005743,3.6723723e-06
11,11,84.505777,4.1261377e-06
11,11,85.005811,3.4364085e-06
11,11,85.505845,2.0916971e-06
11,11,86.005879,2.7344661e-06
11,11,86.505913,4.6688965e-06
11,11,87.005948,3.5760361e-06
11,11,87.505982,4.0056132e-06
11,11,88.006016,3.7461096e-06
11,11,88.50605,5.0212114e-06
11,11,89.006084,6.9484966e-06
11,11,89.506119,4.8660492e-06
11,11,90.006153,1.1410103e-06
11,11,90.506187,3.7398199e-06
11,11,91.006221,1.905215e-06
11,11,91.506255,6.8084234e-07
11,11,92.006289,2.1887875e-06
11,11,92.506324,1.7550327e-06
11,11,93.006358,1.4038708e-06
11,11,93.506392,2.1748682e-06
11,11,94.006426,3.8366161e-06
11,11,94.50646,7.8741385e-06
11,11,95.006495,3.4118093e-06
11,11,95.506529,3.2296412e-06
11,11,96.006563,1.156506e-06
11,11,96.506597,1.0183539e-06
11,11,97.006631,3.0216855e-06
11,11,97.506665,5.9094678e-06
11,11,98.0067,1.1559259e-06
11,11,98.506734,2.3347332e-06
11,11,99.006768,2.850955e-06
11,11,99.506802,2.8499996e-06
11,11,100.00684,1.6601858e-06
11,11,100.50687,3.4478787e-06
11,11,101.0069,6.249347e-06
11,11,101.50694,4.0626373e-06
11,11,102.00697,3.2605722e-06
11,11,102.50701,3.0079303e-06
11,11,103.00704,3.2070963e-06
11,11,103.50708,4.3199294e-06
11,11,104.00711,3.6155545e-06
11,11,104.50714,1.8901668e-06
11,11,105.00718,7.5963877e-06
11,11,105.50721,6.5005854e-06
11,11,106.00725,2.5845743e-06
11,11,106.50728,6.1685365e-06
11,11,107.00731,2.4928216e-05
11,11,107.50735,2.3410982e-05
11,11,108.00738,1.0341539e-05
11,11,108.50742,4.5550912e-06
11,11,109.00745,1.6696494e-06
11,11,109.50749,1.1670292e-06
11,11,110.00752,1.7770982e-06
11,11,110.50755,3.7684012e-06
11,11,111.00759,7.9445811e-06
11,11,111.50762,8.4205526e-06
11,11,112.00766,2.022472e-06
11,11,112.50769,6.6485874e-06
11,11,113.00773,1.2951997e-05
11,11,113.50776,3.9497262e-05
11,11,114.00779,2.8792099e-05
11,11,114.50783,6.9659738e-06
11,11,115.00786,5.9093926e-06
11,11,115.5079,3.0441934e-06
11,11,116.00793,2.46028e-06
11,11,116.50796,1.1524448e-06
11,11,117.008,7.0340795e-07
11,11,117.50803,4.119009e-06
11,11,118.00807,1.4068082e-06
11,11,118.5081,7.6373991e-06
11,11,119.00814,5.4931056e-06
11,11,119.50817,5.1503138e-05
11,11,120.0082,0.00010288729
11,11,120.50824,5.0975825e-05
11,11,121.00827,9.036155e-06
11,11,121.50831,9.2224187e-06
11,11,122.00834,2.4457609e-06
11,11,122.50837,2.1849481e-06
11,11,123.00841,1.8512187e-06
11,11,123.50844,4.4995983e-06
11,11,124.00848,5.7993025e-06
11,11,124.50851,5.0169237e-06
11,11,125.00855,4.9091666e-06
11,11,125.50858,3.4766796e-06
11,11,126.00861,3.1280678e-06
11,11,126.50865,6.1880848e-06
11,11,127.00868,2.4519237e-06
11,11,127.50872,2.5776369e-05
11,11,128.00875,2.1676401e-05
11,11,128.50878,5.4304759e-06
11,11,129.00882,9.3171246e-06
11,11,129.50885,1.2349858e-05
11,11,130.00889,6.0530309e-06
11,11,130.50892,1.4934394e-06
11,11,131.00896,7.3284673e-07
11,11,131.50899,2.3767124e-06
11,11,132.00902,2.6549425e-06
11,11,132.50906,1.5580583e-06
11,11,133.00909,1.2559071e-06
11,11,133.50913,4.0902522e-06
11,11,134.00916,5.5516283e-06
11,11,134.50919,6.5302091e-06
11,11,135.00923,6.2602504e-06
11,11,135.50926,2.3340287e-06
11,11,136.0093,3.080574e-06
11,11,136.50933,6.5143545e-06
11,11,137.00937,5.8247961e-06
11,11,137.5094,5.837942e-06
11,11,138.00943,5.3868991e-06
11,11,138.50947,4.234656e-06
11,11,139.0095,2.3594552e-06
11,11,139.50954,2.935734e-06
11,11,140.00957,4.7409676e-06
11,11,140.50961,5.1191408e-06
11,11,141.00964,2.1933266e-06
11,11,141.50967,2.2346172e-06
11,11,142.00971,4.8662477e-06
11,11,142.50974,4.4755549e-06
11,11,143.00978,3.8459787e-06
11,11,143.50981,1.9291225e-06
11,11,144.00984,5.0631809e-06
11,11,144.50988,5.1422886e-06
11,11,145.00991,6.428226e-06
11,11,145.50995,3.8163603e-06
11,11,146.00998,4.842803e-06
11,11,146.51002,5.055804e-06
11,11,147.01005,3.861355e-06
11,11,147.51008,5.4510129e-06
11,11,148.01012,1.1969334e-05
11,11,148.51015,6.5861703e-06
11,11,149.01019,1.2882575e-05
11,11,149.51022,1.2047724e-05
11,11,150.01025,1.0146526e-06
11,11,150.51029,1.6069159e-06
11,11,151.01032,2.7606506e-06
11,11,151.51036,9.790493e-07
11,11,152.01039,6.3711142e-06
11,11,152.51043,1.1835406e-05
11,11,153.01046,2.4523163e-05
11,11,153.51049,1.7011475e-05
11,11,154.01053,2.1452137e-06
11,11,154.51056,3.2032456e-06
11,11,155.0106,5.7636852e-06
11,11,155.51063,1.2228847e-05
11,11,156.01066,1.8577239e-05
11,11,156.5107,1.5053195e-05
11,11,157.01073,1.8227765e-05
11,11,157.51077,1.9174314e-05
11,11,158.0108,3.3156612e-05
11,11,158.51084,2.0457415e-05
11,11,159.01087,2.0044986e-05
11,11,159.5109,3.1380275e-05
11,11,160.01094,1.7249386e-05
11,11,160.51097,1.2719656e-05
11,11,161.01101,1.1711704e-05
11,11,161.51104,8.7249675e-06
11,11,162.01107,6.0213042e-06
11,11,162.51111,2.821461e-06
11,11,163.01114,1.89175e-06
11,11,163.51118,2.7922705e-06
11,11,164.01121,5.5704105e-06
11,11,164.51125,3.9702263e-06
11,11,165.01128,3.0488765e-06
11,11,165.51131,7.3934243e-06
11,11,166.01135,9.896245e-06
11,11,166.51138,4.7490046e-06
11,11,167.01142,6.7051986e-06
11,11,167.51145,4.8475743e-06
11,11,168.01149,3.1228575e-06
11,11,168.51152,4.5145324e-06
11,11,169.01155,3.0159563e-06
11,11,169.51159,4.3430157e-06
11,11,170.01162,4.3807896e-06
11,11,170.51166,1.2187698e-06
11,11,171.01169,2.2580793e-06
11,11,171.51172,3.154012e-06
11,11,172.01176,3.0534658e-06
11,11,172.51179,5.1017145e-06
11,11,173.01183,1.1404332e-06
11,11,173.51186,2.7480765e-06
11,11,174.0119,4.7125552e-06
11,11,174.51193,2.893038e-06
11,11,175.01196,2.4946225e-06
11,11,175.512,8.3172506e-06
11,11,176.01203,5.8483803e-06
11,11,176.51207,4.9507928e-06
11,11,177.0121,1.7084974e-06
11,11,177.51213,5.695578e-06
11,11,178.01217,5.5581264e-06
11,11,178.5122,4.2315111e-06
11,11,179.01224,1.2967455e-05
11,11,179.51227,1.3304842e-05
11,11,180.01231,5.6491114e-06
11,11,180.51234,7.5025193e-06
11,11,181.01237,9.9100303e-06
11,11,181.51241,5.075395e-06
11,11,182.01244,7.6992913e-06
11,11,182.51248,3.2328633e-06
11,11,183.01251,1.4806752e-06
11,11,183.51254,8.4483004e-07
11,11,184.01258,1.9175016e-06
11,11,184.51261,3.0945849e-06
11,11,185.01265,4.6066211e-06
11,11,185.51268,4.5566949e-06
11,11,186.01272,3.8813262e-06
11,11,186.51275,8.930954e-06
11,11,187.01278,4.8236848e-06
11,11,187.51282,3.4672732e-06
11,11,188.01285,5.9519035e-06
11,11,188.51289,6.936943e-06
11,11,189.01292,3.9156022e-06
11,11,189.51295,1.274953e-06
11,11,190.01299,1.0525174e-06
11,11,190.51302,2.826795e-06
11,11,191.01306,1.4319722e-06
11,11,191.51309,5.215493e-06
11,11,192.01313,8.4764711e-06
11,11,192.51316,3.2937333e-06
11,11,193.01319,4.8500628e-06
11,11,193.51323,8.3096555e-06
11,11,194.01326,4.1370127e-06
11,11,194.5133,3.7640902e-06
11,11,195.01333,7.1575914e-06
11,11,195.51337,5.697417e-06
11,11,196.0134,5.8525904e-06
11,11,196.51343,5.031318e-06
11,11,197.01347,2.3876045e-06
11,11,197.5135,5.6120548e-06
11,11,198.01354,3.1807437e-06
11,11,198.51357,5.8366872e-06
11,11,199.0136,6.1754451e-06
11,11,199.51364,1.7180439e-06
12,12,0,1.9116726e-06
12,12,0.50003418,3.7172417e-06
12,12,1.0000684,1.970188e-06
12,12,1.5001025,4.6616938e-06
12,12,2.0001367,7.2616297e-06
12,12,2.5001709,4.3230033e-06
12,12,3.0002051,5.6804585e-07
12,12,3.5002393,2.5464388e-06
12,12,4.0002735,7.0286328e-06
12,12,4.5003076,3.12817e-06
12,12,5.0003418,1.9561529e-06
12,12,5.500376,6.6571563e-06
12,12,6.0004102,4.8420177e-06
12,12,6.5004444,1.5003211e-06
12,12,7.0004785,2.8278393e-06
12,12,7.5005127,4.7899307e-06
12,12,8.0005469,4.6007038e-06
12,12,8.5005811,3.936307e-06
12,12,9.0006153,3.7721429e-06
12,12,9.5006495,3.3366885e-06
12,12,10.000684,1.0203809e-06
12,12,10.500718,1.5402867e-06
12,12,11.000752,2.088991e-06
12,12,11.500786,2.571235e-06
12,12,12.00082,2.8639453e-06
12,12,12.500855,1.8151622e-06
12,12,13.000889,8.2179092e-06
12,12,13.500923,9.0503641e-06
12,12,14.000957,3.0227545e-06
12,12,14.500991,4.7566564e-06
12,12,15.001025,3.1349411e-06
12,12,15.50106,1.822578e-06
12,12,16.001094,3.722689e-06
12,12,16.501128,5.0368238e-06
12,12,17.001162,3.1211071e-06
12,12,17.501196,1.7224412e-06
12,12,18.001231,2.4101942e-06
12,12,18.501265,4.6499449e-06
12,12,19.001299,2.0487017e-07
12,12,19.501333,6.8988453e-06
12,12,20.001367,1.3890757e-05
12,12,20.501401,8.3326637e-06
12,12,21.001436,2.9382605e-06
12,12,21.50147,2.9510794e-06
12,12,22.001504,5.3079412e-06
12,12,22.501538,3.1695091e-06
12,12,23.001572,2.0191888e-06
12,12,23.501607,3.9417652e-06
12,12,24.001641,3.6213257e-06
12,12,24.501675,4.0104082e-06
12,12,25.001709,2.9763213e-06
12,12,25.501743,5.1476027e-06
12,12,26.001777,5.7979662e-06
12,12,26.501812,2.3653775e-06
12,12,27.001846,5.016651e-06
12,12,27.50188,5.3708771e-06
12,12,28.001914,3.031771e-06
12,12,28.501948,3.7212047e-06
12,12,29.001983,6.2966157e-06
12,12,29.502017,6.4324904e-06
12,12,30.002051,2.7088962e-06
12,12,30.502085,1.167823e-06
12,12,31.002119,3.2021365e-06
12,12,31.502153,2.7810632e-06
12,12,32.002188,1.4568206e-06
12,12,32.502222,2.4909044e-06
12,12,33.002256,2.4370427e-06
12,12,33.50229,1.0095554e-06
12,12,34.002324,1.5001701e-06
12,12,34.502359,2.1247193e-06
12,12,35.002393,7.4608151e-07
12,12,35.502427,4.8841598e-06
12,12,36.002461,6.3766192e-06
12,12,36.502495,6.1369895e-06
12,12,37.002529,3.533915e-06
12,12,37.502564,2.6473557e-06
12,12,38.002598,1.3596414e-05
12,12,38.502632,1.441294e-05
12,12,39.002666,4.9142433e-06
12,12,39.5027,4.5064556e-06
12,12,40.002735,2.6311377e-06
12,12,40.502769,3.1942802e-06
12,12,41.002803,2.7384433e-06
12,12,41.502837,5.5996535e-06
12,12,42.002871,6.1153697e-06
12,12,42.502905,5.3825228e-06
12,12,43.00294,4.1212863e-06
12,12,43.502974,2.6487971e-06
12,12,44.003008,3.0120407e-06
12,12,44.503042,1.2423593e-06
12,12,45.003076,3.3612043e-06
12,12,45.503111,3.6083292e-06
12,12,46.003145,3.3106837e-06
12,12,46.503179,4.2649463e-06
12,12,47.003213,3.9374493e-06
12,12,47.503247,4.1750769e-06
12,12,48.003281,4.2519009e-06
12,12,48.503316,4.9456876e-06
12,12,49.00335,3.91455e-06
12,12,49.503384,4.2222277e-06
12,12,50.003418,4.7444486e-06
12,12,50.503452,6.0358511e-06
12,12,51.003487,1.3613263e-05
12,12,51.503521,1.1288746e-05
12,12,52.003555,2.8223626e-06
12,12,52.503589,2.4896823e-06
12,12,53.003623,4.615606e-06
12,12,53.503657,4.1832099e-06
12,12,54.003692,2.9146611e-06
12,12,54.503726,1.3988267e-06
12,12,55.00376,2.7376313e-06
12,12,55.503794,7.7313493e-06
12,12,56.003828,6.6081199e-06
12,12,56.503863,1.12646e-05
12,12,57.003897,1.1972212e-05
12,12,57.503931,4.9334671e-06
12,12,58.003965,8.8036017e-06
12,12,58.503999,1.9508185e-05
12,12,59.004033,2.4799886e-05
12,12,59.504068,5.3943759e-05
12,12,60.004102,3.2414982e-05
12,12,60.504136,3.9167492e-06
12,12,61.00417,2.4301755e-06
12,12,61.504204,6.3575611e-06
12,12,62.004239,1.5430511e-06
12,12,62.504273,4.009122e-06
12,12,63.004307,2.1488268e-06
12,12,63.504341,5.4964012e-06
12,12,64.004375,3.3725077e-06
12,12,64.504409,1.7978963e-06
12,12,65.004444,5.2187959e-06
12,12,65.504478,3.3843007e-06
12,12,66.004512,2.9641238e-06
12,12,66.504546,2.9416321e-06
12,12,67.00458,2.8570097e-06
12,12,67.504615,4.2899198e-06
12,12,68.004649,4.5927542e-06
12,12,68.504683,2.7289543e-06
12,12,69.004717,4.0705161e-06
12,12,69.504751,3.7203357e-06
12,12,70.004785,1.6308844e-06
12,12,70.50482,1.5419264e-06
12,12,71.004854,3.6620089e-06
12,12,71.504888,4.182774e-06
12,12,72.004922,1.8377056e-06
12,12,72.504956,8.4844489e-07
12,12,73.004991,4.2239468e-06
12,12,73.505025,6.8974809e-06
12,12,74.005059,4.7215935e-06
12,12,74.505093,1.3042906e-06
12,12,75.005127,2.2741402e-06
12,12,75.505161,2.887916e-06
12,12,76.005196,2.383498e-06
12,12,76.50523,5.2240236e-06
12,12,77.005264,3.9700621e-06
12,12,77.505298,1.770569e-06
12,12,78.005332,9.3527518e-07
12,12,78.505367,4.461702e-06
12,12,79.005401,4.2157424e-06
12,12,79.505435,2.2575217e-06
12,12,80.005469,2.1278579e-06
12,12,80.505503,3.5843333e-06
12,12,81.005537,1.8550388e-06
12,12,81.505572,1.5064591e-06
12,12,82.005606,3.2456445e-06
12,12,82.50564,2.2247726e-06
12,12,83.005674,3.2767337e-06
12,12,83.505708,2.7078908e-06
12,12,84.005743,1.2066782e-06
12,12,84.505777,3.1723129e-06
12,12,85.005811,6.048572e-06
12,12,85.505845,6.5399502e-06
12,12,86.005879,3.9207134e-06
12,12,86.505913,2.2996983e-06
12,12,87.005948,3.0552382e-06
12,12,87.505982,3.1506061e-06
12,12,88.006016,3.4055733e-06
12,12,88.50605,5.9067757e-06
12,12,89.006084,5.8285399e-06
12,12,89.506119,7.5223629e-06
12,12,90.006153,5.5416448e-06
12,12,90.506187,2.7806231e-06
12,12,91.006221,2.9636886e-06
12,12,91.506255,3.6316228e-06
12,12,92.006289,5.7154256e-06
12,12,92.506324,7.0881257e-06
12,12,93.006358,4.4989254e-06
12,12,93.506392,4.7947656e-06
12,12,94.006426,5.2224939e-06
12,12,94.50646,4.989342e-06
12,12,95.006495,2.5204873e-06
12,12,95.506529,2.2014387e-06
12,12,96.006563,2.3075395e-06
12,12,96.506597,2.3920987e-06
12,12,97.006631,8.2106771e-06
12,12,97.506665,8.304281e-06
12,12,98.0067,2.3931543e-06
12,12,98.506734,1.8636629e-06
12,12,99.006768,2.349962e-06
12,12,99.506802,2.9303992e-06
12,12,100.00684,1.2737677e-06
12,12,100.50687,2.3531923e-06
12,12,101.0069,4.6581354e-06
12,12,101.50694,3.2494348e-06
12,12,102.00697,2.5723568e-06
12,12,102.50701,3.0443276e-06
12,12,103.00704,3.7662115e-06
12,12,103.50708,7.6598653e-06
12,12,104.00711,5.8196543e-06
12,12,104.50714,3.8709087e-06
12,12,105.00718,3.7659842e-06
12,12,105.50721,4.2926711e-06
12,12,106.00725,6.6239959e-06
12,12,106.50728,1.1379138e-06
12,12,107.00731,1.6335462e-05
12,12,107.50735,1.3536818e-05
12,12,108.00738,6.3410786e-06
12,12,108.50742,1.0753093e-05
12,12,109.00745,7.5293236e-06
12,12,109.50749,3.5650465e-06
12,12,110.00752,6.5097382e-06
12,12,110.50755,6.7033299e-06
12,12,111.00759,1.9329591e-06
12,12,111.50762,1.458987e-06
12,12,112.00766,4.4549673e-06
12,12,112.50769,6.0232816e-06
12,12,113.00773,7.9708894e-06
12,12,113.50776,2.850478e-05
12,12,114.00779,2.0617702e-05
12,12,114.50783,6.2147811e-06
12,12,115.00786,7.5519239e-06
12,12,115.5079,4.4894796e-06
12,12,116.00793,6.6284543e-06
12,12,116.50796,3.941102e-06
12,12,117.008,2.5347518e-06
12,12,117.50803,3.1411383e-06
12,12,118.00807,6.0627712e-07
12,12,118.5081,8.7803993e-06
12,12,119.00814,6.3724145e-06
12,12,119.50817,0.000154052
12,12,120.0082,0.00028144358
12,12,120.50824,0.00012600222
12,12,121.00827,2.7166173e-06
12,12,121.50831,6.4871894e-06
12,12,122.00834,5.4275347e-07
12,12,122.50837,1.326688e-06
12,12,123.00841,1.6410717e-06
12,12,123.50844,3.7538175e-06
12,12,124.00848,2.4335115e-06
12,12,124.50851,1.6816071e-06
12,12,125.00855,2.5773973e-06
12,12,125.50858,2.9575511e-06
12,12,126.00861,4.1748429e-06
12,12,126.50865,8.0752329e-06
12,12,127.00868,1.027633e-05
12,12,127.50872,2.1334314e-05
12,12,128.00875,1.4780565e-05
12,12,128.50878,2.8677383e-06
12,12,129.00882,9.2036631e-06
12,12,129.50885,7.53887e-06
12,12,130.00889,1.1995417e-06
12,12,130.50892,4.1368533e-06
12,12,131.00896,6.1190428e-06
12,12,131.50899,8.309029e-06
12,12,132.00902,8.6834883e-06
12,12,132.50906,1.3188098e-05
12,12,133.00909,1.3709459e-05
12,12,133.50913,7.3681675e-06
12,12,134.00916,5.8386345e-06
12,12,134.50919,6.0322303e-06
12,12,135.00923,4.3261369e-06
12,12,135.50926,5.6626692e-06
12,12,136.0093,5.1353572e-06
12,12,136.50933,1.1790817e-06
12,12,137.00937,2.4368688e-06
12,12,137.5094,2.8783685e-06
12,12,138.00943,4.122972e-06
12,12,138.50947,8.9325175e-07
12,12,139.0095,6.0746729e-06
12,12,139.50954,5.1609065e-06
12,12,140.00957,4.2587426e-06
12,12,140.50961,3.0342436e-06
12,12,141.00964,3.9257557e-06
12,12,141.50967,3.8593865e-06
12,12,142.00971,4.5336353e-06
12,12,142.50974,1.8395024e-06
12,12,143.00978,6.7514286e-07
12,12,143.50981,1.030163e-06
12,12,144.00984,1.7907934e-06
12,12,144.50988,1.5758418e-06
12,12,145.00991,3.537585e-06
12,12,145.50995,1.2169062e-05
12,12,146.00998,1.001725e-05
12,12,146.51002,2.5645704e-07
12,12,147.01005,4.897438e-06
12,12,147.51008,3.2480943e-06
12,12,148.01012,8.461368e-06
12,12,148.51015,3.7172848e-06
12,12,149.01019,8.1597131e-06
12,12,149.51022,1.9637152e-06
12,12,150.01025,6.1746302e-06
12,12,150.51029,1.5131076e-06
12,12,151.01032,3.4851796e-06
12,12,151.51036,2.2203139e-06
12,12,152.01039,7.827798e-06
12,12,152.51043,1.073879e-05
12,12,153.01046,5.0727278e-05
12,12,153.51049,4.2998701e-05
12,12,154.01053,9.5323046e-06
12,12,154.51056,4.8853604e-06
12,12,155.0106,1.5177855e-06
12,12,155.51063,4.2812393e-07
12,12,156.01066,1.8832359e-06
12,12,156.5107,2.9132621e-06
12,12,157.01073,5.6385228e-06
12,12,157.51077,6.4722284e-06
12,12,158.0108,1.9519057e-05
12,12,158.51084,1.5253789e-05
12,12,159.01087,4.871974e-06
12,12,159.5109,1.2317964e-06
12,12,160.01094,4.3766319e-06
12,12,160.51097,6.043776e-06
12,12,161.01101,7.5449138e-06
12,12,161.51104,5.7642248e-06
12,12,162.01107,6.3453539e-06
12,12,162.51111,8.245868e-06
12,12,163.01114,5.8016924e-06
12,12,163.51118,3.2814812e-06
12,12,164.01121,6.3865231e-07
12,12,164.51125,4.645778e-06
12,12,165.01128,9.2076323e-06
12,12,165.51131,1.3299825e-05
12,12,166.01135,1.5211761e-05
12,12,166.51138,5.7848536e-06
12,12,167.01142,2.6591145e-06
12,12,167.51145,1.0177275e-05
12,12,168.01149,1.0851495e-05
12,12,168.51152,5.2261447e-06
12,12,169.01155,3.4915816e-06
12,12,169.51159,6.0894376e-06
12,12,170.01162,5.9120319e-06
12,12,170.51166,7.1757694e-06
12,12,171.01169,1.3392589e-05
12,12,171.51172,5.3726396e-06
12,12,172.01176,5.9398118e-06
12,12,172.51179,5.1771682e-06
12,12,173.01183,2.0417368e-06
12,12,173.51186,3.186069e-06
12,12,174.0119,1.0432402e-05
12,12,174.51193,1.0980456e-05
12,12,175.01196,4.3193466e-06
12,12,175.512,5.7879743e-06
12,12,176.01203,6.6917984e-06
12,12,176.51207,1.112566e-05
12,12,177.0121,1.2866362e-05
12,12,177.51213,1.1186552e-05
12,12,178.01217,4.6527958e-06
12,12,178.5122,9.1604446e-06
12,12,179.01224,1.41347e-05
12,12,179.51227,1.1699645e-05
12,12,180.01231,3.2673936e-06
12,12,180.51234,5.427777e-06
12,12,181.01237,2.0321847e-06
12,12,181.51241,4.2528055e-06
12,12,182.01244,6.6688263e-06
12,12,182.51248,4.4995679e-06
12,12,183.01251,2.4777048e-06
12,12,183.51254,3.680541e-06
12,12,184.01258,4.529062e-06
12,12,184.51261,2.3847752e-06
12,12,185.01265,1.7525833e-06
12,12,185.51268,3.4074394e-06
12,12,186.01272,3.7873657e-06
12,12,186.51275,4.506924e-06
12,12,187.01278,7.0765362e-06
12,12,187.51282,6.0098934e-06
12,12,188.01285,2.1191883e-06
12,12,188.51289,4.349083e-06
12,12,189.01292,5.2854673e-06
12,12,189.51295,4.5326769e-06
12,12,190.01299,1.2778439e-06
12,12,190.51302,3.3948212e-06
12,12,191.01306,8.9146427e-06
12,12,191.51309,1.9713638e-05
12,12,192.01313,7.9893828e-06
12,12,192.51316,6.4161107e-06
12,12,193.01319,1.1526514e-05
12,12,193.51323,1.1177183e-05
12,12,194.01326,4.9848123e-06
12,12,194.5133,3.8222212e-06
12,12,195.01333,2.3292711e-06
12,12,195.51337,1.1781387e-05
12,12,196.0134,1.2780602e-05
12,12,196.51343,1.8594966e-05
12,12,197.01347,1.1310097e-05
12,12,197.5135,2.3171884e-06
12,12,198.01354,8.7028757e-06
12,12,198.51357,1.25082e-05
12,12,199.0136,7.5266028e-06
12,12,199.51364,4.5828072e-06
13,13,0,3.8188093e-07
13,13,0.50003418,1.6692952e-06
13,13,1.0000684,2.7681708e-06
13,13,1.5001025,4.3939066e-06
13,13,2.0001367,3.5408012e-06
13,13,2.5001709,2.5582577e-06
13,13,3.0002051,3.0603199e-06
13,13,3.5002393,2.7922328e-07
13,13,4.0002735,3.51185e-06
13,13,4.5003076,2.8980195e-06
13,13,5.0003418,2.2843323e-06
13,13,5.500376,3.6344841e-06
13,13,6.0004102,2.0117111e-06
13,13,6.5004444,3.326361e-06
13,13,7.0004785,1.7032293e-06
13,13,7.5005127,1.0811052e-06
13,13,8.0005469,3.7080714e-06
13,13,8.5005811,2.7088441e-06
13,13,9.0006153,2.8377632e-06
13,13,9.5006495,2.1404229e-06
13,13,10.000684,1.8514342e-06
13,13,10.500718,3.7304078e-06
13,13,11.000752,6.8061996e-06
13,13,11.500786,7.8561405e-06
13,13,12.00082,8.5052622e-06
13,13,12.500855,3.9408216e-06
13,13,13.000889,2.5433257e-06
13,13,13.500923,3.533268e-06
13,13,14.000957,9.5837417e-06
13,13,14.500991,6.7507645e-06
13,13,15.001025,3.6334298e-06
13,13,15.50106,6.4317804e-06
13,13,16.001094,4.5064442e-06
13,13,16.501128,5.7817534e-06
13,13,17.001162,4.9254629e-06
13,13,17.501196,2.0269869e-06
13,13,18.001231,4.8378517e-06
13,13,18.501265,1.5580784e-05
13,13,19.001299,1.8587271e-05
13,13,19.501333,3.9059284e-05
13,13,20.001367,6.0326242e-05
13,13,20.501401,3.3381339e-05
13,13,21.001436,1.0416759e-05
13,13,21.50147,6.711751e-06
13,13,22.001504,6.5162491e-06
13,13,22.501538,7.0131492e-06
13,13,23.001572,5.9251549e-06
13,13,23.501607,1.0337863e-05
13,13,24.001641,1.688977e-05
13,13,24.501675,1.7737925e-05
13,13,25.001709,1.3936782e-05
13,13,25.501743,7.4558416e-06
13,13,26.001777,3.077887e-06
13,13,26.501812,2.7903423e-06
13,13,27.001846,8.9886805e-06
13,13,27.50188,1.9120662e-05
13,13,28.001914,2.9795899e-05
13,13,28.501948,3.4352754e-05
13,13,29.001983,2.1946626e-05
13,13,29.502017,1.2219058e-05
13,13,30.002051,1.1802578e-05
13,13,30.502085,1.5481277e-05
13,13,31.002119,1.4297391e-05
13,13,31.502153,4.3109304e-06
13,13,32.002188,3.9021731e-06
13,13,32.502222,2.5739591e-06
13,13,33.002256,4.2707586e-06
13,13,33.50229,4.6211614e-06
13,13,34.002324,3.3433757e-06
13,13,34.502359,1.6792707e-06
13,13,35.002393,2.0765027e-06
13,13,35.502427,8.459125e-06
13,13,36.002461,9.9284289e-06
13,13,36.502495,8.4197538e-06
13,13,37.002529,6.7984151e-06
13,13,37.502564,7.1918516e-06
13,13,38.002598,5.5914377e-05
13,13,38.502632,6.7240802e-05
13,13,39.002666,1.7680605e-05
13,13,39.5027,1.185001e-05
13,13,40.002735,5.6534103e-06
13,13,40.502769,6.8563415e-06
13,13,41.002803,7.4341945e-06
13,13,41.502837,7.4186379e-06
13,13,42.002871,6.7342761e-06
13,13,42.502905,5.8725588e-06
13,13,43.00294,1.1517148e-05
13,13,43.502974,1.0771236e-05
13,13,44.003008,7.4979544e-06
13,13,44.503042,1.1408074e-06
13,13,45.003076,5.9317928e-06
13,13,45.503111,6.4072257e-06
13,13,46.003145,5.2073105e-06
13,13,46.503179,4.2036936e-06
13,13,47.003213,8.038248e-06
13,13,47.503247,6.6364613e-06
13,13,48.003281,1.0582379e-05
13,13,48.503316,1.1788903e-05
13,13,49.00335,2.216957e-06
13,13,49.503384,7.9470635e-06
13,13,50.003418,9.9800512e-06
13,13,50.503452,1.1007861e-05
13,13,51.003487,2.4375018e-06
13,13,51.503521,3.3328268e-06
13,13,52.003555,9.9804387e-06
13,13,52.503589,8.2667583e-06
13,13,53.003623,1.8680112e-06
13,13,53.503657,3.6374365e-06
13,13,54.003692,4.9955681e-06
13,13,54.503726,4.8294523e-06
13,13,55.00376,3.4756121e-06
13,13,55.503794,3.6291655e-06
13,13,56.003828,6.2698832e-06
13,13,56.503863,8.5247453e-06
13,13,57.003897,3.9616583e-06
13,13,57.503931,1.709943e-06
13,13,58.003965,4.4836432e-06
13,13,58.503999,2.63135e-05
13,13,59.004033,7.366563e-05
13,13,59.504068,9.1674836e-05
13,13,60.004102,4.7680927e-05
13,13,60.504136,5.6266412e-06
13,13,61.00417,6.8289613e-06
13,13,61.504204,8.0095049e-06
13,13,62.004239,3.4188563e-06
13,13,62.504273,5.1604167e-06
13,13,63.004307,6.2300541e-06
13,13,63.504341,8.9556196e-06
13,13,64.004375,9.6296274e-06
13,13,64.504409,6.3048992e-06
13,13,65.004444,8.8377445e-06
13,13,65.504478,6.2403844e-06
13,13,66.004512,3.5507145e-06
13,13,66.504546,1.1004918e-05
13,13,67.00458,7.1106118e-06
13,13,67.504615,3.1975356e-06
13,13,68.004649,8.71837e-06
13,13,68.504683,5.4024298e-06
13,13,69.004717,2.3293876e-06
13,13,69.504751,4.6516537e-06
13,13,70.004785,7.6472756e-06
13,13,70.50482,7.7220188e-06
13,13,71.004854,6.0307502e-06
13,13,71.504888,1.4971318e-06
13,13,72.004922,3.2612436e-06
13,13,72.504956,4.4223023e-06
13,13,73.004991,5.4257244e-06
13,13,73.505025,6.7336881e-06
13,13,74.005059,5.4759539e-06
13,13,74.505093,4.581141e-06
13,13,75.005127,6.5092694e-06
13,13,75.505161,6.8101121e-06
13,13,76.005196,9.8214891e-06
13,13,76.50523,1.1788653e-05
13,13,77.005264,1.116058e-05
13,13,77.505298,4.9487102e-06
13,13,78.005332,7.77092e-06
13,13,78.505367,9.1151753e-06
13,13,79.005401,1.0978538e-05
13,13,79.505435,8.3178244e-06
13,13,80.005469,9.8581877e-06
13,13,80.505503,1.0008752e-05
13,13,81.005537,6.8393908e-06
13,13,81.505572,1.7885071e-05
13,13,82.005606,1.9084953e-05
13,13,82.50564,1.5035626e-05
13,13,83.005674,2.0835259e-05
13,13,83.505708,1.9955231e-05
13,13,84.005743,5.2012406e-06
13,13,84.505777,1.2656238e-05
13,13,85.005811,1.9476152e-05
13,13,85.505845,1.8100241e-05
13,13,86.005879,6.1036057e-06
13,13,86.505913,7.1573638e-06
13,13,87.005948,9.6885217e-06
13,13,87.505982,7.9946028e-06
13,13,88.006016,1.019221e-05
13,13,88.50605,5.0802635e-06
13,13,89.006084,2.0383366e-05
13,13,89.506119,2.513191e-05
13,13,90.006153,1.210533e-05
13,13,90.506187,1.7893427e-05
13,13,91.006221,2.7861561e-05
13,13,91.506255,1.4789291e-05
13,13,92.006289,1.7589204e-05
13,13,92.506324,1.0487591e-05
13,13,93.006358,1.2893643e-05
13,13,93.506392,1.1878341e-05
13,13,94.006426,3.4681194e-05
13,13,94.50646,5.8656148e-05
13,13,95.006495,3.4818567e-05
13,13,95.506529,3.5201678e-05
13,13,96.006563,3.4527358e-05
13,13,96.506597,4.137345e-05
13,13,97.006631,4.2499258e-05
13,13,97.506665,2.2774005e-05
13,13,98.0067,2.9535389e-05
13,13,98.506734,3.0078951e-05
13,13,99.006768,2.3864797e-05
13,13,99.506802,9.3727568e-06
13,13,100.00684,2.0443846e-05
13,13,100.50687,4.0325675e-05
13,13,101.0069,3.7713828e-05
13,13,101.50694,2.4409543e-05
13,13,102.00697,3.6105319e-05
13,13,102.50701,2.6635733e-05
13,13,103.00704,2.0077236e-05
13,13,103.50708,1.2883853e-05
13,13,104.00711,2.2967352e-05
13,13,104.50714,2.6216488e-05
13,13,105.00718,6.4371789e-06
13,13,105.50721,1.9244298e-05
13,13,106.00725,1.9270212e-05
13,13,106.50728,2.5859396e-05
13,13,107.00731,9.5252906e-05
13,13,107.50735,9.5422487e-05
13,13,108.00738,3.1109053e-05
13,13,108.50742,2.1999312e-05
13,13,109.00745,2.665062e-05
13,13,109.50749,1.5452952e-05
13,13,110.00752,3.5718971e-06
13,13,110.50755,1.4751513e-05
13,13,111.00759,3.3206825e-05
13,13,111.50762,4.5919753e-05
13,13,112.00766,4.4913016e-05
13,13,112.50769,3.8184667e-05
13,13,113.00773,6.8041947e-05
13,13,113.50776,0.00016688107
13,13,114.00779,0.00012152594
13,13,114.50783,2.2042791e-05
13,13,115.00786,1.8103793e-05
13,13,115.5079,3.4142749e-05
13,13,116.00793,3.6958733e-05
13,13,116.50796,2.6571567e-05
13,13,117.008,1.9795447e-05
13,13,117.50803,2.2834195e-05
13,13,118.00807,1.697643e-05
13,13,118.5081,9.8375833e-06
13,13,119.00814,1.1622048e-05
13,13,119.50817,0.0002641125
13,13,120.0082,0.00050930863
13,13,120.50824,0.00023990119
13,13,121.00827,5.7238944e-06
13,13,121.50831,1.6637438e-05
13,13,122.00834,1.1501374e-05
13,13,122.50837,8.1888133e-06
13,13,123.00841,5.3726749e-06
13,13,123.50844,1.1855087e-05
13,13,124.00848,3.5993615e-06
13,13,124.50851,9.4816695e-06
13,13,125.00855,1.1381218e-05
13,13,125.50858,1.6369123e-05
13,13,126.00861,1.313654e-05
13,13,126.50865,8.8276907e-06
13,13,127.00868,1.560016e-05
13,13,127.50872,6.2103354e-05
13,13,128.00875,6.1654484e-05
13,13,128.50878,1.881296e-05
13,13,129.00882,6.341274e-06
13,13,129.50885,1.2571181e-05
13,13,130.00889,1.3818822e-05
13,13,130.50892,7.3511398e-06
13,13,131.00896,4.1560316e-06
13,13,131.50899,1.164113e-05
13,13,132.00902,1.6960248e-05
13,13,132.50906,2.087276e-05
13,13,133.00909,1.5622446e-05
13,13,133.50913,4.3668014e-06
13,13,134.00916,1.250548e-05
13,13,134.50919,1.1062773e-05
13,13,135.00923,7.1321855e-06
13,13,135.50926,8.5291545e-06
13,13,136.0093,7.7659774e-06
13,13,136.50933,4.9720254e-06
13,13,137.00937,5.0222651e-06
13,13,137.5094,4.0099884e-06
13,13,138.00943,9.5317925e-06
13,13,138.50947,1.7971822e-05
13,13,139.0095,3.987626e-05
13,13,139.50954,2.9453789e-05
13,13,140.00957,2.1915488e-05
13,13,140.50961,1.8788044e-05
13,13,141.00964,3.1257304e-05
13,13,141.50967,4.0178997e-05
13,13,142.00971,3.2821287e-05
13,13,142.50974,2.3564566e-05
13,13,143.00978,2.4888354e-05
13,13,143.50981,3.1012866e-05
13,13,144.00984,1.8082467e-05
13,13,144.50988,2.8710596e-05
13,13,145.00991,2.0510144e-05
13,13,145.50995,2.8372265e-05
13,13,146.00998,3.3994655e-05
13,13,146.51002,2.4841458e-05
13,13,147.01005,6.9763467e-06
13,13,147.51008,2.1079384e-05
13,13,148.01012,2.5940536e-05
13,13,148.51015,1.095873e-05
13,13,149.01019,1.5511723e-05
13,13,149.51022,1.4108629e-05
13,13,150.01025,9.8459721e-06
13,13,150.51029,9.2982304e-06
13,13,151.01032,5.9767805e-06
13,13,151.51036,1.3954322e-05
13,13,152.01039,2.9173068e-05
13,13,152.51043,6.293558e-06
13,13,153.01046,5.5346723e-05
13,13,153.51049,5.5292797e-05
13,13,154.01053,1.0833975e-05
13,13,154.51056,1.2774164e-05
13,13,155.0106,2.856383e-05
13,13,155.51063,2.1519376e-05
13,13,156.01066,3.3023495e-05
13,13,156.5107,2.9945632e-05
13,13,157.01073,1.9899492e-05
13,13,157.51077,4.3205346e-05
13,13,158.0108,9.681129e-05
13,13,158.51084,0.00013865252
13,13,159.01087,7.8230345e-05
13,13,159.5109,2.3508961e-05
13,13,160.01094,1.5198071e-05
13,13,160.51097,1.5470373e-05
13,13,161.01101,2.9963788e-05
13,13,161.51104,3.6802675e-05
13,13,162.01107,2.5659581e-05
13,13,162.51111,2.9198411e-05
13,13,163.01114,4.7153426e-05
13,13,163.51118,3.8369824e-05
13,13,164.01121,3.8794194e-05
13,13,164.51125,4.6069236e-05
13,13,165.01128,5.2445253e-05
13,13,165.51131,5.1428894e-05
13,13,166.01135,5.1132383e-05
13,13,166.51138,4.900764e-05
13,13,167.01142,4.2541253e-05
13,13,167.51145,4.1516544e-05
13,13,168.01149,4.5232862e-05
13,13,168.51152,5.4019808e-05
13,13,169.01155,5.7344532e-05
13,13,169.51159,4.6841931e-05
13,13,170.01162,4.3747923e-05
13,13,170.51166,4.1621484e-05
13,13,171.01169,4.272795e-05
13,13,171.51172,4.0604061e-05
13,13,172.01176,3.8891214e-05
13,13,172.51179,3.6435874e-05
13,13,173.01183,3.5587152e-05
13,13,173.51186,3.2963304e-05
13,13,174.0119,3.0944434e-05
13,13,174.51193,3.6224716e-05
13,13,175.01196,3.2531726e-05
13,13,175.512,3.009241e-05
13,13,176.01203,3.4810169e-05
13,13,176.51207,3.1141913e-05
13,13,177.0121,2.0460624e-05
13,13,177.51213,1.9510293e-05
13,13,178.01217,2.2298331e-05
13,13,178.5122,1.9266778e-05
13,13,179.01224,1.4184171e-05
13,13,179.51227,1.525326e-05
13,13,180.01231,1.4682751e-05
13,13,180.51234,2.0072396e-05
13,13,181.01237,2.3735707e-05
13,13,181.51241,2.3409158e-05
13,13,182.01244,3.0243645e-05
13,13,182.51248,3.8588761e-05
13,13,183.01251,2.6838195e-05
13,13,183.51254,2.7192517e-05
13,13,184.01258,2.8539454e-05
13,13,184.51261,2.3249709e-05
13,13,185.01265,2.653192e-05
13,13,185.51268,2.3753755e-05
13,13,186.01272,2.1081004e-05
13,13,186.51275,1.270958e-05
13,13,187.01278,1.5732283e-05
13,13,187.51282,1.7895807e-05
13,13,188.01285,1.7565676e-05
13,13,188.51289,2.1791906e-05
13,13,189.01292,1.0381341e-05
13,13,189.51295,1.1393146e-05
13,13,190.01299,1.999122e-05
13,13,190.51302,1.7089763e-05
13,13,191.01306,1.7826447e-05
13,13,191.51309,2.9595395e-05
13,13,192.01313,2.1553085e-05
13,13,192.51316,1.3290789e-05
13,13,193.01319,7.5715914e-06
13,13,193.51323,1.4043828e-05
13,13,194.01326,1.6679907e-05
13,13,194.5133,1.4677811e-05
13,13,195.01333,3.1205084e-05
13,13,195.51337,3.8557894e-05
13,13,196.0134,1.6166305e-05
13,13,196.51343,1.8113962e-05
13,13,197.01347,1.2002979e-05
13,13,197.5135,6.4344146e-06
13,13,198.01354,9.245406e-06
13,13,198.51357,1.0988194e-05
13,13,199.0136,1.9209092e-05
13,13,199.51364,1.6806278e-05
14,14,0,2.1708349e-06
14,14,0.50003418,9.5828407e-07
14,14,1.0000684,7.599139e-07
14,14,1.5001025,1.3795934e-06
14,14,2.0001367,1.1946419e-06
14,14,2.5001709,2.8619425e-07
14,14,3.0002051,1.1024352e-06
14,14,3.5002393,1.8252398e-06
14,14,4.0002735,1.6797538e-06
14,14,4.5003076,9.3792144e-07
14,14,5.0003418,1.5881622e-06
14,14,5.500376,4.9654558e-06
14,14,6.0004102,5.1712128e-06
14,14,6.5004444,1.1241106e-05
14,14,7.0004785,8.1905002e-06
14,14,7.5005127,4.4118007e-06
14,14,8.0005469,4.0362579e-06
14,14,8.5005811,3.5515276e-06
14,14,9.0006153,9.3649797e-06
14,14,9.5006495,5.9697573e-06
14,14,10.000684,4.4040141e-06
14,14,10.500718,1.9726803e-05
14,14,11.000752,2.3908459e-05
14,14,11.500786,1.0599646e-05
14,14,12.00082,1.8579334e-05
14,14,12.500855,8.1427337e-06
14,14,13.000889,4.2085054e-05
14,14,13.500923,3.7243824e-05
14,14,14.000957,4.49631e-05
14,14,14.500991,1.2010288e-05
14,14,15.001025,3.5268912e-05
14,14,15.50106,3.3228002e-05
14,14,16.001094,2.963887e-06
14,14,16.501128,2.9407524e-05
14,14,17.001162,2.0272653e-05
14,14,17.501196,2.9304175e-06
14,14,18.001231,1.1779254e-05
14,14,18.501265,2.9278682e-05
14,14,19.001299,4.59733e-05
14,14,19.501333,0.00010003977
14,14,20.001367,0.00012361543
14,14,20.501401,3.1496996e-05
14,14,21.001436,5.4823533e-05
14,14,21.50147,4.2766368e-05
14,14,22.001504,2.2681904e-05
14,14,22.501538,3.7526752e-05
14,14,23.001572,4.368941e-05
14,14,23.501607,2.2147063e-05
14,14,24.001641,4.5656071e-06
14,14,24.501675,1.434144e-05
14,14,25.001709,1.0302289e-05
14,14,25.501743,8.8423009e-06
14,14,26.001777,2.0419185e-06
14,14,26.501812,6.6357398e-06
14,14,27.001846,4.7435825e-06
14,14,27.50188,1.8014028e-06
14,14,28.001914,1.6665017e-05
14,14,28.501948,2.4996708e-05
14,14,29.001983,2.3358034e-05
14,14,29.502017,1.2207569e-05
14,14,30.002051,1.2318443e-05
14,14,30.502085,1.1888945e-05
14,14,31.002119,3.0377615e-06
14,14,31.502153,1.321979e-05
14,14,32.002188,2.2045185e-05
14,14,32.502222,1.3075766e-05
14,14,33.002256,3.4404777e-06
14,14,33.50229,1.3224363e-05
14,14,34.002324,1.1837842e-05
14,14,34.502359,1.3430051e-05
14,14,35.002393,2.3407489e-05
14,14,35.502427,2.9858922e-05
14,14,36.002461,1.9677076e-05
14,14,36.502495,1.3678991e-05
14,14,37.002529,8.7330806e-06
14,14,37.502564,1.5427749e-05
14,14,38.002598,6.1471232e-05
14,14,38.502632,6.9009208e-05
14,14,39.002666,2.4667513e-05
14,14,39.5027,1.0715851e-05
14,14,40.002735,3.9274306e-06
14,14,40.502769,1.1401188e-05
14,14,41.002803,2.4401076e-05
14,14,41.502837,1.8956298e-05
14,14,42.002871,4.4187055e-06
14,14,42.502905,1.7801279e-07
14,14,43.00294,1.5174068e-05
14,14,43.502974,1.0736112e-05
14,14,44.003008,1.7492949e-05
14,14,44.503042,2.4638013e-05
14,14,45.003076,2.3863187e-05
14,14,45.503111,1.7117547e-05
14,14,46.003145,2.1585266e-05
14,14,46.503179,9.844364e-06
14,14,47.003213,9.2348075e-06
14,14,47.503247,1.2546805e-05
14,14,48.003281,6.9383997e-06
14,14,48.503316,6.9094075e-06
14,14,49.00335,3.0226031e-06
14,14,49.503384,2.5388401e-06
14,14,50.003418,5.3507365e-06
14,14,50.503452,4.3953705e-06
14,14,51.003487,6.1182819e-06
14,14,51.503521,7.6278289e-06
14,14,52.003555,1.0386778e-05
14,14,52.503589,1.2307562e-05
14,14,53.003623,9.6017006e-06
14,14,53.503657,5.3651962e-06
14,14,54.003692,3.5592266e-06
14,14,54.503726,2.1081707e-06
14,14,55.00376,4.628602e-06
14,14,55.503794,1.1274754e-05
14,14,56.003828,1.5448647e-05
14,14,56.503863,1.0667621e-05
14,14,57.003897,1.1793352e-05
14,14,57.503931,1.131644e-05
14,14,58.003965,1.6460855e-05
14,14,58.503999,2.4608577e-05
14,14,59.004033,9.0571991e-05
14,14,59.504068,0.00025998838
14,14,60.004102,0.00018932478
14,14,60.504136,2.5954878e-05
14,14,61.00417,3.0171737e-05
14,14,61.504204,2.4021872e-05
14,14,62.004239,1.2187715e-05
14,14,62.504273,2.280932e-05
14,14,63.004307,4.2708115e-06
14,14,63.504341,1.4379929e-05
14,14,64.004375,1.0353207e-05
14,14,64.504409,1.7958131e-05
14,14,65.004444,2.1465201e-05
14,14,65.504478,2.025349e-05
14,14,66.004512,1.4425325e-05
14,14,66.504546,6.4016099e-06
14,14,67.00458,1.355683e-05
14,14,67.504615,1.8920098e-05
14,14,68.004649,5.0425091e-06
14,14,68.504683,2.2637766e-05
14,14,69.004717,1.1311803e-05
14,14,69.504751,1.4055289e-05
14,14,70.004785,8.5108471e-06
14,14,70.50482,6.0948745e-06
14,14,71.004854,6.3580001e-06
14,14,71.504888,1.2831708e-05
14,14,72.004922,1.0677656e-05
14,14,72.504956,1.192778e-05
14,14,73.004991,7.7124303e-06
14,14,73.505025,2.1898752e-06
14,14,74.005059,4.4996773e-06
14,14,74.505093,9.6193118e-06
14,14,75.005127,1.3191248e-05
14,14,75.505161,1.1621076e-05
14,14,76.005196,6.8576517e-06
14,14,76.50523,1.0925258e-05
14,14,77.005264,1.4778618e-05
14,14,77.505298,4.2272693e-06
14,14,78.005332,1.3413263e-05
14,14,78.505367,1.2286901e-05
14,14,79.005401,1.9697935e-05
14,14,79.505435,1.2530548e-05
14,14,80.005469,8.8419259e-06
14,14,80.505503,1.906831e-05
14,14,81.005537,1.5342571e-05
14,14,81.505572,1.8274471e-05
14,14,82.005606,8.005835e-06
14,14,82.50564,1.2709899e-05
14,14,83.005674,2.1148791e-05
14,14,83.505708,1.9341437e-05
14,14,84.005743,1.9712769e-05
14,14,84.505777,1.521365e-05
14,14,85.005811,1.8952307e-05
14,14,85.505845,1.6972713e-05
14,14,86.005879,2.0369842e-05
14,14,86.505913,2.9469869e-05
14,14,87.005948,2.5720098e-05
14,14,87.505982,2.5957304e-05
14,14,88.006016,4.6741585e-05
14,14,88.50605,3.3456003e-05
14,14,89.006084,5.7066555e-05
14,14,89.506119,2.2278137e-05
14,14,90.006153,5.0586199e-05
14,14,90.506187,4.9630719e-05
14,14,91.006221,5.0863852e-05
14,14,91.506255,2.902605e-05
14,14,92.006289,3.6910318e-05
14,14,92.506324,1.6015556e-05
14,14,93.006358,3.1330553e-05
14,14,93.506392,4.7817615e-05
14,14,94.006426,2.9391968e-05
14,14,94.50646,7.9252039e-06
14,14,95.006495,2.9472655e-05
14,14,95.506529,3.2605886e-05
14,14,96.006563,3.4340914e-05
14,14,96.506597,1.3800556e-05
14,14,97.006631,2.8492305e-05
14,14,97.506665,4.0590404e-05
14,14,98.0067,2.6294995e-05
14,14,98.506734,1.8107043e-05
14,14,99.006768,3.4671384e-05
14,14,99.506802,2.0358024e-05
14,14,100.00684,3.2846853e-05
14,14,100.50687,1.4881881e-05
14,14,101.0069,2.0618125e-05
14,14,101.50694,1.5626788e-05
14,14,102.00697,2.3501983e-05
14,14,102.50701,3.958673e-05
14,14,103.00704,3.5641569e-05
14,14,103.50708,3.5722908e-05
14,14,104.00711,3.5614549e-05
14,14,104.50714,2.0586947e-05
14,14,105.00718,1.4988213e-05
14,14,105.50721,2.4882396e-05
14,14,106.00725,1.0702343e-05
14,14,106.50728,2.2191573e-05
14,14,107.00731,5.4556364e-05
14,14,107.50735,6.1576079e-05
14,14,108.00738,2.5289941e-05
14,14,108.50742,1.6913833e-05
14,14,109.00745,2.2671298e-05
14,14,109.50749,1.8109058e-05
14,14,110.00752,7.2510869e-06
14,14,110.50755,1.1022451e-05
14,14,111.00759,1.5939829e-05
14,14,111.50762,1.918108e-05
14,14,112.00766,1.5366536e-05
14,14,112.50769,8.5959915e-06
14,14,113.00773,4.5661581e-05
14,14,113.50776,6.9361658e-05
14,14,114.00779,4.1789741e-05
14,14,114.50783,1.943737e-05
14,14,115.00786,6.1764879e-06
14,14,115.5079,2.0207224e-05
14,14,116.00793,4.0342319e-05
14,14,116.50796,3.9974188e-05
14,14,117.008,5.3981417e-05
14,14,117.50803,3.9141263e-05
14,14,118.00807,4.3824421e-05
14,14,118.5081,1.6435946e-05
14,14,119.00814,6.7044269e-05
14,14,119.50817,0.00077045985
14,14,120.0082,0.0014175704
14,14,120.50824,0.00067930883
14,14,121.00827,5.3253706e-05
14,14,121.50831,9.8106259e-05
14,14,122.00834,3.9996559e-05
14,14,122.50837,2.2682327e-05
14,14,123.00841,4.0546132e-05
14,14,123.50844,6.2511919e-05
14,14,124.00848,3.8119919e-05
14,14,124.50851,2.2750186e-05
14,14,125.00855,4.1895404e-05
14,14,125.50858,2.2596645e-05
14,14,126.00861,1.6233311e-05
14,14,126.50865,7.5446607e-06
14,14,127.00868,1.7258481e-05
14,14,127.50872,8.342561e-05
14,14,128.00875,8.555598e-05
14,14,128.50878,1.452611e-05
14,14,129.00882,4.7333133e-05
14,14,129.50885,1.9756253e-05
14,14,130.00889,2.6515039e-05
14,14,130.50892,2.8161297e-05
14,14,131.00896,2.4037598e-05
14,14,131.50899,3.3232802e-05
14,14,132.00902,2.7173474e-05
14,14,132.50906,6.3048597e-05
14,14,133.00909,7.1914327e-05
14,14,133.50913,3.8863143e-05
14,14,134.00916,3.4452979e-05
14,14,134.50919,8.9760614e-06
14,14,135.00923,3.3023858e-05
14,14,135.50926,3.8301165e-05
14,14,136.0093,1.0263627e-05
14,14,136.50933,2.2318018e-05
14,14,137.00937,1.5104901e-05
14,14,137.5094,1.6109185e-05
14,14,138.00943,1.1492849e-05
14,14,138.50947,2.3894319e-05
14,14,139.0095,4.2398173e-05
14,14,139.50954,1.5021247e-05
14,14,140.00957,2.2913008e-05
14,14,140.50961,6.2427231e-06
14,14,141.00964,1.8798007e-05
14,14,141.50967,3.1691591e-06
14,14,142.00971,2.023666e-05
14,14,142.50974,3.7784278e-06
14,14,143.00978,1.1387491e-05
14,14,143.50981,1.8745902e-05
14,14,144.00984,2.3695972e-05
14,14,144.50988,2.6766768e-05
14,14,145.00991,2.4967355e-05
14,14,145.50995,3.4034121e-05
14,14,146.00998,1.0104526e-05
14,14,146.51002,2.4600317e-05
14,14,147.01005,1.3995707e-05
14,14,147.51008,4.0549067e-05
14,14,148.01012,5.5662283e-05
14,14,148.51015,6.0069433e-05
14,14,149.01019,3.2940105e-05
14,14,149.51022,4.3932147e-05
14,14,150.01025,3.3195136e-05
14,14,150.51029,1.2703757e-05
14,14,151.01032,1.1533858e-05
14,14,151.51036,8.9570844e-06
14,14,152.01039,3.6236316e-05
14,14,152.51043,2.5110937e-05
14,14,153.01046,0.00014193589
14,14,153.51049,0.00013169144
14,14,154.01053,1.8189566e-05
14,14,154.51056,6.1407196e-06
14,14,155.0106,1.766071e-05
14,14,155.51063,1.7929771e-05
14,14,156.01066,1.0066999e-05
14,14,156.5107,1.5548542e-05
14,14,157.01073,3.7988464e-05
14,14,157.51077,3.0238851e-05
14,14,158.0108,3.0254852e-05
14,14,158.51084,5.4799498e-05
14,14,159.01087,2.0964303e-05
14,14,159.5109,6.4591926e-06
14,14,160.01094,3.1503646e-06
14,14,160.51097,7.2977656e-06
14,14,161.01101,5.4116151e-06
14,14,161.51104,3.9176024e-06
14,14,162.01107,1.3023103e-05
14,14,162.51111,5.6501266e-06
14,14,163.01114,5.4589557e-06
14,14,163.51118,1.3450755e-05
14,14,164.01121,1.0100874e-05
14,14,164.51125,1.7759953e-05
14,14,165.01128,4.3856505e-06
14,14,165.51131,1.4894336e-05
14,14,166.01135,5.5737346e-06
14,14,166.51138,2.9437176e-05
14,14,167.01142,4.3118057e-05
14,14,167.51145,2.6664421e-05
14,14,168.01149,3.2258322e-05
14,14,168.51152,2.6914639e-05
14,14,169.01155,4.562666e-05
14,14,169.51159,1.5150024e-05
14,14,170.01162,2.6953894e-05
14,14,170.51166,2.8242207e-05
14,14,171.01169,2.5055179e-05
14,14,171.51172,3.243799e-05
14,14,172.01176,2.801476e-05
14,14,172.51179,2.8957601e-05
14,14,173.01183,2.2772836e-05
14,14,173.51186,3.7607975e-05
14,14,174.0119,2.7831823e-05
14,14,174.51193,1.9856594e-05
14,14,175.01196,2.6159398e-05
14,14,175.512,2.8549799e-05
14,14,176.01203,1.3487176e-05
14,14,176.51207,2.7463934e-05
14,14,177.0121,1.6006106e-05
14,14,177.51213,5.8090021e-06
14,14,178.01217,1.5718233e-05
14,14,178.5122,2.2618127e-05
14,14,179.01224,1.1525212e-05
14,14,179.51227,4.2634578e-05
14,14,180.01231,2.4677311e-05
14,14,180.51234,1.1585348e-05
14,14,181.01237,7.8125933e-06
14,14,181.51241,7.9953302e-06
14,14,182.01244,2.4770443e-05
14,14,182.51248,1.6788027e-05
14,14,183.01251,8.6321742e-06
14,14,183.51254,6.1264639e-07
14,14,184.01258,2.164593e-05
14,14,184.51261,1.755355e-05
14,14,185.01265,1.3404512e-05
14,14,185.51268,1.6329705e-05
14,14,186.01272,1.9631039e-05
14,14,186.51275,2.2145991e-05
14,14,187.01278,1.9223298e-05
14,14,187.51282,1.8790824e-05
14,14,188.01285,1.0004301e-05
14,14,188.51289,1.4813055e-05
14,14,189.01292,1.7547888e-05
14,14,189.51295,1.7607043e-05
14,14,190.01299,2.0085207e-05
14,14,190.51302,6.5271639e-06
14,14,191.01306,3.1591606e-05
14,14,191.51309,2.9475818e-05
14,14,192.01313,1.6312413e-05
14,14,192.51316,2.7258302e-05
14,14,193.01319,2.5591685e-05
14,14,193.51323,4.5451311e-06
14,14,194.01326,9.9884124e-06
14,14,194.5133,8.6880007e-06
14,14,195.01333,1.6739597e-05
14,14,195.51337,2.2709884e-05
14,14,196.0134,9.540186e-06
14,14,196.51343,2.2514637e-05
14,14,197.01347,9.3037811e-06
14,14,197.5135,3.0218911e-05
14,14,198.01354,1.7828742e-05
14,14,198.51357,3.1751889e-05
14,14,199.0136,2.793361e-05
14,14,199.51364,4.1815483e-05
15,15,0,3.9331884e-06
15,15,0.50003418,2.1535158e-06
15,15,1.0000684,4.7333227e-07
15,15,1.5001025,4.5995319e-07
15,15,2.0001367,1.5617643e-06
15,15,2.5001709,1.9481232e-06
15,15,3.0002051,2.5068573e-06
15,15,3.5002393,7.5457199e-06
15,15,4.0002735,9.2066579e-06
15,15,4.5003076,4.90209e-06
15,15,5.0003418,4.7752581e-06
15,15,5.500376,5.7177813e-06
15,15,6.0004102,7.4014642e-06
15,15,6.5004444,1.0065984e-05
15,15,7.0004785,1.2428553e-06
15,15,7.5005127,7.0305671e-06
15,15,8.0005469,1.2728863e-05
15,15,8.5005811,1.0912274e-05
15,15,9.0006153,1.126357e-05
15,15,9.5006495,1.7813958e-05
15,15,10.000684,3.5691255e-05
15,15,10.500718,1.947782e-05
15,15,11.000752,1.8861872e-05
15,15,11.500786,9.0275045e-05
15,15,12.00082,0.00014714936
15,15,12.500855,0.00012647062
15,15,13.000889,5.3747509e-05
15,15,13.500923,2.3385132e-05
15,15,14.000957,2.0773737e-05
15,15,14.500991,2.6601203e-05
15,15,15.001025,1.8190578e-05
15,15,15.50106,1.099455e-05
15,15,16.001094,1.3325825e-05
15,15,16.501128,1.6031329e-05
15,15,17.001162,8.9150616e-06
15,15,17.501196,8.9045558e-06
15,15,18.001231,1.0101951e-05
15,15,18.501265,2.2138174e-05
15,15,19.001299,2.3481409e-05
15,15,19.501333,3.9949326e-05
15,15,20.001367,5.5978507e-05
15,15,20.501401,2.4510214e-05
15,15,21.001436,2.7573482e-05
15,15,21.50147,1.6865271e-05
15,15,22.001504,2.6814842e-05
15,15,22.501538,1.499539e-05
15,15,23.001572,6.1019771e-06
15,15,23.501607,1.8439702e-05
15,15,24.001641,3.8849946e-05
15,15,24.501675,3.0062931e-05
15,15,25.001709,1.3754164e-05
15,15,25.501743,2.5278435e-05
15,15,26.001777,5.445547e-05
15,15,26.501812,3.755509e-05
15,15,27.001846,3.8531988e-06
15,15,27.50188,1.3032365e-05
15,15,28.001914,2.498055e-05
15,15,28.501948,3.570145e-05
15,15,29.001983,5.4281784e-05
15,15,29.502017,2.7620133e-05
15,15,30.002051,1.9325887e-05
15,15,30.502085,2.7201194e-05
15,15,31.002119,4.0564477e-05
15,15,31.502153,2.4766175e-05
15,15,32.002188,4.6230088e-05
15,15,32.502222,4.2875807e-05
15,15,33.002256,4.0370511e-05
15,15,33.50229,1.7465301e-05
15,15,34.002324,4.3106017e-05
15,15,34.502359,5.0837181e-05
15,15,35.002393,4.9471068e-05
15,15,35.502427,3.9420086e-05
15,15,36.002461,2.7805221e-05
15,15,36.502495,4.0058026e-05
15,15,37.002529,5.0917928e-05
15,15,37.502564,9.1990281e-06
15,15,38.002598,0.00013546826
15,15,38.502632,0.00015426394
15,15,39.002666,3.1834224e-05
15,15,39.5027,1.4419314e-05
15,15,40.002735,1.0802318e-05
15,15,40.502769,6.7836532e-06
15,15,41.002803,1.9628569e-05
15,15,41.502837,2.480416e-05
15,15,42.002871,3.1465159e-05
15,15,42.502905,2.1624323e-05
15,15,43.00294,1.6173383e-05
15,15,43.502974,2.2892999e-05
15,15,44.003008,2.3459764e-05
15,15,44.503042,2.6054775e-05
15,15,45.003076,3.3617643e-05
15,15,45.503111,1.7170589e-05
15,15,46.003145,1.2999368e-05
15,15,46.503179,2.6949654e-05
15,15,47.003213,3.1716963e-05
15,15,47.503247,4.0124644e-05
15,15,48.003281,6.0282676e-05
15,15,48.503316,4.833318e-05
15,15,49.00335,2.5355732e-05
15,15,49.503384,2.1403813e-05
15,15,50.003418,4.062087e-05
15,15,50.503452,5.1220358e-05
15,15,51.003487,4.263827e-05
15,15,51.503521,5.0903333e-05
15,15,52.003555,4.0166953e-05
15,15,52.503589,4.202287e-05
15,15,53.003623,4.117376e-05
15,15,53.503657,3.0063705e-05
15,15,54.003692,2.1382715e-05
15,15,54.503726,2.0358e-05
15,15,55.00376,1.4136203e-05
15,15,55.503794,1.9531645e-05
15,15,56.003828,9.8855789e-06
15,15,56.503863,2.3927576e-05
15,15,57.003897,3.8376862e-05
15,15,57.503931,3.0616664e-05
15,15,58.003965,1.2625074e-05
15,15,58.503999,8.5539002e-05
15,15,59.004033,0.00010409397
15,15,59.504068,4.0182894e-05
15,15,60.004102,7.6334254e-05
15,15,60.504136,1.4265087e-05
15,15,61.00417,5.0870674e-06
15,15,61.504204,3.5037745e-06
15,15,62.004239,7.8770636e-06
15,15,62.504273,7.924889e-06
15,15,63.004307,1.2863663e-05
15,15,63.504341,6.1619176e-06
15,15,64.004375,1.0033441e-05
15,15,64.504409,7.4752859e-06
15,15,65.004444,9.2762721e-06
15,15,65.504478,2.6669061e-06
15,15,66.004512,2.7612117e-06
15,15,66.504546,1.2296919e-05
15,15,67.00458,1.6609551e-05
15,15,67.504615,1.1420014e-05
15,15,68.004649,2.3072043e-05
15,15,68.504683,3.043747e-05
15,15,69.004717,4.5551242e-05
15,15,69.504751,4.1551818e-05
15,15,70.004785,3.4981663e-05
15,15,70.50482,1.6604352e-05
15,15,71.004854,2.7279034e-05
15,15,71.504888,5.5196383e-05
15,15,72.004922,3.0730192e-05
15,15,72.504956,9.9104464e-06
15,15,73.004991,3.0770041e-05
15,15,73.505025,2.4181173e-05
15,15,74.005059,1.3807098e-05
15,15,74.505093,7.5619288e-06
15,15,75.005127,1.5910174e-05
15,15,75.505161,1.2797018e-05
15,15,76.005196,8.2332558e-06
15,15,76.50523,5.3665959e-06
15,15,77.005264,1.533482e-05
15,15,77.505298,1.0168593e-05
15,15,78.005332,1.0018169e-05
15,15,78.505367,1.205235e-05
15,15,79.005401,8.1489467e-06
15,15,79.505435,1.1501377e-05
15,15,80.005469,1.818351e-05
15,15,80.505503,1.3684533e-05
15,15,81.005537,2.1711757e-05
15,15,81.505572,3.6600054e-05
15,15,82.005606,3.1188226e-05
15,15,82.50564,1.3795323e-05
15,15,83.005674,3.2228748e-05
15,15,83.505708,2.0873682e-05
15,15,84.005743,9.1064431e-06
15,15,84.505777,9.5488926e-06
15,15,85.005811,9.5799471e-06
15,15,85.505845,6.6001525e-06
15,15,86.005879,2.6395226e-06
15,15,86.505913,5.9286509e-06
15,15,87.005948,5.4433963e-06
15,15,87.505982,5.7256855e-06
15,15,88.006016,1.0708597e-05
15,15,88.50605,5.3153308e-06
15,15,89.006084,1.4328014e-05
15,15,89.506119,1.766599e-05
15,15,90.006153,6.7956719e-06
15,15,90.506187,1.9743018e-05
15,15,91.006221,3.1444111e-05
15,15,91.506255,1.1968202e-05
15,15,92.006289,4.172876e-06
15,15,92.506324,7.8981711e-06
15,15,93.006358,8.8371219e-06
15,15,93.506392,3.9992509e-06
15,15,94.006426,1.9483187e-05
15,15,94.50646,3.2620096e-05
15,15,95.006495,1.4993968e-05
15,15,95.506529,2.8796035e-06
15,15,96.006563,4.5255939e-06
15,15,96.506597,1.3180446e-05
15,15,97.006631,2.8199917e-05
15,15,97.506665,2.1007505e-05
15,15,98.0067,4.8666501e-06
15,15,98.506734,4.5384703e-06
15,15,99.006768,1.3847566e-05
15,15,99.506802,8.4280295e-06
15,15,100.00684,6.052828e-06
15,15,100.50687,6.1088987e-06
15,15,101.0069,1.2669019e-05
15,15,101.50694,1.5421505e-05
15,15,102.00697,6.0070933e-05
15,15,102.50701,4.6348127e-05
15,15,103.00704,1.2584128e-05
15,15,103.50708,2.6094157e-05
15,15,104.00711,1.2709337e-05
15,15,104.50714,9.7678791e-06
15,15,105.00718,1.7520121e-05
15,15,105.50721,2.8048057e-05
15,15,106.00725,1.9551048e-05
15,15,106.50728,2.9241618e-05
15,15,107.00731,6.1144093e-05
15,15,107.50735,7.2246848e-05
15,15,108.00738,4.851554e-05
15,15,108.50742,2.9703472e-05
15,15,109.00745,2.1283625e-05
15,15,109.50749,3.4495828e-05
15,15,110.00752,4.4324186e-05
15,15,110.50755,2.8812498e-05
15,15,111.00759,2.2927528e-05
15,15,111.50762,1.6580532e-05
15,15,112.00766,1.4804823e-05
15,15,112.50769,4.0614227e-06
15,15,113.00773,2.4586418e-05
15,15,113.50776,6.45808e-05
15,15,114.00779,4.6652748e-05
15,15,114.50783,1.6449146e-05
15,15,115.00786,1.4699499e-05
15,15,115.5079,1.9452458e-05
15,15,116.00793,1.8525268e-05
15,15,116.50796,1.7712075e-05
15,15,117.008,1.6673101e-05
15,15,117.50803,1.7250807e-05
15,15,118.00807,1.2558265e-05
15,15,118.5081,1.2772401e-05
15,15,119.00814,3.6521913e-05
15,15,119.50817,9.0288475e-05
15,15,120.0082,0.00013614211
15,15,120.50824,6.6186031e-05
15,15,121.00827,1.174349e-05
15,15,121.50831,2.3759637e-05
15,15,122.00834,2.0277324e-05
15,15,122.50837,1.2271101e-05
15,15,123.00841,1.1416839e-05
15,15,123.50844,1.7067287e-05
15,15,124.00848,1.8886228e-05
15,15,124.50851,1.1315495e-05
15,15,125.00855,1.1049543e-06
15,15,125.50858,7.1394479e-06
15,15,126.00861,5.4427873e-06
15,15,126.50865,3.3433292e-06
15,15,127.00868,1.3090443e-05
15,15,127.50872,3.9368002e-05
15,15,128.00875,2.5129534e-05
15,15,128.50878,7.3622049e-06
15,15,129.00882,1.9403484e-05
15,15,129.50885,2.2756808e-05
15,15,130.00889,1.1398015e-05
15,15,130.50892,4.3635697e-06
15,15,131.00896,7.1425092e-06
15,15,131.50899,1.5031667e-05
15,15,132.00902,7.8775583e-06
15,15,132.50906,2.1099538e-05
15,15,133.00909,2.4134928e-05
15,15,133.50913,1.7073028e-05
15,15,134.00916,1.956638e-05
15,15,134.50919,1.648879e-05
15,15,135.00923,1.4083501e-05
15,15,135.50926,1.8187271e-05
15,15,136.0093,2.4817847e-05
15,15,136.50933,1.998646e-05
15,15,137.00937,8.505691e-06
15,15,137.5094,2.5589233e-05
15,15,138.00943,2.2778552e-05
15,15,138.50947,2.3000723e-05
15,15,139.0095,2.0656217e-05
15,15,139.50954,2.683485e-05
15,15,140.00957,1.4973436e-05
15,15,140.50961,6.4210628e-06
15,15,141.00964,2.2583135e-05
15,15,141.50967,2.8816672e-05
15,15,142.00971,1.6260878e-05
15,15,142.50974,4.4097872e-06
15,15,143.00978,2.0262036e-05
15,15,143.50981,3.1145634e-05
15,15,144.00984,2.4531052e-05
15,15,144.50988,1.1954185e-05
15,15,145.00991,1.5543325e-05
15,15,145.50995,2.4567992e-05
15,15,146.00998,2.6275823e-05
15,15,146.51002,1.8050259e-05
15,15,147.01005,1.2256149e-05
15,15,147.51008,2.1487197e-05
15,15,148.01012,2.5065079e-05
15,15,148.51015,1.5526906e-05
15,15,149.01019,3.7101082e-07
15,15,149.51022,1.2048782e-05
15,15,150.01025,1.7275646e-05
15,15,150.51029,1.0135814e-05
15,15,151.01032,9.044339e-06
15,15,151.51036,1.2161975e-05
15,15,152.01039,1.0628444e-05
15,15,152.51043,9.8417061e-06
15,15,153.01046,3.011826e-05
15,15,153.51049,1.4156792e-05
15,15,154.01053,1.0698154e-05
15,15,154.51056,7.0365531e-06
15,15,155.0106,2.2421449e-05
15,15,155.51063,8.8014532e-06
15,15,156.01066,2.3171387e-06
15,15,156.5107,1.0598256e-05
15,15,157.01073,1.7495785e-05
15,15,157.51077,4.2096277e-06
15,15,158.0108,2.2528001e-06
15,15,158.51084,2.3497284e-05
15,15,159.01087,3.0675575e-05
15,15,159.5109,1.9423322e-05
15,15,160.01094,7.6601361e-06
15,15,160.51097,5.9022617e-06
15,15,161.01101,2.0617716e-05
15,15,161.51104,1.8264586e-05
15,15,162.01107,8.2287497e-06
15,15,162.51111,1.9430801e-05
15,15,163.01114,2.6782314e-05
15,15,163.51118,1.6841691e-05
15,15,164.01121,8.6241502e-06
15,15,164.51125,1.0049316e-05
15,15,165.01128,9.8373117e-06
15,15,165.51131,6.7676341e-06
15,15,166.01135,1.2711696e-05
15,15,166.51138,1.9028101e-06
15,15,167.01142,1.1884633e-05
15,15,167.51145,5.7254929e-06
15,15,168.01149,9.0821313e-06
15,15,168.51152,1.7841865e-06
15,15,169.01155,8.6490583e-06
15,15,169.51159,5.3729675e-06
15,15,170.01162,4.8841089e-06
15,15,170.51166,7.3161097e-06
15,15,171.01169,8.9595053e-06
15,15,171.51172,5.8984847e-06
15,15,172.01176,7.0072109e-06
15,15,172.51179,9.0264019e-06
15,15,173.01183,1.1017915e-05
15,15,173.51186,6.9709435e-06
15,15,174.0119,6.7221476e-06
15,15,174.51193,1.6453046e-05
15,15,175.01196,1.5305017e-05
15,15,175.512,2.5626772e-06
15,15,176.01203,5.7155715e-06
15,15,176.51207,2.0390552e-06
15,15,177.0121,2.797723e-06
15,15,177.51213,8.0747164e-06
15,15,178.01217,8.3807743e-06
15,15,178.5122,1.7902633e-05
15,15,179.01224,2.2896149e-05
15,15,179.51227,6.8308244e-06
15,15,180.01231,4.849692e-06
15,15,180.51234,6.7489335e-06
15,15,181.01237,3.702247e-06
15,15,181.51241,5.0695833e-06
15,15,182.01244,1.1193322e-05
15,15,182.51248,8.9480277e-06
15,15,183.01251,3.9503666e-06
15,15,183.51254,4.8602293e-06
15,15,184.01258,1.0015917e-05
15,15,184.51261,8.4395152e-06
15,15,185.01265,6.9424789e-06
15,15,185.51268,4.6580669e-06
15,15,186.01272,8.4977572e-06
15,15,186.51275,9.2178762e-06
15,15,187.01278,3.8166997e-06
15,15,187.51282,2.2286919e-06
15,15,188.01285,1.2262535e-05
15,15,188.51289,1.9861334e-05
15,15,189.01292,1.3593876e-05
15,15,189.51295,4.4486729e-06
15,15,190.01299,9.4140323e-06
15,15,190.51302,1.5253715e-05
15,15,191.01306,5.949074e-06
15,15,191.51309,1.5163886e-05
15,15,192.01313,1.0499547e-05
15,15,192.51316,6.8133343e-06
15,15,193.01319,7.5186275e-06
15,15,193.51323,2.773098e-06
15,15,194.01326,8.4821863e-06
15,15,194.5133,8.2737855e-06
15,15,195.01333,3.1535626e-06
15,15,195.51337,1.099994e-05
15,15,196.0134,1.4189687e-05
15,15,196.51343,2.0775163e-05
15,15,197.01347,1.7544855e-05
15,15,197.5135,9.5789457e-06
15,15,198.01354,8.426701e-06
15,15,198.51357,1.0617302e-05
15,15,199.0136,1.0184022e-05
15,15,199.51364,1.0101036e-05
16,16,0,5.9885421e-06
16,16,0.50003418,3.1802471e-06
16,16,1.0000684,3.8719123e-07
16,16,1.5001025,3.024863e-06
16,16,2.0001367,7.2077672e-06
16,16,2.5001709,5.3046542e-06
16,16,3.0002051,1.6596107e-06
16,16,3.5002393,2.8609895e-06
16,16,4.0002735,4.7100799e-06
16,16,4.5003076,9.3977889e-07
16,16,5.0003418,3.4834505e-06
16,16,5.500376,3.1826104e-06
16,16,6.0004102,1.3927913e-05
16,16,6.5004444,1.838972e-05
16,16,7.0004785,1.2111674e-05
16,16,7.5005127,9.6226539e-06
16,16,8.0005469,1.3415169e-05
16,16,8.5005811,1.1590968e-05
16,16,9.0006153,7.7006763e-06
16,16,9.5006495,7.411996e-06
16,16,10.000684,1.6547492e-05
16,16,10.500718,1.2034543e-05
16,16,11.000752,1.1004628e-05
16,16,11.500786,2.2755438e-05
16,16,12.00082,4.0736166e-05
16,16,12.500855,2.6344276e-05
16,16,13.000889,7.3304533e-06
16,16,13.500923,1.5208743e-05
16,16,14.000957,3.5058527e-05
16,16,14.500991,2.2666264e-05
16,16,15.001025,1.4822664e-06
16,16,15.50106,1.1308727e-05
16,16,16.001094,2.3319673e-05
16,16,16.501128,1.4754785e-05
16,16,17.001162,6.9760985e-06
16,16,17.501196,5.1106376e-06
16,16,18.001231,1.4670779e-05
16,16,18.501265,2.3587881e-05
16,16,19.001299,2.4949057e-05
16,16,19.501333,4.3237767e-05
16,16,20.001367,0.00010236897
16,16,20.501401,3.9730275e-05
16,16,21.001436,1.7441239e-05
16,16,21.50147,1.8067485e-05
16,16,22.001504,4.7559276e-05
16,16,22.501538,4.28231e-05
16,16,23.001572,3.4609073e-05
16,16,23.501607,1.2767254e-05
16,16,24.001641,6.8265e-05
16,16,24.501675,6.8265383e-05
16,16,25.001709,4.977169e-05
16,16,25.501743,2.8599027e-05
16,16,26.001777,5.333991e-05
16,16,26.501812,4.9645328e-05
16,16,27.001846,1.0166419e-05
16,16,27.50188,4.2065999e-05
16,16,28.001914,0.00011451934
16,16,28.501948,9.4594897e-05
16,16,29.001983,0.00011567668
16,16,29.502017,5.4894625e-05
16,16,30.002051,9.6287725e-05
16,16,30.502085,0.00010699732
16,16,31.002119,7.1547329e-05
16,16,31.502153,2.6090516e-05
16,16,32.002188,0.00011609114
16,16,32.502222,0.00013084763
16,16,33.002256,7.8348496e-05
16,16,33.50229,3.2041466e-05
16,16,34.002324,8.7700296e-05
16,16,34.502359,9.518724e-05
16,16,35.002393,6.1756683e-05
16,16,35.502427,4.424131e-05
16,16,36.002461,4.4228972e-05
16,16,36.502495,5.9114663e-05
16,16,37.002529,6.6029307e-05
16,16,37.502564,5.4002285e-05
16,16,38.002598,0.00026498358
16,16,38.502632,0.00032667693
16,16,39.002666,0.00010092111
16,16,39.5027,4.7337904e-05
16,16,40.002735,1.910849e-05
16,16,40.502769,1.8639574e-05
16,16,41.002803,2.6945149e-05
16,16,41.502837,2.3011628e-05
16,16,42.002871,2.9294282e-05
16,16,42.502905,3.5888558e-05
16,16,43.00294,1.3215277e-05
16,16,43.502974,1.047906e-05
16,16,44.003008,3.5476308e-05
16,16,44.503042,4.0357379e-05
16,16,45.003076,1.0757693e-05
16,16,45.503111,1.3502981e-05
16,16,46.003145,3.306908e-05
16,16,46.503179,4.4848057e-05
16,16,47.003213,1.6326739e-05
16,16,47.503247,4.6261894e-06
16,16,48.003281,2.9606733e-05
16,16,48.503316,3.1359949e-05
16,16,49.00335,2.0730774e-05
16,16,49.503384,1.1805077e-05
16,16,50.003418,2.1560794e-05
16,16,50.503452,2.4352154e-05
16,16,51.003487,1.303836e-05
16,16,51.503521,4.6076684e-06
16,16,52.003555,6.336779e-06
16,16,52.503589,1.4452458e-05
16,16,53.003623,9.0054294e-06
16,16,53.503657,9.8695731e-06
16,16,54.003692,9.8670242e-06
16,16,54.503726,7.2684535e-06
16,16,55.00376,1.3498585e-05
16,16,55.503794,5.0280272e-06
16,16,56.003828,5.535966e-06
16,16,56.503863,8.2727852e-06
16,16,57.003897,6.5931042e-06
16,16,57.503931,4.7704289e-06
16,16,58.003965,1.822156e-05
16,16,58.503999,3.6193055e-05
16,16,59.004033,7.9125987e-05
16,16,59.504068,0.00012424576
16,16,60.004102,9.839698e-05
16,16,60.504136,4.0865796e-05
16,16,61.00417,2.8646135e-05
16,16,61.504204,2.3520911e-05
16,16,62.004239,6.8544736e-06
16,16,62.504273,1.0770279e-05
16,16,63.004307,1.200196e-05
16,16,63.504341,1.0366726e-05
16,16,64.004375,5.2150933e-06
16,16,64.504409,6.1892209e-06
16,16,65.004444,1.0183055e-05
16,16,65.504478,6.5373451e-06
16,16,66.004512,4.8310106e-06
16,16,66.504546,1.3727985e-05
16,16,67.00458,4.9754147e-06
16,16,67.504615,2.1017926e-05
16,16,68.004649,1.2869339e-05
16,16,68.504683,1.2269017e-05
16,16,69.004717,1.6226166e-05
16,16,69.504751,2.5803775e-05
16,16,70.004785,2.3412248e-05
16,16,70.50482,1.0404896e-05
16,16,71.004854,6.8695227e-06
16,16,71.504888,1.9757751e-05
16,16,72.004922,1.4909857e-05
16,16,72.504956,9.0736289e-06
16,16,73.004991,2.3107617e-05
16,16,73.505025,2.0139589e-05
16,16,74.005059,2.0732027e-05
16,16,74.505093,1.9723913e-05
16,16,75.005127,6.3270455e-06
16,16,75.505161,1.5143429e-05
16,16,76.005196,1.5460215e-05
16,16,76.50523,2.6441207e-05
16,16,77.005264,1.5300313e-05
16,16,77.505298,1.1338255e-05
16,16,78.005332,1.3304973e-05
16,16,78.505367,9.4219874e-06
16,16,79.005401,1.4093359e-05
16,16,79.505435,1.2051789e-05
16,16,80.005469,2.0143042e-06
16,16,80.505503,1.7037015e-05
16,16,81.005537,1.3979482e-05
16,16,81.505572,2.81482e-05
16,16,82.005606,3.0328405e-05
16,16,82.50564,2.4921259e-05
16,16,83.005674,3.2577454e-05
16,16,83.505708,3.2502496e-05
16,16,84.005743,3.1843275e-05
16,16,84.505777,3.540681e-05
16,16,85.005811,4.2130888e-05
16,16,85.505845,2.1803772e-05
16,16,86.005879,2.3457597e-05
16,16,86.505913,2.9350284e-05
16,16,87.005948,2.2582192e-05
16,16,87.505982,1.8509059e-05
16,16,88.006016,1.3481004e-05
16,16,88.50605,1.8923464e-05
16,16,89.006084,1.9246894e-05
16,16,89.506119,8.0726411e-06
16,16,90.006153,5.4932545e-06
16,16,90.506187,1.7837399e-06
16,16,91.006221,1.7013345e-05
16,16,91.506255,5.3068153e-06
16,16,92.006289,1.519043e-05
16,16,92.506324,1.2006483e-06
16,16,93.006358,8.9600041e-06
16,16,93.506392,4.634494e-06
16,16,94.006426,9.0346837e-06
16,16,94.50646,2.4245678e-05
16,16,95.006495,4.3584725e-05
16,16,95.506529,2.5415801e-05
16,16,96.006563,3.517563e-05
16,16,96.506597,2.5075945e-05
16,16,97.006631,4.9157999e-05
16,16,97.506665,2.0240254e-05
16,16,98.0067,1.4444476e-05
16,16,98.506734,1.7952001e-05
16,16,99.006768,2.5024918e-05
16,16,99.506802,9.0844348e-06
16,16,100.00684,1.8220613e-05
16,16,100.50687,3.3939569e-05
16,16,101.0069,1.4998992e-05
16,16,101.50694,4.9984336e-06
16,16,102.00697,2.0194723e-05
16,16,102.50701,2.1203975e-05
16,16,103.00704,2.6559814e-06
16,16,103.50708,2.4311074e-05
16,16,104.00711,2.3284585e-05
16,16,104.50714,5.7822129e-06
16,16,105.00718,1.7317766e-05
16,16,105.50721,1.4291879e-05
16,16,106.00725,5.1506188e-06
16,16,106.50728,3.9359479e-06
16,16,107.00731,5.8985843e-06
16,16,107.50735,8.9082271e-06
16,16,108.00738,1.8103858e-05
16,16,108.50742,4.9209785e-06
16,16,109.00745,1.1955563e-05
16,16,109.50749,1.0667228e-05
16,16,110.00752,1.1792507e-05
16,16,110.50755,2.4709281e-06
16,16,111.00759,9.2535138e-06
16,16,111.50762,2.0339406e-05
16,16,112.00766,2.0734068e-05
16,16,112.50769,1.4661309e-05
16,16,113.00773,2.6986797e-05
16,16,113.50776,2.7647363e-05
16,16,114.00779,6.5996344e-06
16,16,114.50783,5.8554752e-06
16,16,115.00786,2.2582555e-05
16,16,115.5079,1.9933335e-05
16,16,116.00793,9.0631705e-06
16,16,116.50796,1.9040196e-05
16,16,117.008,2.2028427e-05
16,16,117.50803,6.6490271e-06
16,16,118.00807,1.8119243e-05
16,16,118.5081,1.4669201e-05
16,16,119.00814,1.937493e-05
16,16,119.50817,3.7130175e-05
16,16,120.0082,9.2645509e-05
16,16,120.50824,5.3195559e-05
16,16,121.00827,1.4642777e-05
16,16,121.50831,1.0643417e-05
16,16,122.00834,2.9975698e-05
16,16,122.50837,2.5790363e-05
16,16,123.00841,6.2103092e-06
16,16,123.50844,1.8819371e-05
16,16,124.00848,2.1170265e-05
16,16,124.50851,8.5186863e-06
16,16,125.00855,1.1290598e-05
16,16,125.50858,1.498114e-05
16,16,126.00861,2.4411141e-05
16,16,126.50865,2.3483607e-05
16,16,127.00868,3.4111789e-06
16,16,127.50872,3.6745882e-05
16,16,128.00875,4.3164825e-05
16,16,128.50878,1.7108891e-05
16,16,129.00882,8.6571046e-06
16,16,129.50885,9.4698049e-06
16,16,130.00889,9.6926758e-06
16,16,130.50892,1.0181005e-05
16,16,131.00896,4.357014e-06
16,16,131.50899,8.9173612e-06
16,16,132.00902,9.2585179e-06
16,16,132.50906,3.1267346e-05
16,16,133.00909,4.9274057e-05
16,16,133.50913,2.4107612e-05
16,16,134.00916,2.7086251e-05
16,16,134.50919,1.8652775e-05
16,16,135.00923,1.3826187e-05
16,16,135.50926,2.6499754e-05
16,16,136.0093,3.0417301e-05
16,16,136.50933,1.6412041e-05
16,16,137.00937,5.9798434e-06
16,16,137.5094,2.432887e-05
16,16,138.00943,2.866863e-05
16,16,138.50947,2.455231e-05
16,16,139.0095,1.5519951e-05
16,16,139.50954,1.7604727e-05
16,16,140.00957,1.9426396e-05
16,16,140.50961,1.5886531e-05
16,16,141.00964,1.413272e-05
16,16,141.50967,1.6480714e-05
16,16,142.00971,1.8193048e-05
16,16,142.50974,8.6714323e-06
16,16,143.00978,7.3847402e-06
16,16,143.50981,2.8326114e-06
16,16,144.00984,6.3348527e-06
16,16,144.50988,2.5655924e-05
16,16,145.00991,2.4073832e-05
16,16,145.50995,1.253919e-05
16,16,146.00998,2.3419867e-05
16,16,146.51002,3.1469836e-05
16,16,147.01005,2.3560251e-05
16,16,147.51008,3.6527184e-05
16,16,148.01012,4.9744218e-05
16,16,148.51015,2.1489702e-05
16,16,149.01019,7.3801911e-06
16,16,149.51022,2.2555069e-05
16,16,150.01025,2.8467092e-05
16,16,150.51029,2.4636112e-05
16,16,151.01032,1.5197436e-05
16,16,151.51036,2.0420491e-05
16,16,152.01039,3.1750933e-05
16,16,152.51043,2.0116176e-05
16,16,153.01046,4.3081721e-05
16,16,153.51049,5.2534009e-05
16,16,154.01053,3.7463473e-05
16,16,154.51056,6.1456679e-06
16,16,155.0106,6.8743702e-06
16,16,155.51063,9.4725815e-06
16,16,156.01066,8.4781137e-06
16,16,156.5107,7.7900684e-06
16,16,157.01073,1.301277e-05
16,16,157.51077,1.1375809e-05
16,16,158.0108,2.0627187e-05
16,16,158.51084,2.4540825e-05
16,16,159.01087,2.6347521e-05
16,16,159.5109,2.2371131e-05
16,16,160.01094,1.1413118e-05
16,16,160.51097,2.9533872e-06
16,16,161.01101,1.394836e-05
16,16,161.51104,1.7440481e-05
16,16,162.01107,1.5622855e-05
16,16,162.51111,9.0028331e-06
16,16,163.01114,8.2087886e-06
16,16,163.51118,2.1214468e-05
16,16,164.01121,9.7284992e-06
16,16,164.51125,1.5936313e-05
16,16,165.01128,7.8153607e-06
16,16,165.51131,2.0671979e-05
16,16,166.01135,1.6224965e-05
16,16,166.51138,2.3410304e-05
16,16,167.01142,1.8711778e-05
16,16,167.51145,7.4265855e-06
16,16,168.01149,3.7407965e-06
16,16,168.51152,2.2377846e-05
16,16,169.01155,1.5919119e-05
16,16,169.51159,1.3388168e-05
16,16,170.01162,7.3686033e-06
16,16,170.51166,1.504261e-05
16,16,171.01169,1.0483243e-05
16,16,171.51172,2.0565215e-05
16,16,172.01176,1.3344227e-05
16,16,172.51179,9.7450795e-06
16,16,173.01183,7.7807453e-06
16,16,173.51186,2.3271187e-05
16,16,174.0119,1.2984004e-05
16,16,174.51193,1.8999257e-05
16,16,175.01196,1.5822677e-05
16,16,175.512,1.035029e-05
16,16,176.01203,1.2614534e-06
16,16,176.51207,3.6292728e-05
16,16,177.0121,3.6457031e-05
16,16,177.51213,6.8499948e-06
16,16,178.01217,5.0394804e-06
16,16,178.5122,1.5326548e-05
16,16,179.01224,8.907984e-06
16,16,179.51227,2.1756868e-05
16,16,180.01231,3.8371637e-05
16,16,180.51234,3.5774425e-05
16,16,181.01237,2.5990598e-05
16,16,181.51241,3.9496704e-05
16,16,182.01244,2.4281295e-05
16,16,182.51248,1.1650049e-05
16,16,183.01251,1.2471836e-05
16,16,183.51254,1.6130755e-06
16,16,184.01258,1.0530242e-05
16,16,184.51261,8.8311041e-06
16,16,185.01265,6.1415996e-06
16,16,185.51268,1.081364e-05
16,16,186.01272,2.1325053e-06
16,16,186.51275,1.4502571e-05
16,16,187.01278,1.247108e-05
16,16,187.51282,1.2205294e-05
16,16,188.01285,1.0095957e-05
16,16,188.51289,6.6302477e-06
16,16,189.01292,1.5748024e-05
16,16,189.51295,2.2628337e-05
16,16,190.01299,2.029816e-05
16,16,190.51302,7.0339532e-06
16,16,191.01306,2.0880497e-05
16,16,191.51309,1.6586551e-05
16,16,192.01313,1.199945e-05
16,16,192.51316,7.0310734e-06
16,16,193.01319,8.6876715e-06
16,16,193.51323,5.5641529e-06
16,16,194.01326,2.2540824e-05
16,16,194.5133,1.2507888e-05
16,16,195.01333,6.2838652e-06
16,16,195.51337,4.9219338e-06
16,16,196.0134,1.842918e-05
16,16,196.51343,4.7555266e-06
16,16,197.01347,1.2915547e-05
16,16,197.5135,1.0953412e-05
16,16,198.01354,1.7202625e-05
16,16,198.51357,1.5956336e-06
16,16,199.0136,1.6775943e-05
16,16,199.51364,6.1134195e-06
17,17,0,1.3630855e-06
17,17,0.50003418,6.9254445e-07
17,17,1.0000684,4.6274569e-07
17,17,1.5001025,2.4416601e-06
17,17,2.0001367,5.2665566e-06
17,17,2.5001709,4.4168676e-06
17,17,3.0002051,6.6314914e-07
17,17,3.5002393,1.9138867e-06
17,17,4.0002735,5.4910964e-06
17,17,4.5003076,5.0493454e-06
17,17,5.0003418,4.2852819e-06
17,17,5.500376,8.7009452e-06
17,17,6.0004102,1.7430557e-05
17,17,6.5004444,1.9838602e-05
17,17,7.0004785,1.2454145e-05
17,17,7.5005127,1.4078052e-05
17,17,8.0005469,2.4857047e-05
17,17,8.5005811,1.5395398e-05
17,17,9.0006153,1.5319102e-05
17,17,9.5006495,1.3928968e-05
17,17,10.000684,2.3097727e-05
17,17,10.500718,2.6438583e-05
17,17,11.000752,3.4831559e-05
17,17,11.500786,5.7124801e-05
17,17,12.00082,5.9959635e-05
17,17,12.500855,2.8901076e-05
17,17,13.000889,3.2688365e-05
17,17,13.500923,4.3397545e-05
17,17,14.000957,6.2009952e-06
17,17,14.500991,9.7575679e-06
17,17,15.001025,1.965973e-05
17,17,15.50106,1.1911485e-05
17,17,16.001094,2.1412104e-05
17,17,16.501128,8.441428e-06
17,17,17.001162,6.8761545e-06
17,17,17.501196,4.4187001e-06
17,17,18.001231,1.7138154e-05
17,17,18.501265,2.2735736e-05
17,17,19.001299,1.42875e-05
17,17,19.501333,5.3335503e-05
17,17,20.001367,9.6316891e-05
17,17,20.501401,4.9674718e-05
17,17,21.001436,5.8954587e-06
17,17,21.50147,4.0808491e-06
17,17,22.001504,1.3633797e-05
17,17,22.501538,3.9929114e-05
17,17,23.001572,3.3525162e-05
17,17,23.501607,1.9105956e-05
17,17,24.001641,3.6460588e-05
17,17,24.501675,5.4410031e-05
17,17,25.001709,3.7749078e-05
17,17,25.501743,3.3897232e-06
17,17,26.001777,4.8202127e-05
17,17,26.501812,7.527927e-05
17,17,27.001846,4.2957078e-05
17,17,27.50188,3.1536105e-05
17,17,28.001914,0.00011107419
17,17,28.501948,0.00010855484
17,17,29.001983,1.875828e-05
17,17,29.502017,3.0513287e-05
17,17,30.002051,3.4032814e-05
17,17,30.502085,6.9647041e-05
17,17,31.002119,5.6091337e-05
17,17,31.502153,7.9276482e-06
17,17,32.002188,2.8918483e-05
17,17,32.502222,6.1079894e-05
17,17,33.002256,4.8462644e-05
17,17,33.50229,1.5883576e-05
17,17,34.002324,3.7075471e-05
17,17,34.502359,7.2908506e-05
17,17,35.002393,7.3852279e-05
17,17,35.502427,7.0587084e-05
17,17,36.002461,6.9800749e-05
17,17,36.502495,4.7055733e-05
17,17,37.002529,3.2405378e-05
17,17,37.502564,3.6342511e-05
17,17,38.002598,0.00014680334
17,17,38.502632,0.00015783692
17,17,39.002666,5.5088845e-05
17,17,39.5027,5.3143874e-05
17,17,40.002735,3.7842229e-05
17,17,40.502769,1.0460842e-05
17,17,41.002803,8.9536365e-06
17,17,41.502837,1.4081033e-05
17,17,42.002871,1.2081591e-05
17,17,42.502905,7.2980956e-06
17,17,43.00294,2.981425e-05
17,17,43.502974,3.8497736e-05
17,17,44.003008,1.9250122e-05
17,17,44.503042,1.6898736e-05
17,17,45.003076,1.2712298e-05
17,17,45.503111,8.9085726e-06
17,17,46.003145,1.7336134e-05
17,17,46.503179,2.0911015e-05
17,17,47.003213,9.4458791e-06
17,17,47.503247,2.4525784e-05
17,17,48.003281,3.1128945e-05
17,17,48.503316,1.970856e-05
17,17,49.00335,2.3193465e-05
17,17,49.503384,1.8445253e-05
17,17,50.003418,3.2891354e-05
17,17,50.503452,4.2019851e-05
17,17,51.003487,2.8604832e-05
17,17,51.503521,8.2537827e-06
17,17,52.003555,2.6239923e-05
17,17,52.503589,2.3573802e-05
17,17,53.003623,2.8256525e-05
17,17,53.503657,2.2866613e-05
17,17,54.003692,2.3366795e-05
17,17,54.503726,1.7060478e-05
17,17,55.00376,9.4015055e-06
17,17,55.503794,1.330953e-05
17,17,56.003828,3.9011232e-05
17,17,56.503863,5.4827041e-05
17,17,57.003897,4.4507637e-05
17,17,57.503931,2.145276e-05
17,17,58.003965,1.4098977e-05
17,17,58.503999,2.5559269e-05
17,17,59.004033,8.4960794e-05
17,17,59.504068,0.0001174035
17,17,60.004102,6.2652489e-05
17,17,60.504136,3.8493519e-06
17,17,61.00417,1.2824955e-05
17,17,61.504204,1.8651635e-05
17,17,62.004239,2.081504e-05
17,17,62.504273,1.48188e-05
17,17,63.004307,7.1748225e-06
17,17,63.504341,1.0195585e-05
17,17,64.004375,4.5673705e-06
17,17,64.504409,1.0808784e-05
17,17,65.004444,3.2274762e-06
17,17,65.504478,9.7885297e-06
17,17,66.004512,5.1394387e-06
17,17,66.504546,6.6174982e-06
17,17,67.00458,1.6174538e-05
17,17,67.504615,2.877475e-05
17,17,68.004649,1.3277122e-05
17,17,68.504683,3.7120153e-06
17,17,69.004717,7.29042e-06
17,17,69.504751,1.394496e-05
17,17,70.004785,1.5007262e-05
17,17,70.50482,1.2205421e-05
17,17,71.004854,1.8170579e-05
17,17,71.504888,1.1230754e-05
17,17,72.004922,4.3524999e-06
17,17,72.504956,5.2702049e-06
17,17,73.004991,1.0980795e-05
17,17,73.505025,9.6002527e-06
17,17,74.005059,1.640435e-05
17,17,74.505093,6.465137e-06
17,17,75.005127,1.1731953e-05
17,17,75.505161,8.5065528e-06
17,17,76.005196,5.4531246e-06
17,17,76.50523,2.8294811e-06
17,17,77.005264,1.1538414e-05
17,17,77.505298,1.0815485e-05
17,17,78.005332,1.2646947e-05
17,17,78.505367,7.3969827e-06
17,17,79.005401,1.2036205e-05
17,17,79.505435,1.5073241e-05
17,17,80.005469,8.2833312e-06
17,17,80.505503,1.3415834e-05
17,17,81.005537,1.6932087e-05
17,17,81.505572,2.2799799e-05
17,17,82.005606,8.0244358e-06
17,17,82.50564,1.1158014e-05
17,17,83.005674,1.6578939e-05
17,17,83.505708,1.3046142e-05
17,17,84.005743,1.1948253e-05
17,17,84.505777,2.7145199e-05
17,17,85.005811,5.3573741e-05
17,17,85.505845,5.002491e-05
17,17,86.005879,1.8860707e-05
17,17,86.505913,1.4517886e-05
17,17,87.005948,2.4099507e-05
17,17,87.505982,1.3996576e-05
17,17,88.006016,4.3627474e-06
17,17,88.50605,1.8764964e-05
17,17,89.006084,3.7047596e-05
17,17,89.506119,3.0315015e-05
17,17,90.006153,8.9566063e-06
17,17,90.506187,1.5181286e-06
17,17,91.006221,1.4292529e-05
17,17,91.506255,1.6372661e-05
17,17,92.006289,1.3539117e-05
17,17,92.506324,1.2638559e-05
17,17,93.006358,1.58347e-05
17,17,93.506392,2.5361171e-05
17,17,94.006426,3.0127043e-05
17,17,94.50646,2.3894526e-05
17,17,95.006495,1.4925826e-05
17,17,95.506529,1.6198222e-05
17,17,96.006563,7.440828e-06
17,17,96.506597,1.5471981e-05
17,17,97.006631,3.1284226e-05
17,17,97.506665,2.1892689e-05
17,17,98.0067,1.7902057e-05
17,17,98.506734,1.7393251e-05
17,17,99.006768,4.8370982e-05
17,17,99.506802,3.7845296e-05
17,17,100.00684,1.4632998e-05
17,17,100.50687,1.973056e-05
17,17,101.0069,3.362614e-05
17,17,101.50694,4.0987076e-05
17,17,102.00697,1.2280255e-05
17,17,102.50701,1.8271085e-05
17,17,103.00704,3.5624861e-05
17,17,103.50708,4.6282866e-05
17,17,104.00711,3.6339667e-05
17,17,104.50714,1.9881741e-05
17,17,105.00718,1.5395913e-05
17,17,105.50721,1.7730488e-05
17,17,106.00725,2.7260085e-05
17,17,106.50728,5.1481951e-06
17,17,107.00731,3.3990928e-05
17,17,107.50735,1.4990499e-05
17,17,108.00738,1.157321e-05
17,17,108.50742,1.5575655e-05
17,17,109.00745,1.4154289e-05
17,17,109.50749,1.8029207e-05
17,17,110.00752,1.1402511e-05
17,17,110.50755,1.4397007e-05
17,17,111.00759,8.9540278e-06
17,17,111.50762,1.0019125e-05
17,17,112.00766,1.3376226e-06
17,17,112.50769,8.8797511e-06
17,17,113.00773,6.8783089e-06
17,17,113.50776,3.8656526e-05
17,17,114.00779,2.3551154e-05
17,17,114.50783,4.6811551e-06
17,17,115.00786,2.0002542e-06
17,17,115.5079,1.8528073e-06
17,17,116.00793,2.7553462e-06
17,17,116.50796,9.7724838e-06
17,17,117.008,1.0475948e-05
17,17,117.50803,8.5356388e-06
17,17,118.00807,1.8829454e-05
17,17,118.5081,3.815776e-05
17,17,119.00814,8.740774e-06
17,17,119.50817,9.2268146e-05
17,17,120.0082,0.00024826814
17,17,120.50824,0.00014103177
17,17,121.00827,7.6247649e-06
17,17,121.50831,8.3494762e-06
17,17,122.00834,1.3086157e-05
17,17,122.50837,1.3115288e-05
17,17,123.00841,1.0538753e-05
17,17,123.50844,1.0914022e-05
17,17,124.00848,1.1372926e-05
17,17,124.50851,1.4313809e-05
17,17,125.00855,1.0318913e-05
17,17,125.50858,5.6321635e-06
17,17,126.00861,2.1400448e-06
17,17,126.50865,6.5448982e-06
17,17,127.00868,2.6753356e-06
17,17,127.50872,1.7669735e-05
17,17,128.00875,2.5894698e-05
17,17,128.50878,1.4634902e-05
17,17,129.00882,1.0751526e-05
17,17,129.50885,7.9634976e-06
17,17,130.00889,1.6508737e-05
17,17,130.50892,1.5639511e-05
17,17,131.00896,1.8666966e-05
17,17,131.50899,4.5978316e-06
17,17,132.00902,8.8541041e-06
17,17,132.50906,9.0345649e-06
17,17,133.00909,1.6556404e-05
17,17,133.50913,2.8916957e-06
17,17,134.00916,1.4536527e-05
17,17,134.50919,4.1445341e-06
17,17,135.00923,2.6098558e-06
17,17,135.50926,3.6385616e-06
17,17,136.0093,3.6754506e-06
17,17,136.50933,8.851353e-06
17,17,137.00937,7.3602407e-06
17,17,137.5094,1.8627688e-05
17,17,138.00943,1.5586711e-05
17,17,138.50947,2.0068764e-05
17,17,139.0095,1.6238073e-05
17,17,139.50954,8.0367433e-06
17,17,140.00957,9.6233128e-06
17,17,140.50961,9.1299716e-06
17,17,141.00964,1.4974228e-05
17,17,141.50967,2.0090452e-05
17,17,142.00971,2.2561405e-05
17,17,142.50974,1.5354753e-05
17,17,143.00978,7.161352e-06
17,17,143.50981,9.4613564e-06
17,17,144.00984,1.7296223e-05
17,17,144.50988,1.6859361e-05
17,17,145.00991,1.0657982e-05
17,17,145.50995,1.424226e-05
17,17,146.00998,2.122733e-05
17,17,146.51002,1.3367015e-05
17,17,147.01005,1.1924121e-05
17,17,147.51008,7.7261806e-06
17,17,148.01012,1.4625039e-05
17,17,148.51015,1.7156171e-05
17,17,149.01019,1.8963231e-05
17,17,149.51022,1.1250296e-05
17,17,150.01025,1.0489242e-05
17,17,150.51029,1.3769046e-05
17,17,151.01032,1.2227464e-05
17,17,151.51036,4.6338334e-06
17,17,152.01039,1.9410737e-05
17,17,152.51043,1.7858717e-05
17,17,153.01046,1.100629e-05
17,17,153.51049,1.838846e-05
17,17,154.01053,2.1664819e-05
17,17,154.51056,1.9585387e-05
17,17,155.0106,1.4901414e-06
17,17,155.51063,1.2438413e-05
17,17,156.01066,2.3903104e-05
17,17,156.5107,1.7679191e-05
17,17,157.01073,1.712603e-05
17,17,157.51077,1.8621564e-05
17,17,158.0108,1.613694e-05
17,17,158.51084,9.0257893e-06
17,17,159.01087,1.759456e-05
17,17,159.5109,7.5963885e-06
17,17,160.01094,8.8856044e-06
17,17,160.51097,2.3875072e-05
17,17,161.01101,1.3689968e-05
17,17,161.51104,4.7174424e-06
17,17,162.01107,2.8406411e-05
17,17,162.51111,3.7305789e-05
17,17,163.01114,1.4363381e-05
17,17,163.51118,1.1774138e-05
17,17,164.01121,1.2264968e-05
17,17,164.51125,1.3311461e-05
17,17,165.01128,1.2107997e-06
17,17,165.51131,9.5902945e-06
17,17,166.01135,7.0246655e-06
17,17,166.51138,2.1839181e-05
17,17,167.01142,1.7996653e-05
17,17,167.51145,1.39632e-05
17,17,168.01149,3.0322755e-06
17,17,168.51152,2.6113553e-05
17,17,169.01155,2.2785234e-05
17,17,169.51159,1.4082443e-05
17,17,170.01162,6.8141571e-06
17,17,170.51166,2.2505323e-05
17,17,171.01169,1.7403639e-05
17,17,171.51172,2.0114749e-05
17,17,172.01176,6.7721319e-06
17,17,172.51179,1.6414056e-05
17,17,173.01183,1.8470447e-05
17,17,173.51186,1.9564824e-05
17,17,174.0119,6.4632885e-06
17,17,174.51193,1.8439186e-05
17,17,175.01196,1.5841299e-05
17,17,175.512,1.6593084e-05
17,17,176.01203,5.6226702e-06
17,17,176.51207,7.5834777e-06
17,17,177.0121,7.5956164e-06
17,17,177.51213,1.1860148e-05
17,17,178.01217,1.2058979e-05
17,17,178.5122,4.6884236e-06
17,17,179.01224,1.2427974e-05
17,17,179.51227,1.1990322e-05
17,17,180.01231,3.6573982e-06
17,17,180.51234,3.3159161e-07
17,17,181.01237,2.1916098e-06
17,17,181.51241,1.0281462e-05
17,17,182.01244,2.5719637e-06
17,17,182.51248,1.0554107e-05
17,17,183.01251,1.2567032e-05
17,17,183.51254,1.4266899e-05
17,17,184.01258,6.1037566e-06
17,17,184.51261,5.7561033e-06
17,17,185.01265,4.8451823e-06
17,17,185.51268,1.51593e-05
17,17,186.01272,8.5961604e-06
17,17,186.51275,4.3543304e-06
17,17,187.01278,1.7918435e-06
17,17,187.51282,1.6233714e-05
17,17,188.01285,1.2047906e-05
17,17,188.51289,7.2946114e-06
17,17,189.01292,1.0229762e-05
17,17,189.51295,1.1561532e-05
17,17,190.01299,4.1864737e-06
17,17,190.51302,8.0203586e-06
17,17,191.01306,5.3941675e-06
17,17,191.51309,4.6763585e-06
17,17,192.01313,6.1320712e-06
17,17,192.51316,1.2510968e-05
17,17,193.01319,1.1588597e-05
17,17,193.51323,1.0489039e-05
17,17,194.01326,1.6558238e-06
17,17,194.5133,1.6716147e-05
17,17,195.01333,1.2724516e-05
17,17,195.51337,1.1886947e-05
17,17,196.0134,9.9397075e-06
17,17,196.51343,1.0168561e-05
17,17,197.01347,9.9067943e-06
17,17,197.5135,8.087183e-06
17,17,198.01354,1.550455e-05
17,17,198.51357,8.024878e-06
17,17,199.0136,7.4686361e-06
17,17,199.51364,1.5581191e-05
18,18,0,8.0112882e-07
18,18,0.50003418,4.5051258e-07
18,18,1.0000684,3.077284e-07
18,18,1.5001025,3.3374422e-07
18,18,2.0001367,9.3988493e-07
18,18,2.5001709,5.5748323e-07
18,18,3.0002051,5.0835649e-07
18,18,3.5002393,5.9565359e-07
18,18,4.0002735,1.4580065e-06
18,18,4.5003076,2.9785937e-06
18,18,5.0003418,1.9468405e-06
18,18,5.500376,3.1051375e-06
18,18,6.0004102,4.0071804e-07
18,18,6.5004444,2.4817546e-06
18,18,7.0004785,5.7456251e-06
18,18,7.5005127,1.5844124e-05
18,18,8.0005469,1.0490682e-05
18,18,8.5005811,3.9747475e-05
18,18,9.0006153,2.8887772e-05
18,18,9.5006495,2.1136397e-05
18,18,10.000684,3.4581983e-05
18,18,10.500718,3.3437649e-05
18,18,11.000752,1.5283717e-05
18,18,11.500786,2.3510418e-05
18,18,12.00082,5.8576993e-05
18,18,12.500855,3.8470799e-05
18,18,13.000889,6.33609e-06
18,18,13.500923,1.8660027e-05
18,18,14.000957,8.5827293e-06
18,18,14.500991,1.1918348e-05
18,18,15.001025,1.8199389e-05
18,18,15.50106,1.4141204e-05
18,18,16.001094,2.5604469e-05
18,18,16.501128,2.5564066e-05
18,18,17.001162,6.3782131e-06
18,18,17.501196,1.0434584e-05
18,18,18.001231,1.6485869e-05
18,18,18.501265,3.1206225e-05
18,18,19.001299,3.0363436e-05
18,18,19.501333,5.2749046e-05
18,18,20.001367,4.9825633e-05
18,18,20.501401,1.505768e-05
18,18,21.001436,1.4582171e-05
18,18,21.50147,1.3582929e-05
18,18,22.001504,9.7922175e-06
18,18,22.501538,2.0860784e-05
18,18,23.001572,1.6635025e-05
18,18,23.501607,1.5256912e-05
18,18,24.001641,2.7463355e-05
18,18,24.501675,2.4696451e-05
18,18,25.001709,6.1066169e-06
18,18,25.501743,2.779866e-05
18,18,26.001777,2.6081337e-05
18,18,26.501812,9.1098266e-06
18,18,27.001846,2.8216352e-05
18,18,27.50188,3.5076938e-05
18,18,28.001914,0.0001058519
18,18,28.501948,0.00014450805
18,18,29.001983,9.5662605e-05
18,18,29.502017,4.5321625e-05
18,18,30.002051,1.1128768e-05
18,18,30.502085,2.4318957e-05
18,18,31.002119,1.7411519e-05
18,18,31.502153,1.2216887e-05
18,18,32.002188,2.7759743e-05
18,18,32.502222,8.2238583e-05
18,18,33.002256,7.8449897e-05
18,18,33.50229,8.2923332e-06
18,18,34.002324,3.1682567e-05
18,18,34.502359,3.8609016e-05
18,18,35.002393,2.7473541e-05
18,18,35.502427,1.7769262e-05
18,18,36.002461,1.9399245e-05
18,18,36.502495,8.3432527e-06
18,18,37.002529,2.1833401e-05
18,18,37.502564,2.9757399e-05
18,18,38.002598,9.5113962e-06
18,18,38.502632,5.0033518e-05
18,18,39.002666,4.5928769e-05
18,18,39.5027,3.2739168e-05
18,18,40.002735,3.2239747e-05
18,18,40.502769,2.0768594e-05
18,18,41.002803,2.7372888e-05
18,18,41.502837,3.1340238e-05
18,18,42.002871,5.2172196e-05
18,18,42.502905,2.8504496e-05
18,18,43.00294,5.2330542e-05
18,18,43.502974,4.6566883e-05
18,18,44.003008,6.2494312e-05
18,18,44.503042,1.0408083e-05
18,18,45.003076,1.2452199e-05
18,18,45.503111,2.4788469e-05
18,18,46.003145,3.1499785e-05
18,18,46.503179,4.9182979e-05
18,18,47.003213,2.5930442e-05
18,18,47.503247,3.2994776e-05
18,18,48.003281,1.2739057e-05
18,18,48.503316,1.2321079e-05
18,18,49.00335,1.7866205e-05
18,18,49.503384,1.5078197e-05
18,18,50.003418,5.7971742e-06
18,18,50.503452,1.7831155e-05
18,18,51.003487,3.6502842e-05
18,18,51.503521,3.0370964e-05
18,18,52.003555,1.2743269e-05
18,18,52.503589,2.2611936e-05
18,18,53.003623,2.3834494e-05
18,18,53.503657,2.1190686e-05
18,18,54.003692,9.6069034e-06
18,18,54.503726,2.7020609e-05
18,18,55.00376,1.6965178e-05
18,18,55.503794,2.7949715e-05
18,18,56.003828,1.6425066e-05
18,18,56.503863,2.0164707e-05
18,18,57.003897,4.2245889e-05
18,18,57.503931,2.9476731e-05
18,18,58.003965,3.1670689e-05
18,18,58.503999,0.00015941714
18,18,59.004033,0.00029205024
18,18,59.504068,0.00020892991
18,18,60.004102,0.00011180723
18,18,60.504136,9.692742e-06
18,18,61.00417,3.3237131e-05
18,18,61.504204,1.6622967e-05
18,18,62.004239,1.1449448e-05
18,18,62.504273,2.4839644e-05
18,18,63.004307,3.0602737e-05
18,18,63.504341,1.0144318e-05
18,18,64.004375,5.5903745e-06
18,18,64.504409,2.0120882e-06
18,18,65.004444,5.8705598e-06
18,18,65.504478,1.2269565e-05
18,18,66.004512,1.2267117e-05
18,18,66.504546,7.0773577e-06
18,18,67.00458,1.5518704e-05
18,18,67.504615,8.8722472e-06
18,18,68.004649,7.3225409e-06
18,18,68.504683,4.9554774e-06
18,18,69.004717,1.0777503e-05
18,18,69.504751,1.2167457e-05
18,18,70.004785,5.3407268e-06
18,18,70.50482,6.1336404e-06
18,18,71.004854,1.1361963e-06
18,18,71.504888,1.2797793e-05
18,18,72.004922,1.8030185e-05
18,18,72.504956,1.1258646e-05
18,18,73.004991,4.708188e-06
18,18,73.505025,5.4442284e-06
18,18,74.005059,2.4630338e-05
18,18,74.505093,2.9459289e-05
18,18,75.005127,1.4283119e-05
18,18,75.505161,7.1965164e-06
18,18,76.005196,6.511176e-06
18,18,76.50523,4.2640418e-06
18,18,77.005264,1.8758815e-05
18,18,77.505298,3.4519413e-05
18,18,78.005332,2.2527367e-05
18,18,78.505367,7.0050045e-06
18,18,79.005401,1.5142681e-05
18,18,79.505435,4.639931e-06
18,18,80.005469,7.5116869e-06
18,18,80.505503,9.5364607e-06
18,18,81.005537,2.0954716e-05
18,18,81.505572,1.4944198e-05
18,18,82.005606,3.7403564e-06
18,18,82.50564,1.466278e-05
18,18,83.005674,9.7613838e-06
18,18,83.505708,5.6933482e-06
18,18,84.005743,6.9241019e-06
18,18,84.505777,3.23098e-06
18,18,85.005811,1.6115825e-05
18,18,85.505845,1.0626769e-05
18,18,86.005879,7.6806199e-06
18,18,86.505913,7.574167e-06
18,18,87.005948,1.1439467e-05
18,18,87.505982,1.1284781e-05
18,18,88.006016,7.3771932e-06
18,18,88.50605,8.0193977e-06
18,18,89.006084,2.1334955e-05
18,18,89.506119,1.7691577e-05
18,18,90.006153,1.1081988e-05
18,18,90.506187,8.5696554e-06
18,18,91.006221,8.796429e-06
18,18,91.506255,1.2366083e-05
18,18,92.006289,1.9371767e-05
18,18,92.506324,2.4363007e-05
18,18,93.006358,1.3433555e-05
18,18,93.506392,1.6897107e-05
18,18,94.006426,1.879743e-05
18,18,94.50646,1.8746869e-05
18,18,95.006495,8.4613303e-06
18,18,95.506529,3.1598514e-06
18,18,96.006563,1.2025438e-05
18,18,96.506597,3.010385e-05
18,18,97.006631,2.1804777e-05
18,18,97.506665,9.8942991e-06
18,18,98.0067,1.3550063e-05
18,18,98.506734,1.5251196e-05
18,18,99.006768,3.4018141e-06
18,18,99.506802,3.2318713e-06
18,18,100.00684,7.274694e-06
18,18,100.50687,2.288306e-05
18,18,101.0069,2.2381619e-05
18,18,101.50694,7.6314885e-06
18,18,102.00697,9.6697762e-06
18,18,102.50701,1.0900612e-05
18,18,103.00704,6.1244607e-06
18,18,103.50708,1.8709021e-06
18,18,104.00711,9.0544373e-06
18,18,104.50714,1.1185845e-05
18,18,105.00718,1.3662156e-05
18,18,105.50721,6.2352884e-06
18,18,106.00725,9.0592299e-06
18,18,106.50728,7.1889261e-06
18,18,107.00731,1.3762872e-05
18,18,107.50735,2.4053381e-05
18,18,108.00738,1.6717339e-05
18,18,108.50742,1.1475658e-05
18,18,109.00745,9.238811e-06
18,18,109.50749,5.8595323e-06
18,18,110.00752,1.5139076e-05
18,18,110.50755,9.0340763e-06
18,18,111.00759,5.3388015e-06
18,18,111.50762,1.4772163e-05
18,18,112.00766,1.3098327e-05
18,18,112.50769,5.4543145e-06
18,18,113.00773,1.2461427e-05
18,18,113.50776,1.0571785e-05
18,18,114.00779,1.0167844e-05
18,18,114.50783,8.1563242e-06
18,18,115.00786,1.0606333e-05
18,18,115.5079,1.2053019e-05
18,18,116.00793,1.5277512e-05
18,18,116.50796,1.1574441e-05
18,18,117.008,8.3809106e-06
18,18,117.50803,4.38701e-06
18,18,118.00807,1.9485306e-05
18,18,118.5081,3.3209766e-05
18,18,119.00814,1.4901905e-05
18,18,119.50817,4.8295071e-05
18,18,120.0082,0.00011729784
18,18,120.50824,5.3992325e-05
18,18,121.00827,6.4530717e-06
18,18,121.50831,9.5776975e-06
18,18,122.00834,9.5470839e-06
18,18,122.50837,6.9190567e-06
18,18,123.00841,7.5722445e-06
18,18,123.50844,8.1705503e-06
18,18,124.00848,1.0214896e-05
18,18,124.50851,3.113596e-06
18,18,125.00855,9.0412862e-06
18,18,125.50858,7.6551982e-06
18,18,126.00861,1.6358611e-05
18,18,126.50865,1.2723351e-05
18,18,127.00868,5.476718e-06
18,18,127.50872,1.2113921e-05
18,18,128.00875,2.4149211e-05
18,18,128.50878,2.2250652e-05
18,18,129.00882,9.2608705e-06
18,18,129.50885,6.2144594e-06
18,18,130.00889,1.3636447e-05
18,18,130.50892,1.8208659e-05
18,18,131.00896,9.9100053e-06
18,18,131.50899,2.7147805e-06
18,18,132.00902,1.1415231e-06
18,18,132.50906,1.2790465e-05
18,18,133.00909,2.2584026e-05
18,18,133.50913,1.096346e-05
18,18,134.00916,4.2325761e-06
18,18,134.50919,7.1027976e-06
18,18,135.00923,7.4514082e-06
18,18,135.50926,6.6037295e-06
18,18,136.0093,1.0487433e-05
18,18,136.50933,8.8694847e-06
18,18,137.00937,5.1944864e-06
18,18,137.5094,2.4318569e-06
18,18,138.00943,2.9020943e-06
18,18,138.50947,3.7504114e-06
18,18,139.0095,5.2920737e-06
18,18,139.50954,8.5381908e-06
18,18,140.00957,1.1040541e-05
18,18,140.50961,8.4628561e-06
18,18,141.00964,5.9330569e-06
18,18,141.50967,7.9102194e-06
18,18,142.00971,7.2573307e-06
18,18,142.50974,5.074807e-06
18,18,143.00978,1.1373495e-05
18,18,143.50981,7.9731371e-06
18,18,144.00984,2.9291553e-06
18,18,144.50988,8.2639514e-06
18,18,145.00991,8.7800784e-06
18,18,145.50995,7.7012988e-06
18,18,146.00998,3.5663968e-06
18,18,146.51002,6.9317109e-06
18,18,147.01005,9.7712916e-06
18,18,147.51008,1.3150678e-05
18,18,148.01012,1.0572049e-05
18,18,148.51015,1.3455048e-05
18,18,149.01019,1.757127e-05
18,18,149.51022,1.1655575e-05
18,18,150.01025,1.101588e-05
18,18,150.51029,2.3795331e-05
18,18,151.01032,2.4597881e-05
18,18,151.51036,1.8321525e-05
18,18,152.01039,1.7789258e-05
18,18,152.51043,8.4093381e-06
18,18,153.01046,7.8347484e-06
18,18,153.51049,2.6158744e-05
18,18,154.01053,3.0845585e-05
18,18,154.51056,1.348175e-05
18,18,155.0106,2.5595854e-05
18,18,155.51063,4.6694857e-05
18,18,156.01066,5.7895589e-05
18,18,156.5107,8.2877009e-05
18,18,157.01073,8.2787503e-05
18,18,157.51077,7.6800489e-05
18,18,158.0108,5.5978607e-05
18,18,158.51084,1.2945044e-05
18,18,159.01087,9.5986451e-06
18,18,159.5109,1.0524493e-05
18,18,160.01094,1.5412945e-05
18,18,160.51097,1.2701182e-05
18,18,161.01101,1.279151e-05
18,18,161.51104,1.1835103e-05
18,18,162.01107,1.3186936e-05
18,18,162.51111,1.5434426e-05
18,18,163.01114,5.1554144e-06
18,18,163.51118,9.0031269e-06
18,18,164.01121,8.9054481e-06
18,18,164.51125,8.8515295e-06
18,18,165.01128,3.8250366e-06
18,18,165.51131,6.9997831e-06
18,18,166.01135,1.1894773e-05
18,18,166.51138,8.3391551e-06
18,18,167.01142,1.2193391e-06
18,18,167.51145,7.7627721e-06
18,18,168.01149,1.0508102e-05
18,18,168.51152,1.2287035e-05
18,18,169.01155,5.3972708e-06
18,18,169.51159,6.0478572e-06
18,18,170.01162,1.0173651e-05
18,18,170.51166,1.0347378e-05
18,18,171.01169,1.6146007e-06
18,18,171.51172,1.2502161e-05
18,18,172.01176,1.2913394e-05
18,18,172.51179,4.2197271e-06
18,18,173.01183,8.2549983e-06
18,18,173.51186,7.3276894e-06
18,18,174.0119,6.9199265e-06
18,18,174.51193,9.8829428e-06
18,18,175.01196,1.0879822e-05
18,18,175.512,4.2284398e-06
18,18,176.01203,5.1464669e-06
18,18,176.51207,8.0320943e-06
18,18,177.0121,6.3291096e-06
18,18,177.51213,8.1198767e-06
18,18,178.01217,7.6783093e-06
18,18,178.5122,1.0054859e-05
18,18,179.01224,4.7752305e-06
18,18,179.51227,4.1766501e-06
18,18,180.01231,1.1011211e-06
18,18,180.51234,4.4194446e-06
18,18,181.01237,1.1663759e-06
18,18,181.51241,3.2433244e-06
18,18,182.01244,1.3166709e-06
18,18,182.51248,1.6282405e-06
18,18,183.01251,2.6557848e-06
18,18,183.51254,6.1343379e-06
18,18,184.01258,8.2124684e-06
18,18,184.51261,6.0360528e-06
18,18,185.01265,3.7240503e-06
18,18,185.51268,2.7910764e-06
18,18,186.01272,4.9065124e-06
18,18,186.51275,3.0535555e-06
18,18,187.01278,2.3279093e-06
18,18,187.51282,3.8064575e-06
18,18,188.01285,7.6116471e-06
18,18,188.51289,7.4251293e-06
18,18,189.01292,2.674445e-06
18,18,189.51295,9.6904831e-06
18,18,190.01299,9.0688065e-06
18,18,190.51302,4.5524101e-06
18,18,191.01306,2.0240062e-06
18,18,191.51309,5.3933067e-06
18,18,192.01313,1.4383748e-05
18,18,192.51316,1.5868927e-05
18,18,193.01319,8.7126686e-06
18,18,193.51323,4.6817665e-06
18,18,194.01326,6.1104885e-06
18,18,194.5133,8.2679008e-06
18,18,195.01333,1.4244787e-05
18,18,195.51337,1.0116972e-05
18,18,196.0134,1.0269588e-05
18,18,196.51343,1.4737452e-05
18,18,197.01347,1.2110326e-05
18,18,197.5135,1.013155e-05
18,18,198.01354,8.9752166e-06
18,18,198.51357,1.7714018e-05
18,18,199.0136,1.1108197e-05
18,18,199.51364,3.5413387e-06
19,19,0,3.9393206e-07
19,19,0.50003418,6.5191989e-08
19,19,1.0000684,6.7170874e-07
19,19,1.5001025,7.8158272e-07
19,19,2.0001367,5.2863293e-07
19,19,2.5001709,1.794329e-06
19,19,3.0002051,1.5030158e-06
19,19,3.5002393,1.096794e-06
19,19,4.0002735,1.3407914e-06
19,19,4.5003076,2.2906999e-06
19,19,5.0003418,2.720585e-06
19,19,5.500376,5.0905494e-06
19,19,6.0004102,7.4885259e-06
19,19,6.5004444,5.7847525e-06
19,19,7.0004785,3.5303297e-06
19,19,7.5005127,1.3036378e-05
19,19,8.0005469,2.2227892e-05
19,19,8.5005811,1.9081813e-05
19,19,9.0006153,8.4685592e-06
19,19,9.5006495,4.0235629e-05
19,19,10.000684,7.3945282e-05
19,19,10.500718,6.4307007e-05
19,19,11.000752,1.9743892e-05
19,19,11.500786,1.1190872e-05
19,19,12.00082,3.9028798e-05
19,19,12.500855,5.121624e-05
19,19,13.000889,1.4988731e-05
19,19,13.500923,1.5623543e-05
19,19,14.000957,3.9500576e-05
19,19,14.500991,5.2859739e-05
19,19,15.001025,2.5144994e-05
19,19,15.50106,2.5444932e-05
19,19,16.001094,1.9864281e-05
19,19,16.501128,9.6303477e-06
19,19,17.001162,1.1511573e-05
19,19,17.501196,2.4564933e-06
19,19,18.001231,2.2673362e-05
19,19,18.501265,2.138203e-05
19,19,19.001299,1.8858689e-05
19,19,19.501333,2.8296708e-05
19,19,20.001367,2.4519428e-05
19,19,20.501401,8.9934266e-06
19,19,21.001436,1.3048968e-05
19,19,21.50147,1.469924e-05
19,19,22.001504,1.9993537e-05
19,19,22.501538,2.4851196e-05
19,19,23.001572,1.8755761e-05
19,19,23.501607,1.5480218e-05
19,19,24.001641,1.998017e-05
19,19,24.501675,1.854116e-05
19,19,25.001709,1.6445303e-05
19,19,25.501743,1.8205519e-05
19,19,26.001777,1.2560797e-05
19,19,26.501812,1.8677862e-05
19,19,27.001846,8.8589082e-06
19,19,27.50188,4.0617049e-06
19,19,28.001914,5.8421689e-05
19,19,28.501948,8.8912442e-05
19,19,29.001983,6.1892118e-05
19,19,29.502017,3.8930013e-05
19,19,30.002051,4.1334283e-05
19,19,30.502085,6.2979621e-05
19,19,31.002119,3.1232128e-05
19,19,31.502153,1.5156824e-05
19,19,32.002188,6.0538172e-05
19,19,32.502222,7.5715674e-05
19,19,33.002256,1.8264662e-05
19,19,33.50229,3.0981001e-05
19,19,34.002324,4.8312202e-05
19,19,34.502359,8.1440035e-05
19,19,35.002393,4.1128643e-05
19,19,35.502427,4.9687644e-05
19,19,36.002461,3.0793461e-05
19,19,36.502495,2.2447089e-05
19,19,37.002529,2.7095999e-05
19,19,37.502564,3.9061005e-05
19,19,38.002598,1.9404127e-05
19,19,38.502632,3.1902908e-05
19,19,39.002666,2.4098238e-05
19,19,39.5027,1.1978465e-05
19,19,40.002735,1.302243e-05
19,19,40.502769,6.8167784e-06
19,19,41.002803,9.5899287e-06
19,19,41.502837,1.0563922e-05
19,19,42.002871,1.1881945e-05
19,19,42.502905,1.3563725e-05
19,19,43.00294,1.1798848e-05
19,19,43.502974,6.5232016e-06
19,19,44.003008,8.8360544e-06
19,19,44.503042,1.694616e-05
19,19,45.003076,1.3107308e-05
19,19,45.503111,1.0617582e-06
19,19,46.003145,6.6722783e-06
19,19,46.503179,3.0993815e-06
19,19,47.003213,6.2638648e-06
19,19,47.503247,1.3097345e-05
19,19,48.003281,1.7888612e-05
19,19,48.503316,3.8459219e-06
19,19,49.00335,1.4155299e-05
19,19,49.503384,9.2176878e-06
19,19,50.003418,5.8953739e-06
19,19,50.503452,4.442419e-07
19,19,51.003487,8.4821237e-06
19,19,51.503521,1.8222049e-05
19,19,52.003555,9.9480779e-06
19,19,52.503589,8.1868366e-06
19,19,53.003623,1.1215344e-05
19,19,53.503657,3.9760393e-06
19,19,54.003692,1.9380395e-06
19,19,54.503726,1.2838933e-05
19,19,55.00376,8.2789256e-06
19,19,55.503794,6.9290458e-06
19,19,56.003828,1.5717578e-05
19,19,56.503863,2.0584499e-05
19,19,57.003897,1.5575576e-05
19,19,57.503931,2.8783111e-05
19,19,58.003965,1.6057904e-05
19,19,58.503999,0.00020219905
19,19,59.004033,0.00037848518
19,19,59.504068,0.00019773436
19,19,60.004102,6.5486232e-05
19,19,60.504136,9.8669775e-06
19,19,61.00417,3.5959387e-06
19,19,61.504204,1.248148e-05
19,19,62.004239,1.3264061e-05
19,19,62.504273,2.784428e-06
19,19,63.004307,1.3018831e-05
19,19,63.504341,1.8352469e-05
19,19,64.004375,8.2438224e-06
19,19,64.504409,3.9674622e-06
19,19,65.004444,1.2181363e-05
19,19,65.504478,1.5240941e-05
19,19,66.004512,5.5093882e-06
19,19,66.504546,5.0030473e-06
19,19,67.00458,7.8898121e-06
19,19,67.504615,2.6171394e-06
19,19,68.004649,1.6176758e-05
19,19,68.504683,2.8383088e-05
19,19,69.004717,1.7786631e-05
19,19,69.504751,1.5739946e-05
19,19,70.004785,1.596627e-05
19,19,70.50482,7.1518562e-06
19,19,71.004854,7.6947629e-06
19,19,71.504888,8.6430482e-06
19,19,72.004922,5.4494923e-06
19,19,72.504956,4.5198805e-06
19,19,73.004991,5.2119844e-06
19,19,73.505025,4.6322581e-06
19,19,74.005059,2.7537594e-06
19,19,74.505093,4.2267035e-06
19,19,75.005127,1.2279318e-05
19,19,75.505161,1.1856508e-05
19,19,76.005196,5.8536376e-06
19,19,76.50523,1.6181289e-05
19,19,77.005264,8.5162592e-06
19,19,77.505298,5.9942122e-06
19,19,78.005332,1.1463358e-05
19,19,78.505367,1.7998022e-05
19,19,79.005401,1.8247275e-05
19,19,79.505435,1.6672676e-05
19,19,80.005469,1.4874426e-05
19,19,80.505503,1.5067244e-05
19,19,81.005537,1.4617103e-05
19,19,81.505572,1.0393918e-05
19,19,82.005606,7.9978526e-06
19,19,82.50564,7.5178326e-06
19,19,83.005674,5.4358992e-06
19,19,83.505708,7.4453933e-06
19,19,84.005743,4.5667976e-06
19,19,84.505777,3.4646097e-06
19,19,85.005811,1.2419573e-05
19,19,85.505845,5.5520334e-06
19,19,86.005879,2.563385e-06
19,19,86.505913,1.1144823e-05
19,19,87.005948,1.1339348e-05
19,19,87.505982,9.9475413e-06
19,19,88.006016,4.628502e-06
19,19,88.50605,5.7990739e-06
19,19,89.006084,1.7952365e-05
19,19,89.506119,1.2046492e-05
19,19,90.006153,5.7984247e-06
19,19,90.506187,8.3386772e-06
19,19,91.006221,1.4122964e-05
19,19,91.506255,9.1603508e-06
19,19,92.006289,1.4378905e-05
19,19,92.506324,2.5637088e-05
19,19,93.006358,2.1079651e-05
19,19,93.506392,2.0322415e-05
19,19,94.006426,8.0083633e-06
19,19,94.50646,9.2847974e-06
19,19,95.006495,1.3833807e-05
19,19,95.506529,9.4186596e-06
19,19,96.006563,1.0517843e-05
19,19,96.506597,1.131187e-05
19,19,97.006631,5.2506787e-06
19,19,97.506665,6.2158257e-06
19,19,98.0067,2.6116221e-06
19,19,98.506734,2.6178419e-06
19,19,99.006768,8.1180278e-06
19,19,99.506802,6.0493843e-06
19,19,100.00684,5.4425453e-06
19,19,100.50687,1.3516287e-05
19,19,101.0069,1.87523e-05
19,19,101.50694,1.484985e-05
19,19,102.00697,5.0683418e-06
19,19,102.50701,1.6115633e-05
19,19,103.00704,1.5236371e-05
19,19,103.50708,1.930017e-05
19,19,104.00711,7.7405712e-06
19,19,104.50714,7.7802917e-06
19,19,105.00718,1.0926629e-05
19,19,105.50721,9.6519233e-06
19,19,106.00725,1.4305955e-06
19,19,106.50728,6.4734856e-06
19,19,107.00731,9.1050267e-06
19,19,107.50735,1.6640274e-05
19,19,108.00738,1.2154984e-05
19,19,108.50742,5.7566391e-06
19,19,109.00745,8.9338121e-06
19,19,109.50749,1.363157e-05
19,19,110.00752,7.2581436e-06
19,19,110.50755,1.3282572e-05
19,19,111.00759,5.5205518e-06
19,19,111.50762,7.443253e-06
19,19,112.00766,6.0656226e-06
19,19,112.50769,4.6853472e-06
19,19,113.00773,9.7805174e-06
19,19,113.50776,1.067805e-05
19,19,114.00779,1.0458857e-05
19,19,114.50783,9.1709479e-06
19,19,115.00786,4.3328764e-06
19,19,115.5079,8.6683466e-06
19,19,116.00793,9.0360201e-06
19,19,116.50796,7.9508239e-06
19,19,117.008,5.7310509e-06
19,19,117.50803,2.1389407e-06
19,19,118.00807,1.2787579e-05
19,19,118.5081,2.1298279e-05
19,19,119.00814,1.0418227e-05
19,19,119.50817,8.4595837e-06
19,19,120.0082,5.4532046e-05
19,19,120.50824,3.2614028e-05
19,19,121.00827,1.4728438e-05
19,19,121.50831,2.1083895e-05
19,19,122.00834,1.0246114e-05
19,19,122.50837,4.3281594e-06
19,19,123.00841,1.3165998e-05
19,19,123.50844,1.0298127e-05
19,19,124.00848,8.171861e-06
19,19,124.50851,1.1504062e-05
19,19,125.00855,5.1811191e-06
19,19,125.50858,1.3376692e-05
19,19,126.00861,6.5959444e-06
19,19,126.50865,9.6279968e-06
19,19,127.00868,1.3852604e-05
19,19,127.50872,1.2728345e-05
19,19,128.00875,8.2505519e-06
19,19,128.50878,7.9269319e-06
19,19,129.00882,6.2830941e-06
19,19,129.50885,4.550371e-06
19,19,130.00889,2.6849377e-06
19,19,130.50892,3.8542666e-06
19,19,131.00896,9.619048e-06
19,19,131.50899,1.6399882e-05
19,19,132.00902,1.8721033e-05
19,19,132.50906,8.0374177e-05
19,19,133.00909,9.6990868e-05
19,19,133.50913,3.5380362e-05
19,19,134.00916,5.7825414e-06
19,19,134.50919,8.5856844e-06
19,19,135.00923,9.6444816e-06
19,19,135.50926,7.0870534e-06
19,19,136.0093,7.6144918e-06
19,19,136.50933,3.9569857e-06
19,19,137.00937,2.4130558e-06
19,19,137.5094,2.4153817e-06
19,19,138.00943,6.2805766e-06
19,19,138.50947,1.0540858e-05
19,19,139.0095,1.1837329e-05
19,19,139.50954,8.5956436e-06
19,19,140.00957,5.2712082e-06
19,19,140.50961,4.5752491e-06
19,19,141.00964,3.5040459e-06
19,19,141.50967,7.3561958e-06
19,19,142.00971,1.7694212e-05
19,19,142.50974,2.1493143e-05
19,19,143.00978,1.7277306e-05
19,19,143.50981,1.6892207e-05
19,19,144.00984,1.8749277e-05
19,19,144.50988,2.0837957e-05
19,19,145.00991,1.3358287e-05
19,19,145.50995,8.056633e-06
19,19,146.00998,8.1744668e-06
19,19,146.51002,4.1849946e-06
19,19,147.01005,2.0465422e-06
19,19,147.51008,1.5413606e-06
19,19,148.01012,4.1469061e-06
19,19,148.51015,4.0834615e-06
19,19,149.01019,8.6771172e-06
19,19,149.51022,7.0518288e-06
19,19,150.01025,1.3421834e-06
19,19,150.51029,2.6070955e-06
19,19,151.01032,4.8984641e-06
19,19,151.51036,7.7955572e-06
19,19,152.01039,9.1389083e-06
19,19,152.51043,8.6628893e-06
19,19,153.01046,1.2024806e-05
19,19,153.51049,7.8674839e-06
19,19,154.01053,1.5548288e-05
19,19,154.51056,1.289945e-05
19,19,155.0106,1.1093412e-05
19,19,155.51063,1.3798883e-05
19,19,156.01066,1.2474733e-05
19,19,156.5107,1.6803718e-05
19,19,157.01073,2.5618473e-05
19,19,157.51077,5.0600252e-06
19,19,158.0108,1.4779813e-05
19,19,158.51084,5.038788e-06
19,19,159.01087,8.2540364e-06
19,19,159.5109,1.865952e-05
19,19,160.01094,2.1394413e-05
19,19,160.51097,9.4856649e-06
19,19,161.01101,6.6428676e-06
19,19,161.51104,5.5577973e-06
19,19,162.01107,9.3657939e-06
19,19,162.51111,5.3096574e-06
19,19,163.01114,1.641208e-05
19,19,163.51118,1.0734624e-05
19,19,164.01121,3.2226431e-06
19,19,164.51125,7.0148452e-06
19,19,165.01128,2.8031689e-05
19,19,165.51131,1.7923926e-05
19,19,166.01135,8.3271818e-06
19,19,166.51138,1.2091717e-06
19,19,167.01142,2.4062035e-05
19,19,167.51145,1.9420512e-05
19,19,168.01149,1.4737811e-05
19,19,168.51152,7.2819772e-06
19,19,169.01155,2.021094e-05
19,19,169.51159,1.6399127e-05
19,19,170.01162,1.1419303e-05
19,19,170.51166,6.3036873e-06
19,19,171.01169,1.9860721e-05
19,19,171.51172,1.2656122e-05
19,19,172.01176,1.8349215e-05
19,19,172.51179,1.0071452e-05
19,19,173.01183,2.9344314e-05
19,19,173.51186,9.9762945e-06
19,19,174.0119,1.4023898e-05
19,19,174.51193,1.0391452e-05
19,19,175.01196,3.4988713e-05
19,19,175.512,1.4976613e-05
19,19,176.01203,1.7104674e-05
19,19,176.51207,2.044136e-05
19,19,177.0121,5.3045212e-05
19,19,177.51213,3.0899552e-05
19,19,178.01217,1.234673e-05
19,19,178.5122,5.7153726e-06
19,19,179.01224,3.6961026e-05
19,19,179.51227,3.3915239e-05
19,19,180.01231,7.5956502e-06
19,19,180.51234,1.2062398e-05
19,19,181.01237,2.6530967e-05
19,19,181.51241,2.0153965e-05
19,19,182.01244,1.1733046e-05
19,19,182.51248,1.3015155e-05
19,19,183.01251,1.6898887e-05
19,19,183.51254,1.3208203e-05
19,19,184.01258,2.593235e-05
19,19,184.51261,1.980215e-05
19,19,185.01265,2.1577247e-05
19,19,185.51268,5.9747529e-06
19,19,186.01272,2.0565624e-05
19,19,186.51275,1.4315641e-05
19,19,187.01278,2.9093898e-05
19,19,187.51282,1.4279318e-05
19,19,188.01285,2.7268304e-05
19,19,188.51289,1.3192519e-05
19,19,189.01292,3.2186521e-05
19,19,189.51295,2.3803386e-05
19,19,190.01299,3.8620262e-05
19,19,190.51302,2.1597943e-05
19,19,191.01306,2.6369555e-05
19,19,191.51309,2.6064328e-05
19,19,192.01313,9.375528e-06
19,19,192.51316,1.7872671e-05
19,19,193.01319,2.3407039e-05
19,19,193.51323,3.138811e-05
19,19,194.01326,1.7590981e-05
19,19,194.5133,3.3130798e-05
19,19,195.01333,1.4809611e-05
19,19,195.51337,2.900113e-05
19,19,196.0134,1.2666987e-05
19,19,196.51343,2.5614163e-05
19,19,197.01347,1.9789464e-05
19,19,197.5135,2.3869538e-05
19,19,198.01354,1.3902032e-05
19,19,198.51357,1.8086527e-05
19,19,199.0136,2.401404e-05
19,19,199.51364,2.5310454e-05
20,20,0,3.8427615e-06
20,20,0.50003418,1.8223261e-06
20,20,1.0000684,1.5186631e-07
20,20,1.5001025,7.4693363e-07
20,20,2.0001367,1.3289317e-06
20,20,2.5001709,1.6942961e-06
20,20,3.0002051,9.670802e-07
20,20,3.5002393,8.1256586e-07
20,20,4.0002735,2.5756969e-06
20,20,4.5003076,2.6965142e-06
20,20,5.0003418,1.6839786e-06
20,20,5.500376,2.6160355e-06
20,20,6.0004102,3.6337881e-06
20,20,6.5004444,4.4528112e-06
20,20,7.0004785,4.408651e-06
20,20,7.5005127,5.3701115e-06
20,20,8.0005469,2.1793949e-06
20,20,8.5005811,1.4728374e-05
20,20,9.0006153,1.805701e-05
20,20,9.5006495,1.4495516e-05
20,20,10.000684,1.9146765e-05
20,20,10.500718,9.2001435e-06
20,20,11.000752,3.0165216e-06
20,20,11.500786,3.1667687e-05
20,20,12.00082,5.5697368e-05
20,20,12.500855,2.6406412e-05
20,20,13.000889,1.0911456e-05
20,20,13.500923,8.4471218e-06
20,20,14.000957,1.7452628e-05
20,20,14.500991,1.9820998e-05
20,20,15.001025,1.3260318e-05
20,20,15.50106,4.6711213e-06
20,20,16.001094,1.9943064e-05
20,20,16.501128,3.1731136e-05
20,20,17.001162,6.0778435e-06
20,20,17.501196,2.0271936e-05
20,20,18.001231,1.2250413e-05
20,20,18.501265,5.3552349e-06
20,20,19.001299,1.6556272e-05
20,20,19.501333,1.7397105e-05
20,20,20.001367,1.066034e-05
20,20,20.501401,1.1200325e-05
20,20,21.001436,3.7513703e-06
20,20,21.50147,6.3351079e-06
20,20,22.001504,1.1341498e-05
20,20,22.501538,9.0671525e-06
20,20,23.001572,1.3580057e-05
20,20,23.501607,1.7947224e-05
20,20,24.001641,2.2166285e-05
20,20,24.501675,1.6080573e-05
20,20,25.001709,7.7987926e-06
20,20,25.501743,3.7047515e-06
20,20,26.001777,1.0586907e-05
20,20,26.501812,2.1669582e-05
20,20,27.001846,3.7034772e-05
20,20,27.50188,1.9160551e-05
20,20,28.001914,6.6438749e-05
20,20,28.501948,0.00010818215
20,20,29.001983,5.5108782e-05
20,20,29.502017,5.4758132e-06
20,20,30.002051,5.5353108e-06
20,20,30.502085,4.9856311e-06
20,20,31.002119,5.9947316e-06
20,20,31.502153,5.9048087e-06
20,20,32.002188,8.904915e-06
20,20,32.502222,4.9752036e-06
20,20,33.002256,4.2905888e-06
20,20,33.50229,7.4094608e-06
20,20,34.002324,1.5093854e-05
20,20,34.502359,2.4316224e-05
20,20,35.002393,1.29184e-05
20,20,35.502427,2.089451e-05
20,20,36.002461,3.2826065e-05
20,20,36.502495,2.0682003e-05
20,20,37.002529,4.2272958e-06
20,20,37.502564,4.6647563e-06
20,20,38.002598,2.0702912e-06
20,20,38.502632,6.4100312e-06
20,20,39.002666,4.9420017e-06
20,20,39.5027,8.6770473e-06
20,20,40.002735,1.766149e-05
20,20,40.502769,9.1021505e-06
20,20,41.002803,1.2303353e-05
20,20,41.502837,2.5112125e-05
20,20,42.002871,3.7353792e-05
20,20,42.502905,2.3659586e-05
20,20,43.00294,9.694635e-06
20,20,43.502974,2.3868094e-05
20,20,44.003008,2.6415578e-05
20,20,44.503042,1.7003927e-05
20,20,45.003076,5.2074948e-06
20,20,45.503111,6.1737932e-06
20,20,46.003145,6.0958281e-06
20,20,46.503179,1.3849076e-05
20,20,47.003213,1.6621704e-05
20,20,47.503247,1.2153482e-05
20,20,48.003281,1.3794069e-05
20,20,48.503316,2.1638694e-05
20,20,49.00335,1.2830294e-05
20,20,49.503384,7.8658864e-06
20,20,50.003418,1.1558124e-05
20,20,50.503452,8.0582765e-06
20,20,51.003487,1.6562836e-05
20,20,51.503521,1.7681245e-05
20,20,52.003555,1.9417439e-05
20,20,52.503589,1.2037533e-05
20,20,53.003623,1.7744711e-05
20,20,53.503657,1.0617822e-05
20,20,54.003692,9.639241e-06
20,20,54.503726,1.7722406e-05
20,20,55.00376,2.0290327e-05
20,20,55.503794,1.4522262e-05
20,20,56.003828,2.1379524e-05
20,20,56.503863,5.9697079e-05
20,20,57.003897,6.4856178e-05
20,20,57.503931,4.2572375e-05
20,20,58.003965,4.2586961e-05
20,20,58.503999,0.00028708541
20,20,59.004033,0.00046954404
20,20,59.504068,0.00015027739
20,20,60.004102,3.9898471e-05
20,20,60.504136,5.0009645e-06
20,20,61.00417,1.2227789e-05
20,20,61.504204,8.5893738e-06
20,20,62.004239,1.3268757e-06
20,20,62.504273,6.234177e-06
20,20,63.004307,6.1738559e-06
20,20,63.504341,3.4160015e-06
20,20,64.004375,3.6198167e-06
20,20,64.504409,5.2122472e-06
20,20,65.004444,1.9714215e-06
20,20,65.504478,2.3279518e-06
20,20,66.004512,7.1917572e-06
20,20,66.504546,1.0817848e-05
20,20,67.00458,1.01234e-05
20,20,67.504615,8.3531223e-06
20,20,68.004649,5.9952067e-06
20,20,68.504683,7.0208399e-06
20,20,69.004717,4.4528738e-06
20,20,69.504751,3.0608453e-06
20,20,70.004785,3.8746032e-06
20,20,70.50482,6.3020383e-06
20,20,71.004854,9.9374763e-06
20,20,71.504888,1.3826734e-05
20,20,72.004922,1.3590009e-05
20,20,72.504956,9.8307335e-06
20,20,73.004991,4.0551787e-06
20,20,73.505025,1.322553e-06
20,20,74.005059,1.0062232e-05
20,20,74.505093,1.0997291e-05
20,20,75.005127,1.1806947e-05
20,20,75.505161,8.7544447e-06
20,20,76.005196,3.1969153e-06
20,20,76.50523,1.3704424e-06
20,20,77.005264,3.3261346e-06
20,20,77.505298,7.1044716e-06
20,20,78.005332,5.2493537e-06
20,20,78.505367,2.2251084e-06
20,20,79.005401,3.3250414e-06
20,20,79.505435,5.2738168e-06
20,20,80.005469,3.2579714e-06
20,20,80.505503,1.994891e-06
20,20,81.005537,7.5650187e-06
20,20,81.505572,8.9500682e-06
20,20,82.005606,1.6800234e-06
20,20,82.50564,5.946796e-07
20,20,83.005674,1.9951396e-06
20,20,83.505708,4.9718713e-06
20,20,84.005743,6.2983257e-06
20,20,84.505777,3.4293323e-06
20,20,85.005811,6.9159589e-06
20,20,85.505845,5.7932118e-06
20,20,86.005879,4.8538525e-06
20,20,86.505913,4.3263312e-06
20,20,87.005948,2.7131144e-06
20,20,87.505982,3.663802e-06
20,20,88.006016,3.7483827e-06
20,20,88.50605,6.9559153e-06
20,20,89.006084,1.5623577e-05
20,20,89.506119,5.8100111e-06
20,20,90.006153,6.0568271e-06
20,20,90.506187,5.5545791e-06
20,20,91.006221,8.7402746e-06
20,20,91.506255,8.4055305e-06
20,20,92.006289,1.1385689e-05
20,20,92.506324,2.2080368e-05
20,20,93.006358,1.1726572e-05
20,20,93.506392,5.6378045e-06
20,20,94.006426,4.9415144e-06
20,20,94.50646,6.819094e-06
20,20,95.006495,4.5408434e-06
20,20,95.506529,7.1068751e-06
20,20,96.006563,1.33227e-05
20,20,96.506597,1.655971e-05
20,20,97.006631,8.3431498e-06
20,20,97.506665,8.3102252e-06
20,20,98.0067,6.5911129e-06
20,20,98.506734,6.8425994e-06
20,20,99.006768,4.6871578e-06
20,20,99.506802,3.0454762e-06
20,20,100.00684,5.7790356e-06
20,20,100.50687,6.2761125e-06
20,20,101.0069,6.774941e-06
20,20,101.50694,1.2985626e-05
20,20,102.00697,1.4725745e-05
20,20,102.50701,1.6509661e-06
20,20,103.00704,6.6475651e-06
20,20,103.50708,1.9575025e-06
20,20,104.00711,7.7635892e-06
20,20,104.50714,2.7925515e-06
20,20,105.00718,1.239515e-05
20,20,105.50721,1.1968347e-05
20,20,106.00725,3.3717226e-06
20,20,106.50728,7.5411851e-06
20,20,107.00731,4.9593313e-06
20,20,107.50735,2.6522886e-06
20,20,108.00738,1.2167833e-05
20,20,108.50742,1.1961983e-05
20,20,109.00745,3.9031258e-06
20,20,109.50749,3.1847101e-06
20,20,110.00752,6.1974024e-06
20,20,110.50755,6.558171e-06
20,20,111.00759,6.7748047e-06
20,20,111.50762,5.5495104e-06
20,20,112.00766,6.79268e-06
20,20,112.50769,6.9453276e-06
20,20,113.00773,6.149593e-06
20,20,113.50776,1.0650994e-05
20,20,114.00779,9.2454308e-06
20,20,114.50783,2.302802e-06
20,20,115.00786,2.036453e-06
20,20,115.5079,3.109585e-06
20,20,116.00793,3.5639675e-06
20,20,116.50796,2.2604581e-06
20,20,117.008,2.0262217e-06
20,20,117.50803,3.1652325e-06
20,20,118.00807,1.5741714e-07
20,20,118.5081,8.8476307e-06
20,20,119.00814,9.7074464e-06
20,20,119.50817,6.010787e-05
20,20,120.0082,0.00010892469
20,20,120.50824,4.8392646e-05
20,20,121.00827,5.1737897e-06
20,20,121.50831,5.888546e-06
20,20,122.00834,5.5139833e-06
20,20,122.50837,4.5716754e-06
20,20,123.00841,3.2411358e-06
20,20,123.50844,1.9322203e-06
20,20,124.00848,5.1361868e-07
20,20,124.50851,2.6985695e-06
20,20,125.00855,6.593326e-06
20,20,125.50858,4.4961915e-06
20,20,126.00861,3.029591e-06
20,20,126.50865,3.7363525e-06
20,20,127.00868,4.7457033e-06
20,20,127.50872,1.3367887e-06
20,20,128.00875,4.9820071e-06
20,20,128.50878,5.9452034e-06
20,20,129.00882,4.4744505e-06
20,20,129.50885,3.5713256e-06
20,20,130.00889,2.5779218e-06
20,20,130.50892,8.4400456e-07
20,20,131.00896,5.7906014e-07
20,20,131.50899,1.3224143e-06
20,20,132.00902,2.8261699e-06
20,20,132.50906,9.3667938e-07
20,20,133.00909,2.3556943e-06
20,20,133.50913,5.1069313e-06
20,20,134.00916,3.8786251e-06
20,20,134.50919,2.5178657e-06
20,20,135.00923,4.6505258e-06
20,20,135.50926,3.658436e-06
20,20,136.0093,4.1867889e-06
20,20,136.50933,6.5102377e-06
20,20,137.00937,6.0132421e-06
20,20,137.5094,2.3299219e-06
20,20,138.00943,3.1698914e-06
20,20,138.50947,4.8032256e-06
20,20,139.0095,4.9688493e-06
20,20,139.50954,5.3254702e-06
20,20,140.00957,6.792032e-06
20,20,140.50961,4.8984006e-06
20,20,141.00964,5.6397554e-06
20,20,141.50967,4.5760583e-06
20,20,142.00971,2.490152e-06
20,20,142.50974,5.6240433e-06
20,20,143.00978,6.0342871e-06
20,20,143.50981,7.5807032e-07
20,20,144.00984,4.7844807e-06
20,20,144.50988,8.9501969e-06
20,20,145.00991,7.8485605e-06
20,20,145.50995,5.9625566e-06
20,20,146.00998,6.5982764e-06
20,20,146.51002,2.825702e-06
20,20,147.01005,4.6467165e-06
20,20,147.51008,4.5139175e-06
20,20,148.01012,3.8230134e-06
20,20,148.51015,5.8236659e-06
20,20,149.01019,3.1158537e-06
20,20,149.51022,2.8226411e-06
20,20,150.01025,2.2323136e-06
20,20,150.51029,1.0007703e-05
20,20,151.01032,1.6098133e-05
20,20,151.51036,8.6362237e-06
20,20,152.01039,9.3858257e-07
20,20,152.51043,4.6012672e-06
20,20,153.01046,3.6587027e-06
20,20,153.51049,9.212109e-06
20,20,154.01053,5.4357935e-06
20,20,154.51056,3.8227434e-06
20,20,155.0106,3.4240815e-06
20,20,155.51063,5.0961936e-06
20,20,156.01066,4.7465911e-06
20,20,156.5107,9.1248194e-07
20,20,157.01073,3.9246223e-06
20,20,157.51077,4.6969621e-06
20,20,158.0108,2.5314258e-06
20,20,158.51084,1.1570002e-06
20,20,159.01087,5.8383607e-06
20,20,159.5109,9.5856375e-06
20,20,160.01094,7.6895145e-06
20,20,160.51097,1.110974e-06
20,20,161.01101,1.5062022e-06
20,20,161.51104,4.3998646e-07
20,20,162.01107,3.1243806e-06
20,20,162.51111,2.5611083e-06
20,20,163.01114,2.4050244e-06
20,20,163.51118,5.8695913e-06
20,20,164.01121,4.3297011e-06
20,20,164.51125,6.1388635e-06
20,20,165.01128,3.9310446e-06
20,20,165.51131,4.7252662e-06
20,20,166.01135,7.5679735e-06
20,20,166.51138,3.2119145e-06
20,20,167.01142,1.4151802e-06
20,20,167.51145,5.3591957e-07
20,20,168.01149,1.7312421e-06
20,20,168.51152,1.0296675e-06
20,20,169.01155,2.7379615e-06
20,20,169.51159,2.468298e-06
20,20,170.01162,3.7241235e-06
20,20,170.51166,5.8194559e-06
20,20,171.01169,3.4015053e-06
20,20,171.51172,2.6070449e-06
20,20,172.01176,2.9474472e-06
20,20,172.51179,2.5293634e-06
20,20,173.01183,5.1105555e-06
20,20,173.51186,2.538655e-06
20,20,174.0119,1.9348322e-06
20,20,174.51193,4.644801e-06
20,20,175.01196,1.2880591e-05
20,20,175.512,1.0256028e-05
20,20,176.01203,6.6687156e-06
20,20,176.51207,1.008461e-05
20,20,177.0121,6.2625424e-06
20,20,177.51213,4.0158473e-06
20,20,178.01217,6.041852e-06
20,20,178.5122,8.4052256e-06
20,20,179.01224,4.0292174e-06
20,20,179.51227,1.3028358e-05
20,20,180.01231,1.5173092e-05
20,20,180.51234,3.9462683e-06
20,20,181.01237,3.0422394e-06
20,20,181.51241,6.6213631e-07
20,20,182.01244,2.3809758e-06
20,20,182.51248,5.5254282e-06
20,20,183.01251,4.0301687e-06
20,20,183.51254,2.8981369e-06
20,20,184.01258,8.3557161e-06
20,20,184.51261,4.210424e-06
20,20,185.01265,4.9714523e-06
20,20,185.51268,5.7248156e-06
20,20,186.01272,3.0297404e-06
20,20,186.51275,1.3341926e-06
20,20,187.01278,3.2136527e-06
20,20,187.51282,1.5375175e-06
20,20,188.01285,4.1307085e-06
20,20,188.51289,8.7584014e-06
20,20,189.01292,1.0095139e-05
20,20,189.51295,5.6871081e-06
20,20,190.01299,3.3195258e-06
20,20,190.51302,9.1469197e-06
20,20,191.01306,7.7724538e-06
20,20,191.51309,2.5470348e-06
20,20,192.01313,2.9802602e-06
20,20,192.51316,1.1728329e-06
20,20,193.01319,1.5454987e-06
20,20,193.51323,3.4765509e-06
20,20,194.01326,7.9567278e-06
20,20,194.5133,7.9001119e-06
20,20,195.01333,4.8959577e-06
20,20,195.51337,2.5553043e-06
20,20,196.0134,1.7310828e-06
20,20,196.51343,3.3775172e-06
20,20,197.01347,1.9074483e-07
20,20,197.5135,3.1742206e-06
20,20,198.01354,1.700326e-06
20,20,198.51357,1.5805453e-06
20,20,199.0136,5.5198281e-06
20,20,199.51364,5.8859709e-06
