sensor_label,channel,frequency_hz,psd
1,1,0,1.169781e-12
1,1,0.80645161,6.2997021e-12
1,1,1.6129032,2.0373952e-10
1,1,2.4193548,3.8345381e-10
1,1,3.2258065,1.7835065e-10
1,1,4.0322581,2.1221648e-10
1,1,4.8387097,1.4361376e-10
1,1,5.6451613,3.3544579e-10
1,1,6.4516129,4.6819627e-10
1,1,7.2580645,5.2833565e-10
1,1,8.0645161,1.440992e-09
1,1,8.8709677,1.8652329e-09
1,1,9.6774194,2.5267868e-09
1,1,10.483871,2.7912889e-09
1,1,11.290323,2.5373628e-09
1,1,12.096774,3.7287151e-09
1,1,12.903226,2.0156617e-09
1,1,13.709677,2.1448579e-09
1,1,14.516129,1.7763651e-09
1,1,15.322581,1.0552307e-09
1,1,16.129032,2.3021214e-09
1,1,16.935484,2.0135571e-09
1,1,17.741935,4.7355386e-09
1,1,18.548387,4.0311954e-09
1,1,19.354839,7.7676705e-09
1,1,20.16129,1.4221511e-08
1,1,20.967742,6.1825836e-09
1,1,21.774194,1.023513e-08
1,1,22.580645,9.4360086e-09
1,1,23.387097,1.1131969e-08
1,1,24.193548,1.6573498e-08
1,1,25,9.0155087e-09
1,1,25.806452,1.5019345e-08
1,1,26.612903,1.0332731e-08
1,1,27.419355,1.18973e-08
1,1,28.225806,1.8601506e-08
1,1,29.032258,1.6660138e-08
1,1,29.83871,4.4029001e-08
1,1,30.645161,3.9478699e-08
1,1,31.451613,3.804194e-08
1,1,32.258065,5.3966624e-08
1,1,33.064516,3.2197813e-08
1,1,33.870968,6.4407359e-08
1,1,34.677419,5.4161444e-08
1,1,35.483871,5.706735e-08
1,1,36.290323,6.4856456e-08
1,1,37.096774,3.64169e-08
1,1,37.903226,1.224623e-07
1,1,38.709677,1.0382214e-07
1,1,39.516129,3.5422651e-08
1,1,40.322581,3.9671479e-08
1,1,41.129032,3.3182126e-08
1,1,41.935484,3.8792413e-08
1,1,42.741935,1.9349174e-08
1,1,43.548387,1.073711e-08
1,1,44.354839,9.4897247e-09
1,1,45.16129,4.0032672e-09
1,1,45.967742,3.226927e-09
1,1,46.774194,2.4357476e-09
1,1,47.580645,9.9492742e-10
1,1,48.387097,1.5184804e-09
1,1,49.193548,3.613404e-10
1,1,50,1.0210085e-09
1,1,50.806452,1.0755067e-09
1,1,51.612903,7.4926461e-10
1,1,52.419355,7.5397058e-10
1,1,53.225806,6.1735792e-10
1,1,54.032258,6.0382801e-10
1,1,54.83871,7.2103631e-10
1,1,55.645161,1.3458103e-09
1,1,56.451613,1.7069379e-09
1,1,57.258065,1.7740022e-09
1,1,58.064516,2.0837416e-09
1,1,58.870968,7.1422843e-09
1,1,59.677419,1.3620445e-08
1,1,60.483871,5.994688e-09
1,1,61.290323,5.353933e-09
1,1,62.096774,7.7515249e-09
1,1,62.903226,8.846886e-09
1,1,63.709677,1.1280081e-08
1,1,64.516129,1.5220339e-08
1,1,65.322581,1.853448e-08
1,1,66.129032,1.9876734e-08
1,1,66.935484,3.1297475e-08
1,1,67.741935,3.705332e-08
1,1,68.548387,4.7187771e-08
1,1,69.354839,6.032713e-08
1,1,70.16129,4.8732177e-08
1,1,70.967742,3.8027485e-08
1,1,71.774194,2.0393387e-08
1,1,72.580645,9.179154e-09
1,1,73.387097,6.8654174e-09
1,1,74.193548,3.6701758e-09
1,1,75,3.6307335e-09
1,1,75.806452,2.3492615e-09
1,1,76.612903,1.9877166e-09
1,1,77.419355,3.0268564e-09
1,1,78.225806,2.0516542e-09
1,1,79.032258,3.1904928e-09
1,1,79.83871,2.7374953e-09
1,1,80.645161,2.4405136e-09
1,1,81.451613,2.9568343e-09
1,1,82.258065,1.6136162e-09
1,1,83.064516,1.7158891e-09
1,1,83.870968,1.3487454e-09
1,1,84.677419,4.6591698e-10
1,1,85.483871,6.2225987e-10
1,1,86.290323,6.6057199e-10
1,1,87.096774,5.6410136e-10
1,1,87.903226,1.0457596e-09
1,1,88.709677,1.4155369e-09
1,1,89.516129,1.0487649e-09
1,1,90.322581,2.0360796e-09
1,1,91.129032,1.4238623e-09
1,1,91.935484,1.6896476e-09
1,1,92.741935,1.8159749e-09
1,1,93.548387,5.9356195e-10
1,1,94.354839,7.1748753e-10
1,1,95.16129,4.2157717e-10
1,1,95.967742,3.0383269e-10
1,1,96.774194,1.4020462e-10
1,1,97.580645,8.8943701e-11
1,1,98.387097,2.0879711e-10
1,1,99.193548,1.4298396e-10
1,1,100,4.0878578e-10
1,1,100.80645,2.7199794e-10
1,1,101.6129,5.2138664e-10
1,1,102.41935,1.1654193e-09
1,1,103.22581,6.3198362e-10
1,1,104.03226,1.5754156e-09
1,1,104.83871,1.0345476e-09
1,1,105.64516,1.7648355e-09
1,1,106.45161,2.4643842e-09
1,1,107.25806,1.9751231e-09
1,1,108.06452,1.347747e-09
1,1,108.87097,6.6329942e-10
1,1,109.67742,5.2098113e-11
1,1,110.48387,1.790331e-10
1,1,111.29032,3.6913277e-10
1,1,112.09677,1.5482617e-09
1,1,112.90323,1.5751265e-09
1,1,113.70968,1.6878857e-09
1,1,114.51613,3.5677434e-09
1,1,115.32258,3.3060515e-09
1,1,116.12903,3.8006449e-09
1,1,116.93548,4.8905038e-09
1,1,117.74194,3.0001049e-09
1,1,118.54839,7.889959e-09
1,1,119.35484,2.2852587e-08
1,1,120.16129,2.2369134e-08
1,1,120.96774,3.9802528e-09
1,1,121.77419,1.4759048e-10
1,1,122.58065,2.5924669e-10
1,1,123.3871,9.5487223e-11
1,1,124.19355,1.0391404e-09
1,1,125,1.4242998e-09
1,1,125.80645,1.9676758e-09
1,1,126.6129,4.4680719e-09
1,1,127.41935,3.8244864e-09
1,1,128.22581,3.9932124e-09
1,1,129.03226,4.564832e-09
1,1,129.83871,2.5867716e-09
1,1,130.64516,3.2025378e-09
1,1,131.45161,1.4575063e-09
1,1,132.25806,1.1036373e-09
1,1,133.06452,1.1145504e-09
1,1,133.87097,2.030432e-10
1,1,134.67742,1.4777331e-10
1,1,135.48387,5.5545898e-11
1,1,136.29032,6.339087e-10
1,1,137.09677,8.915051e-10
1,1,137.90323,1.4432559e-09
1,1,138.70968,2.4198145e-09
1,1,139.51613,2.0293953e-09
1,1,140.32258,3.9455886e-09
1,1,141.12903,4.8058141e-09
1,1,141.93548,1.7978922e-09
1,1,142.74194,3.9170057e-09
1,1,143.54839,3.1027356e-09
1,1,144.35484,2.5082172e-09
1,1,145.16129,2.5292088e-09
1,1,145.96774,1.894573e-09
1,1,146.77419,1.8242307e-09
1,1,147.58065,2.2085869e-10
1,1,148.3871,2.4738238e-09
1,1,149.19355,2.476581e-09
1,1,150,1.3092826e-09
1,1,150.80645,2.8962046e-09
1,1,151.6129,4.5043358e-09
1,1,152.41935,9.2120524e-09
1,1,153.22581,1.2808497e-08
1,1,154.03226,5.132099e-09
1,1,154.83871,9.5610592e-09
1,1,155.64516,7.6020482e-09
1,1,156.45161,1.0003577e-08
1,1,157.25806,1.1800193e-08
1,1,158.06452,5.3881741e-09
1,1,158.87097,7.8340528e-09
1,1,159.67742,2.3609472e-09
1,1,160.48387,3.0059106e-09
1,1,161.29032,2.6127521e-09
1,1,162.09677,1.4798052e-09
1,1,162.90323,3.2083373e-09
1,1,163.70968,1.7221899e-09
1,1,164.51613,3.9119157e-09
1,1,165.32258,4.4176447e-09
1,1,166.12903,2.9595424e-09
1,1,166.93548,5.8147247e-09
1,1,167.74194,4.0232741e-09
1,1,168.54839,6.5120979e-09
1,1,169.35484,5.8523815e-09
1,1,170.16129,3.1928341e-09
1,1,170.96774,5.2828518e-09
1,1,171.77419,2.1386854e-09
1,1,172.58065,2.0608629e-09
1,1,173.3871,1.9099287e-09
1,1,174.19355,5.0881861e-10
1,1,175,1.0063049e-09
1,1,175.80645,5.0650771e-10
1,1,176.6129,1.168314e-09
1,1,177.41935,1.1465661e-09
1,1,178.22581,1.482347e-09
1,1,179.03226,3.2367734e-09
1,1,179.83871,2.163794e-09
1,1,180.64516,4.5638961e-09
1,1,181.45161,3.743518e-09
1,1,182.25806,3.0969844e-09
1,1,183.06452,4.6989579e-09
1,1,183.87097,2.5078415e-09
1,1,184.67742,2.9791469e-09
1,1,185.48387,2.3172501e-09
1,1,186.29032,1.3263395e-09
1,1,187.09677,1.4707147e-09
1,1,187.90323,6.0307236e-10
1,1,188.70968,1.4465737e-09
1,1,189.51613,1.9060909e-09
1,1,190.32258,2.2468955e-09
1,1,191.12903,4.2121795e-09
1,1,191.93548,3.9643183e-09
1,1,192.74194,7.5061794e-09
1,1,193.54839,7.813291e-09
1,1,194.35484,6.4839976e-09
1,1,195.16129,1.1426447e-08
1,1,195.96774,7.0482835e-09
1,1,196.77419,6.37109e-09
1,1,197.58065,8.3843228e-09
1,1,198.3871,4.33253e-09
1,1,199.19355,8.6787985e-09
2,2,0,7.0565151e-12
2,2,0.80645161,3.3589484e-12
2,2,1.6129032,1.4433691e-10
2,2,2.4193548,1.9979893e-10
2,2,3.2258065,1.223764e-10
2,2,4.0322581,2.618612e-10
2,2,4.8387097,7.2762417e-11
2,2,5.6451613,9.1174227e-12
2,2,6.4516129,3.3247039e-11
2,2,7.2580645,1.9649748e-10
2,2,8.0645161,1.0312312e-09
2,2,8.8709677,3.1422676e-10
2,2,9.6774194,2.7964828e-09
2,2,10.483871,2.8778204e-09
2,2,11.290323,5.1407566e-10
2,2,12.096774,4.5356219e-09
2,2,12.903226,4.2420956e-10
2,2,13.709677,4.5887946e-09
2,2,14.516129,4.1760534e-09
2,2,15.322581,1.0770739e-09
2,2,16.129032,4.0053144e-09
2,2,16.935484,7.9448129e-10
2,2,17.741935,7.4017686e-09
2,2,18.548387,4.5424478e-09
2,2,19.354839,5.7048595e-09
2,2,20.16129,1.6582861e-08
2,2,20.967742,4.9061961e-09
2,2,21.774194,2.298446e-08
2,2,22.580645,8.4876651e-09
2,2,23.387097,1.7818511e-08
2,2,24.193548,3.4777589e-08
2,2,25,5.7705742e-09
2,2,25.806452,4.677185e-08
2,2,26.612903,3.0782493e-08
2,2,27.419355,2.7225049e-08
2,2,28.225806,4.6925181e-08
2,2,29.032258,3.1081707e-08
2,2,29.83871,1.0684094e-07
2,2,30.645161,4.6372339e-08
2,2,31.451613,1.2278448e-07
2,2,32.258065,1.2948739e-07
2,2,33.064516,7.2465785e-08
2,2,33.870968,1.2139028e-07
2,2,34.677419,6.2318752e-08
2,2,35.483871,7.4872877e-08
2,2,36.290323,3.3732557e-08
2,2,37.096774,4.4195206e-08
2,2,37.903226,2.5703605e-08
2,2,38.709677,8.8510943e-09
2,2,39.516129,3.0494546e-08
2,2,40.322581,4.1770428e-09
2,2,41.129032,2.2517472e-08
2,2,41.935484,7.2157062e-08
2,2,42.741935,1.8518714e-08
2,2,43.548387,5.6870828e-08
2,2,44.354839,4.3565633e-08
2,2,45.16129,9.9145626e-09
2,2,45.967742,4.8126632e-08
2,2,46.774194,4.0513589e-09
2,2,47.580645,3.2283301e-08
2,2,48.387097,1.1120332e-08
2,2,49.193548,1.9739489e-08
2,2,50,2.8145048e-08
2,2,50.806452,3.9493757e-09
2,2,51.612903,2.3258944e-08
2,2,52.419355,8.8443486e-09
2,2,53.225806,8.3616501e-09
2,2,54.032258,1.4523344e-08
2,2,54.83871,1.762654e-09
2,2,55.645161,9.289629e-09
2,2,56.451613,4.684734e-09
2,2,57.258065,3.1402621e-09
2,2,58.064516,8.6426491e-09
2,2,58.870968,1.5102527e-08
2,2,59.677419,4.1207225e-08
2,2,60.483871,2.3737087e-09
2,2,61.290323,1.8523092e-08
2,2,62.096774,1.0590375e-08
2,2,62.903226,8.8775494e-09
2,2,63.709677,2.6131324e-08
2,2,64.516129,2.4633501e-09
2,2,65.322581,3.1020997e-08
2,2,66.129032,1.5452686e-08
2,2,66.935484,1.9840752e-08
2,2,67.741935,5.1218885e-08
2,2,68.548387,2.3746344e-09
2,2,69.354839,4.8218609e-08
2,2,70.16129,2.5468496e-08
2,2,70.967742,1.4706672e-08
2,2,71.774194,4.2698924e-08
2,2,72.580645,6.1732054e-09
2,2,73.387097,2.0424001e-08
2,2,74.193548,1.2027554e-08
2,2,75,4.0469654e-09
2,2,75.806452,8.7188652e-09
2,2,76.612903,7.0297989e-09
2,2,77.419355,5.4869512e-09
2,2,78.225806,7.4457095e-09
2,2,79.032258,1.1990074e-08
2,2,79.83871,6.9226895e-09
2,2,80.645161,1.0731889e-08
2,2,81.451613,9.999035e-09
2,2,82.258065,5.2415097e-09
2,2,83.064516,1.1603913e-08
2,2,83.870968,6.5930096e-09
2,2,84.677419,5.2088512e-09
2,2,85.483871,8.799862e-09
2,2,86.290323,3.4923495e-09
2,2,87.096774,5.3719294e-09
2,2,87.903226,7.2461189e-09
2,2,88.709677,1.9775538e-09
2,2,89.516129,2.4324686e-09
2,2,90.322581,7.9594613e-09
2,2,91.129032,3.4512712e-09
2,2,91.935484,3.5262588e-09
2,2,92.741935,1.1595702e-08
2,2,93.548387,1.0178155e-09
2,2,94.354839,8.5322252e-09
2,2,95.16129,8.4049027e-09
2,2,95.967742,7.037661e-10
2,2,96.774194,8.6791597e-09
2,2,97.580645,3.0427737e-09
2,2,98.387097,2.1210716e-09
2,2,99.193548,4.6676447e-09
2,2,100,1.9373548e-09
2,2,100.80645,6.8293143e-10
2,2,101.6129,4.4845616e-09
2,2,102.41935,5.1395559e-09
2,2,103.22581,1.4576163e-09
2,2,104.03226,7.6831864e-09
2,2,104.83871,1.4727525e-08
2,2,105.64516,4.321643e-09
2,2,106.45161,2.3754204e-08
2,2,107.25806,2.3995474e-08
2,2,108.06452,3.3958217e-09
2,2,108.87097,2.4790989e-08
2,2,109.67742,1.0127312e-08
2,2,110.48387,6.4032528e-09
2,2,111.29032,1.5690575e-08
2,2,112.09677,4.7453712e-09
2,2,112.90323,2.088053e-09
2,2,113.70968,1.0556528e-09
2,2,114.51613,3.0648604e-09
2,2,115.32258,2.0319403e-09
2,2,116.12903,2.7109553e-09
2,2,116.93548,2.4968982e-09
2,2,117.74194,1.7769862e-09
2,2,118.54839,3.9585308e-09
2,2,119.35484,5.4015854e-08
2,2,120.16129,8.8578502e-08
2,2,120.96774,1.2911102e-08
2,2,121.77419,3.1618205e-09
2,2,122.58065,5.9888316e-09
2,2,123.3871,3.8990308e-09
2,2,124.19355,3.645824e-09
2,2,125,4.6462843e-09
2,2,125.80645,3.061679e-09
2,2,126.6129,3.7829691e-09
2,2,127.41935,5.0883732e-09
2,2,128.22581,3.4837784e-09
2,2,129.03226,2.0968727e-09
2,2,129.83871,8.0189832e-09
2,2,130.64516,4.6083901e-09
2,2,131.45161,1.6071181e-09
2,2,132.25806,8.8338286e-09
2,2,133.06452,3.6631871e-09
2,2,133.87097,1.6330756e-09
2,2,134.67742,3.904738e-09
2,2,135.48387,1.2804556e-09
2,2,136.29032,2.8847879e-09
2,2,137.09677,2.9362937e-09
2,2,137.90323,1.818609e-09
2,2,138.70968,4.1579388e-09
2,2,139.51613,3.8936211e-09
2,2,140.32258,2.2640603e-09
2,2,141.12903,2.973308e-09
2,2,141.93548,3.2085205e-09
2,2,142.74194,1.5507167e-09
2,2,143.54839,6.2257247e-09
2,2,144.35484,3.9411911e-09
2,2,145.16129,1.8165395e-09
2,2,145.96774,1.0225922e-08
2,2,146.77419,3.4800568e-09
2,2,147.58065,8.6612456e-09
2,2,148.3871,1.5715902e-08
2,2,149.19355,2.9329387e-09
2,2,150,1.4610163e-08
2,2,150.80645,1.2034501e-08
2,2,151.6129,7.7690951e-09
2,2,152.41935,9.3315565e-09
2,2,153.22581,9.4598171e-09
2,2,154.03226,4.5552131e-09
2,2,154.83871,4.3492876e-09
2,2,155.64516,7.547773e-09
2,2,156.45161,1.0550263e-09
2,2,157.25806,5.0338654e-09
2,2,158.06452,7.489187e-09
2,2,158.87097,1.3452177e-09
2,2,159.67742,8.0111641e-09
2,2,160.48387,5.9581355e-09
2,2,161.29032,1.7536281e-09
2,2,162.09677,6.2878884e-09
2,2,162.90323,2.5873386e-09
2,2,163.70968,3.6280636e-09
2,2,164.51613,3.3992189e-09
2,2,165.32258,1.868298e-09
2,2,166.12903,2.550258e-09
2,2,166.93548,2.2225728e-09
2,2,167.74194,1.923048e-09
2,2,168.54839,1.2741402e-09
2,2,169.35484,2.4772366e-09
2,2,170.16129,8.0580114e-10
2,2,170.96774,1.5934223e-09
2,2,171.77419,3.0891026e-09
2,2,172.58065,3.0734605e-10
2,2,173.3871,3.7546164e-09
2,2,174.19355,3.6913387e-09
2,2,175,1.3534474e-09
2,2,175.80645,4.9763769e-09
2,2,176.6129,2.9450901e-09
2,2,177.41935,4.9304858e-09
2,2,178.22581,4.774676e-09
2,2,179.03226,2.6861138e-09
2,2,179.83871,4.2372883e-09
2,2,180.64516,2.8861072e-09
2,2,181.45161,3.9186662e-09
2,2,182.25806,2.3736469e-09
2,2,183.06452,4.1014825e-09
2,2,183.87097,3.3523035e-09
2,2,184.67742,1.1856315e-09
2,2,185.48387,5.0878987e-09
2,2,186.29032,2.4852309e-09
2,2,187.09677,1.9087959e-09
2,2,187.90323,4.989696e-09
2,2,188.70968,2.3617406e-09
2,2,189.51613,3.7565696e-09
2,2,190.32258,6.2578704e-09
2,2,191.12903,4.2722604e-09
2,2,191.93548,5.2398653e-09
2,2,192.74194,4.6038275e-09
2,2,193.54839,4.1692686e-09
2,2,194.35484,5.5138245e-09
2,2,195.16129,4.9906175e-09
2,2,195.96774,3.5007631e-09
2,2,196.77419,5.1676002e-09
2,2,197.58065,3.9117351e-09
2,2,198.3871,3.2536232e-09
2,2,199.19355,5.9434344e-09
3,3,0,1.7511489e-12
3,3,0.80645161,8.5543433e-12
3,3,1.6129032,3.0891461e-10
3,3,2.4193548,7.8585457e-10
3,3,3.2258065,7.5197175e-10
3,3,4.0322581,4.3506271e-10
3,3,4.8387097,4.8342692e-10
3,3,5.6451613,3.1885725e-10
3,3,6.4516129,1.2972324e-10
3,3,7.2580645,3.1958799e-10
3,3,8.0645161,1.9580575e-09
3,3,8.8709677,7.382025e-10
3,3,9.6774194,3.1953283e-09
3,3,10.483871,4.2641113e-09
3,3,11.290323,9.6131361e-10
3,3,12.096774,7.2723343e-09
3,3,12.903226,2.2441849e-09
3,3,13.709677,4.0922075e-09
3,3,14.516129,6.0938726e-09
3,3,15.322581,6.7610196e-10
3,3,16.129032,6.2706211e-09
3,3,16.935484,2.2737891e-09
3,3,17.741935,4.7194662e-09
3,3,18.548387,8.3701077e-09
3,3,19.354839,1.2356803e-09
3,3,20.16129,5.0540342e-09
3,3,20.967742,2.4817258e-09
3,3,21.774194,9.2744935e-09
3,3,22.580645,1.3790001e-08
3,3,23.387097,3.0575631e-09
3,3,24.193548,1.4789578e-08
3,3,25,5.7573675e-09
3,3,25.806452,6.5655898e-09
3,3,26.612903,9.9570541e-09
3,3,27.419355,5.3947299e-09
3,3,28.225806,3.6663756e-08
3,3,29.032258,1.4007392e-08
3,3,29.83871,4.8773143e-08
3,3,30.645161,5.2584851e-08
3,3,31.451613,1.747164e-08
3,3,32.258065,8.8491687e-08
3,3,33.064516,2.987771e-08
3,3,33.870968,3.4810167e-08
3,3,34.677419,6.5475635e-08
3,3,35.483871,2.0509733e-08
3,3,36.290323,6.4088129e-08
3,3,37.096774,4.2073149e-08
3,3,37.903226,8.4970621e-09
3,3,38.709677,2.9481399e-08
3,3,39.516129,2.4240956e-08
3,3,40.322581,8.7153907e-09
3,3,41.129032,1.4590662e-08
3,3,41.935484,3.2117577e-08
3,3,42.741935,1.9014713e-08
3,3,43.548387,1.5650076e-08
3,3,44.354839,3.9870436e-08
3,3,45.16129,7.6611755e-09
3,3,45.967742,9.6553815e-09
3,3,46.774194,8.5055229e-09
3,3,47.580645,1.5289112e-09
3,3,48.387097,5.5283196e-09
3,3,49.193548,2.0604311e-09
3,3,50,1.1019761e-09
3,3,50.806452,1.4869812e-09
3,3,51.612903,3.1191028e-10
3,3,52.419355,6.9305632e-10
3,3,53.225806,4.1572694e-10
3,3,54.032258,1.7195953e-10
3,3,54.83871,8.687879e-11
3,3,55.645161,1.9852529e-10
3,3,56.451613,1.7513939e-10
3,3,57.258065,2.3735611e-10
3,3,58.064516,1.4216674e-09
3,3,58.870968,2.6874037e-09
3,3,59.677419,1.7099724e-09
3,3,60.483871,1.427412e-09
3,3,61.290323,7.0419619e-10
3,3,62.096774,8.3459278e-10
3,3,62.903226,1.1830211e-09
3,3,63.709677,8.927603e-10
3,3,64.516129,3.706602e-09
3,3,65.322581,1.8342941e-09
3,3,66.129032,3.6247496e-09
3,3,66.935484,3.6232874e-09
3,3,67.741935,3.2416559e-09
3,3,68.548387,1.1931799e-08
3,3,69.354839,7.8183451e-09
3,3,70.16129,9.6138723e-09
3,3,70.967742,6.4858314e-09
3,3,71.774194,8.5822415e-09
3,3,72.580645,9.6405938e-09
3,3,73.387097,5.3106002e-09
3,3,74.193548,6.865829e-09
3,3,75,1.6519463e-09
3,3,75.806452,2.0435694e-09
3,3,76.612903,3.2813392e-10
3,3,77.419355,2.0575009e-09
3,3,78.225806,3.3208101e-09
3,3,79.032258,4.4225882e-09
3,3,79.83871,5.3432319e-09
3,3,80.645161,7.1251535e-09
3,3,81.451613,5.6406522e-09
3,3,82.258065,9.4047749e-09
3,3,83.064516,4.5645318e-09
3,3,83.870968,4.9495053e-09
3,3,84.677419,7.0591347e-09
3,3,85.483871,1.7448888e-09
3,3,86.290323,5.2499925e-09
3,3,87.096774,2.0833065e-09
3,3,87.903226,1.1001304e-09
3,3,88.709677,2.5362646e-09
3,3,89.516129,8.1784718e-10
3,3,90.322581,5.2085314e-10
3,3,91.129032,1.7277099e-09
3,3,91.935484,7.1081772e-10
3,3,92.741935,8.7417124e-10
3,3,93.548387,1.8138111e-09
3,3,94.354839,1.1369529e-09
3,3,95.16129,1.3909326e-09
3,3,95.967742,2.654009e-09
3,3,96.774194,1.2004408e-09
3,3,97.580645,9.8690157e-10
3,3,98.387097,1.9315084e-09
3,3,99.193548,9.8801334e-10
3,3,100,1.244855e-09
3,3,100.80645,1.8274669e-09
3,3,101.6129,1.2482313e-09
3,3,102.41935,6.5626529e-10
3,3,103.22581,2.9450414e-09
3,3,104.03226,1.3769336e-09
3,3,104.83871,2.2354508e-09
3,3,105.64516,3.8631858e-09
3,3,106.45161,2.0897238e-09
3,3,107.25806,3.2684428e-09
3,3,108.06452,3.1496651e-09
3,3,108.87097,1.9549247e-09
3,3,109.67742,5.6692719e-10
3,3,110.48387,8.6584561e-10
3,3,111.29032,1.0657727e-09
3,3,112.09677,5.4205444e-10
3,3,112.90323,8.8161378e-10
3,3,113.70968,3.2868e-09
3,3,114.51613,9.815822e-10
3,3,115.32258,2.0505766e-09
3,3,116.12903,4.2887036e-09
3,3,116.93548,4.8685782e-10
3,3,117.74194,1.7707661e-09
3,3,118.54839,4.2721825e-09
3,3,119.35484,2.4094049e-08
3,3,120.16129,5.4732711e-08
3,3,120.96774,8.1590438e-09
3,3,121.77419,4.8648234e-10
3,3,122.58065,1.5627379e-09
3,3,123.3871,1.3753191e-09
3,3,124.19355,2.9973879e-09
3,3,125,9.8327524e-10
3,3,125.80645,3.6575613e-09
3,3,126.6129,1.5369691e-09
3,3,127.41935,1.7688829e-09
3,3,128.22581,3.0306387e-09
3,3,129.03226,2.4952761e-10
3,3,129.83871,2.2771117e-09
3,3,130.64516,8.8696621e-10
3,3,131.45161,6.2484245e-10
3,3,132.25806,2.5376663e-09
3,3,133.06452,1.2233112e-09
3,3,133.87097,1.0268679e-09
3,3,134.67742,2.6650521e-09
3,3,135.48387,1.6579146e-09
3,3,136.29032,6.5253471e-09
3,3,137.09677,1.9410382e-09
3,3,137.90323,3.8962363e-09
3,3,138.70968,4.1196138e-09
3,3,139.51613,3.3194371e-09
3,3,140.32258,5.0709213e-09
3,3,141.12903,8.7636097e-10
3,3,141.93548,4.449508e-09
3,3,142.74194,1.1841258e-09
3,3,143.54839,2.28878e-09
3,3,144.35484,3.3552596e-09
3,3,145.16129,6.0938874e-10
3,3,145.96774,5.9178124e-09
3,3,146.77419,3.5364768e-09
3,3,147.58065,3.2343188e-09
3,3,148.3871,8.9993046e-09
3,3,149.19355,2.0332359e-09
3,3,150,1.0292866e-08
3,3,150.80645,6.3515755e-09
3,3,151.6129,6.7056929e-09
3,3,152.41935,1.2158876e-08
3,3,153.22581,1.3348276e-09
3,3,154.03226,1.2344376e-08
3,3,154.83871,2.8888696e-09
3,3,155.64516,6.397865e-09
3,3,156.45161,8.7052037e-09
3,3,157.25806,2.70166e-09
3,3,158.06452,1.3585431e-08
3,3,158.87097,7.9409971e-09
3,3,159.67742,7.730253e-09
3,3,160.48387,1.7733027e-08
3,3,161.29032,5.7532165e-09
3,3,162.09677,1.5498164e-08
3,3,162.90323,1.3965616e-08
3,3,163.70968,6.4211291e-09
3,3,164.51613,1.9090603e-08
3,3,165.32258,5.8942344e-09
3,3,166.12903,1.0619321e-08
3,3,166.93548,8.8627843e-09
3,3,167.74194,3.0124855e-09
3,3,168.54839,9.4659929e-09
3,3,169.35484,3.5954593e-09
3,3,170.16129,5.7591869e-09
3,3,170.96774,9.5001399e-09
3,3,171.77419,2.7715974e-09
3,3,172.58065,8.8813536e-09
3,3,173.3871,8.1578995e-09
3,3,174.19355,4.518345e-09
3,3,175,1.3308641e-08
3,3,175.80645,2.3529549e-09
3,3,176.6129,7.7814866e-09
3,3,177.41935,7.609424e-09
3,3,178.22581,2.2777806e-09
3,3,179.03226,1.3122843e-08
3,3,179.83871,3.1264325e-09
3,3,180.64516,2.2280057e-09
3,3,181.45161,9.2807278e-10
3,3,182.25806,2.0818573e-09
3,3,183.06452,3.9337511e-09
3,3,183.87097,1.1066262e-09
3,3,184.67742,3.5633293e-09
3,3,185.48387,3.3470315e-09
3,3,186.29032,8.6552281e-10
3,3,187.09677,6.1279072e-09
3,3,187.90323,1.989622e-09
3,3,188.70968,2.7710098e-09
3,3,189.51613,4.3948237e-09
3,3,190.32258,3.593395e-10
3,3,191.12903,4.8927231e-09
3,3,191.93548,9.4134493e-10
3,3,192.74194,2.994185e-09
3,3,193.54839,2.4802113e-09
3,3,194.35484,9.3653049e-10
3,3,195.16129,5.6915069e-09
3,3,195.96774,1.2519402e-09
3,3,196.77419,4.2162555e-09
3,3,197.58065,6.35831e-09
3,3,198.3871,1.8160099e-09
3,3,199.19355,1.811653e-08
4,4,0,2.096569e-13
4,4,0.80645161,2.3919315e-12
4,4,1.6129032,6.7486035e-11
4,4,2.4193548,1.0956807e-10
4,4,3.2258065,6.3496528e-11
4,4,4.0322581,5.6413535e-11
4,4,4.8387097,1.5784484e-11
4,4,5.6451613,4.7547885e-11
4,4,6.4516129,8.9433919e-11
4,4,7.2580645,9.5837627e-11
4,4,8.0645161,5.604025e-10
4,4,8.8709677,3.4910319e-10
4,4,9.6774194,8.1289402e-10
4,4,10.483871,1.2811762e-09
4,4,11.290323,6.3067021e-10
4,4,12.096774,2.0861108e-09
4,4,12.903226,9.9719597e-10
4,4,13.709677,1.2957469e-09
4,4,14.516129,1.9361484e-09
4,4,15.322581,9.1281035e-10
4,4,16.129032,1.3858037e-09
4,4,16.935484,4.817471e-10
4,4,17.741935,7.7520944e-10
4,4,18.548387,8.43023e-10
4,4,19.354839,1.2508659e-09
4,4,20.16129,6.2607016e-09
4,4,20.967742,1.9821329e-09
4,4,21.774194,2.3690142e-09
4,4,22.580645,3.2329313e-09
4,4,23.387097,9.3358805e-10
4,4,24.193548,2.6458659e-09
4,4,25,9.701461e-10
4,4,25.806452,2.3895358e-09
4,4,26.612903,2.5927638e-09
4,4,27.419355,2.8420359e-09
4,4,28.225806,7.7607798e-09
4,4,29.032258,4.7959744e-09
4,4,29.83871,1.1897e-08
4,4,30.645161,1.4634181e-08
4,4,31.451613,8.2730323e-09
4,4,32.258065,2.0450274e-08
4,4,33.064516,1.1212589e-08
4,4,33.870968,8.7353269e-09
4,4,34.677419,1.1194981e-08
4,4,35.483871,2.4865959e-09
4,4,36.290323,1.0782858e-08
4,4,37.096774,1.0861716e-08
4,4,37.903226,2.6441543e-09
4,4,38.709677,6.8955931e-09
4,4,39.516129,1.8354911e-08
4,4,40.322581,2.0125116e-08
4,4,41.129032,3.6781687e-08
4,4,41.935484,2.6874338e-08
4,4,42.741935,8.2873278e-08
4,4,43.548387,9.6783907e-08
4,4,44.354839,3.6613204e-08
4,4,45.16129,5.0279179e-08
4,4,45.967742,2.3169236e-08
4,4,46.774194,1.6182576e-08
4,4,47.580645,1.8514463e-08
4,4,48.387097,5.103467e-09
4,4,49.193548,7.3112045e-09
4,4,50,3.5295978e-09
4,4,50.806452,1.7367174e-09
4,4,51.612903,2.3535171e-09
4,4,52.419355,4.4942934e-10
4,4,53.225806,1.2328226e-09
4,4,54.032258,6.1934371e-10
4,4,54.83871,4.1883668e-10
4,4,55.645161,1.7489753e-09
4,4,56.451613,8.3919688e-10
4,4,57.258065,2.1493714e-09
4,4,58.064516,3.1241904e-09
4,4,58.870968,2.430536e-09
4,4,59.677419,3.9869147e-09
4,4,60.483871,2.630811e-09
4,4,61.290323,1.473575e-09
4,4,62.096774,2.5763398e-09
4,4,62.903226,5.8119519e-10
4,4,63.709677,1.0620112e-09
4,4,64.516129,9.8987095e-10
4,4,65.322581,1.94334e-10
4,4,66.129032,1.0565323e-09
4,4,66.935484,4.1945507e-10
4,4,67.741935,5.7587464e-10
4,4,68.548387,1.9391922e-09
4,4,69.354839,4.4428925e-10
4,4,70.16129,1.2759092e-09
4,4,70.967742,1.3195595e-09
4,4,71.774194,8.5678714e-10
4,4,72.580645,1.5994726e-09
4,4,73.387097,6.915136e-10
4,4,74.193548,2.3576017e-09
4,4,75,1.752445e-09
4,4,75.806452,4.5754291e-10
4,4,76.612903,2.4478055e-09
4,4,77.419355,7.6927338e-10
4,4,78.225806,3.4437136e-10
4,4,79.032258,1.5152772e-09
4,4,79.83871,6.4226129e-10
4,4,80.645161,2.0122003e-10
4,4,81.451613,1.3631068e-09
4,4,82.258065,8.1674739e-10
4,4,83.064516,2.9631147e-10
4,4,83.870968,1.2739531e-09
4,4,84.677419,1.0330819e-09
4,4,85.483871,2.8643941e-10
4,4,86.290323,9.8515409e-10
4,4,87.096774,2.0548414e-10
4,4,87.903226,3.5594639e-10
4,4,88.709677,3.1700964e-10
4,4,89.516129,1.1084253e-11
4,4,90.322581,6.7541701e-11
4,4,91.129032,7.8317264e-11
4,4,91.935484,1.7227597e-10
4,4,92.741935,1.5746577e-10
4,4,93.548387,2.2526624e-10
4,4,94.354839,5.4623962e-10
4,4,95.16129,3.1988371e-10
4,4,95.967742,2.8048504e-10
4,4,96.774194,1.057752e-09
4,4,97.580645,8.9276889e-11
4,4,98.387097,1.0417511e-09
4,4,99.193548,9.3466407e-10
4,4,100,9.0865308e-11
4,4,100.80645,8.3577774e-10
4,4,101.6129,1.5022561e-10
4,4,102.41935,2.0114772e-10
4,4,103.22581,7.04314e-11
4,4,104.03226,3.350569e-10
4,4,104.83871,5.4565199e-10
4,4,105.64516,1.5703393e-10
4,4,106.45161,1.4462759e-09
4,4,107.25806,1.1565518e-09
4,4,108.06452,4.8819999e-10
4,4,108.87097,2.0484166e-09
4,4,109.67742,8.7458318e-10
4,4,110.48387,1.0397795e-09
4,4,111.29032,1.3538381e-09
4,4,112.09677,3.7394528e-10
4,4,112.90323,6.1010159e-10
4,4,113.70968,3.329386e-10
4,4,114.51613,2.1516475e-10
4,4,115.32258,1.9218505e-11
4,4,116.12903,3.073281e-10
4,4,116.93548,5.2422754e-10
4,4,117.74194,1.2283447e-10
4,4,118.54839,1.1680634e-09
4,4,119.35484,4.0825932e-09
4,4,120.16129,4.2977792e-09
4,4,120.96774,2.5477555e-09
4,4,121.77419,8.0782327e-10
4,4,122.58065,3.5263876e-10
4,4,123.3871,1.4696635e-09
4,4,124.19355,6.1695274e-10
4,4,125,1.7765592e-10
4,4,125.80645,5.7822047e-10
4,4,126.6129,1.4364138e-10
4,4,127.41935,4.5664338e-10
4,4,128.22581,1.6523115e-10
4,4,129.03226,1.4002701e-10
4,4,129.83871,4.0296487e-10
4,4,130.64516,2.714954e-10
4,4,131.45161,7.8518977e-10
4,4,132.25806,1.1168369e-09
4,4,133.06452,4.3366723e-10
4,4,133.87097,1.9486926e-09
4,4,134.67742,8.318982e-10
4,4,135.48387,9.1202613e-10
4,4,136.29032,1.9040303e-09
4,4,137.09677,3.1560098e-10
4,4,137.90323,6.362082e-10
4,4,138.70968,2.0184257e-10
4,4,139.51613,4.8115732e-10
4,4,140.32258,6.0418579e-10
4,4,141.12903,4.7352819e-10
4,4,141.93548,7.4070282e-10
4,4,142.74194,8.171316e-10
4,4,143.54839,1.7546489e-09
4,4,144.35484,3.1510714e-09
4,4,145.16129,1.366923e-09
4,4,145.96774,4.4663342e-09
4,4,146.77419,2.481276e-09
4,4,147.58065,2.3513034e-09
4,4,148.3871,5.9866158e-09
4,4,149.19355,1.699255e-09
4,4,150,2.9049338e-09
4,4,150.80645,2.2487226e-09
4,4,151.6129,1.8373331e-09
4,4,152.41935,3.4170999e-09
4,4,153.22581,2.4034417e-09
4,4,154.03226,3.4150646e-09
4,4,154.83871,2.5380011e-09
4,4,155.64516,3.7243176e-09
4,4,156.45161,6.7712786e-09
4,4,157.25806,3.189091e-09
4,4,158.06452,6.657127e-09
4,4,158.87097,3.7270735e-09
4,4,159.67742,1.4674067e-09
4,4,160.48387,6.2127022e-09
4,4,161.29032,2.2797696e-09
4,4,162.09677,5.0382932e-09
4,4,162.90323,5.6283278e-09
4,4,163.70968,3.5904813e-09
4,4,164.51613,6.6524294e-09
4,4,165.32258,3.7514788e-09
4,4,166.12903,5.2587441e-09
4,4,166.93548,3.0609511e-09
4,4,167.74194,4.0677227e-09
4,4,168.54839,1.1531715e-08
4,4,169.35484,3.9704229e-09
4,4,170.16129,7.2755296e-09
4,4,170.96774,7.849626e-09
4,4,171.77419,3.013073e-09
4,4,172.58065,5.5557722e-09
4,4,173.3871,2.7949441e-09
4,4,174.19355,3.5285207e-09
4,4,175,2.6164011e-09
4,4,175.80645,8.2602941e-10
4,4,176.6129,2.3901215e-09
4,4,177.41935,4.9876901e-10
4,4,178.22581,7.2997413e-10
4,4,179.03226,1.3432819e-09
4,4,179.83871,8.8050333e-10
4,4,180.64516,1.3176965e-09
4,4,181.45161,1.0885151e-09
4,4,182.25806,5.7525573e-10
4,4,183.06452,1.443635e-09
4,4,183.87097,2.1128176e-09
4,4,184.67742,7.3140602e-10
4,4,185.48387,1.5342339e-09
4,4,186.29032,9.499356e-10
4,4,187.09677,6.0123509e-10
4,4,187.90323,1.357082e-09
4,4,188.70968,1.1944821e-09
4,4,189.51613,1.5107726e-09
4,4,190.32258,9.3631729e-10
4,4,191.12903,6.6698333e-10
4,4,191.93548,5.7005504e-10
4,4,192.74194,5.752918e-10
4,4,193.54839,7.3664282e-10
4,4,194.35484,6.7160092e-10
4,4,195.16129,6.9088096e-10
4,4,195.96774,8.1809591e-10
4,4,196.77419,1.0794515e-09
4,4,197.58065,8.1630418e-10
4,4,198.3871,1.421233e-09
4,4,199.19355,8.4265949e-10
5,5,0,6.754933e-11
5,5,0.80645161,1.9851277e-11
5,5,1.6129032,2.9936058e-10
5,5,2.4193548,3.9601025e-10
5,5,3.2258065,9.6808178e-11
5,5,4.0322581,8.234655e-10
5,5,4.8387097,2.6291743e-10
5,5,5.6451613,2.573921e-11
5,5,6.4516129,6.4227209e-11
5,5,7.2580645,4.9084872e-10
5,5,8.0645161,2.9494816e-09
5,5,8.8709677,1.7027162e-09
5,5,9.6774194,3.0415735e-09
5,5,10.483871,5.8621366e-09
5,5,11.290323,2.0549637e-09
5,5,12.096774,9.8704778e-09
5,5,12.903226,5.0863265e-09
5,5,13.709677,6.6267375e-09
5,5,14.516129,1.1048141e-08
5,5,15.322581,2.6592414e-09
5,5,16.129032,8.9269771e-09
5,5,16.935484,4.671347e-09
5,5,17.741935,6.7922102e-09
5,5,18.548387,1.4197478e-08
5,5,19.354839,2.653373e-09
5,5,20.16129,1.5786154e-08
5,5,20.967742,9.7935451e-09
5,5,21.774194,7.4303028e-09
5,5,22.580645,1.8314148e-08
5,5,23.387097,9.7648187e-09
5,5,24.193548,2.182842e-08
5,5,25,1.7941889e-08
5,5,25.806452,1.0674046e-08
5,5,26.612903,4.0637034e-08
5,5,27.419355,1.3146736e-08
5,5,28.225806,3.8983023e-08
5,5,29.032258,6.4403488e-08
5,5,29.83871,1.8466732e-08
5,5,30.645161,8.3469428e-08
5,5,31.451613,4.4639365e-08
5,5,32.258065,5.9532318e-08
5,5,33.064516,8.7430533e-08
5,5,33.870968,3.3580702e-08
5,5,34.677419,6.1969339e-08
5,5,35.483871,4.6228608e-08
5,5,36.290323,5.3689669e-08
5,5,37.096774,5.8789201e-08
5,5,37.903226,4.4297718e-08
5,5,38.709677,2.1647802e-08
5,5,39.516129,1.4000551e-08
5,5,40.322581,2.4614779e-08
5,5,41.129032,1.866026e-08
5,5,41.935484,1.3560997e-08
5,5,42.741935,5.0516921e-08
5,5,43.548387,2.5019302e-08
5,5,44.354839,2.3023977e-08
5,5,45.16129,2.5325169e-08
5,5,45.967742,5.9743954e-09
5,5,46.774194,1.580653e-08
5,5,47.580645,4.2267714e-09
5,5,48.387097,7.0101265e-09
5,5,49.193548,6.8150369e-09
5,5,50,1.3454751e-09
5,5,50.806452,2.8738807e-09
5,5,51.612903,5.5653191e-10
5,5,52.419355,3.2857707e-10
5,5,53.225806,2.9185726e-10
5,5,54.032258,6.8068916e-11
5,5,54.83871,2.085179e-10
5,5,55.645161,2.7360218e-10
5,5,56.451613,1.5070304e-10
5,5,57.258065,2.4315871e-10
5,5,58.064516,2.5129552e-09
5,5,58.870968,1.2796188e-08
5,5,59.677419,6.055237e-09
5,5,60.483871,6.5708021e-10
5,5,61.290323,8.4388231e-10
5,5,62.096774,9.5539881e-10
5,5,62.903226,1.3745896e-09
5,5,63.709677,1.8979329e-09
5,5,64.516129,2.5594079e-09
5,5,65.322581,5.0379715e-09
5,5,66.129032,5.1426237e-09
5,5,66.935484,5.7339255e-09
5,5,67.741935,1.0585927e-08
5,5,68.548387,1.1136651e-08
5,5,69.354839,9.9256998e-09
5,5,70.16129,1.096258e-08
5,5,70.967742,9.585255e-09
5,5,71.774194,5.6009712e-09
5,5,72.580645,4.9536005e-09
5,5,73.387097,2.8055626e-09
5,5,74.193548,1.5149686e-09
5,5,75,2.1946707e-09
5,5,75.806452,2.6767872e-09
5,5,76.612903,3.1586308e-09
5,5,77.419355,4.2533511e-09
5,5,78.225806,4.5927151e-09
5,5,79.032258,3.7519069e-09
5,5,79.83871,6.5958663e-09
5,5,80.645161,3.6767983e-09
5,5,81.451613,3.5156871e-09
5,5,82.258065,4.1943681e-09
5,5,83.064516,7.0384636e-10
5,5,83.870968,3.7543151e-09
5,5,84.677419,1.5798582e-09
5,5,85.483871,7.1841193e-10
5,5,86.290323,5.4505061e-10
5,5,87.096774,3.277272e-10
5,5,87.903226,4.0497286e-10
5,5,88.709677,4.8633584e-10
5,5,89.516129,1.7361439e-09
5,5,90.322581,1.3063664e-09
5,5,91.129032,1.1364045e-09
5,5,91.935484,1.9572998e-09
5,5,92.741935,2.2835416e-09
5,5,93.548387,1.1148408e-09
5,5,94.354839,2.2760712e-09
5,5,95.16129,4.2765134e-10
5,5,95.967742,1.6839726e-09
5,5,96.774194,9.1135315e-10
5,5,97.580645,1.0922863e-09
5,5,98.387097,8.3454781e-10
5,5,99.193548,1.57506e-09
5,5,100,3.2633762e-09
5,5,100.80645,1.1407378e-09
5,5,101.6129,4.4322368e-09
5,5,102.41935,2.8563967e-09
5,5,103.22581,3.6729661e-09
5,5,104.03226,3.5837395e-09
5,5,104.83871,2.2135068e-09
5,5,105.64516,2.3685208e-09
5,5,106.45161,1.3730258e-09
5,5,107.25806,1.2298848e-09
5,5,108.06452,1.1589206e-09
5,5,108.87097,7.2438558e-10
5,5,109.67742,4.7024163e-10
5,5,110.48387,4.2769888e-10
5,5,111.29032,8.5352926e-10
5,5,112.09677,6.6724699e-10
5,5,112.90323,3.773141e-10
5,5,113.70968,1.1296584e-09
5,5,114.51613,1.2161237e-09
5,5,115.32258,9.0076765e-10
5,5,116.12903,1.8120047e-09
5,5,116.93548,2.2406253e-09
5,5,117.74194,1.3533232e-09
5,5,118.54839,4.1349841e-09
5,5,119.35484,5.7890631e-09
5,5,120.16129,3.5712986e-09
5,5,120.96774,1.6838816e-09
5,5,121.77419,1.0833852e-09
5,5,122.58065,4.0229444e-10
5,5,123.3871,5.8560917e-10
5,5,124.19355,3.9591667e-10
5,5,125,2.8557193e-10
5,5,125.80645,5.0421677e-10
5,5,126.6129,1.2813873e-09
5,5,127.41935,1.174105e-09
5,5,128.22581,1.6707895e-09
5,5,129.03226,2.9571236e-09
5,5,129.83871,1.9678305e-09
5,5,130.64516,4.0679725e-09
5,5,131.45161,3.4824992e-09
5,5,132.25806,2.2122858e-09
5,5,133.06452,1.9782443e-09
5,5,133.87097,2.0558207e-09
5,5,134.67742,1.7195365e-09
5,5,135.48387,1.2450065e-09
5,5,136.29032,8.0736673e-10
5,5,137.09677,5.681813e-10
5,5,137.90323,1.0290026e-09
5,5,138.70968,2.6563284e-09
5,5,139.51613,1.9077727e-09
5,5,140.32258,2.5091369e-09
5,5,141.12903,5.5428459e-09
5,5,141.93548,3.6340168e-09
5,5,142.74194,7.3499526e-09
5,5,143.54839,7.7045196e-09
5,5,144.35484,5.8517813e-09
5,5,145.16129,1.2678884e-08
5,5,145.96774,9.2657306e-09
5,5,146.77419,8.9549164e-09
5,5,147.58065,9.3481553e-09
5,5,148.3871,9.2426851e-09
5,5,149.19355,9.5448903e-09
5,5,150,1.0726356e-08
5,5,150.80645,1.6483812e-08
5,5,151.6129,1.5892807e-08
5,5,152.41935,2.5803358e-08
5,5,153.22581,4.4364886e-08
5,5,154.03226,3.8111932e-08
5,5,154.83871,7.29219e-08
5,5,155.64516,7.0946857e-08
5,5,156.45161,5.6954901e-08
5,5,157.25806,5.5281833e-08
5,5,158.06452,2.6773743e-08
5,5,158.87097,2.1274865e-08
5,5,159.67742,1.9518306e-08
5,5,160.48387,1.1994315e-08
5,5,161.29032,7.83715e-09
5,5,162.09677,4.3331817e-09
5,5,162.90323,2.3583943e-09
5,5,163.70968,1.983662e-09
5,5,164.51613,2.9465617e-09
5,5,165.32258,1.7932603e-09
5,5,166.12903,1.8203425e-09
5,5,166.93548,5.2148952e-09
5,5,167.74194,3.0365482e-09
5,5,168.54839,3.7794615e-09
5,5,169.35484,4.9436893e-09
5,5,170.16129,3.5388355e-09
5,5,170.96774,5.08497e-09
5,5,171.77419,3.7327141e-09
5,5,172.58065,2.5092278e-09
5,5,173.3871,2.0004562e-09
5,5,174.19355,1.5023429e-09
5,5,175,1.2413478e-09
5,5,175.80645,6.9571354e-10
5,5,176.6129,9.3415593e-10
5,5,177.41935,7.0797964e-10
5,5,178.22581,6.9786544e-10
5,5,179.03226,1.0721391e-09
5,5,179.83871,3.0794303e-10
5,5,180.64516,6.333203e-10
5,5,181.45161,6.979961e-10
5,5,182.25806,5.7727865e-10
5,5,183.06452,8.7470966e-10
5,5,183.87097,7.5504499e-10
5,5,184.67742,7.2393468e-10
5,5,185.48387,6.6264705e-10
5,5,186.29032,8.6145984e-10
5,5,187.09677,3.1445096e-10
5,5,187.90323,4.1988639e-10
5,5,188.70968,5.9531058e-10
5,5,189.51613,8.8936296e-11
5,5,190.32258,4.1954004e-10
5,5,191.12903,3.2537339e-10
5,5,191.93548,7.2060564e-11
5,5,192.74194,3.7449905e-10
5,5,193.54839,1.8154596e-10
5,5,194.35484,2.9501202e-10
5,5,195.16129,3.752911e-10
5,5,195.96774,1.3835972e-10
5,5,196.77419,5.860268e-10
5,5,197.58065,2.8305497e-10
5,5,198.3871,5.8034906e-10
5,5,199.19355,1.1580253e-09
6,6,0,3.3584012e-11
6,6,0.80645161,1.2644126e-11
6,6,1.6129032,9.5408355e-11
6,6,2.4193548,1.0684905e-10
6,6,3.2258065,1.1523739e-10
6,6,4.0322581,2.844364e-10
6,6,4.8387097,1.052093e-10
6,6,5.6451613,2.9236189e-11
6,6,6.4516129,4.3918214e-11
6,6,7.2580645,7.3577825e-11
6,6,8.0645161,5.8308365e-10
6,6,8.8709677,1.6018934e-10
6,6,9.6774194,8.8165705e-10
6,6,10.483871,1.7980105e-09
6,6,11.290323,1.2115529e-10
6,6,12.096774,2.9848813e-09
6,6,12.903226,1.0417214e-09
6,6,13.709677,2.8143877e-09
6,6,14.516129,4.2919133e-09
6,6,15.322581,1.9706511e-10
6,6,16.129032,3.5734206e-09
6,6,16.935484,2.1866877e-09
6,6,17.741935,2.6310899e-09
6,6,18.548387,4.3036777e-09
6,6,19.354839,1.1802648e-09
6,6,20.16129,8.6734674e-09
6,6,20.967742,3.4481106e-09
6,6,21.774194,5.5736257e-09
6,6,22.580645,1.602536e-08
6,6,23.387097,1.4529052e-09
6,6,24.193548,1.1240697e-08
6,6,25,5.0670192e-09
6,6,25.806452,1.1589104e-08
6,6,26.612903,3.4420806e-08
6,6,27.419355,2.6680533e-09
6,6,28.225806,4.6369789e-08
6,6,29.032258,5.1520525e-08
6,6,29.83871,1.2332175e-08
6,6,30.645161,7.552858e-08
6,6,31.451613,2.8271091e-08
6,6,32.258065,1.2175659e-07
6,6,33.064516,1.4522536e-07
6,6,33.870968,2.871706e-08
6,6,34.677419,6.3638828e-08
6,6,35.483871,2.0410336e-08
6,6,36.290323,2.3630259e-08
6,6,37.096774,1.1705319e-08
6,6,37.903226,8.3000897e-09
6,6,38.709677,6.44559e-09
6,6,39.516129,3.1352315e-09
6,6,40.322581,3.8784444e-09
6,6,41.129032,1.6688005e-09
6,6,41.935484,1.3979846e-08
6,6,42.741935,1.0071197e-08
6,6,43.548387,1.8349232e-08
6,6,44.354839,5.5581902e-08
6,6,45.16129,4.0389948e-08
6,6,45.967742,1.9268215e-08
6,6,46.774194,3.7195795e-08
6,6,47.580645,1.1940454e-08
6,6,48.387097,1.8179436e-08
6,6,49.193548,1.8604093e-08
6,6,50,4.2151119e-09
6,6,50.806452,1.0569828e-08
6,6,51.612903,4.2171356e-09
6,6,52.419355,4.3725255e-09
6,6,53.225806,4.7609653e-09
6,6,54.032258,6.2705039e-10
6,6,54.83871,2.6840999e-09
6,6,55.645161,4.8367853e-10
6,6,56.451613,1.3430068e-09
6,6,57.258065,7.0358192e-10
6,6,58.064516,2.6920996e-09
6,6,58.870968,2.1152786e-09
6,6,59.677419,1.3306811e-08
6,6,60.483871,2.9786239e-09
6,6,61.290323,1.4677991e-09
6,6,62.096774,6.9588455e-10
6,6,62.903226,2.5137907e-09
6,6,63.709677,1.9933814e-09
6,6,64.516129,8.4045708e-10
6,6,65.322581,3.2998062e-09
6,6,66.129032,5.4266916e-10
6,6,66.935484,1.8098455e-09
6,6,67.741935,2.9602149e-09
6,6,68.548387,2.415164e-10
6,6,69.354839,1.2712601e-09
6,6,70.16129,1.0415775e-09
6,6,70.967742,5.4193886e-10
6,6,71.774194,2.6973401e-09
6,6,72.580645,9.1001534e-10
6,6,73.387097,1.1128664e-09
6,6,74.193548,2.2093364e-09
6,6,75,2.2754969e-09
6,6,75.806452,1.7943681e-09
6,6,76.612903,2.0464786e-09
6,6,77.419355,3.7987762e-09
6,6,78.225806,1.7074428e-10
6,6,79.032258,1.9129992e-09
6,6,79.83871,1.3341688e-09
6,6,80.645161,7.1251997e-10
6,6,81.451613,8.144796e-10
6,6,82.258065,8.9884429e-10
6,6,83.064516,1.683928e-10
6,6,83.870968,1.5492058e-09
6,6,84.677419,1.4091399e-09
6,6,85.483871,2.9718207e-10
6,6,86.290323,1.6658242e-09
6,6,87.096774,4.8750264e-10
6,6,87.903226,2.6475148e-10
6,6,88.709677,2.7972234e-10
6,6,89.516129,3.0918245e-10
6,6,90.322581,6.1252351e-10
6,6,91.129032,2.6578151e-10
6,6,91.935484,2.5957046e-09
6,6,92.741935,9.2528734e-10
6,6,93.548387,2.2273678e-09
6,6,94.354839,2.252128e-09
6,6,95.16129,5.0246992e-10
6,6,95.967742,1.7443614e-09
6,6,96.774194,2.6701447e-09
6,6,97.580645,5.8182357e-11
6,6,98.387097,3.280026e-09
6,6,99.193548,5.4029081e-09
6,6,100,2.1510868e-09
6,6,100.80645,3.1020829e-09
6,6,101.6129,3.246474e-09
6,6,102.41935,1.6217929e-09
6,6,103.22581,5.2992131e-09
6,6,104.03226,8.2459407e-09
6,6,104.83871,8.8915491e-10
6,6,105.64516,3.1346461e-09
6,6,106.45161,2.1300419e-09
6,6,107.25806,1.0587243e-09
6,6,108.06452,2.3275474e-09
6,6,108.87097,1.9184367e-09
6,6,109.67742,3.4433463e-10
6,6,110.48387,2.1128515e-09
6,6,111.29032,3.2104932e-09
6,6,112.09677,3.1450035e-10
6,6,112.90323,4.4966957e-09
6,6,113.70968,4.1144207e-09
6,6,114.51613,1.0762803e-09
6,6,115.32258,4.0833512e-09
6,6,116.12903,2.6197926e-09
6,6,116.93548,9.2239773e-10
6,6,117.74194,2.3339755e-09
6,6,118.54839,2.1173951e-09
6,6,119.35484,2.7547725e-09
6,6,120.16129,4.0625877e-09
6,6,120.96774,1.7665625e-09
6,6,121.77419,5.2170146e-11
6,6,122.58065,1.2493409e-09
6,6,123.3871,3.3052185e-09
6,6,124.19355,9.4421801e-10
6,6,125,1.7900391e-09
6,6,125.80645,1.7747482e-09
6,6,126.6129,2.2760914e-10
6,6,127.41935,6.5231894e-10
6,6,128.22581,5.2093161e-11
6,6,129.03226,1.0039774e-10
6,6,129.83871,7.400678e-11
6,6,130.64516,2.8247664e-10
6,6,131.45161,1.176267e-10
6,6,132.25806,5.9748041e-10
6,6,133.06452,2.6418763e-09
6,6,133.87097,3.1963118e-09
6,6,134.67742,2.3884211e-09
6,6,135.48387,3.0355029e-09
6,6,136.29032,6.8397962e-10
6,6,137.09677,2.0085327e-09
6,6,137.90323,1.7217349e-09
6,6,138.70968,7.0013013e-10
6,6,139.51613,2.0937563e-09
6,6,140.32258,6.9129863e-10
6,6,141.12903,9.203004e-11
6,6,141.93548,4.7760653e-10
6,6,142.74194,3.2114727e-10
6,6,143.54839,8.8671468e-11
6,6,144.35484,2.7481353e-10
6,6,145.16129,8.6922382e-10
6,6,145.96774,6.116255e-10
6,6,146.77419,7.6660041e-10
6,6,147.58065,1.6167188e-09
6,6,148.3871,7.3098851e-10
6,6,149.19355,2.2692932e-09
6,6,150,1.9679153e-09
6,6,150.80645,1.1660467e-09
6,6,151.6129,2.73867e-09
6,6,152.41935,9.5269112e-10
6,6,153.22581,7.8283829e-10
6,6,154.03226,1.5399888e-09
6,6,154.83871,5.4382517e-10
6,6,155.64516,8.9030077e-10
6,6,156.45161,9.7359874e-10
6,6,157.25806,8.3332973e-10
6,6,158.06452,6.3053037e-10
6,6,158.87097,1.3098103e-09
6,6,159.67742,1.3318948e-09
6,6,160.48387,4.7309815e-10
6,6,161.29032,3.0081682e-09
6,6,162.09677,1.5085712e-09
6,6,162.90323,1.6012622e-09
6,6,163.70968,4.2182681e-09
6,6,164.51613,7.0688234e-10
6,6,165.32258,2.8272694e-09
6,6,166.12903,2.4765271e-09
6,6,166.93548,5.4989047e-10
6,6,167.74194,2.1487971e-09
6,6,168.54839,9.1123073e-10
6,6,169.35484,6.4511702e-10
6,6,170.16129,4.4086217e-10
6,6,170.96774,1.3286414e-09
6,6,171.77419,2.3597391e-09
6,6,172.58065,2.9988928e-10
6,6,173.3871,6.8841105e-09
6,6,174.19355,6.7250222e-09
6,6,175,1.8566691e-09
6,6,175.80645,1.0168228e-08
6,6,176.6129,3.9517989e-09
6,6,177.41935,4.4445955e-09
6,6,178.22581,9.2157663e-09
6,6,179.03226,1.9425565e-09
6,6,179.83871,3.7028273e-09
6,6,180.64516,2.7958011e-09
6,6,181.45161,1.0587933e-09
6,6,182.25806,1.4449718e-09
6,6,183.06452,1.5473989e-09
6,6,183.87097,1.4438614e-09
6,6,184.67742,1.0325766e-10
6,6,185.48387,1.9441062e-09
6,6,186.29032,1.4815709e-09
6,6,187.09677,9.9415729e-10
6,6,187.90323,6.9606103e-09
6,6,188.70968,1.7881339e-09
6,6,189.51613,4.3238148e-09
6,6,190.32258,8.5104045e-09
6,6,191.12903,6.7373427e-10
6,6,191.93548,7.1773082e-09
6,6,192.74194,3.322086e-09
6,6,193.54839,2.5166305e-09
6,6,194.35484,3.8148448e-09
6,6,195.16129,2.1994283e-09
6,6,195.96774,2.9296085e-09
6,6,196.77419,5.9221719e-10
6,6,197.58065,3.6924807e-09
6,6,198.3871,2.6457693e-09
6,6,199.19355,1.2876186e-09
7,7,0,2.0284822e-12
7,7,0.80645161,8.4260168e-13
7,7,1.6129032,4.3193132e-12
7,7,2.4193548,4.8806042e-12
7,7,3.2258065,2.1574044e-12
7,7,4.0322581,2.5547004e-12
7,7,4.8387097,3.2700605e-12
7,7,5.6451613,1.0260694e-11
7,7,6.4516129,1.391709e-11
7,7,7.2580645,6.5982188e-11
7,7,8.0645161,2.4809908e-10
7,7,8.8709677,5.6398437e-11
7,7,9.6774194,1.1572022e-10
7,7,10.483871,1.6143754e-10
7,7,11.290323,1.5428283e-11
7,7,12.096774,1.5966528e-10
7,7,12.903226,1.4023182e-10
7,7,13.709677,3.6703435e-10
7,7,14.516129,4.4222434e-10
7,7,15.322581,2.8803262e-11
7,7,16.129032,4.2640485e-10
7,7,16.935484,2.0441199e-10
7,7,17.741935,2.2727289e-10
7,7,18.548387,4.8915644e-10
7,7,19.354839,5.5583922e-10
7,7,20.16129,3.7848372e-10
7,7,20.967742,2.4383885e-10
7,7,21.774194,1.428423e-10
7,7,22.580645,1.4896839e-10
7,7,23.387097,4.5828445e-10
7,7,24.193548,8.4604716e-10
7,7,25,1.9561151e-10
7,7,25.806452,3.0017043e-10
7,7,26.612903,3.6824041e-10
7,7,27.419355,1.3008023e-10
7,7,28.225806,1.2088436e-09
7,7,29.032258,1.8604852e-09
7,7,29.83871,3.6591742e-10
7,7,30.645161,4.2753501e-10
7,7,31.451613,1.2418209e-10
7,7,32.258065,1.4213722e-09
7,7,33.064516,1.0118113e-09
7,7,33.870968,2.0565329e-10
7,7,34.677419,2.4455809e-10
7,7,35.483871,5.9779037e-10
7,7,36.290323,1.0199104e-09
7,7,37.096774,2.5672218e-10
7,7,37.903226,1.0443202e-09
7,7,38.709677,1.6664043e-09
7,7,39.516129,1.7385625e-09
7,7,40.322581,8.0984231e-10
7,7,41.129032,5.1989271e-10
7,7,41.935484,1.6626657e-09
7,7,42.741935,1.643973e-09
7,7,43.548387,5.7575234e-10
7,7,44.354839,2.5905258e-10
7,7,45.16129,1.2457605e-10
7,7,45.967742,3.2513098e-10
7,7,46.774194,4.4805624e-10
7,7,47.580645,1.1694858e-10
7,7,48.387097,5.359853e-10
7,7,49.193548,2.8853819e-10
7,7,50,1.5999538e-10
7,7,50.806452,2.568175e-10
7,7,51.612903,1.834607e-10
7,7,52.419355,3.2895462e-10
7,7,53.225806,2.7530015e-10
7,7,54.032258,7.8776235e-11
7,7,54.83871,1.8187757e-10
7,7,55.645161,1.4010911e-10
7,7,56.451613,6.381479e-11
7,7,57.258065,2.7811796e-10
7,7,58.064516,3.0519918e-09
7,7,58.870968,1.366856e-08
7,7,59.677419,5.0283675e-09
7,7,60.483871,3.2168254e-10
7,7,61.290323,1.3488742e-10
7,7,62.096774,3.3292132e-10
7,7,62.903226,3.1215049e-10
7,7,63.709677,7.9056962e-12
7,7,64.516129,1.8693228e-10
7,7,65.322581,1.3332883e-10
7,7,66.129032,1.9992295e-10
7,7,66.935484,3.2249104e-10
7,7,67.741935,1.3292605e-10
7,7,68.548387,4.1069455e-10
7,7,69.354839,3.480444e-10
7,7,70.16129,9.844983e-11
7,7,70.967742,7.1937161e-10
7,7,71.774194,8.7802621e-10
7,7,72.580645,2.1385951e-10
7,7,73.387097,1.2211246e-09
7,7,74.193548,2.0207124e-10
7,7,75,1.7776645e-09
7,7,75.806452,8.232844e-10
7,7,76.612903,5.881741e-10
7,7,77.419355,4.7185424e-10
7,7,78.225806,8.3941556e-11
7,7,79.032258,2.1575129e-10
7,7,79.83871,8.1683785e-11
7,7,80.645161,2.6095031e-11
7,7,81.451613,3.1374256e-10
7,7,82.258065,5.3484082e-10
7,7,83.064516,8.9004591e-11
7,7,83.870968,1.0292838e-10
7,7,84.677419,4.3051656e-12
7,7,85.483871,1.9806666e-11
7,7,86.290323,1.5689576e-11
7,7,87.096774,8.4404613e-11
7,7,87.903226,9.0040826e-11
7,7,88.709677,1.600192e-10
7,7,89.516129,3.4797933e-10
7,7,90.322581,1.3813962e-10
7,7,91.129032,4.3635892e-11
7,7,91.935484,3.2916466e-11
7,7,92.741935,2.1588593e-11
7,7,93.548387,1.2164063e-10
7,7,94.354839,2.8263526e-10
7,7,95.16129,5.2116243e-11
7,7,95.967742,1.7079191e-10
7,7,96.774194,9.9971402e-11
7,7,97.580645,2.1296823e-10
7,7,98.387097,3.0856594e-10
7,7,99.193548,1.1428875e-10
7,7,100,1.3815358e-10
7,7,100.80645,6.1354316e-11
7,7,101.6129,2.7346251e-10
7,7,102.41935,5.0726082e-11
7,7,103.22581,2.1975324e-10
7,7,104.03226,1.7867508e-10
7,7,104.83871,1.4344168e-10
7,7,105.64516,1.2561104e-10
7,7,106.45161,1.0159173e-10
7,7,107.25806,5.2937014e-11
7,7,108.06452,6.1718747e-11
7,7,108.87097,9.7429173e-11
7,7,109.67742,3.060223e-10
7,7,110.48387,2.0481575e-10
7,7,111.29032,1.0138703e-10
7,7,112.09677,1.7125533e-10
7,7,112.90323,4.0252432e-10
7,7,113.70968,4.2729085e-10
7,7,114.51613,2.5484866e-10
7,7,115.32258,3.5141251e-10
7,7,116.12903,2.7405695e-10
7,7,116.93548,2.2373917e-10
7,7,117.74194,3.0352204e-10
7,7,118.54839,3.6521429e-10
7,7,119.35484,5.1473105e-10
7,7,120.16129,7.5395306e-10
7,7,120.96774,4.2976044e-10
7,7,121.77419,2.5087396e-10
7,7,122.58065,2.1988695e-10
7,7,123.3871,1.9806273e-10
7,7,124.19355,2.4336125e-10
7,7,125,1.8777676e-10
7,7,125.80645,9.2782506e-11
7,7,126.6129,5.7104609e-10
7,7,127.41935,5.9233232e-10
7,7,128.22581,7.6136893e-11
7,7,129.03226,1.6060078e-10
7,7,129.83871,7.3965552e-12
7,7,130.64516,1.0922541e-10
7,7,131.45161,1.4311415e-11
7,7,132.25806,8.7592686e-10
7,7,133.06452,1.8665174e-09
7,7,133.87097,5.2905477e-10
7,7,134.67742,1.2371547e-10
7,7,135.48387,1.4639186e-11
7,7,136.29032,1.3415295e-10
7,7,137.09677,2.4797535e-10
7,7,137.90323,2.6726357e-10
7,7,138.70968,7.4793228e-10
7,7,139.51613,2.1483397e-10
7,7,140.32258,1.4841301e-10
7,7,141.12903,1.9788341e-10
7,7,141.93548,8.5408833e-11
7,7,142.74194,1.5341528e-10
7,7,143.54839,2.4590789e-10
7,7,144.35484,3.7982178e-10
7,7,145.16129,1.0435328e-10
7,7,145.96774,6.0947928e-11
7,7,146.77419,3.0752436e-11
7,7,147.58065,2.1710941e-11
7,7,148.3871,5.0553452e-11
7,7,149.19355,9.0910236e-11
7,7,150,1.5645006e-10
7,7,150.80645,5.4110008e-11
7,7,151.6129,1.9265183e-10
7,7,152.41935,8.9727133e-11
7,7,153.22581,3.9811048e-11
7,7,154.03226,9.6284512e-11
7,7,154.83871,1.415069e-10
7,7,155.64516,3.0392496e-10
7,7,156.45161,4.6612895e-10
7,7,157.25806,4.4443881e-10
7,7,158.06452,8.9120555e-11
7,7,158.87097,1.5428563e-10
7,7,159.67742,1.1760458e-10
7,7,160.48387,3.2002248e-10
7,7,161.29032,1.7443321e-10
7,7,162.09677,2.1837721e-10
7,7,162.90323,1.3498078e-10
7,7,163.70968,2.5779849e-10
7,7,164.51613,5.9065979e-10
7,7,165.32258,1.1077703e-09
7,7,166.12903,1.5501672e-09
7,7,166.93548,8.3220037e-10
7,7,167.74194,1.3262163e-09
7,7,168.54839,1.9171166e-09
7,7,169.35484,5.7351066e-10
7,7,170.16129,2.0661148e-09
7,7,170.96774,1.3833584e-09
7,7,171.77419,6.2166264e-10
7,7,172.58065,1.3064504e-09
7,7,173.3871,4.5951739e-10
7,7,174.19355,5.3258379e-10
7,7,175,2.7072821e-10
7,7,175.80645,2.6376346e-10
7,7,176.6129,3.3066631e-10
7,7,177.41935,1.6311356e-10
7,7,178.22581,3.6565349e-10
7,7,179.03226,1.2067273e-10
7,7,179.83871,1.8604083e-10
7,7,180.64516,3.8200534e-10
7,7,181.45161,1.2559138e-10
7,7,182.25806,5.7875943e-10
7,7,183.06452,5.5797013e-10
7,7,183.87097,1.274959e-10
7,7,184.67742,2.4173536e-10
7,7,185.48387,2.7198384e-10
7,7,186.29032,1.8784156e-10
7,7,187.09677,1.2783036e-10
7,7,187.90323,1.4012192e-10
7,7,188.70968,2.852031e-11
7,7,189.51613,1.7780626e-10
7,7,190.32258,6.7159757e-11
7,7,191.12903,2.2947446e-11
7,7,191.93548,1.2048139e-10
7,7,192.74194,1.3492059e-10
7,7,193.54839,1.6018949e-11
7,7,194.35484,9.4163554e-11
7,7,195.16129,3.5305217e-11
7,7,195.96774,4.580124e-11
7,7,196.77419,1.6709029e-10
7,7,197.58065,1.3552942e-10
7,7,198.3871,1.526511e-10
7,7,199.19355,1.4993831e-10
8,8,0,8.174261e-12
8,8,0.80645161,1.3519047e-11
8,8,1.6129032,6.1743377e-11
8,8,2.4193548,4.000159e-11
8,8,3.2258065,1.1005043e-11
8,8,4.0322581,4.1209823e-11
8,8,4.8387097,7.7057067e-12
8,8,5.6451613,1.9576521e-11
8,8,6.4516129,9.7860442e-12
8,8,7.2580645,8.8386141e-12
8,8,8.0645161,2.1709553e-11
8,8,8.8709677,1.3317038e-11
8,8,9.6774194,1.1440883e-11
8,8,10.483871,2.0346996e-11
8,8,11.290323,1.2069693e-11
8,8,12.096774,1.749092e-11
8,8,12.903226,2.1629947e-11
8,8,13.709677,2.0148812e-11
8,8,14.516129,2.4183516e-11
8,8,15.322581,1.2053176e-11
8,8,16.129032,2.0839948e-11
8,8,16.935484,1.9503892e-11
8,8,17.741935,4.7064896e-12
8,8,18.548387,9.172701e-12
8,8,19.354839,1.1904066e-11
8,8,20.16129,9.4920857e-13
8,8,20.967742,3.4204397e-12
8,8,21.774194,4.0636163e-12
8,8,22.580645,1.346289e-12
8,8,23.387097,4.9199987e-12
8,8,24.193548,1.1598931e-11
8,8,25,1.2821316e-11
8,8,25.806452,1.4815613e-11
8,8,26.612903,1.0043224e-11
8,8,27.419355,6.6027245e-12
8,8,28.225806,4.2167931e-11
8,8,29.032258,7.9764602e-11
8,8,29.83871,4.5571019e-11
8,8,30.645161,6.5337406e-12
8,8,31.451613,3.096475e-11
8,8,32.258065,7.3677094e-11
8,8,33.064516,3.6278787e-11
8,8,33.870968,2.5694653e-11
8,8,34.677419,4.8301133e-11
8,8,35.483871,6.3060998e-11
8,8,36.290323,5.6078483e-11
8,8,37.096774,3.4561587e-11
8,8,37.903226,2.6224502e-11
8,8,38.709677,2.6443664e-11
8,8,39.516129,1.3979859e-11
8,8,40.322581,4.0849407e-12
8,8,41.129032,2.7481549e-11
8,8,41.935484,4.7259292e-11
8,8,42.741935,2.6769579e-11
8,8,43.548387,8.8968004e-12
8,8,44.354839,6.3793703e-12
8,8,45.16129,3.2929333e-12
8,8,45.967742,2.7855565e-11
8,8,46.774194,6.2186438e-11
8,8,47.580645,3.4964662e-11
8,8,48.387097,3.1019203e-11
8,8,49.193548,2.3965856e-11
8,8,50,1.9339311e-11
8,8,50.806452,2.6656141e-11
8,8,51.612903,1.270693e-11
8,8,52.419355,1.9922766e-11
8,8,53.225806,6.3068196e-12
8,8,54.032258,5.3586224e-12
8,8,54.83871,1.3769995e-11
8,8,55.645161,8.6382948e-12
8,8,56.451613,1.9992768e-11
8,8,57.258065,1.1035538e-11
8,8,58.064516,5.9578808e-11
8,8,58.870968,5.4373005e-10
8,8,59.677419,3.761096e-10
8,8,60.483871,2.3250477e-11
8,8,61.290323,8.8001865e-12
8,8,62.096774,1.4408569e-11
8,8,62.903226,1.1942614e-11
8,8,63.709677,6.7890251e-12
8,8,64.516129,1.1622281e-11
8,8,65.322581,4.0512801e-12
8,8,66.129032,4.3592444e-12
8,8,66.935484,1.0149319e-11
8,8,67.741935,9.5447058e-12
8,8,68.548387,9.8026828e-12
8,8,69.354839,6.9238489e-12
8,8,70.16129,1.041095e-12
8,8,70.967742,8.8164658e-12
8,8,71.774194,2.5763118e-11
8,8,72.580645,2.3722289e-11
8,8,73.387097,5.1808543e-12
8,8,74.193548,2.4472723e-12
8,8,75,1.9168702e-12
8,8,75.806452,1.118839e-11
8,8,76.612903,1.5314756e-11
8,8,77.419355,1.1452294e-11
8,8,78.225806,8.8241001e-12
8,8,79.032258,1.2592015e-11
8,8,79.83871,8.9960408e-12
8,8,80.645161,9.9219789e-12
8,8,81.451613,7.1005747e-12
8,8,82.258065,9.8969424e-12
8,8,83.064516,4.0873682e-12
8,8,83.870968,1.5592096e-11
8,8,84.677419,3.0871522e-11
8,8,85.483871,1.4112156e-11
8,8,86.290323,1.9491775e-11
8,8,87.096774,1.3536323e-11
8,8,87.903226,1.0535522e-11
8,8,88.709677,4.4571935e-11
8,8,89.516129,6.5513569e-11
8,8,90.322581,1.5389697e-11
8,8,91.129032,2.6358645e-11
8,8,91.935484,3.9681811e-11
8,8,92.741935,3.1850998e-11
8,8,93.548387,2.9054092e-11
8,8,94.354839,5.2549911e-11
8,8,95.16129,1.8788503e-11
8,8,95.967742,2.7005015e-11
8,8,96.774194,3.9125842e-11
8,8,97.580645,1.7266682e-11
8,8,98.387097,2.4970943e-11
8,8,99.193548,1.8640115e-11
8,8,100,8.8642807e-12
8,8,100.80645,4.0148866e-12
8,8,101.6129,9.6153211e-12
8,8,102.41935,1.115812e-11
8,8,103.22581,1.6788192e-11
8,8,104.03226,8.263668e-12
8,8,104.83871,1.8654875e-12
8,8,105.64516,1.3674768e-11
8,8,106.45161,4.5012917e-11
8,8,107.25806,5.0009084e-11
8,8,108.06452,3.1490372e-11
8,8,108.87097,4.355044e-11
8,8,109.67742,1.2569954e-10
8,8,110.48387,1.8980664e-11
8,8,111.29032,2.4739833e-11
8,8,112.09677,7.149154e-12
8,8,112.90323,2.748191e-11
8,8,113.70968,2.7696544e-11
8,8,114.51613,1.8404829e-10
8,8,115.32258,9.4411794e-10
8,8,116.12903,1.3109798e-09
8,8,116.93548,2.6750185e-10
8,8,117.74194,7.1454749e-12
8,8,118.54839,2.1837777e-11
8,8,119.35484,7.5108885e-10
8,8,120.16129,1.8018238e-09
8,8,120.96774,4.1283723e-10
8,8,121.77419,1.888481e-10
8,8,122.58065,6.9726186e-11
8,8,123.3871,2.7909849e-11
8,8,124.19355,4.1475028e-11
8,8,125,6.602018e-11
8,8,125.80645,5.4995201e-11
8,8,126.6129,1.6846171e-10
8,8,127.41935,3.526323e-10
8,8,128.22581,7.7467915e-11
8,8,129.03226,1.7430961e-11
8,8,129.83871,2.4772835e-11
8,8,130.64516,5.1788378e-11
8,8,131.45161,1.5067836e-10
8,8,132.25806,1.1686922e-08
8,8,133.06452,3.9384659e-08
8,8,133.87097,9.3946177e-09
8,8,134.67742,1.7253597e-10
8,8,135.48387,5.2454746e-12
8,8,136.29032,2.778615e-11
8,8,137.09677,6.553197e-11
8,8,137.90323,1.8745551e-11
8,8,138.70968,5.0282484e-10
8,8,139.51613,3.1220948e-10
8,8,140.32258,7.4643655e-11
8,8,141.12903,3.0231894e-11
8,8,141.93548,2.561824e-11
8,8,142.74194,1.8884537e-11
8,8,143.54839,4.0933825e-11
8,8,144.35484,4.7215051e-10
8,8,145.16129,4.2367132e-10
8,8,145.96774,4.3084239e-11
8,8,146.77419,6.8012099e-12
8,8,147.58065,5.84954e-12
8,8,148.3871,8.5040225e-12
8,8,149.19355,2.3393804e-11
8,8,150,2.9474332e-11
8,8,150.80645,3.0754205e-12
8,8,151.6129,2.5159416e-11
8,8,152.41935,2.5872283e-11
8,8,153.22581,2.5813637e-11
8,8,154.03226,3.968271e-11
8,8,154.83871,2.1535136e-11
8,8,155.64516,1.8472041e-11
8,8,156.45161,3.4063824e-11
8,8,157.25806,1.0935739e-11
8,8,158.06452,4.7928133e-12
8,8,158.87097,1.6055869e-11
8,8,159.67742,3.4855099e-11
8,8,160.48387,4.141343e-11
8,8,161.29032,5.4201936e-11
8,8,162.09677,5.3968879e-11
8,8,162.90323,1.512807e-11
8,8,163.70968,5.7103579e-11
8,8,164.51613,1.1030043e-11
8,8,165.32258,5.7982417e-11
8,8,166.12903,1.2651247e-10
8,8,166.93548,1.070051e-11
8,8,167.74194,9.9261027e-11
8,8,168.54839,1.2427065e-10
8,8,169.35484,3.0891845e-11
8,8,170.16129,1.104769e-10
8,8,170.96774,2.6380688e-11
8,8,171.77419,3.8466719e-11
8,8,172.58065,4.9047591e-11
8,8,173.3871,4.8722951e-11
8,8,174.19355,3.9341353e-11
8,8,175,8.1711298e-11
8,8,175.80645,3.3833998e-11
8,8,176.6129,2.4678639e-11
8,8,177.41935,3.3522301e-11
8,8,178.22581,8.5298088e-11
8,8,179.03226,1.0855652e-11
8,8,179.83871,5.5230208e-11
8,8,180.64516,7.002661e-11
8,8,181.45161,4.0265649e-11
8,8,182.25806,3.7682257e-11
8,8,183.06452,4.2096079e-11
8,8,183.87097,1.8144623e-11
8,8,184.67742,4.4869303e-11
8,8,185.48387,3.6127848e-11
8,8,186.29032,5.1388807e-11
8,8,187.09677,3.7138142e-12
8,8,187.90323,2.1953488e-11
8,8,188.70968,1.8498988e-11
8,8,189.51613,1.0097818e-11
8,8,190.32258,2.0293855e-11
8,8,191.12903,1.2668188e-11
8,8,191.93548,3.9226393e-11
8,8,192.74194,5.7712878e-11
8,8,193.54839,3.5296564e-11
8,8,194.35484,7.3237125e-11
8,8,195.16129,7.4722071e-11
8,8,195.96774,2.272996e-11
8,8,196.77419,1.132382e-10
8,8,197.58065,8.0981809e-11
8,8,198.3871,4.1786259e-11
8,8,199.19355,7.1478827e-11
9,9,0,9.5447996e-13
9,9,0.80645161,6.5725501e-12
9,9,1.6129032,8.1184275e-12
9,9,2.4193548,4.8326087e-12
9,9,3.2258065,8.5948673e-11
9,9,4.0322581,2.9014716e-10
9,9,4.8387097,1.503315e-10
9,9,5.6451613,2.9138597e-11
9,9,6.4516129,6.4003652e-12
9,9,7.2580645,6.2591523e-12
9,9,8.0645161,6.4909655e-12
9,9,8.8709677,2.3975502e-11
9,9,9.6774194,1.3142704e-11
9,9,10.483871,1.5664441e-11
9,9,11.290323,1.3465361e-11
9,9,12.096774,1.0806042e-11
9,9,12.903226,1.1123843e-11
9,9,13.709677,9.4667658e-12
9,9,14.516129,2.9908232e-11
9,9,15.322581,1.2953444e-11
9,9,16.129032,5.7895047e-12
9,9,16.935484,9.5776856e-12
9,9,17.741935,9.1765712e-12
9,9,18.548387,2.0401835e-11
9,9,19.354839,1.5218659e-11
9,9,20.16129,2.7917404e-12
9,9,20.967742,2.048973e-12
9,9,21.774194,2.1290089e-12
9,9,22.580645,4.0203397e-12
9,9,23.387097,1.279605e-11
9,9,24.193548,2.8421775e-11
9,9,25,4.8542714e-11
9,9,25.806452,2.995309e-11
9,9,26.612903,1.7820907e-11
9,9,27.419355,2.454169e-11
9,9,28.225806,1.3474398e-10
9,9,29.032258,1.9203088e-10
9,9,29.83871,1.0614635e-10
9,9,30.645161,4.6026075e-11
9,9,31.451613,2.1735708e-11
9,9,32.258065,1.6860411e-11
9,9,33.064516,1.4530946e-11
9,9,33.870968,9.0136752e-12
9,9,34.677419,3.2677826e-11
9,9,35.483871,1.4251538e-11
9,9,36.290323,2.2905574e-11
9,9,37.096774,1.9591775e-11
9,9,37.903226,3.5085274e-11
9,9,38.709677,1.4286514e-10
9,9,39.516129,2.738829e-10
9,9,40.322581,8.6536379e-11
9,9,41.129032,2.2788938e-10
9,9,41.935484,1.9462869e-10
9,9,42.741935,3.1055818e-11
9,9,43.548387,7.7891452e-11
9,9,44.354839,1.250705e-10
9,9,45.16129,1.3163015e-10
9,9,45.967742,1.0849178e-10
9,9,46.774194,6.32708e-11
9,9,47.580645,9.9944933e-12
9,9,48.387097,2.5649165e-11
9,9,49.193548,5.818497e-11
9,9,50,3.3968632e-11
9,9,50.806452,1.3885225e-11
9,9,51.612903,3.8085516e-12
9,9,52.419355,5.7870273e-12
9,9,53.225806,4.6510143e-12
9,9,54.032258,1.417134e-11
9,9,54.83871,1.8545066e-11
9,9,55.645161,3.0571856e-12
9,9,56.451613,6.3067388e-11
9,9,57.258065,3.3610078e-10
9,9,58.064516,3.3936004e-10
9,9,58.870968,3.1100446e-10
9,9,59.677419,5.4766322e-10
9,9,60.483871,1.07184e-10
9,9,61.290323,1.743512e-11
9,9,62.096774,1.9717027e-11
9,9,62.903226,1.6892169e-11
9,9,63.709677,1.773707e-12
9,9,64.516129,1.5203539e-11
9,9,65.322581,1.5726663e-11
9,9,66.129032,3.1362063e-12
9,9,66.935484,7.7230556e-13
9,9,67.741935,2.3622017e-11
9,9,68.548387,6.366263e-11
9,9,69.354839,4.6367151e-11
9,9,70.16129,1.6548027e-11
9,9,70.967742,4.4476651e-11
9,9,71.774194,3.6374372e-11
9,9,72.580645,2.0561627e-11
9,9,73.387097,8.6916961e-11
9,9,74.193548,3.0156802e-11
9,9,75,1.4618746e-11
9,9,75.806452,3.4176852e-11
9,9,76.612903,1.2446118e-11
9,9,77.419355,4.2989407e-12
9,9,78.225806,6.0049394e-12
9,9,79.032258,3.0871981e-11
9,9,79.83871,9.5840949e-12
9,9,80.645161,2.8212053e-12
9,9,81.451613,1.4097592e-11
9,9,82.258065,2.8964579e-11
9,9,83.064516,7.3659778e-12
9,9,83.870968,8.9639592e-12
9,9,84.677419,1.9485947e-11
9,9,85.483871,3.1503441e-11
9,9,86.290323,3.6275701e-11
9,9,87.096774,2.3935289e-11
9,9,87.903226,1.9833355e-11
9,9,88.709677,4.7824614e-11
9,9,89.516129,3.9720609e-11
9,9,90.322581,2.4245925e-11
9,9,91.129032,1.9661601e-12
9,9,91.935484,3.3619396e-11
9,9,92.741935,6.0975071e-11
9,9,93.548387,5.4514355e-11
9,9,94.354839,8.0733141e-11
9,9,95.16129,3.9167902e-11
9,9,95.967742,2.1811191e-11
9,9,96.774194,2.8973224e-11
9,9,97.580645,1.1554181e-11
9,9,98.387097,1.4733426e-11
9,9,99.193548,2.2315337e-11
9,9,100,2.6290166e-11
9,9,100.80645,4.6157388e-11
9,9,101.6129,4.0831579e-11
9,9,102.41935,4.2210527e-11
9,9,103.22581,2.8237074e-11
9,9,104.03226,4.2096968e-11
9,9,104.83871,3.4478979e-11
9,9,105.64516,2.1581743e-11
9,9,106.45161,5.4356214e-12
9,9,107.25806,3.9098289e-12
9,9,108.06452,2.434206e-11
9,9,108.87097,4.4660228e-11
9,9,109.67742,8.0359777e-11
9,9,110.48387,7.1145599e-11
9,9,111.29032,1.1915106e-11
9,9,112.09677,3.3242005e-11
9,9,112.90323,4.596992e-11
9,9,113.70968,1.0748253e-11
9,9,114.51613,5.1120689e-11
9,9,115.32258,7.2524739e-10
9,9,116.12903,7.6116381e-10
9,9,116.93548,1.5014807e-11
9,9,117.74194,5.8267919e-11
9,9,118.54839,2.2272174e-11
9,9,119.35484,8.9588419e-11
9,9,120.16129,1.2886616e-10
9,9,120.96774,1.5798189e-10
9,9,121.77419,2.0805058e-10
9,9,122.58065,4.3316605e-11
9,9,123.3871,8.0302676e-12
9,9,124.19355,2.0251738e-11
9,9,125,5.3361951e-11
9,9,125.80645,1.9839665e-11
9,9,126.6129,1.6645002e-10
9,9,127.41935,6.2075809e-10
9,9,128.22581,1.5764436e-10
9,9,129.03226,5.3577035e-12
9,9,129.83871,1.9835468e-12
9,9,130.64516,8.7999792e-12
9,9,131.45161,6.0785782e-11
9,9,132.25806,2.190606e-09
9,9,133.06452,2.8110873e-09
9,9,133.87097,2.6989416e-10
9,9,134.67742,6.2820832e-11
9,9,135.48387,2.0716852e-11
9,9,136.29032,3.827204e-11
9,9,137.09677,2.9207601e-11
9,9,137.90323,2.6535157e-10
9,9,138.70968,7.4958643e-10
9,9,139.51613,2.4060743e-10
9,9,140.32258,9.155214e-11
9,9,141.12903,6.0893886e-11
9,9,141.93548,8.9284891e-11
9,9,142.74194,3.8404407e-11
9,9,143.54839,2.8270043e-11
9,9,144.35484,2.6809094e-10
9,9,145.16129,1.8043361e-10
9,9,145.96774,4.322535e-11
9,9,146.77419,3.0575079e-11
9,9,147.58065,1.7510844e-11
9,9,148.3871,1.4710483e-11
9,9,149.19355,6.4652943e-12
9,9,150,1.4480649e-11
9,9,150.80645,9.9658846e-12
9,9,151.6129,1.5649871e-11
9,9,152.41935,1.7143282e-11
9,9,153.22581,4.3591634e-11
9,9,154.03226,7.4137091e-11
9,9,154.83871,1.267064e-11
9,9,155.64516,8.0214391e-11
9,9,156.45161,1.8036006e-10
9,9,157.25806,5.4286628e-11
9,9,158.06452,2.3946691e-11
9,9,158.87097,2.4563883e-11
9,9,159.67742,4.4572677e-11
9,9,160.48387,1.2037257e-10
9,9,161.29032,1.1482639e-10
9,9,162.09677,1.062617e-10
9,9,162.90323,5.2653461e-11
9,9,163.70968,7.0518498e-11
9,9,164.51613,2.9831439e-11
9,9,165.32258,6.808382e-11
9,9,166.12903,2.3250034e-10
9,9,166.93548,8.2949437e-11
9,9,167.74194,1.286745e-10
9,9,168.54839,1.4495332e-10
9,9,169.35484,6.8245825e-11
9,9,170.16129,2.0633084e-10
9,9,170.96774,1.6509509e-10
9,9,171.77419,1.4979837e-10
9,9,172.58065,1.4791272e-10
9,9,173.3871,6.9329253e-11
9,9,174.19355,3.3411111e-11
9,9,175,1.3148846e-11
9,9,175.80645,1.1045054e-11
9,9,176.6129,1.2561256e-11
9,9,177.41935,1.1783832e-11
9,9,178.22581,9.0291329e-12
9,9,179.03226,6.6625667e-12
9,9,179.83871,1.6584921e-11
9,9,180.64516,9.420317e-12
9,9,181.45161,1.9747766e-11
9,9,182.25806,2.8479285e-11
9,9,183.06452,2.0231832e-11
9,9,183.87097,4.0015056e-11
9,9,184.67742,1.2503093e-11
9,9,185.48387,3.3926684e-11
9,9,186.29032,1.754644e-11
9,9,187.09677,3.8181417e-11
9,9,187.90323,5.270263e-11
9,9,188.70968,7.6459194e-11
9,9,189.51613,6.3702285e-11
9,9,190.32258,2.3272214e-11
9,9,191.12903,1.9645614e-11
9,9,191.93548,1.6967688e-11
9,9,192.74194,3.7263092e-12
9,9,193.54839,1.1103407e-11
9,9,194.35484,1.1093422e-11
9,9,195.16129,1.093059e-11
9,9,195.96774,1.2805821e-11
9,9,196.77419,1.4061572e-11
9,9,197.58065,1.9530278e-11
9,9,198.3871,1.9749947e-11
9,9,199.19355,7.4699845e-13
10,10,0,3.0053439e-12
10,10,0.80645161,4.3289946e-12
10,10,1.6129032,7.6103794e-12
10,10,2.4193548,6.2824765e-12
10,10,3.2258065,2.9407459e-12
10,10,4.0322581,3.0049331e-12
10,10,4.8387097,7.2496684e-12
10,10,5.6451613,2.9249134e-11
10,10,6.4516129,3.4342561e-11
10,10,7.2580645,6.7939109e-11
10,10,8.0645161,4.2168869e-10
10,10,8.8709677,1.9186082e-10
10,10,9.6774194,3.162968e-11
10,10,10.483871,2.1996641e-11
10,10,11.290323,2.6015322e-11
10,10,12.096774,8.2622423e-11
10,10,12.903226,5.173215e-11
10,10,13.709677,8.5876434e-11
10,10,14.516129,2.2482447e-10
10,10,15.322581,1.2304919e-10
10,10,16.129032,1.7198404e-10
10,10,16.935484,2.1847728e-10
10,10,17.741935,8.0059823e-11
10,10,18.548387,3.4930482e-10
10,10,19.354839,4.1152586e-10
10,10,20.16129,1.2609863e-09
10,10,20.967742,2.2965671e-10
10,10,21.774194,2.7364464e-10
10,10,22.580645,1.7420165e-10
10,10,23.387097,6.3158487e-10
10,10,24.193548,2.0174249e-09
10,10,25,1.1165876e-09
10,10,25.806452,1.0356712e-09
10,10,26.612903,1.0178319e-09
10,10,27.419355,6.0123043e-10
10,10,28.225806,3.7312197e-09
10,10,29.032258,1.0924732e-08
10,10,29.83871,4.1823e-09
10,10,30.645161,5.7163782e-10
10,10,31.451613,2.0310146e-10
10,10,32.258065,3.3342892e-10
10,10,33.064516,4.0472597e-10
10,10,33.870968,1.0525478e-09
10,10,34.677419,1.0118249e-09
10,10,35.483871,6.9521982e-10
10,10,36.290323,1.3282341e-09
10,10,37.096774,1.1451835e-09
10,10,37.903226,9.287009e-10
10,10,38.709677,1.4807677e-09
10,10,39.516129,4.8568494e-09
10,10,40.322581,1.7992522e-09
10,10,41.129032,3.2687265e-09
10,10,41.935484,2.7000278e-09
10,10,42.741935,6.6887296e-10
10,10,43.548387,7.9294366e-10
10,10,44.354839,1.1697177e-09
10,10,45.16129,1.3342012e-09
10,10,45.967742,9.3296523e-10
10,10,46.774194,4.8341941e-10
10,10,47.580645,2.0137829e-10
10,10,48.387097,2.7109182e-10
10,10,49.193548,1.8966362e-10
10,10,50,2.7662878e-10
10,10,50.806452,8.9184283e-11
10,10,51.612903,8.6898514e-11
10,10,52.419355,7.6810693e-11
10,10,53.225806,2.0476734e-11
10,10,54.032258,1.0866154e-10
10,10,54.83871,9.7976671e-11
10,10,55.645161,1.2410009e-10
10,10,56.451613,2.8178101e-10
10,10,57.258065,3.7255059e-10
10,10,58.064516,6.2293446e-10
10,10,58.870968,2.196647e-09
10,10,59.677419,1.2064247e-09
10,10,60.483871,4.6710259e-11
10,10,61.290323,3.0291335e-11
10,10,62.096774,7.5958214e-12
10,10,62.903226,4.4316062e-11
10,10,63.709677,1.1230087e-10
10,10,64.516129,1.3889316e-10
10,10,65.322581,8.7591864e-11
10,10,66.129032,7.8134365e-11
10,10,66.935484,8.1673226e-11
10,10,67.741935,1.4380553e-10
10,10,68.548387,2.0914694e-10
10,10,69.354839,2.1691333e-10
10,10,70.16129,1.6073682e-10
10,10,70.967742,3.3649871e-10
10,10,71.774194,5.1075321e-10
10,10,72.580645,2.6119828e-10
10,10,73.387097,7.0709523e-10
10,10,74.193548,2.6623004e-10
10,10,75,4.9581939e-10
10,10,75.806452,4.1041045e-10
10,10,76.612903,1.5624208e-10
10,10,77.419355,2.6813556e-10
10,10,78.225806,1.1489542e-10
10,10,79.032258,1.0854622e-10
10,10,79.83871,8.4437312e-11
10,10,80.645161,3.5019981e-11
10,10,81.451613,9.9550309e-11
10,10,82.258065,8.6064378e-11
10,10,83.064516,1.7756748e-11
10,10,83.870968,1.8624409e-10
10,10,84.677419,1.3901645e-10
10,10,85.483871,1.4746422e-10
10,10,86.290323,1.7837525e-10
10,10,87.096774,2.3273152e-10
10,10,87.903226,2.6348891e-10
10,10,88.709677,1.7191385e-10
10,10,89.516129,1.3011236e-10
10,10,90.322581,6.5522753e-11
10,10,91.129032,1.1630203e-10
10,10,91.935484,4.6493608e-10
10,10,92.741935,3.9269473e-10
10,10,93.548387,3.3923957e-10
10,10,94.354839,9.0823849e-10
10,10,95.16129,2.6284283e-10
10,10,95.967742,1.4298655e-10
10,10,96.774194,1.195672e-10
10,10,97.580645,1.1033103e-10
10,10,98.387097,1.5150823e-10
10,10,99.193548,3.6007443e-11
10,10,100,8.4998452e-11
10,10,100.80645,6.2331166e-11
10,10,101.6129,7.5418377e-11
10,10,102.41935,5.7608103e-11
10,10,103.22581,3.2889053e-11
10,10,104.03226,4.6080564e-11
10,10,104.83871,3.9129685e-11
10,10,105.64516,2.6489621e-11
10,10,106.45161,7.9516037e-11
10,10,107.25806,4.1183648e-11
10,10,108.06452,3.7576774e-11
10,10,108.87097,1.0131677e-10
10,10,109.67742,4.8470067e-10
10,10,110.48387,1.6269576e-10
10,10,111.29032,1.0540957e-10
10,10,112.09677,8.5273407e-11
10,10,112.90323,3.7163419e-11
10,10,113.70968,7.9615423e-11
10,10,114.51613,1.0710618e-10
10,10,115.32258,3.9454601e-10
10,10,116.12903,7.9066425e-10
10,10,116.93548,4.9845319e-10
10,10,117.74194,3.0468273e-10
10,10,118.54839,6.034905e-11
10,10,119.35484,4.1334052e-10
10,10,120.16129,7.8685022e-10
10,10,120.96774,1.5181186e-10
10,10,121.77419,1.2972157e-09
10,10,122.58065,1.8943898e-10
10,10,123.3871,6.1433416e-11
10,10,124.19355,3.5066586e-11
10,10,125,8.8785975e-11
10,10,125.80645,4.0669116e-10
10,10,126.6129,8.1543371e-10
10,10,127.41935,1.4361795e-09
10,10,128.22581,6.52266e-10
10,10,129.03226,1.1536986e-10
10,10,129.83871,1.0983129e-10
10,10,130.64516,2.4010735e-10
10,10,131.45161,8.4036573e-11
10,10,132.25806,3.4878735e-09
10,10,133.06452,1.1915002e-08
10,10,133.87097,6.0623581e-09
10,10,134.67742,3.2183102e-10
10,10,135.48387,9.316911e-11
10,10,136.29032,8.8671238e-11
10,10,137.09677,2.0762265e-10
10,10,137.90323,3.1181879e-09
10,10,138.70968,1.2596625e-08
10,10,139.51613,4.4287613e-09
10,10,140.32258,2.1021314e-10
10,10,141.12903,2.4390325e-10
10,10,141.93548,2.7830057e-10
10,10,142.74194,2.4637818e-10
10,10,143.54839,6.4844069e-10
10,10,144.35484,7.7430557e-09
10,10,145.16129,5.9394043e-09
10,10,145.96774,4.297984e-10
10,10,146.77419,5.3826986e-11
10,10,147.58065,1.2720818e-10
10,10,148.3871,1.213606e-10
10,10,149.19355,1.662651e-10
10,10,150,3.1658921e-10
10,10,150.80645,5.1904268e-10
10,10,151.6129,7.4363247e-10
10,10,152.41935,8.3252469e-10
10,10,153.22581,5.8041146e-10
10,10,154.03226,8.3050639e-10
10,10,154.83871,3.1007025e-10
10,10,155.64516,5.6644732e-10
10,10,156.45161,1.4625537e-09
10,10,157.25806,6.2622642e-10
10,10,158.06452,6.3050849e-10
10,10,158.87097,5.013185e-10
10,10,159.67742,6.9185536e-10
10,10,160.48387,1.3672703e-09
10,10,161.29032,9.8549569e-10
10,10,162.09677,9.6625695e-10
10,10,162.90323,5.7287912e-10
10,10,163.70968,9.5351317e-10
10,10,164.51613,5.4723433e-10
10,10,165.32258,1.0238193e-09
10,10,166.12903,2.5772984e-09
10,10,166.93548,9.5462115e-10
10,10,167.74194,2.5218905e-09
10,10,168.54839,2.5350934e-09
10,10,169.35484,9.8387037e-10
10,10,170.16129,2.5511793e-09
10,10,170.96774,1.2086063e-09
10,10,171.77419,1.2825325e-09
10,10,172.58065,1.633749e-09
10,10,173.3871,1.1338378e-09
10,10,174.19355,1.2752467e-09
10,10,175,1.2363472e-09
10,10,175.80645,8.1709384e-10
10,10,176.6129,3.7792339e-10
10,10,177.41935,5.6732164e-10
10,10,178.22581,7.1931645e-10
10,10,179.03226,2.9094901e-10
10,10,179.83871,6.001786e-10
10,10,180.64516,5.4865231e-10
10,10,181.45161,4.6640952e-10
10,10,182.25806,4.8981199e-10
10,10,183.06452,2.7301381e-10
10,10,183.87097,3.7590548e-10
10,10,184.67742,5.074574e-10
10,10,185.48387,4.3974213e-10
10,10,186.29032,2.2425844e-10
10,10,187.09677,2.8564666e-10
10,10,187.90323,3.9749253e-10
10,10,188.70968,4.3180579e-10
10,10,189.51613,5.4284299e-11
10,10,190.32258,1.4530271e-10
10,10,191.12903,2.0361854e-10
10,10,191.93548,5.8526237e-11
10,10,192.74194,7.0072899e-11
10,10,193.54839,1.7422241e-10
10,10,194.35484,1.3488413e-10
10,10,195.16129,3.6841493e-11
10,10,195.96774,5.036662e-11
10,10,196.77419,4.0148413e-11
10,10,197.58065,1.4900596e-10
10,10,198.3871,1.059215e-10
10,10,199.19355,5.383857e-11
11,11,0,3.6607285e-12
11,11,0.80645161,5.3172383e-11
11,11,1.6129032,2.8160079e-10
11,11,2.4193548,1.4132148e-10
11,11,3.2258065,2.3091736e-11
11,11,4.0322581,5.9802851e-11
11,11,4.8387097,2.7247194e-11
11,11,5.6451613,1.5320224e-11
11,11,6.4516129,6.1341765e-12
11,11,7.2580645,1.6040578e-11
11,11,8.0645161,3.1038514e-11
11,11,8.8709677,3.545092e-11
11,11,9.6774194,4.6798561e-11
11,11,10.483871,9.6753656e-11
11,11,11.290323,4.9560215e-11
11,11,12.096774,4.3595964e-12
11,11,12.903226,3.3151334e-11
11,11,13.709677,2.4142898e-11
11,11,14.516129,7.6452329e-11
11,11,15.322581,5.0868661e-11
11,11,16.129032,3.8838473e-11
11,11,16.935484,1.6759313e-11
11,11,17.741935,5.659808e-11
11,11,18.548387,2.6058485e-10
11,11,19.354839,1.6778168e-10
11,11,20.16129,2.4111591e-10
11,11,20.967742,4.8795363e-11
11,11,21.774194,1.0015277e-11
11,11,22.580645,6.0872373e-12
11,11,23.387097,8.1003677e-12
11,11,24.193548,8.1316551e-12
11,11,25,5.8212588e-12
11,11,25.806452,9.1988209e-12
11,11,26.612903,7.408888e-12
11,11,27.419355,1.2698114e-11
11,11,28.225806,2.9674658e-11
11,11,29.032258,3.045257e-11
11,11,29.83871,7.9425245e-12
11,11,30.645161,3.5385879e-13
11,11,31.451613,8.0285402e-12
11,11,32.258065,2.1327383e-11
11,11,33.064516,1.4850021e-11
11,11,33.870968,6.9015891e-12
11,11,34.677419,2.3420234e-11
11,11,35.483871,1.9562305e-11
11,11,36.290323,8.4474212e-12
11,11,37.096774,1.6017413e-11
11,11,37.903226,1.1933447e-10
11,11,38.709677,1.5741999e-10
11,11,39.516129,1.4667088e-11
11,11,40.322581,5.846443e-12
11,11,41.129032,1.6518488e-11
11,11,41.935484,1.6636323e-11
11,11,42.741935,1.5832885e-11
11,11,43.548387,1.9829219e-11
11,11,44.354839,1.0088841e-11
11,11,45.16129,7.7843606e-12
11,11,45.967742,1.0114821e-11
11,11,46.774194,5.3734162e-12
11,11,47.580645,5.8795681e-12
11,11,48.387097,1.0679939e-11
11,11,49.193548,7.4834751e-12
11,11,50,3.8521035e-11
11,11,50.806452,9.215793e-11
11,11,51.612903,6.2224406e-11
11,11,52.419355,2.9200915e-11
11,11,53.225806,2.1088532e-11
11,11,54.032258,5.4620159e-11
11,11,54.83871,4.244307e-11
11,11,55.645161,2.3045529e-11
11,11,56.451613,3.7271109e-11
11,11,57.258065,3.4047875e-11
11,11,58.064516,8.0157685e-11
11,11,58.870968,2.5462047e-10
11,11,59.677419,2.8865679e-10
11,11,60.483871,9.8810196e-11
11,11,61.290323,1.4516881e-11
11,11,62.096774,2.1028873e-11
11,11,62.903226,2.6474223e-11
11,11,63.709677,1.715057e-11
11,11,64.516129,1.0423464e-11
11,11,65.322581,1.3799944e-11
11,11,66.129032,9.4548056e-12
11,11,66.935484,1.1943892e-12
11,11,67.741935,4.1935701e-12
11,11,68.548387,5.3358786e-12
11,11,69.354839,5.401894e-12
11,11,70.16129,8.1865561e-12
11,11,70.967742,1.1151495e-11
11,11,71.774194,1.0401472e-11
11,11,72.580645,7.1392409e-12
11,11,73.387097,3.9011525e-12
11,11,74.193548,5.0193422e-12
11,11,75,7.0633934e-12
11,11,75.806452,6.5071187e-12
11,11,76.612903,2.5646713e-12
11,11,77.419355,3.7702772e-12
11,11,78.225806,2.62819e-12
11,11,79.032258,2.3817439e-12
11,11,79.83871,5.5425134e-12
11,11,80.645161,3.2960069e-12
11,11,81.451613,1.8139462e-11
11,11,82.258065,2.2024855e-11
11,11,83.064516,1.762416e-11
11,11,83.870968,6.9483019e-12
11,11,84.677419,7.9212052e-12
11,11,85.483871,6.4313237e-12
11,11,86.290323,1.0226216e-11
11,11,87.096774,1.0081657e-11
11,11,87.903226,5.2282293e-12
11,11,88.709677,1.3737975e-11
11,11,89.516129,2.0086964e-11
11,11,90.322581,8.7356055e-12
11,11,91.129032,2.7251927e-12
11,11,91.935484,2.3027697e-12
11,11,92.741935,2.7910742e-12
11,11,93.548387,7.5347953e-12
11,11,94.354839,2.9865042e-11
11,11,95.16129,1.2571594e-11
11,11,95.967742,3.7101756e-12
11,11,96.774194,7.6769613e-12
11,11,97.580645,2.5105466e-11
11,11,98.387097,7.0907467e-12
11,11,99.193548,6.8744622e-12
11,11,100,6.9234578e-12
11,11,100.80645,3.7229944e-11
11,11,101.6129,3.957867e-11
11,11,102.41935,8.2753152e-12
11,11,103.22581,6.278278e-12
11,11,104.03226,1.2192154e-11
11,11,104.83871,2.9611598e-11
11,11,105.64516,3.0191913e-11
11,11,106.45161,1.2139317e-10
11,11,107.25806,3.2130552e-10
11,11,108.06452,7.0175861e-11
11,11,108.87097,1.2629987e-11
11,11,109.67742,3.9598913e-12
11,11,110.48387,8.679362e-12
11,11,111.29032,4.1871404e-11
11,11,112.09677,2.4672643e-11
11,11,112.90323,2.0620786e-10
11,11,113.70968,6.9636532e-10
11,11,114.51613,1.2258233e-10
11,11,115.32258,1.571836e-11
11,11,116.12903,7.8865529e-12
11,11,116.93548,7.9394415e-13
11,11,117.74194,1.9200673e-11
11,11,118.54839,7.2853968e-11
11,11,119.35484,2.0139604e-09
11,11,120.16129,4.2653741e-09
11,11,120.96774,7.7442033e-10
11,11,121.77419,2.2290361e-11
11,11,122.58065,6.6574011e-12
11,11,123.3871,1.1514656e-11
11,11,124.19355,9.8717041e-12
11,11,125,1.1781357e-11
11,11,125.80645,1.3008115e-11
11,11,126.6129,3.6928219e-11
11,11,127.41935,3.4317845e-10
11,11,128.22581,1.7311844e-10
11,11,129.03226,3.3580627e-11
11,11,129.83871,4.9457065e-11
11,11,130.64516,2.3625605e-12
11,11,131.45161,5.0659003e-12
11,11,132.25806,2.241341e-12
11,11,133.06452,4.8961438e-12
11,11,133.87097,1.0157558e-11
11,11,134.67742,1.6156991e-11
11,11,135.48387,1.3593461e-11
11,11,136.29032,1.5765479e-11
11,11,137.09677,2.2714091e-11
11,11,137.90323,1.2125895e-11
11,11,138.70968,8.5716539e-12
11,11,139.51613,1.0728177e-11
11,11,140.32258,1.3142491e-11
11,11,141.12903,1.195517e-11
11,11,141.93548,8.9041648e-12
11,11,142.74194,9.563707e-12
11,11,143.54839,1.3703719e-11
11,11,144.35484,1.5460483e-11
11,11,145.16129,2.5985273e-11
11,11,145.96774,1.7576004e-11
11,11,146.77419,1.1634883e-11
11,11,147.58065,3.6042743e-11
11,11,148.3871,1.0133068e-10
11,11,149.19355,1.2306147e-10
11,11,150,3.2007249e-11
11,11,150.80645,2.4699962e-12
11,11,151.6129,1.5208229e-11
11,11,152.41935,1.1068413e-10
11,11,153.22581,2.6956653e-10
11,11,154.03226,8.1513272e-11
11,11,154.83871,1.1096507e-11
11,11,155.64516,1.1690457e-10
11,11,156.45161,3.2548366e-10
11,11,157.25806,5.351377e-10
11,11,158.06452,7.8492268e-10
11,11,158.87097,3.2335804e-10
11,11,159.67742,4.2640149e-10
11,11,160.48387,1.792083e-10
11,11,161.29032,2.8127463e-11
11,11,162.09677,1.8997798e-11
11,11,162.90323,3.1886723e-12
11,11,163.70968,1.0004739e-11
11,11,164.51613,1.0167711e-11
11,11,165.32258,2.3036189e-11
11,11,166.12903,4.7389648e-11
11,11,166.93548,3.9463799e-11
11,11,167.74194,2.7489674e-11
11,11,168.54839,7.7556904e-12
11,11,169.35484,1.0728247e-11
11,11,170.16129,1.5725887e-11
11,11,170.96774,4.4761241e-12
11,11,171.77419,8.2624145e-12
11,11,172.58065,1.6989022e-11
11,11,173.3871,7.0457477e-12
11,11,174.19355,1.3710482e-11
11,11,175,3.1354836e-11
11,11,175.80645,3.6965533e-11
11,11,176.6129,1.8254023e-11
11,11,177.41935,2.459269e-11
11,11,178.22581,4.6906754e-11
11,11,179.03226,9.1937857e-11
11,11,179.83871,7.3561419e-11
11,11,180.64516,5.5901027e-11
11,11,181.45161,2.9168414e-11
11,11,182.25806,3.0934603e-11
11,11,183.06452,3.8096203e-12
11,11,183.87097,2.6505064e-12
11,11,184.67742,6.6810702e-12
11,11,185.48387,1.1693761e-11
11,11,186.29032,3.2250335e-11
11,11,187.09677,1.853379e-11
11,11,187.90323,1.1705021e-11
11,11,188.70968,1.7361194e-11
11,11,189.51613,3.2161094e-12
11,11,190.32258,3.1387539e-12
11,11,191.12903,1.4103788e-11
11,11,191.93548,3.1349955e-11
11,11,192.74194,2.4107371e-11
11,11,193.54839,2.9867549e-11
11,11,194.35484,2.4196031e-11
11,11,195.16129,3.4003917e-11
11,11,195.96774,2.987294e-11
11,11,196.77419,1.5547644e-11
11,11,197.58065,1.7524805e-11
11,11,198.3871,2.0338029e-11
11,11,199.19355,1.946873e-11
12,12,0,2.3698426e-13
12,12,0.80645161,6.1813688e-12
12,12,1.6129032,2.1817353e-11
12,12,2.4193548,2.0020148e-11
12,12,3.2258065,3.8332704e-12
12,12,4.0322581,2.1804975e-11
12,12,4.8387097,1.1027442e-12
12,12,5.6451613,2.1667569e-11
12,12,6.4516129,1.1377514e-11
12,12,7.2580645,1.0762374e-11
12,12,8.0645161,7.0733227e-12
12,12,8.8709677,4.9464794e-12
12,12,9.6774194,5.5435549e-12
12,12,10.483871,1.9416813e-12
12,12,11.290323,2.9504301e-12
12,12,12.096774,9.9715476e-12
12,12,12.903226,3.0031271e-11
12,12,13.709677,3.28572e-11
12,12,14.516129,1.435762e-11
12,12,15.322581,5.8017224e-12
12,12,16.129032,8.7236139e-12
12,12,16.935484,8.4479491e-12
12,12,17.741935,5.0039275e-12
12,12,18.548387,1.3095425e-11
12,12,19.354839,4.6330885e-11
12,12,20.16129,7.3445602e-11
12,12,20.967742,2.1967125e-11
12,12,21.774194,1.1786372e-11
12,12,22.580645,2.7912053e-12
12,12,23.387097,6.0152801e-12
12,12,24.193548,3.6494147e-12
12,12,25,1.4058562e-11
12,12,25.806452,1.8099636e-11
12,12,26.612903,1.532186e-11
12,12,27.419355,1.6211187e-11
12,12,28.225806,1.3904292e-11
12,12,29.032258,2.8883365e-11
12,12,29.83871,1.2143181e-11
12,12,30.645161,6.3955591e-12
12,12,31.451613,5.8621886e-12
12,12,32.258065,3.4941892e-12
12,12,33.064516,2.4699394e-12
12,12,33.870968,7.0668887e-13
12,12,34.677419,5.8222469e-12
12,12,35.483871,1.2246226e-11
12,12,36.290323,2.3633649e-11
12,12,37.096774,3.8379916e-12
12,12,37.903226,8.7564908e-11
12,12,38.709677,1.0316812e-10
12,12,39.516129,2.1326391e-11
12,12,40.322581,9.4184971e-12
12,12,41.129032,1.4678803e-11
12,12,41.935484,2.0627744e-11
12,12,42.741935,1.4795758e-11
12,12,43.548387,5.7172807e-12
12,12,44.354839,6.4097243e-12
12,12,45.16129,6.5690461e-12
12,12,45.967742,6.928907e-12
12,12,46.774194,8.5579153e-12
12,12,47.580645,1.1989495e-11
12,12,48.387097,1.3918902e-11
12,12,49.193548,5.099488e-12
12,12,50,3.5171337e-11
12,12,50.806452,1.0605414e-10
12,12,51.612903,5.4101131e-11
12,12,52.419355,8.619235e-12
12,12,53.225806,8.5449903e-12
12,12,54.032258,4.7049624e-12
12,12,54.83871,1.3096995e-11
12,12,55.645161,3.6383277e-11
12,12,56.451613,7.2496028e-11
12,12,57.258065,7.5819738e-11
12,12,58.064516,1.0288826e-10
12,12,58.870968,5.6574863e-10
12,12,59.677419,1.3398058e-09
12,12,60.483871,2.1788025e-10
12,12,61.290323,2.8588641e-11
12,12,62.096774,1.636367e-11
12,12,62.903226,1.3722835e-11
12,12,63.709677,1.6648522e-11
12,12,64.516129,1.2602538e-11
12,12,65.322581,1.5101255e-11
12,12,66.129032,1.1077441e-11
12,12,66.935484,3.9181909e-12
12,12,67.741935,7.3573028e-12
12,12,68.548387,1.0445595e-11
12,12,69.354839,1.0941326e-11
12,12,70.16129,6.1595823e-12
12,12,70.967742,5.1897869e-12
12,12,71.774194,5.3669414e-12
12,12,72.580645,3.9085856e-12
12,12,73.387097,2.0307366e-11
12,12,74.193548,6.101535e-12
12,12,75,1.2878667e-12
12,12,75.806452,3.524976e-12
12,12,76.612903,1.1396203e-11
12,12,77.419355,3.4360966e-12
12,12,78.225806,4.4077721e-12
12,12,79.032258,8.0545795e-12
12,12,79.83871,5.0120679e-12
12,12,80.645161,5.6190987e-12
12,12,81.451613,4.0608369e-12
12,12,82.258065,5.7142078e-12
12,12,83.064516,4.1632006e-12
12,12,83.870968,4.960914e-12
12,12,84.677419,1.6814027e-11
12,12,85.483871,2.0060736e-11
12,12,86.290323,4.2541334e-12
12,12,87.096774,5.8400188e-12
12,12,87.903226,1.3810306e-11
12,12,88.709677,2.2789658e-11
12,12,89.516129,2.5214405e-11
12,12,90.322581,6.0192172e-12
12,12,91.129032,3.6330751e-12
12,12,91.935484,1.3680583e-11
12,12,92.741935,1.5996888e-11
12,12,93.548387,1.110665e-11
12,12,94.354839,1.014772e-11
12,12,95.16129,8.9256043e-12
12,12,95.967742,2.4760318e-12
12,12,96.774194,2.1211436e-11
12,12,97.580645,2.7603142e-11
12,12,98.387097,6.5411614e-13
12,12,99.193548,4.2038995e-12
12,12,100,3.124138e-12
12,12,100.80645,7.4714871e-12
12,12,101.6129,6.0592491e-12
12,12,102.41935,5.131026e-12
12,12,103.22581,1.4114913e-11
12,12,104.03226,1.8949293e-11
12,12,104.83871,8.5915578e-12
12,12,105.64516,1.6467578e-11
12,12,106.45161,7.907217e-11
12,12,107.25806,1.7146957e-10
12,12,108.06452,1.0337347e-10
12,12,108.87097,3.2620841e-11
12,12,109.67742,1.8803417e-11
12,12,110.48387,2.039821e-11
12,12,111.29032,6.8922045e-13
12,12,112.09677,1.3234356e-11
12,12,112.90323,1.5195067e-10
12,12,113.70968,3.4161094e-10
12,12,114.51613,3.2141542e-11
12,12,115.32258,3.6703027e-11
12,12,116.12903,2.3020831e-11
12,12,116.93548,1.1903985e-11
12,12,117.74194,6.9256123e-12
12,12,118.54839,2.2330735e-10
12,12,119.35484,1.5781883e-08
12,12,120.16129,3.0561889e-08
12,12,120.96774,3.2357673e-09
12,12,121.77419,4.7470774e-11
12,12,122.58065,3.841426e-12
12,12,123.3871,7.5878075e-12
12,12,124.19355,3.1798056e-12
12,12,125,4.5829385e-12
12,12,125.80645,2.4588481e-11
12,12,126.6129,1.8809071e-11
12,12,127.41935,1.5358411e-10
12,12,128.22581,1.426275e-10
12,12,129.03226,5.2254538e-11
12,12,129.83871,2.6075939e-11
12,12,130.64516,1.2696433e-11
12,12,131.45161,2.1605645e-11
12,12,132.25806,4.4659077e-11
12,12,133.06452,7.8376356e-11
12,12,133.87097,3.5877888e-11
12,12,134.67742,1.0184474e-11
12,12,135.48387,1.009635e-11
12,12,136.29032,1.4632726e-11
12,12,137.09677,6.4584934e-12
12,12,137.90323,8.7426629e-12
12,12,138.70968,1.3123989e-11
12,12,139.51613,2.1109075e-11
12,12,140.32258,1.2751061e-11
12,12,141.12903,7.223199e-12
12,12,141.93548,9.1009716e-12
12,12,142.74194,1.3984374e-12
12,12,143.54839,1.4324323e-12
12,12,144.35484,1.2387962e-12
12,12,145.16129,3.5617683e-11
12,12,145.96774,6.1524187e-11
12,12,146.77419,2.1817601e-11
12,12,147.58065,2.1172459e-11
12,12,148.3871,4.7171165e-11
12,12,149.19355,4.2143799e-11
12,12,150,2.9155716e-11
12,12,150.80645,2.0007152e-11
12,12,151.6129,2.6183989e-11
12,12,152.41935,4.5583025e-10
12,12,153.22581,1.2905991e-09
12,12,154.03226,2.6649965e-10
12,12,154.83871,8.0627368e-12
12,12,155.64516,1.6690968e-12
12,12,156.45161,7.4536766e-12
12,12,157.25806,5.6149192e-11
12,12,158.06452,1.9681613e-10
12,12,158.87097,1.0667186e-10
12,12,159.67742,1.982186e-11
12,12,160.48387,2.0306139e-11
12,12,161.29032,3.1789919e-11
12,12,162.09677,2.5989385e-11
12,12,162.90323,2.4714273e-11
12,12,163.70968,2.5949418e-12
12,12,164.51613,1.7291338e-11
12,12,165.32258,6.3201263e-11
12,12,166.12903,8.5987697e-11
12,12,166.93548,2.3800357e-12
12,12,167.74194,5.8710183e-11
12,12,168.54839,3.6446396e-11
12,12,169.35484,1.9547537e-11
12,12,170.16129,2.4320063e-11
12,12,170.96774,7.9233719e-11
12,12,171.77419,5.1141675e-11
12,12,172.58065,1.3506657e-11
12,12,173.3871,1.1772177e-11
12,12,174.19355,5.1256452e-11
12,12,175,2.057005e-11
12,12,175.80645,4.0614565e-11
12,12,176.6129,6.1845992e-11
12,12,177.41935,6.7025366e-11
12,12,178.22581,6.6766798e-11
12,12,179.03226,9.2049619e-11
12,12,179.83871,6.5919774e-11
12,12,180.64516,1.3809616e-11
12,12,181.45161,1.2186556e-11
12,12,182.25806,1.4034617e-11
12,12,183.06452,5.6380308e-12
12,12,183.87097,1.0291189e-11
12,12,184.67742,4.1028943e-12
12,12,185.48387,8.014379e-12
12,12,186.29032,9.3889008e-12
12,12,187.09677,2.2817554e-11
12,12,187.90323,2.3477253e-11
12,12,188.70968,7.092606e-12
12,12,189.51613,1.5996848e-11
12,12,190.32258,1.4040648e-11
12,12,191.12903,1.3278585e-10
12,12,191.93548,1.3786472e-10
12,12,192.74194,6.0760719e-11
12,12,193.54839,4.4696949e-11
12,12,194.35484,4.0259295e-12
12,12,195.16129,6.8115618e-11
12,12,195.96774,1.9226148e-10
12,12,196.77419,1.6028561e-10
12,12,197.58065,1.2495138e-11
12,12,198.3871,6.7313627e-11
12,12,199.19355,2.7263522e-11
13,13,0,1.3032227e-13
13,13,0.80645161,9.3608582e-12
13,13,1.6129032,1.0140717e-11
13,13,2.4193548,7.1583181e-12
13,13,3.2258065,6.3352167e-12
13,13,4.0322581,8.3910645e-12
13,13,4.8387097,6.1083791e-12
13,13,5.6451613,8.7105177e-12
13,13,6.4516129,6.4063272e-12
13,13,7.2580645,3.7624885e-12
13,13,8.0645161,9.1809586e-12
13,13,8.8709677,1.2524641e-11
13,13,9.6774194,9.1164604e-12
13,13,10.483871,2.2946977e-11
13,13,11.290323,2.3796988e-11
13,13,12.096774,2.7752147e-11
13,13,12.903226,4.5577248e-12
13,13,13.709677,3.2631004e-11
13,13,14.516129,5.101019e-11
13,13,15.322581,2.8172897e-11
13,13,16.129032,1.0193111e-11
13,13,16.935484,1.7059009e-11
13,13,17.741935,2.746639e-11
13,13,18.548387,9.9998313e-11
13,13,19.354839,5.7652747e-10
13,13,20.16129,1.3529187e-09
13,13,20.967742,2.5923947e-10
13,13,21.774194,1.669305e-11
13,13,22.580645,4.0523712e-11
13,13,23.387097,5.7824369e-11
13,13,24.193548,1.3030221e-10
13,13,25,1.1322602e-10
13,13,25.806452,2.9707605e-11
13,13,26.612903,1.5688225e-11
13,13,27.419355,2.0984238e-10
13,13,28.225806,5.9937581e-10
13,13,29.032258,2.3127686e-10
13,13,29.83871,5.1807399e-11
13,13,30.645161,8.6612943e-11
13,13,31.451613,7.063093e-11
13,13,32.258065,9.8960174e-12
13,13,33.064516,9.4538098e-12
13,13,33.870968,1.5866762e-11
13,13,34.677419,1.6442782e-12
13,13,35.483871,3.4853526e-11
13,13,36.290323,3.168286e-11
13,13,37.096774,5.8752805e-11
13,13,37.903226,1.5224099e-09
13,13,38.709677,1.7772709e-09
13,13,39.516129,1.6638873e-10
13,13,40.322581,3.948975e-11
13,13,41.129032,4.9344427e-11
13,13,41.935484,4.8179879e-11
13,13,42.741935,6.9039031e-11
13,13,43.548387,5.4428539e-11
13,13,44.354839,3.5446252e-11
13,13,45.16129,2.1138727e-11
13,13,45.967742,2.1651058e-11
13,13,46.774194,3.2636781e-11
13,13,47.580645,6.8345841e-11
13,13,48.387097,6.9685491e-11
13,13,49.193548,5.163603e-11
13,13,50,5.0890183e-11
13,13,50.806452,4.6063434e-11
13,13,51.612903,3.7020489e-11
13,13,52.419355,4.3012863e-11
13,13,53.225806,4.706028e-13
13,13,54.032258,1.3545968e-11
13,13,54.83871,1.4541685e-11
13,13,55.645161,1.7239727e-11
13,13,56.451613,2.6965325e-11
13,13,57.258065,1.0070496e-11
13,13,58.064516,2.2204302e-10
13,13,58.870968,2.3703611e-09
13,13,59.677419,3.3008032e-09
13,13,60.483871,3.6606408e-10
13,13,61.290323,5.728049e-11
13,13,62.096774,2.1876715e-11
13,13,62.903226,1.4936718e-11
13,13,63.709677,4.7945883e-11
13,13,64.516129,6.1778923e-11
13,13,65.322581,3.5940859e-11
13,13,66.129032,4.8701655e-11
13,13,66.935484,5.6395903e-11
13,13,67.741935,4.1067458e-11
13,13,68.548387,2.2812027e-11
13,13,69.354839,1.5515202e-11
13,13,70.16129,2.5920357e-11
13,13,70.967742,1.8975939e-11
13,13,71.774194,1.3215152e-11
13,13,72.580645,9.2881653e-12
13,13,73.387097,2.217125e-11
13,13,74.193548,2.6567974e-11
13,13,75,3.1603129e-11
13,13,75.806452,5.1883249e-11
13,13,76.612903,6.481195e-11
13,13,77.419355,6.2420984e-11
13,13,78.225806,5.5690104e-11
13,13,79.032258,7.6853518e-11
13,13,79.83871,6.8707199e-11
13,13,80.645161,8.3892121e-11
13,13,81.451613,1.8419887e-10
13,13,82.258065,9.7256996e-11
13,13,83.064516,1.6377459e-10
13,13,83.870968,1.8873015e-10
13,13,84.677419,1.4730242e-10
13,13,85.483871,1.5492997e-10
13,13,86.290323,6.4868811e-11
13,13,87.096774,5.0937318e-11
13,13,87.903226,6.8201448e-11
13,13,88.709677,1.9075238e-10
13,13,89.516129,2.9019561e-10
13,13,90.322581,2.947e-10
13,13,91.129032,3.9242892e-10
13,13,91.935484,2.2916629e-10
13,13,92.741935,1.0745529e-10
13,13,93.548387,4.4863711e-10
13,13,94.354839,1.5000857e-09
13,13,95.16129,1.2839402e-09
13,13,95.967742,1.0079804e-09
13,13,96.774194,1.2027901e-09
13,13,97.580645,8.4440482e-10
13,13,98.387097,6.0687143e-10
13,13,99.193548,3.312717e-10
13,13,100,4.7255383e-10
13,13,100.80645,1.0425849e-09
13,13,101.6129,8.912151e-10
13,13,102.41935,6.6128567e-10
13,13,103.22581,1.4215236e-10
13,13,104.03226,2.0289674e-10
13,13,104.83871,3.2033929e-10
13,13,105.64516,2.81083e-10
13,13,106.45161,1.8156556e-09
13,13,107.25806,4.8695911e-09
13,13,108.06452,1.950266e-09
13,13,108.87097,3.5528445e-10
13,13,109.67742,1.2631802e-10
13,13,110.48387,2.438825e-10
13,13,111.29032,7.9782181e-10
13,13,112.09677,1.424891e-09
13,13,112.90323,6.2128246e-09
13,13,113.70968,1.1479349e-08
13,13,114.51613,2.4930527e-09
13,13,115.32258,5.0199116e-10
13,13,116.12903,6.7328719e-10
13,13,116.93548,4.8432644e-10
13,13,117.74194,2.5953817e-10
13,13,118.54839,2.3097498e-10
13,13,119.35484,4.5539858e-08
13,13,120.16129,1.0065253e-07
13,13,120.96774,1.0980065e-08
13,13,121.77419,2.5561611e-10
13,13,122.58065,5.1344024e-11
13,13,123.3871,8.0339091e-11
13,13,124.19355,6.8521441e-11
13,13,125,9.7357391e-11
13,13,125.80645,1.1323651e-10
13,13,126.6129,2.2074836e-10
13,13,127.41935,1.7743212e-09
13,13,128.22581,1.4146778e-09
13,13,129.03226,1.6434406e-10
13,13,129.83871,8.5202798e-11
13,13,130.64516,5.5872148e-11
13,13,131.45161,8.137663e-11
13,13,132.25806,1.730319e-10
13,13,133.06452,1.4784185e-10
13,13,133.87097,9.130736e-11
13,13,134.67742,4.5814085e-11
13,13,135.48387,2.9597699e-11
13,13,136.29032,3.1190379e-11
13,13,137.09677,3.5079368e-11
13,13,137.90323,9.9689644e-11
13,13,138.70968,5.5584553e-10
13,13,139.51613,4.1865295e-10
13,13,140.32258,3.5431455e-10
13,13,141.12903,8.2967575e-10
13,13,141.93548,8.1105608e-10
13,13,142.74194,6.1479191e-10
13,13,143.54839,6.0526407e-10
13,13,144.35484,5.5396212e-10
13,13,145.16129,6.2375975e-10
13,13,145.96774,6.0766192e-10
13,13,146.77419,3.3565829e-10
13,13,147.58065,3.5357219e-10
13,13,148.3871,3.0203342e-10
13,13,149.19355,1.6365996e-10
13,13,150,8.2079205e-11
13,13,150.80645,1.2321596e-11
13,13,151.6129,1.6101613e-10
13,13,152.41935,9.6646378e-10
13,13,153.22581,2.0492628e-09
13,13,154.03226,3.0591276e-10
13,13,154.83871,3.9316689e-10
13,13,155.64516,3.4651318e-10
13,13,156.45161,6.5128225e-10
13,13,157.25806,1.0493978e-09
13,13,158.06452,4.9826069e-09
13,13,158.87097,6.0276325e-09
13,13,159.67742,7.4409288e-10
13,13,160.48387,2.8678925e-10
13,13,161.29032,6.1794818e-10
13,13,162.09677,8.0277157e-10
13,13,162.90323,1.0709023e-09
13,13,163.70968,1.3351838e-09
13,13,164.51613,1.6343534e-09
13,13,165.32258,1.8054023e-09
13,13,166.12903,1.8346819e-09
13,13,166.93548,1.668841e-09
13,13,167.74194,1.6876877e-09
13,13,168.54839,2.1686055e-09
13,13,169.35484,1.9971258e-09
13,13,170.16129,1.5116144e-09
13,13,170.96774,1.3292454e-09
13,13,171.77419,1.1533229e-09
13,13,172.58065,9.4797911e-10
13,13,173.3871,8.4650948e-10
13,13,174.19355,8.3319521e-10
13,13,175,8.5957962e-10
13,13,175.80645,8.4443242e-10
13,13,176.6129,6.1685724e-10
13,13,177.41935,3.6401933e-10
13,13,178.22581,2.2865992e-10
13,13,179.03226,1.5556898e-10
13,13,179.83871,1.9663127e-10
13,13,180.64516,3.1225748e-10
13,13,181.45161,5.224943e-10
13,13,182.25806,8.1339309e-10
13,13,183.06452,7.3661627e-10
13,13,183.87097,5.3570157e-10
13,13,184.67742,4.8829836e-10
13,13,185.48387,3.9061385e-10
13,13,186.29032,2.5693992e-10
13,13,187.09677,2.1894093e-10
13,13,187.90323,2.8168921e-10
13,13,188.70968,2.2886838e-10
13,13,189.51613,1.8294132e-10
13,13,190.32258,1.4718454e-10
13,13,191.12903,2.0753679e-10
13,13,191.93548,3.572231e-10
13,13,192.74194,1.4699188e-10
13,13,193.54839,1.45877e-10
13,13,194.35484,1.8420554e-10
13,13,195.16129,5.830266e-10
13,13,195.96774,5.6904441e-10
13,13,196.77419,1.9313522e-10
13,13,197.58065,6.896533e-11
13,13,198.3871,4.9687418e-11
13,13,199.19355,2.1736751e-10
14,14,0,2.7902744e-12
14,14,0.80645161,1.8573769e-12
14,14,1.6129032,8.3941789e-13
14,14,2.4193548,1.0200698e-12
14,14,3.2258065,1.9262177e-12
14,14,4.0322581,2.5766883e-12
14,14,4.8387097,3.2048333e-12
14,14,5.6451613,2.1717889e-11
14,14,6.4516129,5.2688939e-11
14,14,7.2580645,3.8392608e-11
14,14,8.0645161,8.4988591e-12
14,14,8.8709677,3.0550833e-11
14,14,9.6774194,1.1159452e-11
14,14,10.483871,2.2385889e-10
14,14,11.290323,9.8091202e-11
14,14,12.096774,3.4052177e-10
14,14,12.903226,9.7643817e-10
14,14,13.709677,9.1694828e-10
14,14,14.516129,8.7813345e-10
14,14,15.322581,6.9857107e-10
14,14,16.129032,4.1771252e-10
14,14,16.935484,3.508155e-10
14,14,17.741935,1.675967e-10
14,14,18.548387,3.9885555e-10
14,14,19.354839,3.3315793e-09
14,14,20.16129,7.8313733e-09
14,14,20.967742,3.3288136e-09
14,14,21.774194,6.3587235e-10
14,14,22.580645,7.0705649e-10
14,14,23.387097,4.9427303e-10
14,14,24.193548,1.8390178e-10
14,14,25,1.3660848e-10
14,14,25.806452,6.916525e-11
14,14,26.612903,3.6351449e-11
14,14,27.419355,6.3373145e-11
14,14,28.225806,2.8258483e-10
14,14,29.032258,2.8425875e-10
14,14,29.83871,1.0017101e-10
14,14,30.645161,4.3529748e-11
14,14,31.451613,8.9497208e-11
14,14,32.258065,1.5294029e-10
14,14,33.064516,1.0652756e-10
14,14,33.870968,1.4410089e-10
14,14,34.677419,2.1262751e-10
14,14,35.483871,3.4925576e-10
14,14,36.290323,1.339919e-10
14,14,37.096774,3.7840481e-11
14,14,37.903226,1.6470619e-09
14,14,38.709677,1.6041098e-09
14,14,39.516129,1.1602304e-10
14,14,40.322581,1.1928595e-10
14,14,41.129032,2.5892242e-10
14,14,41.935484,1.003223e-10
14,14,42.741935,7.2671829e-11
14,14,43.548387,1.6924232e-10
14,14,44.354839,2.3317262e-10
14,14,45.16129,4.4181048e-10
14,14,45.967742,2.1838678e-10
14,14,46.774194,6.5376754e-11
14,14,47.580645,8.5339916e-11
14,14,48.387097,3.9584763e-11
14,14,49.193548,1.7829472e-12
14,14,50,1.5564364e-11
14,14,50.806452,2.9701171e-11
14,14,51.612903,3.8243439e-11
14,14,52.419355,4.9348748e-11
14,14,53.225806,2.5814967e-11
14,14,54.032258,1.8988346e-11
14,14,54.83871,2.2939401e-11
14,14,55.645161,1.1430665e-10
14,14,56.451613,1.4225921e-10
14,14,57.258065,3.8290577e-11
14,14,58.064516,1.9776058e-10
14,14,58.870968,1.0677164e-08
14,14,59.677419,2.9980271e-08
14,14,60.483871,6.9917471e-09
14,14,61.290323,4.4291817e-10
14,14,62.096774,3.5520478e-10
14,14,62.903226,2.0769193e-10
14,14,63.709677,1.8399266e-10
14,14,64.516129,1.4338786e-10
14,14,65.322581,1.4863934e-10
14,14,66.129032,1.2193613e-10
14,14,66.935484,2.5002572e-10
14,14,67.741935,3.8264111e-10
14,14,68.548387,3.7902987e-10
14,14,69.354839,2.1834704e-10
14,14,70.16129,9.4393716e-11
14,14,70.967742,7.7702965e-11
14,14,71.774194,5.097557e-11
14,14,72.580645,4.2932152e-11
14,14,73.387097,1.9511649e-11
14,14,74.193548,2.6909377e-11
14,14,75,8.158356e-11
14,14,75.806452,2.1373873e-11
14,14,76.612903,1.0512044e-10
14,14,77.419355,1.4191826e-10
14,14,78.225806,2.3662997e-10
14,14,79.032258,3.7982056e-10
14,14,79.83871,3.1009711e-10
14,14,80.645161,3.6774395e-10
14,14,81.451613,4.0323098e-10
14,14,82.258065,3.6464757e-10
14,14,83.064516,6.1628046e-10
14,14,83.870968,6.0610461e-10
14,14,84.677419,5.1493057e-10
14,14,85.483871,6.1297666e-10
14,14,86.290323,9.5305934e-10
14,14,87.096774,1.3481574e-09
14,14,87.903226,2.0866527e-09
14,14,88.709677,2.5359706e-09
14,14,89.516129,2.6017777e-09
14,14,90.322581,2.9718412e-09
14,14,91.129032,2.9497161e-09
14,14,91.935484,1.7329427e-09
14,14,92.741935,1.3763574e-09
14,14,93.548387,1.3461597e-09
14,14,94.354839,5.4113572e-10
14,14,95.16129,8.3419818e-10
14,14,95.967742,1.3003077e-09
14,14,96.774194,1.1797626e-09
14,14,97.580645,1.3036961e-09
14,14,98.387097,1.0186247e-09
14,14,99.193548,7.4629982e-10
14,14,100,6.8567815e-10
14,14,100.80645,5.3384141e-10
14,14,101.6129,6.8664182e-10
14,14,102.41935,1.4126749e-09
14,14,103.22581,1.2382008e-09
14,14,104.03226,4.4789633e-10
14,14,104.83871,1.2819935e-10
14,14,105.64516,4.5434502e-10
14,14,106.45161,1.2220038e-09
14,14,107.25806,2.4532145e-09
14,14,108.06452,1.410291e-09
14,14,108.87097,5.8794954e-10
14,14,109.67742,3.6724243e-10
14,14,110.48387,2.2080834e-10
14,14,111.29032,3.7202888e-10
14,14,112.09677,4.1735781e-10
14,14,112.90323,1.2176867e-09
14,14,113.70968,1.7694778e-09
14,14,114.51613,3.7302901e-10
14,14,115.32258,6.2971459e-10
14,14,116.12903,1.7879773e-09
14,14,116.93548,3.3742751e-09
14,14,117.74194,2.9137117e-09
14,14,118.54839,3.9491351e-09
14,14,119.35484,3.4730073e-07
14,14,120.16129,7.629498e-07
14,14,120.96774,7.1184575e-08
14,14,121.77419,7.7342237e-09
14,14,122.58065,2.1073604e-09
14,14,123.3871,2.8669516e-09
14,14,124.19355,2.2836069e-09
14,14,125,1.463922e-09
14,14,125.80645,7.6051922e-10
14,14,126.6129,5.4695642e-10
14,14,127.41935,3.9904633e-09
14,14,128.22581,4.3509517e-09
14,14,129.03226,1.7371876e-09
14,14,129.83871,1.125429e-09
14,14,130.64516,1.1785334e-09
14,14,131.45161,1.5709164e-09
14,14,132.25806,3.4114831e-09
14,14,133.06452,4.1077438e-09
14,14,133.87097,1.6477184e-09
14,14,134.67742,9.7108801e-10
14,14,135.48387,1.158996e-09
14,14,136.29032,6.8630203e-10
14,14,137.09677,4.0594323e-10
14,14,137.90323,4.2342667e-10
14,14,138.70968,8.3983242e-10
14,14,139.51613,7.3678718e-10
14,14,140.32258,3.1819875e-10
14,14,141.12903,2.6592558e-10
14,14,141.93548,2.8883298e-10
14,14,142.74194,2.0968399e-10
14,14,143.54839,4.7430423e-10
14,14,144.35484,7.7614624e-10
14,14,145.16129,7.4176939e-10
14,14,145.96774,6.0100753e-10
14,14,146.77419,5.3756087e-10
14,14,147.58065,1.4759493e-09
14,14,148.3871,1.8155189e-09
14,14,149.19355,1.0859803e-09
14,14,150,7.7662599e-10
14,14,150.80645,3.6526026e-10
14,14,151.6129,5.7452015e-10
14,14,152.41935,4.0900898e-09
14,14,153.22581,1.1168264e-08
14,14,154.03226,2.843624e-09
14,14,154.83871,1.6555205e-10
14,14,155.64516,2.5097104e-10
14,14,156.45161,5.2208889e-10
14,14,157.25806,8.4583968e-10
14,14,158.06452,1.3339099e-09
14,14,158.87097,8.6969654e-10
14,14,159.67742,7.6478111e-11
14,14,160.48387,4.5402635e-11
14,14,161.29032,4.8749607e-11
14,14,162.09677,7.7137225e-11
14,14,162.90323,2.5619222e-11
14,14,163.70968,2.0051336e-10
14,14,164.51613,2.7504188e-10
14,14,165.32258,1.731846e-10
14,14,166.12903,4.0192115e-10
14,14,166.93548,1.0964986e-09
14,14,167.74194,1.3309492e-09
14,14,168.54839,1.4974155e-09
14,14,169.35484,1.3705409e-09
14,14,170.16129,1.0487895e-09
14,14,170.96774,1.1938648e-09
14,14,171.77419,1.2697085e-09
14,14,172.58065,1.25503e-09
14,14,173.3871,1.3713455e-09
14,14,174.19355,1.1318586e-09
14,14,175,9.2723258e-10
14,14,175.80645,8.3949241e-10
14,14,176.6129,4.9861476e-10
14,14,177.41935,1.6961299e-10
14,14,178.22581,2.6351893e-10
14,14,179.03226,7.99486e-10
14,14,179.83871,8.1567201e-10
14,14,180.64516,2.3842677e-10
14,14,181.45161,2.1508573e-10
14,14,182.25806,3.5915169e-10
14,14,183.06452,1.3364781e-10
14,14,183.87097,2.524155e-10
14,14,184.67742,3.1107831e-10
14,14,185.48387,3.6332193e-10
14,14,186.29032,5.0763054e-10
14,14,187.09677,4.3725541e-10
14,14,187.90323,3.2857116e-10
14,14,188.70968,4.168908e-10
14,14,189.51613,4.7155079e-10
14,14,190.32258,3.7564578e-10
14,14,191.12903,4.8064427e-10
14,14,191.93548,1.3928869e-10
14,14,192.74194,3.9490623e-10
14,14,193.54839,2.5122327e-10
14,14,194.35484,6.4750089e-11
14,14,195.16129,2.673571e-10
14,14,195.96774,3.6265786e-10
14,14,196.77419,4.8039996e-10
14,14,197.58065,8.3811799e-10
14,14,198.3871,1.2056673e-09
14,14,199.19355,1.481888e-09
15,15,0,1.227593e-12
15,15,0.80645161,7.6200973e-13
15,15,1.6129032,5.1558976e-13
15,15,2.4193548,1.0313056e-12
15,15,3.2258065,1.4859127e-11
15,15,4.0322581,3.8710088e-11
15,15,4.8387097,2.7360184e-11
15,15,5.6451613,4.1800715e-11
15,15,6.4516129,6.2219448e-11
15,15,7.2580645,3.0647316e-11
15,15,8.0645161,1.0108074e-10
15,15,8.8709677,6.6719965e-11
15,15,9.6774194,5.2642545e-10
15,15,10.483871,8.4644325e-10
15,15,11.290323,3.397722e-09
15,15,12.096774,8.8963542e-09
15,15,12.903226,4.2831548e-09
15,15,13.709677,4.3634348e-10
15,15,14.516129,2.1023806e-10
15,15,15.322581,4.9301031e-11
15,15,16.129032,1.3111054e-10
15,15,16.935484,1.9628215e-10
15,15,17.741935,2.1332636e-10
15,15,18.548387,4.1629126e-10
15,15,19.354839,5.3160024e-10
15,15,20.16129,1.4608435e-09
15,15,20.967742,6.4889195e-10
15,15,21.774194,4.1768003e-10
15,15,22.580645,1.0947208e-10
15,15,23.387097,2.7278856e-10
15,15,24.193548,5.6298783e-10
15,15,25,5.1349528e-10
15,15,25.806452,1.2180251e-09
15,15,26.612903,8.8909437e-10
15,15,27.419355,1.8564629e-10
15,15,28.225806,6.6912014e-10
15,15,29.032258,1.3835215e-09
15,15,29.83871,8.6400281e-10
15,15,30.645161,5.1229216e-10
15,15,31.451613,1.2451131e-09
15,15,32.258065,1.2666768e-09
15,15,33.064516,8.8793577e-10
15,15,33.870968,1.5595129e-09
15,15,34.677419,1.1320672e-09
15,15,35.483871,6.3320408e-10
15,15,36.290323,5.5371394e-10
15,15,37.096774,2.1744361e-09
15,15,37.903226,1.0380198e-08
15,15,38.709677,9.2180866e-09
15,15,39.516129,7.116505e-10
15,15,40.322581,1.7968553e-10
15,15,41.129032,1.9934913e-10
15,15,41.935484,4.0938544e-10
15,15,42.741935,1.2102897e-10
15,15,43.548387,1.4650473e-10
15,15,44.354839,2.3171892e-10
15,15,45.16129,4.274919e-10
15,15,45.967742,1.687245e-10
15,15,46.774194,5.8073551e-10
15,15,47.580645,1.5712034e-09
15,15,48.387097,1.1694378e-09
15,15,49.193548,3.5247369e-10
15,15,50,8.5734295e-10
15,15,50.806452,1.7113272e-09
15,15,51.612903,1.7736465e-09
15,15,52.419355,9.4668392e-10
15,15,53.225806,6.3976773e-10
15,15,54.032258,3.8967585e-10
15,15,54.83871,1.2577117e-10
15,15,55.645161,2.2227945e-10
15,15,56.451613,5.0205121e-10
15,15,57.258065,6.4455411e-10
15,15,58.064516,2.4907967e-09
15,15,58.870968,7.9298414e-09
15,15,59.677419,5.3981694e-09
15,15,60.483871,1.0447427e-09
15,15,61.290323,2.5712425e-11
15,15,62.096774,4.8381044e-11
15,15,62.903226,9.3374181e-11
15,15,63.709677,1.0943499e-10
15,15,64.516129,8.4278802e-11
15,15,65.322581,1.7934363e-11
15,15,66.129032,2.7878792e-11
15,15,66.935484,1.3650803e-10
15,15,67.741935,8.5177608e-11
15,15,68.548387,6.534664e-10
15,15,69.354839,1.3351161e-09
15,15,70.16129,5.7877278e-10
15,15,70.967742,8.1162982e-10
15,15,71.774194,9.5892524e-10
15,15,72.580645,3.3922952e-11
15,15,73.387097,5.194999e-10
15,15,74.193548,1.7135315e-10
15,15,75,9.2508784e-11
15,15,75.806452,1.125145e-10
15,15,76.612903,9.2951838e-11
15,15,77.419355,1.510171e-10
15,15,78.225806,1.1630402e-10
15,15,79.032258,1.2497928e-10
15,15,79.83871,1.1896082e-10
15,15,80.645161,3.9409106e-10
15,15,81.451613,7.9690284e-10
15,15,82.258065,6.8538892e-10
15,15,83.064516,5.0662307e-10
15,15,83.870968,2.987474e-10
15,15,84.677419,8.2584502e-11
15,15,85.483871,3.9659512e-11
15,15,86.290323,2.1579926e-11
15,15,87.096774,2.6633726e-11
15,15,87.903226,5.0923578e-11
15,15,88.709677,1.1228802e-10
15,15,89.516129,1.4201253e-10
15,15,90.322581,2.2116895e-10
15,15,91.129032,3.9531749e-10
15,15,91.935484,8.1038639e-11
15,15,92.741935,4.1404859e-11
15,15,93.548387,6.0404063e-11
15,15,94.354839,4.3361498e-10
15,15,95.16129,1.9799228e-10
15,15,95.967742,2.7428373e-11
15,15,96.774194,2.7389554e-10
15,15,97.580645,2.5944169e-10
15,15,98.387097,5.8769309e-11
15,15,99.193548,6.6153435e-11
15,15,100,2.5184816e-11
15,15,100.80645,7.9078326e-11
15,15,101.6129,9.7745674e-10
15,15,102.41935,1.5396552e-09
15,15,103.22581,4.4790608e-10
15,15,104.03226,1.5502086e-10
15,15,104.83871,1.2565906e-10
15,15,105.64516,3.9562335e-10
15,15,106.45161,7.9280279e-10
15,15,107.25806,1.9735185e-09
15,15,108.06452,1.5079727e-09
15,15,108.87097,1.7011204e-10
15,15,109.67742,6.7278003e-10
15,15,110.48387,7.2825342e-10
15,15,111.29032,1.4698656e-10
15,15,112.09677,7.9346001e-11
15,15,112.90323,5.2673936e-10
15,15,113.70968,1.7685604e-09
15,15,114.51613,2.2186771e-10
15,15,115.32258,1.36005e-10
15,15,116.12903,1.4488088e-10
15,15,116.93548,1.0264097e-10
15,15,117.74194,8.9917397e-11
15,15,118.54839,1.9514268e-10
15,15,119.35484,4.3439418e-09
15,15,120.16129,7.8406386e-09
15,15,120.96774,1.6153289e-09
15,15,121.77419,2.1962765e-10
15,15,122.58065,1.2343596e-10
15,15,123.3871,7.859627e-11
15,15,124.19355,1.3695624e-10
15,15,125,1.5597317e-11
15,15,125.80645,3.814986e-11
15,15,126.6129,8.3883578e-11
15,15,127.41935,6.9084412e-10
15,15,128.22581,4.8144103e-10
15,15,129.03226,2.2124519e-10
15,15,129.83871,1.6155338e-10
15,15,130.64516,1.6044577e-11
15,15,131.45161,1.0678142e-10
15,15,132.25806,2.3850641e-10
15,15,133.06452,2.5458708e-10
15,15,133.87097,1.128158e-10
15,15,134.67742,1.0276714e-10
15,15,135.48387,2.148017e-10
15,15,136.29032,2.5716091e-10
15,15,137.09677,7.4848776e-11
15,15,137.90323,3.9864431e-10
15,15,138.70968,2.0353225e-10
15,15,139.51613,2.851334e-10
15,15,140.32258,4.5199339e-11
15,15,141.12903,2.9916495e-10
15,15,141.93548,1.912499e-10
15,15,142.74194,8.9438295e-11
15,15,143.54839,4.3691536e-10
15,15,144.35484,1.4626643e-10
15,15,145.16129,1.629651e-10
15,15,145.96774,3.0392643e-10
15,15,146.77419,4.4135827e-11
15,15,147.58065,2.4657617e-10
15,15,148.3871,2.0655884e-10
15,15,149.19355,1.3968438e-11
15,15,150,1.5780479e-10
15,15,150.80645,7.152138e-11
15,15,151.6129,9.5493422e-11
15,15,152.41935,1.3543703e-10
15,15,153.22581,4.0743113e-10
15,15,154.03226,1.5757891e-10
15,15,154.83871,2.18255e-10
15,15,155.64516,8.9079757e-11
15,15,156.45161,1.0358051e-10
15,15,157.25806,1.1491092e-10
15,15,158.06452,9.8883992e-11
15,15,158.87097,3.6449626e-10
15,15,159.67742,1.4218984e-10
15,15,160.48387,1.2511814e-10
15,15,161.29032,1.9778833e-10
15,15,162.09677,2.0907427e-11
15,15,162.90323,2.9685084e-10
15,15,163.70968,1.0540754e-10
15,15,164.51613,3.5325796e-11
15,15,165.32258,8.77271e-11
15,15,166.12903,8.0547844e-11
15,15,166.93548,7.627043e-11
15,15,167.74194,6.3753963e-11
15,15,168.54839,5.0259936e-11
15,15,169.35484,2.0675677e-11
15,15,170.16129,1.3711342e-11
15,15,170.96774,3.0442581e-11
15,15,171.77419,1.6690237e-11
15,15,172.58065,6.3385145e-11
15,15,173.3871,2.3749517e-11
15,15,174.19355,5.6169929e-11
15,15,175,1.0991135e-10
15,15,175.80645,1.2857537e-11
15,15,176.6129,1.0350309e-11
15,15,177.41935,3.6644814e-11
15,15,178.22581,1.8856374e-10
15,15,179.03226,2.2283165e-10
15,15,179.83871,5.1152473e-12
15,15,180.64516,2.9051591e-11
15,15,181.45161,3.9321616e-11
15,15,182.25806,8.0927104e-11
15,15,183.06452,1.6571069e-11
15,15,183.87097,5.2622264e-11
15,15,184.67742,5.1188882e-11
15,15,185.48387,1.0929357e-11
15,15,186.29032,3.4910644e-11
15,15,187.09677,6.5675595e-12
15,15,187.90323,7.7241366e-11
15,15,188.70968,1.5163515e-10
15,15,189.51613,1.2168762e-11
15,15,190.32258,9.5446724e-11
15,15,191.12903,1.3673754e-10
15,15,191.93548,1.2205497e-10
15,15,192.74194,3.7858995e-11
15,15,193.54839,4.7004328e-11
15,15,194.35484,4.7667788e-11
15,15,195.16129,6.3776079e-11
15,15,195.96774,1.2252623e-10
15,15,196.77419,1.7322823e-10
15,15,197.58065,2.6865706e-11
15,15,198.3871,4.5066793e-11
15,15,199.19355,5.1354235e-11
16,16,0,8.990214e-12
16,16,0.80645161,5.3205853e-12
16,16,1.6129032,1.4643661e-11
16,16,2.4193548,1.8410712e-11
16,16,3.2258065,9.7333209e-12
16,16,4.0322581,1.0411267e-11
16,16,4.8387097,5.9837395e-12
16,16,5.6451613,6.1853841e-11
16,16,6.4516129,1.3658615e-10
16,16,7.2580645,1.0151428e-10
16,16,8.0645161,1.0405496e-10
16,16,8.8709677,3.7326363e-11
16,16,9.6774194,6.524874e-11
16,16,10.483871,9.7613411e-11
16,16,11.290323,2.512732e-10
16,16,12.096774,7.2060491e-10
16,16,12.903226,1.1659083e-10
16,16,13.709677,3.9696944e-10
16,16,14.516129,4.2220154e-10
16,16,15.322581,1.3001246e-10
16,16,16.129032,2.8631035e-10
16,16,16.935484,1.1704619e-10
16,16,17.741935,1.7497224e-10
16,16,18.548387,4.7306905e-10
16,16,19.354839,2.8458457e-09
16,16,20.16129,4.7222882e-09
16,16,20.967742,7.9074181e-10
16,16,21.774194,8.7847206e-10
16,16,22.580645,1.3073264e-09
16,16,23.387097,1.5009343e-09
16,16,24.193548,2.9293414e-09
16,16,25,1.5714944e-09
16,16,25.806452,1.8008199e-09
16,16,26.612903,1.0660456e-09
16,16,27.419355,1.7259591e-09
16,16,28.225806,8.1391538e-09
16,16,29.032258,7.8346012e-09
16,16,29.83871,7.906517e-09
16,16,30.645161,5.8328849e-09
16,16,31.451613,5.2398113e-09
16,16,32.258065,1.0337993e-08
16,16,33.064516,5.8272434e-09
16,16,33.870968,5.8315355e-09
16,16,34.677419,5.054356e-09
16,16,35.483871,2.1100874e-09
16,16,36.290323,2.1183014e-09
16,16,37.096774,4.3339336e-09
16,16,37.903226,3.9972774e-08
16,16,38.709677,3.9697944e-08
16,16,39.516129,2.4124992e-09
16,16,40.322581,1.709568e-10
16,16,41.129032,2.5218226e-10
16,16,41.935484,2.5754085e-10
16,16,42.741935,4.9579235e-10
16,16,43.548387,2.6224228e-10
16,16,44.354839,6.9039659e-10
16,16,45.16129,1.0174677e-10
16,16,45.967742,6.4037489e-10
16,16,46.774194,8.0087857e-10
16,16,47.580645,2.836466e-10
16,16,48.387097,8.2576799e-10
16,16,49.193548,4.2620648e-10
16,16,50,4.3329085e-10
16,16,50.806452,1.7878071e-10
16,16,51.612903,4.1327e-12
16,16,52.419355,8.9020118e-11
16,16,53.225806,7.2603151e-11
16,16,54.032258,8.8749287e-11
16,16,54.83871,8.9815642e-11
16,16,55.645161,7.6402986e-11
16,16,56.451613,7.3818594e-11
16,16,57.258065,9.8513875e-12
16,16,58.064516,3.2859479e-10
16,16,58.870968,2.3433956e-09
16,16,59.677419,5.8429064e-09
16,16,60.483871,1.368295e-09
16,16,61.290323,7.7206947e-10
16,16,62.096774,2.7967318e-10
16,16,62.903226,1.6471529e-10
16,16,63.709677,1.119628e-10
16,16,64.516129,1.0504686e-10
16,16,65.322581,9.7917313e-11
16,16,66.129032,1.0424182e-10
16,16,66.935484,1.8518089e-10
16,16,67.741935,2.6541031e-10
16,16,68.548387,2.2910226e-10
16,16,69.354839,4.4890776e-10
16,16,70.16129,3.2687087e-10
16,16,70.967742,2.2739814e-11
16,16,71.774194,2.5193006e-10
16,16,72.580645,3.2584368e-10
16,16,73.387097,5.1927269e-10
16,16,74.193548,4.1580652e-10
16,16,75,1.7858313e-10
16,16,75.806452,3.8830505e-10
16,16,76.612903,5.392046e-10
16,16,77.419355,3.0754824e-10
16,16,78.225806,2.447096e-10
16,16,79.032258,2.1778139e-10
16,16,79.83871,1.462728e-10
16,16,80.645161,3.4765189e-10
16,16,81.451613,9.4944146e-10
16,16,82.258065,1.4053752e-09
16,16,83.064516,1.5146288e-09
16,16,83.870968,1.6436765e-09
16,16,84.677419,1.9181041e-09
16,16,85.483871,1.4612083e-09
16,16,86.290323,1.0448854e-09
16,16,87.096774,7.6081108e-10
16,16,87.903226,4.7555606e-10
16,16,88.709677,3.7261e-10
16,16,89.516129,8.791407e-11
16,16,90.322581,6.4805605e-11
16,16,91.129032,1.9758614e-10
16,16,91.935484,1.705759e-10
16,16,92.741935,9.9068956e-11
16,16,93.548387,8.7495449e-11
16,16,94.354839,5.5401678e-10
16,16,95.16129,1.2982913e-09
16,16,95.967742,1.4571986e-09
16,16,96.774194,1.5609452e-09
16,16,97.580645,9.1038149e-10
16,16,98.387097,5.2926109e-10
16,16,99.193548,5.0633494e-10
16,16,100,5.100007e-10
16,16,100.80645,4.0011454e-10
16,16,101.6129,1.4608114e-10
16,16,102.41935,2.8997698e-10
16,16,103.22581,2.8025606e-10
16,16,104.03226,2.5624569e-10
16,16,104.83871,2.0340495e-10
16,16,105.64516,1.5838895e-10
16,16,106.45161,4.4882034e-11
16,16,107.25806,9.5775952e-11
16,16,108.06452,2.3148177e-10
16,16,108.87097,1.8294568e-10
16,16,109.67742,1.3196216e-10
16,16,110.48387,9.2175114e-11
16,16,111.29032,2.5319301e-10
16,16,112.09677,1.6684154e-10
16,16,112.90323,2.8214901e-10
16,16,113.70968,2.9682022e-10
16,16,114.51613,1.0552916e-10
16,16,115.32258,3.0770966e-10
16,16,116.12903,1.7008478e-10
16,16,116.93548,4.3054802e-10
16,16,117.74194,4.6065057e-10
16,16,118.54839,6.2061964e-10
16,16,119.35484,2.3630065e-09
16,16,120.16129,4.1601688e-09
16,16,120.96774,1.1253413e-09
16,16,121.77419,5.2900464e-10
16,16,122.58065,4.7930694e-10
16,16,123.3871,2.8189061e-10
16,16,124.19355,1.9213877e-10
16,16,125,8.7531318e-11
16,16,125.80645,2.7655445e-10
16,16,126.6129,3.2242198e-10
16,16,127.41935,7.2821e-10
16,16,128.22581,5.5510226e-10
16,16,129.03226,3.2569174e-11
16,16,129.83871,9.6593452e-11
16,16,130.64516,3.5624242e-11
16,16,131.45161,5.9238552e-11
16,16,132.25806,6.5623109e-10
16,16,133.06452,1.5032067e-09
16,16,133.87097,1.0746474e-09
16,16,134.67742,6.2205706e-10
16,16,135.48387,7.5374676e-10
16,16,136.29032,6.3437164e-10
16,16,137.09677,4.2848082e-10
16,16,137.90323,9.4971783e-10
16,16,138.70968,6.2335461e-10
16,16,139.51613,4.2894915e-10
16,16,140.32258,4.5686595e-10
16,16,141.12903,4.4615343e-10
16,16,141.93548,3.5910297e-10
16,16,142.74194,1.4718066e-10
16,16,143.54839,6.0613653e-11
16,16,144.35484,3.1464458e-10
16,16,145.16129,2.6651184e-10
16,16,145.96774,2.9161343e-10
16,16,146.77419,5.5414773e-10
16,16,147.58065,1.0894914e-09
16,16,148.3871,6.8661261e-10
16,16,149.19355,1.2217728e-10
16,16,150,5.2597064e-10
16,16,150.80645,3.8616583e-10
16,16,151.6129,5.5676919e-10
16,16,152.41935,2.9231796e-10
16,16,153.22581,1.0813197e-09
16,16,154.03226,8.1652569e-10
16,16,154.83871,1.657013e-10
16,16,155.64516,1.2356028e-10
16,16,156.45161,7.8471708e-11
16,16,157.25806,9.8041324e-11
16,16,158.06452,2.4314672e-10
16,16,158.87097,3.2647819e-10
16,16,159.67742,1.7686145e-10
16,16,160.48387,6.653042e-12
16,16,161.29032,1.2562295e-10
16,16,162.09677,1.4128955e-10
16,16,162.90323,1.853904e-10
16,16,163.70968,3.078349e-10
16,16,164.51613,2.1776807e-10
16,16,165.32258,2.6583411e-10
16,16,166.12903,3.7653351e-10
16,16,166.93548,3.08374e-10
16,16,167.74194,1.0093469e-10
16,16,168.54839,2.9221987e-10
16,16,169.35484,2.3136963e-10
16,16,170.16129,1.4197105e-10
16,16,170.96774,2.0795639e-10
16,16,171.77419,2.3963725e-10
16,16,172.58065,9.6656962e-11
16,16,173.3871,2.6735666e-10
16,16,174.19355,3.3123397e-10
16,16,175,2.6497899e-10
16,16,175.80645,2.2759938e-10
16,16,176.6129,8.8072145e-10
16,16,177.41935,3.1974335e-10
16,16,178.22581,8.5256148e-11
16,16,179.03226,1.3336333e-10
16,16,179.83871,4.6326166e-10
16,16,180.64516,8.1353265e-10
16,16,181.45161,7.5826176e-10
16,16,182.25806,2.8750889e-10
16,16,183.06452,1.0481895e-10
16,16,183.87097,1.2122755e-10
16,16,184.67742,1.3959493e-10
16,16,185.48387,1.0971645e-10
16,16,186.29032,1.5587915e-10
16,16,187.09677,2.1597467e-10
16,16,187.90323,1.3367068e-10
16,16,188.70968,1.6826753e-10
16,16,189.51613,3.6854169e-10
16,16,190.32258,3.24802e-10
16,16,191.12903,3.4575587e-10
16,16,191.93548,2.9604731e-10
16,16,192.74194,1.2784523e-10
16,16,193.54839,2.299127e-10
16,16,194.35484,2.619927e-10
16,16,195.16129,8.5076142e-11
16,16,195.96774,1.9020497e-10
16,16,196.77419,1.7746422e-10
16,16,197.58065,2.6198886e-10
16,16,198.3871,2.5167265e-10
16,16,199.19355,2.5542553e-10
17,17,0,7.4453629e-12
17,17,0.80645161,3.4517693e-12
17,17,1.6129032,6.5453066e-12
17,17,2.4193548,1.1774489e-11
17,17,3.2258065,1.3729527e-12
17,17,4.0322581,1.3689372e-11
17,17,4.8387097,2.8547518e-12
17,17,5.6451613,7.2017416e-11
17,17,6.4516129,1.4608608e-10
17,17,7.2580645,1.9897594e-11
17,17,8.0645161,2.3873549e-10
17,17,8.8709677,1.9438342e-10
17,17,9.6774194,2.7026258e-10
17,17,10.483871,2.2336495e-10
17,17,11.290323,1.0328942e-09
17,17,12.096774,1.7148192e-09
17,17,12.903226,1.3772248e-09
17,17,13.709677,7.8837413e-10
17,17,14.516129,1.5999614e-10
17,17,15.322581,2.5934007e-10
17,17,16.129032,2.0825306e-10
17,17,16.935484,6.2512749e-11
17,17,17.741935,1.0788885e-10
17,17,18.548387,3.2404617e-10
17,17,19.354839,1.9910019e-09
17,17,20.16129,3.5800713e-09
17,17,20.967742,5.1263628e-10
17,17,21.774194,2.1358611e-10
17,17,22.580645,6.7837365e-10
17,17,23.387097,7.4760635e-10
17,17,24.193548,1.0913803e-09
17,17,25,1.0075188e-09
17,17,25.806452,1.501689e-09
17,17,26.612903,2.321916e-09
17,17,27.419355,3.4676026e-09
17,17,28.225806,6.8256983e-09
17,17,29.032258,2.6878998e-09
17,17,29.83871,8.5426163e-10
17,17,30.645161,2.0675649e-09
17,17,31.451613,1.2383332e-09
17,17,32.258065,1.2381868e-09
17,17,33.064516,1.5608668e-09
17,17,33.870968,1.4027306e-09
17,17,34.677419,3.3924319e-09
17,17,35.483871,2.9651564e-09
17,17,36.290323,2.0947345e-09
17,17,37.096774,1.3599928e-09
17,17,37.903226,9.9563452e-09
17,17,38.709677,9.3868787e-09
17,17,39.516129,9.4453391e-10
17,17,40.322581,5.7615808e-10
17,17,41.129032,7.9259769e-11
17,17,41.935484,3.9063122e-11
17,17,42.741935,2.5981778e-10
17,17,43.548387,7.1789951e-10
17,17,44.354839,3.2386316e-10
17,17,45.16129,1.3194648e-10
17,17,45.967742,1.4138817e-10
17,17,46.774194,2.315794e-10
17,17,47.580645,5.3278511e-10
17,17,48.387097,4.9423161e-10
17,17,49.193548,2.7555125e-10
17,17,50,5.2691538e-10
17,17,50.806452,6.4250504e-10
17,17,51.612903,4.0329637e-10
17,17,52.419355,3.7827507e-10
17,17,53.225806,2.6189222e-10
17,17,54.032258,2.6071809e-10
17,17,54.83871,2.0787504e-10
17,17,55.645161,6.1786555e-10
17,17,56.451613,1.1904212e-09
17,17,57.258065,5.3614008e-10
17,17,58.064516,5.5958841e-10
17,17,58.870968,3.2035949e-09
17,17,59.677419,5.2026011e-09
17,17,60.483871,7.6730142e-10
17,17,61.290323,1.5737867e-10
17,17,62.096774,1.6477395e-10
17,17,62.903226,6.0446829e-11
17,17,63.709677,7.1498293e-11
17,17,64.516129,7.4006465e-11
17,17,65.322581,6.1425339e-11
17,17,66.129032,4.8996297e-11
17,17,66.935484,1.6212184e-10
17,17,67.741935,3.1476735e-10
17,17,68.548387,2.9976426e-11
17,17,69.354839,1.1062456e-10
17,17,70.16129,1.4119406e-10
17,17,70.967742,1.4618286e-10
17,17,71.774194,5.765467e-11
17,17,72.580645,4.155468e-11
17,17,73.387097,9.1213316e-11
17,17,74.193548,1.7260538e-10
17,17,75,9.3504144e-11
17,17,75.806452,3.5552967e-11
17,17,76.612903,5.1050943e-11
17,17,77.419355,5.1998229e-11
17,17,78.225806,7.2616136e-11
17,17,79.032258,1.1546832e-10
17,17,79.83871,7.9448495e-11
17,17,80.645161,1.7131621e-10
17,17,81.451613,2.5696087e-10
17,17,82.258065,2.0323964e-10
17,17,83.064516,8.3331473e-11
17,17,83.870968,2.4721807e-10
17,17,84.677419,7.9721105e-10
17,17,85.483871,1.0790079e-09
17,17,86.290323,6.4818726e-10
17,17,87.096774,1.9587087e-10
17,17,87.903226,1.8508978e-10
17,17,88.709677,6.0672094e-10
17,17,89.516129,4.3209899e-10
17,17,90.322581,1.148109e-10
17,17,91.129032,1.102928e-10
17,17,91.935484,1.1553512e-10
17,17,92.741935,1.8470353e-10
17,17,93.548387,4.0569212e-10
17,17,94.354839,3.6295855e-10
17,17,95.16129,2.2789483e-10
17,17,95.967742,2.4612823e-10
17,17,96.774194,5.1041207e-10
17,17,97.580645,3.3564514e-10
17,17,98.387097,7.3037859e-10
17,17,99.193548,9.7255015e-10
17,17,100,2.3526044e-10
17,17,100.80645,6.8168599e-10
17,17,101.6129,1.1021285e-09
17,17,102.41935,8.3625246e-10
17,17,103.22581,7.3763486e-10
17,17,104.03226,6.3965728e-10
17,17,104.83871,4.2524615e-10
17,17,105.64516,2.0631712e-10
17,17,106.45161,5.4616237e-10
17,17,107.25806,5.4648472e-10
17,17,108.06452,1.6109559e-10
17,17,108.87097,1.8744016e-10
17,17,109.67742,1.5285138e-10
17,17,110.48387,6.5273731e-11
17,17,111.29032,6.0165481e-11
17,17,112.09677,3.0646349e-12
17,17,112.90323,3.1416631e-10
17,17,113.70968,7.606123e-10
17,17,114.51613,1.027296e-10
17,17,115.32258,4.1563471e-12
17,17,116.12903,1.7430047e-11
17,17,116.93548,6.0925054e-11
17,17,117.74194,1.4849371e-10
17,17,118.54839,6.0280648e-10
17,17,119.35484,8.576195e-09
17,17,120.16129,2.5894319e-08
17,17,120.96774,4.2011558e-09
17,17,121.77419,6.228125e-11
17,17,122.58065,1.0925275e-10
17,17,123.3871,3.6292523e-11
17,17,124.19355,5.8260425e-11
17,17,125,5.2441771e-11
17,17,125.80645,3.0583016e-11
17,17,126.6129,2.718606e-11
17,17,127.41935,1.5728795e-10
17,17,128.22581,2.5869528e-10
17,17,129.03226,1.0183124e-10
17,17,129.83871,1.5489009e-10
17,17,130.64516,1.8955073e-10
17,17,131.45161,1.2981742e-10
17,17,132.25806,3.2208455e-11
17,17,133.06452,1.5606918e-10
17,17,133.87097,1.7977071e-10
17,17,134.67742,2.5699723e-11
17,17,135.48387,2.020926e-11
17,17,136.29032,4.6230816e-11
17,17,137.09677,1.4992832e-10
17,17,137.90323,1.8408915e-10
17,17,138.70968,1.8453676e-10
17,17,139.51613,8.7186842e-11
17,17,140.32258,8.3424327e-11
17,17,141.12903,1.5686596e-10
17,17,141.93548,1.4568508e-10
17,17,142.74194,2.050438e-10
17,17,143.54839,5.5462376e-11
17,17,144.35484,1.9620917e-10
17,17,145.16129,1.7628218e-10
17,17,145.96774,1.3188785e-10
17,17,146.77419,1.4179604e-10
17,17,147.58065,5.2922877e-11
17,17,148.3871,2.1292129e-10
17,17,149.19355,1.840374e-10
17,17,150,1.0694116e-10
17,17,150.80645,1.2917255e-10
17,17,151.6129,1.3032211e-10
17,17,152.41935,1.8738936e-10
17,17,153.22581,2.1707582e-10
17,17,154.03226,2.6658155e-10
17,17,154.83871,2.0774738e-10
17,17,155.64516,1.5965093e-10
17,17,156.45161,1.9374814e-10
17,17,157.25806,8.0379924e-11
17,17,158.06452,1.7822696e-10
17,17,158.87097,2.0602595e-10
17,17,159.67742,7.8598078e-11
17,17,160.48387,3.565277e-10
17,17,161.29032,2.4510183e-10
17,17,162.09677,5.1892937e-10
17,17,162.90323,4.7531215e-10
17,17,163.70968,1.2838679e-10
17,17,164.51613,6.169284e-11
17,17,165.32258,3.4064678e-11
17,17,166.12903,1.7506421e-10
17,17,166.93548,2.5188885e-10
17,17,167.74194,9.8647702e-11
17,17,168.54839,4.4082512e-10
17,17,169.35484,2.8249643e-10
17,17,170.16129,7.1172089e-11
17,17,170.96774,4.0071979e-10
17,17,171.77419,1.013734e-10
17,17,172.58065,2.0093676e-10
17,17,173.3871,2.7431055e-10
17,17,174.19355,9.6817781e-11
17,17,175,2.0268393e-10
17,17,175.80645,9.878503e-11
17,17,176.6129,3.9891628e-11
17,17,177.41935,3.8766015e-11
17,17,178.22581,9.6486534e-11
17,17,179.03226,1.2851578e-10
17,17,179.83871,5.1394744e-11
17,17,180.64516,1.4644564e-11
17,17,181.45161,5.5143459e-11
17,17,182.25806,3.7715133e-11
17,17,183.06452,9.7053991e-11
17,17,183.87097,8.8635689e-11
17,17,184.67742,8.140136e-12
17,17,185.48387,9.6492077e-11
17,17,186.29032,3.4417364e-11
17,17,187.09677,4.5367695e-11
17,17,187.90323,1.2579377e-10
17,17,188.70968,6.1630999e-11
17,17,189.51613,8.2493008e-11
17,17,190.32258,5.2345539e-11
17,17,191.12903,1.3230713e-11
17,17,191.93548,5.3204547e-11
17,17,192.74194,5.7581707e-11
17,17,193.54839,9.8835839e-11
17,17,194.35484,1.3527416e-10
17,17,195.16129,4.085175e-11
17,17,195.96774,1.155699e-10
17,17,196.77419,2.608858e-11
17,17,197.58065,6.0551672e-11
17,17,198.3871,1.0008803e-10
17,17,199.19355,6.6777661e-11
18,18,0,8.1485217e-13
18,18,0.80645161,7.6586014e-13
18,18,1.6129032,4.1850122e-13
18,18,2.4193548,4.0359525e-13
18,18,3.2258065,3.3389732e-13
18,18,4.0322581,2.3681006e-12
18,18,4.8387097,3.6516301e-12
18,18,5.6451613,6.8659052e-12
18,18,6.4516129,9.3355757e-12
18,18,7.2580645,9.128067e-11
18,18,8.0645161,5.6747052e-10
18,18,8.8709677,6.0600076e-10
18,18,9.6774194,4.8784152e-10
18,18,10.483871,6.4153371e-10
18,18,11.290323,4.4173313e-10
18,18,12.096774,1.4983795e-09
18,18,12.903226,6.0259014e-10
18,18,13.709677,1.9522466e-10
18,18,14.516129,1.6943934e-10
18,18,15.322581,2.1190823e-10
18,18,16.129032,3.5293137e-10
18,18,16.935484,2.2515466e-10
18,18,17.741935,1.1839197e-10
18,18,18.548387,2.5494108e-10
18,18,19.354839,7.8816398e-10
18,18,20.16129,8.2011459e-10
18,18,20.967742,3.2960567e-11
18,18,21.774194,5.9762196e-11
18,18,22.580645,1.8745613e-10
18,18,23.387097,1.9117846e-10
18,18,24.193548,4.2934257e-10
18,18,25,5.0358162e-10
18,18,25.806452,4.199639e-10
18,18,26.612903,2.8817738e-10
18,18,27.419355,1.9977193e-09
18,18,28.225806,7.6040707e-09
18,18,29.032258,4.5023e-09
18,18,29.83871,7.9704962e-10
18,18,30.645161,3.3307675e-10
18,18,31.451613,1.7280322e-10
18,18,32.258065,1.9514685e-09
18,18,33.064516,3.9210738e-09
18,18,33.870968,1.3338507e-09
18,18,34.677419,9.7237139e-10
18,18,35.483871,5.2636079e-10
18,18,36.290323,1.306416e-10
18,18,37.096774,3.3567638e-10
18,18,37.903226,3.4880628e-10
18,18,38.709677,1.4123383e-09
18,18,39.516129,1.1537964e-09
18,18,40.322581,3.8005175e-10
18,18,41.129032,1.0161691e-09
18,18,41.935484,1.6426231e-09
18,18,42.741935,1.5916772e-09
18,18,43.548387,2.5769949e-09
18,18,44.354839,8.8180567e-10
18,18,45.16129,2.3683906e-10
18,18,45.967742,6.371261e-10
18,18,46.774194,1.2493559e-09
18,18,47.580645,5.7755736e-10
18,18,48.387097,1.6956882e-10
18,18,49.193548,1.2105852e-10
18,18,50,1.6085811e-10
18,18,50.806452,4.9973091e-10
18,18,51.612903,6.8842792e-10
18,18,52.419355,3.8120417e-10
18,18,53.225806,4.2223565e-10
18,18,54.032258,3.2564068e-10
18,18,54.83871,5.3113514e-10
18,18,55.645161,2.8997807e-10
18,18,56.451613,6.056862e-10
18,18,57.258065,6.87636e-10
18,18,58.064516,6.9582634e-09
18,18,58.870968,3.523476e-08
18,18,59.677419,2.1865544e-08
18,18,60.483871,3.6874138e-09
18,18,61.290323,4.0692006e-10
18,18,62.096774,3.0803449e-10
18,18,62.903226,4.4057246e-10
18,18,63.709677,6.9822233e-11
18,18,64.516129,1.8359871e-11
18,18,65.322581,7.829049e-11
18,18,66.129032,1.6984916e-10
18,18,66.935484,1.4253592e-10
18,18,67.741935,1.5100161e-11
18,18,68.548387,7.1201866e-11
18,18,69.354839,9.5360694e-11
18,18,70.16129,3.9382723e-11
18,18,70.967742,1.0246851e-11
18,18,71.774194,1.3631482e-10
18,18,72.580645,6.9817039e-11
18,18,73.387097,1.143116e-10
18,18,74.193548,3.4013571e-10
18,18,75,1.6299747e-10
18,18,75.806452,2.2322048e-11
18,18,76.612903,1.5603374e-10
18,18,77.419355,4.5406843e-10
18,18,78.225806,3.3246467e-10
18,18,79.032258,1.312697e-10
18,18,79.83871,6.4048779e-11
18,18,80.645161,1.5648658e-10
18,18,81.451613,2.042144e-10
18,18,82.258065,1.2075788e-10
18,18,83.064516,8.5613545e-11
18,18,83.870968,6.6355715e-11
18,18,84.677419,1.377723e-10
18,18,85.483871,1.4773668e-10
18,18,86.290323,7.0456078e-11
18,18,87.096774,5.9879249e-11
18,18,87.903226,4.5293017e-11
18,18,88.709677,1.3661331e-10
18,18,89.516129,1.2038355e-10
18,18,90.322581,6.0137108e-11
18,18,91.129032,1.0957694e-10
18,18,91.935484,2.8371641e-10
18,18,92.741935,1.3554374e-10
18,18,93.548387,6.4143845e-11
18,18,94.354839,1.6895051e-10
18,18,95.16129,5.6553521e-11
18,18,95.967742,1.5424564e-10
18,18,96.774194,3.6196835e-10
18,18,97.580645,6.803511e-11
18,18,98.387097,9.3160402e-11
18,18,99.193548,3.7576732e-11
18,18,100,6.7435767e-11
18,18,100.80645,2.5530858e-10
18,18,101.6129,1.3524663e-11
18,18,102.41935,6.3369757e-11
18,18,103.22581,2.0697504e-11
18,18,104.03226,5.7165288e-11
18,18,104.83871,9.8071152e-11
18,18,105.64516,1.4545433e-11
18,18,106.45161,1.0740229e-10
18,18,107.25806,2.7842131e-10
18,18,108.06452,1.1177119e-10
18,18,108.87097,5.4070448e-11
18,18,109.67742,1.0861887e-10
18,18,110.48387,9.537389e-11
18,18,111.29032,6.1067132e-11
18,18,112.09677,7.2444548e-11
18,18,112.90323,5.5159899e-11
18,18,113.70968,6.2513112e-11
18,18,114.51613,5.0835502e-11
18,18,115.32258,9.1809204e-11
18,18,116.12903,1.0567434e-10
18,18,116.93548,3.5379755e-11
18,18,117.74194,2.4085636e-10
18,18,118.54839,4.1630251e-10
18,18,119.35484,1.8272566e-09
18,18,120.16129,5.5700957e-09
18,18,120.96774,6.8502814e-10
18,18,121.77419,9.0267407e-11
18,18,122.58065,5.8491119e-11
18,18,123.3871,6.6840126e-11
18,18,124.19355,7.4063785e-11
18,18,125,7.311934e-11
18,18,125.80645,1.347133e-10
18,18,126.6129,7.1288875e-11
18,18,127.41935,8.9091659e-11
18,18,128.22581,2.6465779e-10
18,18,129.03226,6.0357513e-11
18,18,129.83871,8.4727447e-11
18,18,130.64516,1.4442712e-10
18,18,131.45161,2.1710497e-11
18,18,132.25806,8.9566643e-11
18,18,133.06452,2.8242965e-10
18,18,133.87097,1.1051222e-10
18,18,134.67742,1.7731061e-11
18,18,135.48387,1.4155725e-11
18,18,136.29032,5.2813779e-11
18,18,137.09677,2.2869204e-11
18,18,137.90323,7.4056883e-12
18,18,138.70968,6.5319777e-12
18,18,139.51613,4.3292314e-11
18,18,140.32258,4.1253765e-11
18,18,141.12903,8.1085403e-12
18,18,141.93548,4.6087243e-11
18,18,142.74194,6.6067308e-11
18,18,143.54839,2.6341787e-11
18,18,144.35484,2.0030801e-11
18,18,145.16129,4.8007084e-11
18,18,145.96774,1.2588571e-11
18,18,146.77419,6.2877759e-11
18,18,147.58065,7.7919072e-11
18,18,148.3871,1.2746381e-10
18,18,149.19355,9.9501523e-11
18,18,150,7.2228509e-11
18,18,150.80645,2.8194919e-10
18,18,151.6129,1.5773776e-10
18,18,152.41935,6.234625e-11
18,18,153.22581,1.8321483e-10
18,18,154.03226,3.5469435e-10
18,18,154.83871,4.5728157e-10
18,18,155.64516,9.0713557e-10
18,18,156.45161,2.5221107e-09
18,18,157.25806,2.2900079e-09
18,18,158.06452,1.9152388e-09
18,18,158.87097,1.5118368e-10
18,18,159.67742,1.0462447e-10
18,18,160.48387,6.8913582e-11
18,18,161.29032,4.7386644e-11
18,18,162.09677,8.3475883e-11
18,18,162.90323,1.0733313e-10
18,18,163.70968,4.5196942e-11
18,18,164.51613,3.7173784e-11
18,18,165.32258,3.7897322e-11
18,18,166.12903,5.569725e-11
18,18,166.93548,1.7876666e-11
18,18,167.74194,5.316743e-11
18,18,168.54839,6.0689237e-11
18,18,169.35484,1.2891945e-11
18,18,170.16129,6.4876249e-11
18,18,170.96774,6.3582958e-11
18,18,171.77419,8.9888878e-11
18,18,172.58065,6.8192278e-11
18,18,173.3871,2.4125488e-11
18,18,174.19355,1.9254988e-11
18,18,175,4.4425813e-11
18,18,175.80645,1.0569107e-12
18,18,176.6129,3.2981145e-11
18,18,177.41935,3.4512568e-11
18,18,178.22581,5.319451e-11
18,18,179.03226,2.6260158e-11
18,18,179.83871,1.4981001e-11
18,18,180.64516,8.706759e-12
18,18,181.45161,4.6915959e-12
18,18,182.25806,3.5049144e-12
18,18,183.06452,4.6622414e-12
18,18,183.87097,2.9542355e-11
18,18,184.67742,1.9705551e-11
18,18,185.48387,3.5418355e-12
18,18,186.29032,1.2028265e-11
18,18,187.09677,3.4848662e-12
18,18,187.90323,2.4047089e-11
18,18,188.70968,4.0853688e-11
18,18,189.51613,4.9939151e-11
18,18,190.32258,2.5505837e-11
18,18,191.12903,7.8176148e-12
18,18,191.93548,1.1388996e-10
18,18,192.74194,1.2153271e-10
18,18,193.54839,1.4282865e-11
18,18,194.35484,5.0521084e-11
18,18,195.16129,8.3656921e-11
18,18,195.96774,4.7224111e-11
18,18,196.77419,1.2483609e-10
18,18,197.58065,4.0769006e-11
18,18,198.3871,1.1947607e-10
18,18,199.19355,7.1534434e-11
19,19,0,4.0249203e-13
19,19,0.80645161,5.0896981e-13
19,19,1.6129032,6.0227011e-13
19,19,2.4193548,1.1046898e-12
19,19,3.2258065,8.6056603e-13
19,19,4.0322581,1.8862869e-12
19,19,4.8387097,3.3342684e-12
19,19,5.6451613,1.6497263e-11
19,19,6.4516129,1.2197911e-11
19,19,7.2580645,5.1597192e-11
19,19,8.0645161,2.291945e-10
19,19,8.8709677,3.7818107e-10
19,19,9.6774194,1.6155713e-09
19,19,10.483871,1.9735999e-09
19,19,11.290323,3.3131462e-10
19,19,12.096774,1.12415e-09
19,19,12.903226,6.2285627e-10
19,19,13.709677,8.519088e-10
19,19,14.516129,1.1287586e-09
19,19,15.322581,1.6352407e-10
19,19,16.129032,2.5585305e-10
19,19,16.935484,5.3704951e-11
19,19,17.741935,1.9595042e-10
19,19,18.548387,1.8193685e-10
19,19,19.354839,2.4228441e-10
19,19,20.16129,2.490564e-10
19,19,20.967742,9.3795526e-11
19,19,21.774194,1.2015313e-10
19,19,22.580645,2.2789025e-10
19,19,23.387097,8.3344151e-11
19,19,24.193548,1.4052931e-10
19,19,25,2.2273157e-10
19,19,25.806452,3.5025174e-10
19,19,26.612903,2.1083993e-10
19,19,27.419355,4.7558016e-10
19,19,28.225806,3.4863199e-09
19,19,29.032258,3.1828294e-09
19,19,29.83871,1.8949867e-09
19,19,30.645161,1.4866481e-09
19,19,31.451613,1.0092441e-09
19,19,32.258065,2.9359936e-09
19,19,33.064516,1.0145438e-09
19,19,33.870968,2.2535174e-09
19,19,34.677419,2.1541907e-09
19,19,35.483871,7.0123643e-10
19,19,36.290323,9.6322883e-10
19,19,37.096774,5.8305571e-10
19,19,37.903226,9.0800723e-10
19,19,38.709677,5.8727765e-10
19,19,39.516129,1.2759362e-10
19,19,40.322581,1.4736525e-10
19,19,41.129032,1.3067493e-10
19,19,41.935484,1.0116658e-10
19,19,42.741935,1.077738e-10
19,19,43.548387,5.8273442e-11
19,19,44.354839,1.1026251e-10
19,19,45.16129,9.8082273e-11
19,19,45.967742,2.467031e-11
19,19,46.774194,6.4262766e-11
19,19,47.580645,2.8396363e-10
19,19,48.387097,2.3170263e-10
19,19,49.193548,1.1732308e-10
19,19,50,1.9642409e-11
19,19,50.806452,6.3677634e-11
19,19,51.612903,1.6445552e-10
19,19,52.419355,1.1163155e-10
19,19,53.225806,6.133738e-11
19,19,54.032258,5.5293856e-11
19,19,54.83871,9.8581956e-11
19,19,55.645161,7.6813325e-11
19,19,56.451613,1.5159632e-10
19,19,57.258065,4.3921198e-10
19,19,58.064516,6.8329785e-09
19,19,58.870968,5.6156339e-08
19,19,59.677419,2.4933308e-08
19,19,60.483871,8.5233443e-10
19,19,61.290323,6.4548126e-11
19,19,62.096774,4.8270692e-11
19,19,62.903226,5.3361521e-11
19,19,63.709677,1.4144949e-10
19,19,64.516129,5.7192789e-11
19,19,65.322581,1.0049079e-10
19,19,66.129032,3.3729591e-11
19,19,66.935484,3.9209993e-11
19,19,67.741935,1.467571e-10
19,19,68.548387,3.5372564e-10
19,19,69.354839,1.5455929e-10
19,19,70.16129,1.4206662e-10
19,19,70.967742,7.3664802e-11
19,19,71.774194,2.9995844e-11
19,19,72.580645,1.0136353e-11
19,19,73.387097,1.3335166e-11
19,19,74.193548,1.3131993e-11
19,19,75,8.3415574e-11
19,19,75.806452,9.8178286e-11
19,19,76.612903,1.0751203e-10
19,19,77.419355,1.7366291e-11
19,19,78.225806,1.5138221e-10
19,19,79.032258,1.6355494e-10
19,19,79.83871,6.6454146e-11
19,19,80.645161,7.8123757e-11
19,19,81.451613,4.0676611e-11
19,19,82.258065,2.212897e-11
19,19,83.064516,3.5920747e-11
19,19,83.870968,1.2086863e-11
19,19,84.677419,4.1413348e-11
19,19,85.483871,2.553637e-11
19,19,86.290323,3.6540637e-11
19,19,87.096774,7.092953e-11
19,19,87.903226,5.9120961e-11
19,19,88.709677,1.2469514e-10
19,19,89.516129,1.2545147e-10
19,19,90.322581,6.6570918e-11
19,19,91.129032,1.1240599e-10
19,19,91.935484,2.5298337e-10
19,19,92.741935,2.4413246e-10
19,19,93.548387,2.2208278e-10
19,19,94.354839,1.1916037e-10
19,19,95.16129,1.0036068e-10
19,19,95.967742,1.1476199e-10
19,19,96.774194,3.9928563e-11
19,19,97.580645,1.7520716e-11
19,19,98.387097,1.1203951e-11
19,19,99.193548,4.0651868e-11
19,19,100,4.0112648e-11
19,19,100.80645,1.3180759e-10
19,19,101.6129,2.0751829e-10
19,19,102.41935,1.6740066e-10
19,19,103.22581,2.5436639e-10
19,19,104.03226,1.8370827e-10
19,19,104.83871,9.0651446e-11
19,19,105.64516,8.7131157e-11
19,19,106.45161,7.3093039e-11
19,19,107.25806,1.2764794e-10
19,19,108.06452,8.2287219e-11
19,19,108.87097,5.7418549e-11
19,19,109.67742,1.1984414e-10
19,19,110.48387,1.0182165e-10
19,19,111.29032,4.8900924e-11
19,19,112.09677,1.6376757e-11
19,19,112.90323,3.1194988e-11
19,19,113.70968,5.3880138e-11
19,19,114.51613,5.0017073e-11
19,19,115.32258,3.3385765e-11
19,19,116.12903,4.1008973e-11
19,19,116.93548,2.2696308e-11
19,19,117.74194,8.5100416e-11
19,19,118.54839,2.188614e-10
19,19,119.35484,2.696829e-10
19,19,120.16129,1.4910814e-09
19,19,120.96774,6.2012737e-10
19,19,121.77419,1.336324e-10
19,19,122.58065,8.3923737e-11
19,19,123.3871,8.9456255e-11
19,19,124.19355,9.5688095e-11
19,19,125,1.1738008e-10
19,19,125.80645,7.2960483e-11
19,19,126.6129,4.2403007e-11
19,19,127.41935,6.0605152e-11
19,19,128.22581,1.6799469e-11
19,19,129.03226,1.2478082e-11
19,19,129.83871,1.9707022e-11
19,19,130.64516,4.1680453e-11
19,19,131.45161,1.5552079e-10
19,19,132.25806,2.1886888e-09
19,19,133.06452,3.8379024e-09
19,19,133.87097,5.6968108e-10
19,19,134.67742,5.9583855e-11
19,19,135.48387,3.4780124e-11
19,19,136.29032,1.943441e-11
19,19,137.09677,3.1738421e-12
19,19,137.90323,2.1780289e-11
19,19,138.70968,4.654698e-11
19,19,139.51613,3.2410695e-11
19,19,140.32258,1.3943219e-11
19,19,141.12903,1.6686261e-11
19,19,141.93548,1.2281433e-10
19,19,142.74194,1.3863202e-10
19,19,143.54839,8.2373765e-11
19,19,144.35484,1.5381406e-10
19,19,145.16129,1.2629322e-10
19,19,145.96774,3.6323168e-11
19,19,146.77419,1.1346888e-11
19,19,147.58065,8.5284649e-12
19,19,148.3871,2.0020661e-11
19,19,149.19355,4.2508701e-11
19,19,150,1.8809303e-11
19,19,150.80645,1.3232351e-11
19,19,151.6129,2.7912238e-11
19,19,152.41935,3.2148587e-11
19,19,153.22581,8.943734e-11
19,19,154.03226,1.3056773e-10
19,19,154.83871,3.8008349e-11
19,19,155.64516,5.7585258e-11
19,19,156.45161,1.2995595e-10
19,19,157.25806,2.999245e-10
19,19,158.06452,1.2983343e-10
19,19,158.87097,5.9475824e-11
19,19,159.67742,2.5621336e-10
19,19,160.48387,1.4473385e-10
19,19,161.29032,4.5079065e-11
19,19,162.09677,6.6555472e-11
19,19,162.90323,1.4745419e-10
19,19,163.70968,8.0624292e-11
19,19,164.51613,1.8141906e-10
19,19,165.32258,4.0627242e-10
19,19,166.12903,1.4202471e-10
19,19,166.93548,2.8365907e-10
19,19,167.74194,2.7296305e-10
19,19,168.54839,1.7701483e-10
19,19,169.35484,2.7270581e-10
19,19,170.16129,1.2922136e-10
19,19,170.96774,2.2410927e-10
19,19,171.77419,2.2384837e-10
19,19,172.58065,3.5196173e-10
19,19,173.3871,3.4652285e-10
19,19,174.19355,2.0593841e-10
19,19,175,5.9012015e-10
19,19,175.80645,2.4716862e-10
19,19,176.6129,9.6177606e-10
19,19,177.41935,1.0973286e-09
19,19,178.22581,2.9812991e-10
19,19,179.03226,8.1204798e-10
19,19,179.83871,4.4225028e-10
19,19,180.64516,2.9253145e-10
19,19,181.45161,3.947524e-10
19,19,182.25806,1.9163479e-10
19,19,183.06452,2.299493e-10
19,19,183.87097,3.7773404e-10
19,19,184.67742,3.8511153e-10
19,19,185.48387,2.072662e-10
19,19,186.29032,3.447929e-10
19,19,187.09677,5.3960568e-10
19,19,187.90323,6.2005175e-10
19,19,188.70968,7.8187659e-10
19,19,189.51613,1.1864495e-09
19,19,190.32258,1.2622719e-09
19,19,191.12903,7.0525189e-10
19,19,191.93548,3.6794015e-10
19,19,192.74194,5.0981248e-10
19,19,193.54839,7.8200972e-10
19,19,194.35484,8.0107584e-10
19,19,195.16129,6.62049e-10
19,19,195.96774,4.3176573e-10
19,19,196.77419,4.5971629e-10
19,19,197.58065,3.7483554e-10
19,19,198.3871,3.0726006e-10
19,19,199.19355,4.8281387e-10
20,20,0,3.6734374e-13
20,20,0.80645161,2.0573503e-13
20,20,1.6129032,4.907732e-13
20,20,2.4193548,1.1311792e-12
20,20,3.2258065,9.0621054e-14
20,20,4.0322581,3.8732614e-12
20,20,4.8387097,2.5304091e-12
20,20,5.6451613,4.4234676e-12
20,20,6.4516129,4.5473215e-12
20,20,7.2580645,1.1580197e-11
20,20,8.0645161,6.6572708e-11
20,20,8.8709677,2.0954111e-10
20,20,9.6774194,2.9584104e-10
20,20,10.483871,1.0095351e-10
20,20,11.290323,4.5601254e-10
20,20,12.096774,1.2651197e-09
20,20,12.903226,3.423602e-10
20,20,13.709677,2.1558037e-10
20,20,14.516129,2.4175169e-10
20,20,15.322581,1.9518808e-10
20,20,16.129032,5.7602805e-10
20,20,16.935484,4.5658533e-10
20,20,17.741935,1.2534281e-10
20,20,18.548387,1.2086885e-11
20,20,19.354839,1.9340767e-10
20,20,20.16129,1.4863256e-10
20,20,20.967742,3.9487059e-11
20,20,21.774194,3.9949484e-11
20,20,22.580645,5.9919539e-11
20,20,23.387097,2.0597939e-10
20,20,24.193548,2.0519135e-10
20,20,25,7.0839145e-11
20,20,25.806452,7.8695103e-11
20,20,26.612903,3.1257098e-10
20,20,27.419355,1.6647136e-09
20,20,28.225806,5.2047937e-09
20,20,29.032258,2.5466146e-09
20,20,29.83871,1.1493723e-10
20,20,30.645161,1.3698454e-11
20,20,31.451613,3.7679731e-11
20,20,32.258065,4.8891376e-11
20,20,33.064516,4.8916417e-11
20,20,33.870968,1.7584603e-10
20,20,34.677419,3.1493297e-10
20,20,35.483871,4.5810249e-10
20,20,36.290323,3.8928022e-10
20,20,37.096774,5.7512614e-11
20,20,37.903226,2.0577168e-11
20,20,38.709677,1.1471901e-11
20,20,39.516129,4.9693805e-11
20,20,40.322581,1.9713861e-10
20,20,41.129032,1.6174867e-10
20,20,41.935484,5.6250384e-10
20,20,42.741935,4.4095483e-10
20,20,43.548387,3.1747202e-10
20,20,44.354839,2.1869575e-10
20,20,45.16129,3.9774236e-11
20,20,45.967742,6.1838301e-11
20,20,46.774194,1.2161494e-10
20,20,47.580645,1.7313232e-10
20,20,48.387097,2.3911317e-10
20,20,49.193548,1.2547275e-10
20,20,50,7.4003345e-11
20,20,50.806452,1.399055e-10
20,20,51.612903,1.8490927e-10
20,20,52.419355,1.9783621e-10
20,20,53.225806,1.5476436e-10
20,20,54.032258,2.0017233e-10
20,20,54.83871,1.6978523e-10
20,20,55.645161,1.11356e-10
20,20,56.451613,1.4308212e-09
20,20,57.258065,2.4087066e-09
20,20,58.064516,1.9456548e-08
20,20,58.870968,9.6663193e-08
20,20,59.677419,2.8635444e-08
20,20,60.483871,9.1897236e-11
20,20,61.290323,4.4584941e-11
20,20,62.096774,4.8328286e-12
20,20,62.903226,1.686723e-11
20,20,63.709677,1.2633437e-11
20,20,64.516129,1.1100582e-11
20,20,65.322581,6.2903028e-12
20,20,66.129032,3.6135754e-11
20,20,66.935484,4.0694258e-11
20,20,67.741935,1.6566927e-11
20,20,68.548387,2.0191144e-11
20,20,69.354839,1.1876426e-11
20,20,70.16129,2.2722841e-11
20,20,70.967742,5.9981909e-11
20,20,71.774194,7.5268311e-11
20,20,72.580645,5.0050464e-11
20,20,73.387097,6.4654384e-12
20,20,74.193548,6.3295102e-11
20,20,75,7.2713688e-11
20,20,75.806452,2.9336686e-11
20,20,76.612903,7.2077625e-13
20,20,77.419355,2.2844002e-11
20,20,78.225806,1.1733244e-11
20,20,79.032258,9.2036423e-12
20,20,79.83871,1.3005038e-11
20,20,80.645161,2.6549494e-11
20,20,81.451613,4.4594691e-11
20,20,82.258065,7.4429235e-12
20,20,83.064516,4.8339683e-12
20,20,83.870968,1.9944532e-11
20,20,84.677419,2.8023474e-11
20,20,85.483871,1.7798529e-11
20,20,86.290323,1.3088735e-11
20,20,87.096774,5.1557535e-12
20,20,87.903226,1.3716143e-11
20,20,88.709677,8.5320983e-11
20,20,89.516129,7.252196e-11
20,20,90.322581,1.6717105e-11
20,20,91.129032,2.9087219e-11
20,20,91.935484,5.5722882e-11
20,20,92.741935,1.9917518e-10
20,20,93.548387,4.7230222e-11
20,20,94.354839,3.0173188e-11
20,20,95.16129,8.4429444e-12
20,20,95.967742,8.0740382e-11
20,20,96.774194,1.2187262e-10
20,20,97.580645,4.3374813e-11
20,20,98.387097,1.4327205e-11
20,20,99.193548,2.5513473e-11
20,20,100,1.9897622e-11
20,20,100.80645,1.4498621e-11
20,20,101.6129,1.0704696e-10
20,20,102.41935,9.3139014e-11
20,20,103.22581,3.3011356e-11
20,20,104.03226,4.2407223e-11
20,20,104.83871,8.7145004e-11
20,20,105.64516,8.7221933e-11
20,20,106.45161,3.3966747e-11
20,20,107.25806,2.7979491e-11
20,20,108.06452,8.8070037e-11
20,20,108.87097,4.8340098e-11
20,20,109.67742,2.3674298e-11
20,20,110.48387,3.1139432e-11
20,20,111.29032,4.8259242e-11
20,20,112.09677,3.5641934e-11
20,20,112.90323,2.7803896e-11
20,20,113.70968,5.2623079e-11
20,20,114.51613,1.6291486e-11
20,20,115.32258,2.5754655e-12
20,20,116.12903,6.1519238e-12
20,20,116.93548,2.9127181e-12
20,20,117.74194,1.3554377e-11
20,20,118.54839,2.7781629e-11
20,20,119.35484,1.9615281e-09
20,20,120.16129,4.603909e-09
20,20,120.96774,5.0242251e-10
20,20,121.77419,2.8750374e-11
20,20,122.58065,1.2636402e-11
20,20,123.3871,4.7232785e-12
20,20,124.19355,4.2265917e-12
20,20,125,1.6172192e-11
20,20,125.80645,4.874061e-12
20,20,126.6129,9.3278272e-12
20,20,127.41935,1.4731876e-11
20,20,128.22581,1.8019521e-11
20,20,129.03226,8.7821795e-12
20,20,129.83871,4.269872e-12
20,20,130.64516,1.2854406e-12
20,20,131.45161,1.9925447e-12
20,20,132.25806,3.76346e-12
20,20,133.06452,6.9421369e-12
20,20,133.87097,6.4361677e-12
20,20,134.67742,6.710856e-12
20,20,135.48387,5.4864265e-12
20,20,136.29032,1.312727e-11
20,20,137.09677,1.8672476e-11
20,20,137.90323,7.0030438e-12
20,20,138.70968,2.0173904e-11
20,20,139.51613,2.9642477e-11
20,20,140.32258,1.9315771e-11
20,20,141.12903,9.6793967e-12
20,20,141.93548,9.732838e-12
20,20,142.74194,2.022768e-11
20,20,143.54839,1.7235552e-11
20,20,144.35484,2.6773506e-11
20,20,145.16129,3.2962104e-11
20,20,145.96774,2.2331628e-11
20,20,146.77419,3.3539333e-12
20,20,147.58065,1.8053854e-11
20,20,148.3871,1.789017e-11
20,20,149.19355,8.8500601e-12
20,20,150,2.2784077e-11
20,20,150.80645,9.4557476e-11
20,20,151.6129,6.6663432e-11
20,20,152.41935,1.7352753e-11
20,20,153.22581,3.629917e-11
20,20,154.03226,3.7736436e-11
20,20,154.83871,1.90598e-11
20,20,155.64516,1.4862003e-11
20,20,156.45161,2.3166217e-12
20,20,157.25806,1.4255456e-11
20,20,158.06452,1.2743204e-11
20,20,158.87097,1.5112337e-11
20,20,159.67742,4.0336003e-11
20,20,160.48387,9.8226768e-12
20,20,161.29032,1.7709764e-12
20,20,162.09677,4.0034573e-12
20,20,162.90323,1.303651e-12
20,20,163.70968,2.1650302e-11
20,20,164.51613,2.2811461e-11
20,20,165.32258,9.7713561e-12
20,20,166.12903,2.0047789e-11
20,20,166.93548,3.52229e-12
20,20,167.74194,2.7764209e-12
20,20,168.54839,5.6739085e-12
20,20,169.35484,1.098286e-11
20,20,170.16129,1.9416489e-11
20,20,170.96774,1.0259249e-11
20,20,171.77419,5.9464516e-12
20,20,172.58065,1.2838109e-11
20,20,173.3871,5.7987648e-12
20,20,174.19355,1.9637188e-11
20,20,175,7.369403e-11
20,20,175.80645,2.3318559e-11
20,20,176.6129,4.2533928e-11
20,20,177.41935,1.0680309e-11
20,20,178.22581,2.9682573e-11
20,20,179.03226,5.0675341e-11
20,20,179.83871,1.3236348e-10
20,20,180.64516,4.3383358e-11
20,20,181.45161,3.1813607e-12
20,20,182.25806,1.2567877e-11
20,20,183.06452,1.8093837e-11
20,20,183.87097,3.1055489e-11
20,20,184.67742,3.2103987e-11
20,20,185.48387,1.4092259e-11
20,20,186.29032,5.6380082e-12
20,20,187.09677,6.5302202e-12
20,20,187.90323,1.5531614e-11
20,20,188.70968,3.8362497e-11
20,20,189.51613,2.3137008e-11
20,20,190.32258,2.7868888e-11
20,20,191.12903,3.3178076e-11
20,20,191.93548,8.3149133e-12
20,20,192.74194,2.6183543e-12
20,20,193.54839,1.3110289e-11
20,20,194.35484,2.7344145e-11
20,20,195.16129,1.1157846e-11
20,20,195.96774,7.3539934e-12
20,20,196.77419,7.562313e-12
20,20,197.58065,5.6176369e-12
20,20,198.3871,4.0256889e-12
20,20,199.19355,2.0391103e-11
