[93mWARNING [0m:   DEPRECATED FEATURE: flwr.simulation.start_simulation() is deprecated.
	Instead, use the `flwr run` CLI command to start a local simulation in your Flower app, as shown for example below:

		$ flwr new  # Create a new Flower app from a template

		$ flwr run  # Run the Flower app in Simulation Mode

	Using `start_simulation()` is deprecated.

            This is a deprecated feature. It will be removed
            entirely in future versions of Flower.
        
[92mINFO [0m:      Starting Flower simulation, config: num_rounds=60, no round_timeout
2026-08-13 15:57:43,684	INFO worker.py:2012 -- Started a local Ray instance.
2026-08-13 15:57:43,727	INFO packaging.py:588 -- Creating a file package for local module '/home/coder/workspace/Federated-learning-floor-vibration-classification-and-regression-analysis/src/redo_by_sara'.
2026-08-13 15:57:43,766	INFO packaging.py:380 -- Pushing file package 'gcs://_ray_pkg_f3a19f01c1741ea1.zip' (0.97MiB) to Ray cluster...
2026-08-13 15:57:43,782	INFO packaging.py:393 -- Successfully pushed file package 'gcs://_ray_pkg_f3a19f01c1741ea1.zip'.
/home/coder/conda/envs/torch311/lib/python3.11/site-packages/ray/_private/worker.py:2051: FutureWarning: Tip: In future versions of Ray, Ray will no longer override accelerator visible devices env var if num_gpus=0 or num_gpus=None (default). To enable this behavior and turn off this error message, set RAY_ACCEL_ENV_VAR_OVERRIDE_ON_ZERO=0
  warnings.warn(
[92mINFO [0m:      Flower VCE: Ray initialized with resources: {'CPU': 24.0, 'node:172.17.0.3': 1.0, 'object_store_memory': 9718622208.0, 'memory': 22676785152.0, 'node:__internal_head__': 1.0}
[92mINFO [0m:      Optimize your simulation with Flower VCE: https://flower.ai/docs/framework/how-to-run-simulations.html
[92mINFO [0m:      Flower VCE: Resources for each Virtual Client: {'num_cpus': 4.0, 'num_gpus': 0.0}
[92mINFO [0m:      Flower VCE: Creating VirtualClientEngineActorPool with 6 actors
[92mINFO [0m:      [INIT]
[92mINFO [0m:      Using initial global parameters provided by strategy
[92mINFO [0m:      Starting evaluation of initial global parameters
Classification global train round 000/60: loss=2.103168, accuracy=0.0725
[92mINFO [0m:      initial parameters (loss, other metrics): 2.1031675699636363, {'global_train_accuracy': 0.07246376811594203, 'global_train_balanced_accuracy': 0.11109443777511004, 'global_train_macro_f1': 0.046672442877865955}
[92mINFO [0m:      
[92mINFO [0m:      [ROUND 1]
[92mINFO [0m:      configure_fit: strategy sampled 3 clients (out of 3)
[36m(pid=gcs_server)[0m [2026-08-13 15:58:06,632 E 165099 165099] (gcs_server) gcs_server.cc:302: Failed to establish connection to the event+metrics exporter agent. Events and metrics will not be exported. Exporter agent status: RpcError: Running out of retries to initialize the metrics agent. rpc_code: 14
[33m(raylet)[0m [2026-08-13 15:58:12,809 E 165281 165281] (raylet) main.cc:975: Failed to establish connection to the metrics exporter agent. Metrics will not be exported. Exporter agent status: RpcError: Running out of retries to initialize the metrics agent. rpc_code: 14
[2026-08-13 15:58:19,939 E 164886 165370] core_worker_process.cc:825: Failed to establish connection to the metrics exporter agent. Metrics will not be exported. Exporter agent status: RpcError: Running out of retries to initialize the metrics agent. rpc_code: 14
[92mINFO [0m:      aggregate_fit: received 3 results and 0 failures
[36m(ClientAppActor pid=167168)[0m [2026-08-13 15:58:26,646 E 167168 167674] core_worker_process.cc:825: Failed to establish connection to the metrics exporter agent. Metrics will not be exported. Exporter agent status: RpcError: Running out of retries to initialize the metrics agent. rpc_code: 14
Classification global train round 001/60: loss=1.950272, accuracy=0.2222
[92mINFO [0m:      fit progress: (1, 1.9502723228528305, {'global_train_accuracy': 0.2222222222222222, 'global_train_balanced_accuracy': 0.125, 'global_train_macro_f1': 0.04545454545454545}, 33.457130362745374)
[92mINFO [0m:      configure_evaluate: no clients selected, skipping evaluation
[92mINFO [0m:      
[92mINFO [0m:      [ROUND 2]
[92mINFO [0m:      configure_fit: strategy sampled 3 clients (out of 3)
[92mINFO [0m:      aggregate_fit: received 3 results and 0 failures
Classification global train round 002/60: loss=1.804392, accuracy=0.2287
[92mINFO [0m:      fit progress: (2, 1.8043915509409758, {'global_train_accuracy': 0.2286634460547504, 'global_train_balanced_accuracy': 0.12920168067226892, 'global_train_macro_f1': 0.058865030870700615}, 42.392520318739116)
[92mINFO [0m:      configure_evaluate: no clients selected, skipping evaluation
[92mINFO [0m:      
[92mINFO [0m:      [ROUND 3]
[92mINFO [0m:      configure_fit: strategy sampled 3 clients (out of 3)
[92mINFO [0m:      aggregate_fit: received 3 results and 0 failures
Classification global train round 003/60: loss=1.586028, accuracy=0.4469
[92mINFO [0m:      fit progress: (3, 1.5860278331907092, {'global_train_accuracy': 0.4468599033816425, 'global_train_balanced_accuracy': 0.28575602426401026, 'global_train_macro_f1': 0.21022457346215234}, 50.15080327400938)
[92mINFO [0m:      configure_evaluate: no clients selected, skipping evaluation
[92mINFO [0m:      
[92mINFO [0m:      [ROUND 4]
[92mINFO [0m:      configure_fit: strategy sampled 3 clients (out of 3)
[92mINFO [0m:      aggregate_fit: received 3 results and 0 failures
Classification global train round 004/60: loss=1.425035, accuracy=0.4678
[92mINFO [0m:      fit progress: (4, 1.4250350929496753, {'global_train_accuracy': 0.4677938808373591, 'global_train_balanced_accuracy': 0.30667399410095164, 'global_train_macro_f1': 0.22416850899820512}, 57.64562904275954)
[92mINFO [0m:      configure_evaluate: no clients selected, skipping evaluation
[92mINFO [0m:      
[92mINFO [0m:      [ROUND 5]
[92mINFO [0m:      configure_fit: strategy sampled 3 clients (out of 3)
[92mINFO [0m:      aggregate_fit: received 3 results and 0 failures
Classification global train round 005/60: loss=1.249586, accuracy=0.5121
[92mINFO [0m:      fit progress: (5, 1.249586317178324, {'global_train_accuracy': 0.5120772946859904, 'global_train_balanced_accuracy': 0.35542627950992056, 'global_train_macro_f1': 0.2701918422692646}, 66.41468021878973)
[92mINFO [0m:      configure_evaluate: no clients selected, skipping evaluation
[92mINFO [0m:      
[92mINFO [0m:      [ROUND 6]
[92mINFO [0m:      configure_fit: strategy sampled 3 clients (out of 3)
[92mINFO [0m:      aggregate_fit: received 3 results and 0 failures
Classification global train round 006/60: loss=1.099708, accuracy=0.5427
[92mINFO [0m:      fit progress: (6, 1.0997081780011335, {'global_train_accuracy': 0.5426731078904992, 'global_train_balanced_accuracy': 0.40651231785016095, 'global_train_macro_f1': 0.33581016990451595}, 75.16576566267759)
[92mINFO [0m:      configure_evaluate: no clients selected, skipping evaluation
[92mINFO [0m:      
[92mINFO [0m:      [ROUND 7]
[92mINFO [0m:      configure_fit: strategy sampled 3 clients (out of 3)
[92mINFO [0m:      aggregate_fit: received 3 results and 0 failures
Classification global train round 007/60: loss=0.934945, accuracy=0.7351
[92mINFO [0m:      fit progress: (7, 0.934945003805913, {'global_train_accuracy': 0.7351046698872786, 'global_train_balanced_accuracy': 0.6842843750465035, 'global_train_macro_f1': 0.6476367263095189}, 82.80272845365107)
[92mINFO [0m:      configure_evaluate: no clients selected, skipping evaluation
[92mINFO [0m:      
[92mINFO [0m:      [ROUND 8]
[92mINFO [0m:      configure_fit: strategy sampled 3 clients (out of 3)
[92mINFO [0m:      aggregate_fit: received 3 results and 0 failures
Classification global train round 008/60: loss=0.827736, accuracy=0.7754
[92mINFO [0m:      fit progress: (8, 0.8277360794048955, {'global_train_accuracy': 0.7753623188405797, 'global_train_balanced_accuracy': 0.7346899359684519, 'global_train_macro_f1': 0.7238316157865947}, 91.5736719747074)
[92mINFO [0m:      configure_evaluate: no clients selected, skipping evaluation
[92mINFO [0m:      
[92mINFO [0m:      [ROUND 9]
[92mINFO [0m:      configure_fit: strategy sampled 3 clients (out of 3)
[92mINFO [0m:      aggregate_fit: received 3 results and 0 failures
Classification global train round 009/60: loss=0.736047, accuracy=0.8519
[92mINFO [0m:      fit progress: (9, 0.7360474500871127, {'global_train_accuracy': 0.8518518518518519, 'global_train_balanced_accuracy': 0.8395652357988534, 'global_train_macro_f1': 0.8110248214462175}, 99.07112370664254)
[92mINFO [0m:      configure_evaluate: no clients selected, skipping evaluation
[92mINFO [0m:      
[92mINFO [0m:      [ROUND 10]
[92mINFO [0m:      configure_fit: strategy sampled 3 clients (out of 3)
[92mINFO [0m:      aggregate_fit: received 3 results and 0 failures
Classification global train round 010/60: loss=0.668032, accuracy=0.7528
[92mINFO [0m:      fit progress: (10, 0.6680318512586387, {'global_train_accuracy': 0.7528180354267311, 'global_train_balanced_accuracy': 0.7592006380366716, 'global_train_macro_f1': 0.6721291782486447}, 107.69717780593783)
[92mINFO [0m:      configure_evaluate: no clients selected, skipping evaluation
[92mINFO [0m:      
[92mINFO [0m:      [ROUND 11]
[92mINFO [0m:      configure_fit: strategy sampled 3 clients (out of 3)
[92mINFO [0m:      aggregate_fit: received 3 results and 0 failures
Classification global train round 011/60: loss=0.608269, accuracy=0.8446
[92mINFO [0m:      fit progress: (11, 0.6082693012056335, {'global_train_accuracy': 0.8446054750402576, 'global_train_balanced_accuracy': 0.8199374327545588, 'global_train_macro_f1': 0.7617826196084841}, 115.97077126894146)
[92mINFO [0m:      configure_evaluate: no clients selected, skipping evaluation
[92mINFO [0m:      
[92mINFO [0m:      [ROUND 12]
[92mINFO [0m:      configure_fit: strategy sampled 3 clients (out of 3)
[92mINFO [0m:      aggregate_fit: received 3 results and 0 failures
Classification global train round 012/60: loss=0.562437, accuracy=0.7874
[92mINFO [0m:      fit progress: (12, 0.5624365449527612, {'global_train_accuracy': 0.7874396135265701, 'global_train_balanced_accuracy': 0.7977516337660893, 'global_train_macro_f1': 0.7372592269003881}, 123.50669229775667)
[92mINFO [0m:      configure_evaluate: no clients selected, skipping evaluation
[92mINFO [0m:      
[92mINFO [0m:      [ROUND 13]
[92mINFO [0m:      configure_fit: strategy sampled 3 clients (out of 3)
[92mINFO [0m:      aggregate_fit: received 3 results and 0 failures
Classification global train round 013/60: loss=0.509878, accuracy=0.8784
[92mINFO [0m:      fit progress: (13, 0.5098779084409877, {'global_train_accuracy': 0.8784219001610306, 'global_train_balanced_accuracy': 0.8439069543380266, 'global_train_macro_f1': 0.7931710960791201}, 132.34441084600985)
[92mINFO [0m:      configure_evaluate: no clients selected, skipping evaluation
[92mINFO [0m:      
[92mINFO [0m:      [ROUND 14]
[92mINFO [0m:      configure_fit: strategy sampled 3 clients (out of 3)
[92mINFO [0m:      aggregate_fit: received 3 results and 0 failures
Classification global train round 014/60: loss=0.494274, accuracy=0.8478
[92mINFO [0m:      fit progress: (14, 0.4942742933589671, {'global_train_accuracy': 0.8478260869565217, 'global_train_balanced_accuracy': 0.8262751574414274, 'global_train_macro_f1': 0.7744369121328214}, 139.91337834391743)
[92mINFO [0m:      configure_evaluate: no clients selected, skipping evaluation
[92mINFO [0m:      
[92mINFO [0m:      [ROUND 15]
[92mINFO [0m:      configure_fit: strategy sampled 3 clients (out of 3)
[92mINFO [0m:      aggregate_fit: received 3 results and 0 failures
Classification global train round 015/60: loss=0.418532, accuracy=0.9420
[92mINFO [0m:      fit progress: (15, 0.41853195428848267, {'global_train_accuracy': 0.9420289855072463, 'global_train_balanced_accuracy': 0.9331489011167381, 'global_train_macro_f1': 0.924788419413402}, 147.5370394717902)
[92mINFO [0m:      configure_evaluate: no clients selected, skipping evaluation
[92mINFO [0m:      
[92mINFO [0m:      [ROUND 16]
[92mINFO [0m:      configure_fit: strategy sampled 3 clients (out of 3)
[92mINFO [0m:      aggregate_fit: received 3 results and 0 failures
Classification global train round 016/60: loss=0.373605, accuracy=0.9050
[92mINFO [0m:      fit progress: (16, 0.37360543895650794, {'global_train_accuracy': 0.9049919484702094, 'global_train_balanced_accuracy': 0.8600571644220603, 'global_train_macro_f1': 0.8182430492500337}, 156.41870122263208)
[92mINFO [0m:      configure_evaluate: no clients selected, skipping evaluation
[92mINFO [0m:      
[92mINFO [0m:      [ROUND 17]
[92mINFO [0m:      configure_fit: strategy sampled 3 clients (out of 3)
[92mINFO [0m:      aggregate_fit: received 3 results and 0 failures
Classification global train round 017/60: loss=0.332312, accuracy=0.9420
[92mINFO [0m:      fit progress: (17, 0.3323122518745981, {'global_train_accuracy': 0.9420289855072463, 'global_train_balanced_accuracy': 0.9251175635817241, 'global_train_macro_f1': 0.9161048214866241}, 163.93944873195142)
[92mINFO [0m:      configure_evaluate: no clients selected, skipping evaluation
[92mINFO [0m:      
[92mINFO [0m:      [ROUND 18]
[92mINFO [0m:      configure_fit: strategy sampled 3 clients (out of 3)
[92mINFO [0m:      aggregate_fit: received 3 results and 0 failures
Classification global train round 018/60: loss=0.299307, accuracy=0.9267
[92mINFO [0m:      fit progress: (18, 0.29930701213566385, {'global_train_accuracy': 0.926731078904992, 'global_train_balanced_accuracy': 0.8892642314231726, 'global_train_macro_f1': 0.8685886541919232}, 171.5959598850459)
[92mINFO [0m:      configure_evaluate: no clients selected, skipping evaluation
[92mINFO [0m:      
[92mINFO [0m:      [ROUND 19]
[92mINFO [0m:      configure_fit: strategy sampled 3 clients (out of 3)
[92mINFO [0m:      aggregate_fit: received 3 results and 0 failures
Classification global train round 019/60: loss=0.260179, accuracy=0.9388
[92mINFO [0m:      fit progress: (19, 0.2601785592602839, {'global_train_accuracy': 0.9388083735909822, 'global_train_balanced_accuracy': 0.9080107208446293, 'global_train_macro_f1': 0.8953137503225288}, 179.82523513399065)
[92mINFO [0m:      configure_evaluate: no clients selected, skipping evaluation
[92mINFO [0m:      
[92mINFO [0m:      [ROUND 20]
[92mINFO [0m:      configure_fit: strategy sampled 3 clients (out of 3)
[92mINFO [0m:      aggregate_fit: received 3 results and 0 failures
Classification global train round 020/60: loss=0.245425, accuracy=0.9291
[92mINFO [0m:      fit progress: (20, 0.24542479440209947, {'global_train_accuracy': 0.92914653784219, 'global_train_balanced_accuracy': 0.8897502916729606, 'global_train_macro_f1': 0.8707091753187359}, 188.62514983769506)
[92mINFO [0m:      configure_evaluate: no clients selected, skipping evaluation
[92mINFO [0m:      
[92mINFO [0m:      [ROUND 21]
[92mINFO [0m:      configure_fit: strategy sampled 3 clients (out of 3)
[92mINFO [0m:      aggregate_fit: received 3 results and 0 failures
Classification global train round 021/60: loss=0.220499, accuracy=0.9726
[92mINFO [0m:      fit progress: (21, 0.22049880248528939, {'global_train_accuracy': 0.9726247987117552, 'global_train_balanced_accuracy': 0.9629399210926852, 'global_train_macro_f1': 0.9637826729565974}, 196.43298588879406)
[92mINFO [0m:      configure_evaluate: no clients selected, skipping evaluation
[92mINFO [0m:      
[92mINFO [0m:      [ROUND 22]
[92mINFO [0m:      configure_fit: strategy sampled 3 clients (out of 3)
[92mINFO [0m:      aggregate_fit: received 3 results and 0 failures
Classification global train round 022/60: loss=0.187203, accuracy=0.9565
[92mINFO [0m:      fit progress: (22, 0.18720307819029366, {'global_train_accuracy': 0.9565217391304348, 'global_train_balanced_accuracy': 0.9332301836297433, 'global_train_macro_f1': 0.9295759324994161}, 205.13941697776318)
[92mINFO [0m:      configure_evaluate: no clients selected, skipping evaluation
[92mINFO [0m:      
[92mINFO [0m:      [ROUND 23]
[92mINFO [0m:      configure_fit: strategy sampled 3 clients (out of 3)
[92mINFO [0m:      aggregate_fit: received 3 results and 0 failures
Classification global train round 023/60: loss=0.169868, accuracy=0.9807
[92mINFO [0m:      fit progress: (23, 0.1698677642405897, {'global_train_accuracy': 0.9806763285024155, 'global_train_balanced_accuracy': 0.9727652923980212, 'global_train_macro_f1': 0.972403457645554}, 212.72959159780294)
[92mINFO [0m:      configure_evaluate: no clients selected, skipping evaluation
[92mINFO [0m:      
[92mINFO [0m:      [ROUND 24]
[92mINFO [0m:      configure_fit: strategy sampled 3 clients (out of 3)
[92mINFO [0m:      aggregate_fit: received 3 results and 0 failures
Classification global train round 024/60: loss=0.161250, accuracy=0.9444
[92mINFO [0m:      fit progress: (24, 0.16124975725696475, {'global_train_accuracy': 0.9444444444444444, 'global_train_balanced_accuracy': 0.9163484309286629, 'global_train_macro_f1': 0.90740043537528}, 220.4927815119736)
[92mINFO [0m:      configure_evaluate: no clients selected, skipping evaluation
[92mINFO [0m:      
[92mINFO [0m:      [ROUND 25]
[92mINFO [0m:      configure_fit: strategy sampled 3 clients (out of 3)
[92mINFO [0m:      aggregate_fit: received 3 results and 0 failures
Classification global train round 025/60: loss=0.139969, accuracy=0.9726
[92mINFO [0m:      fit progress: (25, 0.1399694868541906, {'global_train_accuracy': 0.9726247987117552, 'global_train_balanced_accuracy': 0.9579593700290737, 'global_train_macro_f1': 0.9579152358016438}, 229.0112480088137)
[92mINFO [0m:      configure_evaluate: no clients selected, skipping evaluation
[92mINFO [0m:      
[92mINFO [0m:      [ROUND 26]
[92mINFO [0m:      configure_fit: strategy sampled 3 clients (out of 3)
[92mINFO [0m:      aggregate_fit: received 3 results and 0 failures
Classification global train round 026/60: loss=0.120717, accuracy=0.9879
[92mINFO [0m:      fit progress: (26, 0.12071707878777706, {'global_train_accuracy': 0.9879227053140096, 'global_train_balanced_accuracy': 0.9826130783439204, 'global_train_macro_f1': 0.983054554224376}, 236.46203923178837)
[92mINFO [0m:      configure_evaluate: no clients selected, skipping evaluation
[92mINFO [0m:      
[92mINFO [0m:      [ROUND 27]
[92mINFO [0m:      configure_fit: strategy sampled 3 clients (out of 3)
[92mINFO [0m:      aggregate_fit: received 3 results and 0 failures
Classification global train round 027/60: loss=0.111240, accuracy=0.9791
[92mINFO [0m:      fit progress: (27, 0.11124028955944687, {'global_train_accuracy': 0.9790660225442834, 'global_train_balanced_accuracy': 0.9683135116857364, 'global_train_macro_f1': 0.9684375912662357}, 245.3195152520202)
[92mINFO [0m:      configure_evaluate: no clients selected, skipping evaluation
[92mINFO [0m:      
[92mINFO [0m:      [ROUND 28]
[92mINFO [0m:      configure_fit: strategy sampled 3 clients (out of 3)
[92mINFO [0m:      aggregate_fit: received 3 results and 0 failures
Classification global train round 028/60: loss=0.093635, accuracy=0.9903
[92mINFO [0m:      fit progress: (28, 0.09363505903229526, {'global_train_accuracy': 0.9903381642512077, 'global_train_balanced_accuracy': 0.9853703344148279, 'global_train_macro_f1': 0.9859543398685107}, 254.47404222097248)
[92mINFO [0m:      configure_evaluate: no clients selected, skipping evaluation
[92mINFO [0m:      
[92mINFO [0m:      [ROUND 29]
[92mINFO [0m:      configure_fit: strategy sampled 3 clients (out of 3)
[92mINFO [0m:      aggregate_fit: received 3 results and 0 failures
Classification global train round 029/60: loss=0.084945, accuracy=0.9911
[92mINFO [0m:      fit progress: (29, 0.08494499691757532, {'global_train_accuracy': 0.9911433172302737, 'global_train_balanced_accuracy': 0.9866458446189096, 'global_train_macro_f1': 0.9872128407136745}, 262.84177332464606)
[92mINFO [0m:      configure_evaluate: no clients selected, skipping evaluation
[92mINFO [0m:      
[92mINFO [0m:      [ROUND 30]
[92mINFO [0m:      configure_fit: strategy sampled 3 clients (out of 3)
[92mINFO [0m:      aggregate_fit: received 3 results and 0 failures
Classification global train round 030/60: loss=0.089819, accuracy=0.9887
[92mINFO [0m:      fit progress: (30, 0.08981925230353303, {'global_train_accuracy': 0.9887278582930756, 'global_train_balanced_accuracy': 0.9840168416788335, 'global_train_macro_f1': 0.9837793513181363}, 271.7067111018114)
[92mINFO [0m:      configure_evaluate: no clients selected, skipping evaluation
[92mINFO [0m:      
[92mINFO [0m:      [ROUND 31]
[92mINFO [0m:      configure_fit: strategy sampled 3 clients (out of 3)
[92mINFO [0m:      aggregate_fit: received 3 results and 0 failures
Classification global train round 031/60: loss=0.074798, accuracy=0.9919
[92mINFO [0m:      fit progress: (31, 0.07479774141114283, {'global_train_accuracy': 0.9919484702093397, 'global_train_balanced_accuracy': 0.9879213548229913, 'global_train_macro_f1': 0.9884696425482871}, 279.22649087104946)
[92mINFO [0m:      configure_evaluate: no clients selected, skipping evaluation
[92mINFO [0m:      
[92mINFO [0m:      [ROUND 32]
[92mINFO [0m:      configure_fit: strategy sampled 3 clients (out of 3)
[92mINFO [0m:      aggregate_fit: received 3 results and 0 failures
Classification global train round 032/60: loss=0.065137, accuracy=0.9911
[92mINFO [0m:      fit progress: (32, 0.06513689059146265, {'global_train_accuracy': 0.9911433172302737, 'global_train_balanced_accuracy': 0.9861981489843643, 'global_train_macro_f1': 0.986630580305501}, 288.0066143455915)
[92mINFO [0m:      configure_evaluate: no clients selected, skipping evaluation
[92mINFO [0m:      
[92mINFO [0m:      [ROUND 33]
[92mINFO [0m:      configure_fit: strategy sampled 3 clients (out of 3)
[92mINFO [0m:      aggregate_fit: received 3 results and 0 failures
Classification global train round 033/60: loss=0.065475, accuracy=0.9855
[92mINFO [0m:      fit progress: (33, 0.06547520919020577, {'global_train_accuracy': 0.9855072463768116, 'global_train_balanced_accuracy': 0.9777197576278218, 'global_train_macro_f1': 0.9779113773630215}, 295.6997376456857)
[92mINFO [0m:      configure_evaluate: no clients selected, skipping evaluation
[92mINFO [0m:      
[92mINFO [0m:      [ROUND 34]
[92mINFO [0m:      configure_fit: strategy sampled 3 clients (out of 3)
[92mINFO [0m:      aggregate_fit: received 3 results and 0 failures
Classification global train round 034/60: loss=0.061157, accuracy=0.9911
[92mINFO [0m:      fit progress: (34, 0.06115652058999416, {'global_train_accuracy': 0.9911433172302737, 'global_train_balanced_accuracy': 0.9862981890003708, 'global_train_macro_f1': 0.9866506484921824}, 304.4519340847619)
[92mINFO [0m:      configure_evaluate: no clients selected, skipping evaluation
[92mINFO [0m:      
[92mINFO [0m:      [ROUND 35]
[92mINFO [0m:      configure_fit: strategy sampled 3 clients (out of 3)
[92mINFO [0m:      aggregate_fit: received 3 results and 0 failures
Classification global train round 035/60: loss=0.050079, accuracy=0.9928
[92mINFO [0m:      fit progress: (35, 0.05007855083355485, {'global_train_accuracy': 0.9927536231884058, 'global_train_balanced_accuracy': 0.9887491693925277, 'global_train_macro_f1': 0.9891458829852774}, 313.3437818707898)
[92mINFO [0m:      configure_evaluate: no clients selected, skipping evaluation
[92mINFO [0m:      
[92mINFO [0m:      [ROUND 36]
[92mINFO [0m:      configure_fit: strategy sampled 3 clients (out of 3)
[92mINFO [0m:      aggregate_fit: received 3 results and 0 failures
Classification global train round 036/60: loss=0.044221, accuracy=0.9928
[92mINFO [0m:      fit progress: (36, 0.04422051875196673, {'global_train_accuracy': 0.9927536231884058, 'global_train_balanced_accuracy': 0.9886491293765213, 'global_train_macro_f1': 0.9891257785580574}, 322.1735403407365)
[92mINFO [0m:      configure_evaluate: no clients selected, skipping evaluation
[92mINFO [0m:      
[92mINFO [0m:      [ROUND 37]
[92mINFO [0m:      configure_fit: strategy sampled 3 clients (out of 3)
[92mINFO [0m:      aggregate_fit: received 3 results and 0 failures
Classification global train round 037/60: loss=0.044380, accuracy=0.9936
[92mINFO [0m:      fit progress: (37, 0.044379676288764644, {'global_train_accuracy': 0.9935587761674718, 'global_train_balanced_accuracy': 0.9900246795966092, 'global_train_macro_f1': 0.9904011767297297}, 329.8875853996724)
[92mINFO [0m:      configure_evaluate: no clients selected, skipping evaluation
[92mINFO [0m:      
[92mINFO [0m:      [ROUND 38]
[92mINFO [0m:      configure_fit: strategy sampled 3 clients (out of 3)
[92mINFO [0m:      aggregate_fit: received 3 results and 0 failures
Classification global train round 038/60: loss=0.042007, accuracy=0.9928
[92mINFO [0m:      fit progress: (38, 0.042006520569420475, {'global_train_accuracy': 0.9927536231884058, 'global_train_balanced_accuracy': 0.9885204081632653, 'global_train_macro_f1': 0.9887022670784062}, 337.6432993458584)
[92mINFO [0m:      configure_evaluate: no clients selected, skipping evaluation
[92mINFO [0m:      
[92mINFO [0m:      [ROUND 39]
[92mINFO [0m:      configure_fit: strategy sampled 3 clients (out of 3)
[92mINFO [0m:      aggregate_fit: received 3 results and 0 failures
Classification global train round 039/60: loss=0.041221, accuracy=0.9936
[92mINFO [0m:      fit progress: (39, 0.0412208863703501, {'global_train_accuracy': 0.9935587761674718, 'global_train_balanced_accuracy': 0.9900246795966092, 'global_train_macro_f1': 0.9904011767297297}, 345.2142245047726)
[92mINFO [0m:      configure_evaluate: no clients selected, skipping evaluation
[92mINFO [0m:      
[92mINFO [0m:      [ROUND 40]
[92mINFO [0m:      configure_fit: strategy sampled 3 clients (out of 3)
[92mINFO [0m:      aggregate_fit: received 3 results and 0 failures
Classification global train round 040/60: loss=0.036825, accuracy=0.9919
[92mINFO [0m:      fit progress: (40, 0.03682510611048529, {'global_train_accuracy': 0.9919484702093397, 'global_train_balanced_accuracy': 0.9876925935937289, 'global_train_macro_f1': 0.9880249301790421}, 353.7653616797179)
[92mINFO [0m:      configure_evaluate: no clients selected, skipping evaluation
[92mINFO [0m:      
[92mINFO [0m:      [ROUND 41]
[92mINFO [0m:      configure_fit: strategy sampled 3 clients (out of 3)
[92mINFO [0m:      aggregate_fit: received 3 results and 0 failures
Classification global train round 041/60: loss=0.029807, accuracy=0.9952
[92mINFO [0m:      fit progress: (41, 0.029806849591159555, {'global_train_accuracy': 0.9951690821256038, 'global_train_balanced_accuracy': 0.9924756599887662, 'global_train_macro_f1': 0.992899226695393}, 361.32496807491407)
[92mINFO [0m:      configure_evaluate: no clients selected, skipping evaluation
[92mINFO [0m:      
[92mINFO [0m:      [ROUND 42]
[92mINFO [0m:      configure_fit: strategy sampled 3 clients (out of 3)
[92mINFO [0m:      aggregate_fit: received 3 results and 0 failures
Classification global train round 042/60: loss=0.028543, accuracy=0.9944
[92mINFO [0m:      fit progress: (42, 0.028542853850607376, {'global_train_accuracy': 0.9943639291465378, 'global_train_balanced_accuracy': 0.9912001497846845, 'global_train_macro_f1': 0.9916431116338218}, 369.93873109295964)
[92mINFO [0m:      configure_evaluate: no clients selected, skipping evaluation
[92mINFO [0m:      
[92mINFO [0m:      [ROUND 43]
[92mINFO [0m:      configure_fit: strategy sampled 3 clients (out of 3)
[92mINFO [0m:      aggregate_fit: received 3 results and 0 failures
Classification global train round 043/60: loss=0.026058, accuracy=0.9952
[92mINFO [0m:      fit progress: (43, 0.026058169386624065, {'global_train_accuracy': 0.9951690821256038, 'global_train_balanced_accuracy': 0.9924756599887662, 'global_train_macro_f1': 0.992899226695393}, 377.51071678986773)
[92mINFO [0m:      configure_evaluate: no clients selected, skipping evaluation
[92mINFO [0m:      
[92mINFO [0m:      [ROUND 44]
[92mINFO [0m:      configure_fit: strategy sampled 3 clients (out of 3)
[92mINFO [0m:      aggregate_fit: received 3 results and 0 failures
Classification global train round 044/60: loss=0.025216, accuracy=0.9944
[92mINFO [0m:      fit progress: (44, 0.025216374623149802, {'global_train_accuracy': 0.9943639291465378, 'global_train_balanced_accuracy': 0.9912001497846845, 'global_train_macro_f1': 0.9916431116338218}, 385.10018281498924)
[92mINFO [0m:      configure_evaluate: no clients selected, skipping evaluation
[92mINFO [0m:      
[92mINFO [0m:      [ROUND 45]
[92mINFO [0m:      configure_fit: strategy sampled 3 clients (out of 3)
[92mINFO [0m:      aggregate_fit: received 3 results and 0 failures
Classification global train round 045/60: loss=0.022909, accuracy=0.9952
[92mINFO [0m:      fit progress: (45, 0.022909022481503165, {'global_train_accuracy': 0.9951690821256038, 'global_train_balanced_accuracy': 0.9924756599887662, 'global_train_macro_f1': 0.992899226695393}, 393.6872468357906)
[92mINFO [0m:      configure_evaluate: no clients selected, skipping evaluation
[92mINFO [0m:      
[92mINFO [0m:      [ROUND 46]
[92mINFO [0m:      configure_fit: strategy sampled 3 clients (out of 3)
[92mINFO [0m:      aggregate_fit: received 3 results and 0 failures
Classification global train round 046/60: loss=0.022175, accuracy=0.9960
[92mINFO [0m:      fit progress: (46, 0.02217508002668739, {'global_train_accuracy': 0.9959742351046699, 'global_train_balanced_accuracy': 0.9936224489795918, 'global_train_macro_f1': 0.9937373180690899}, 402.3164672078565)
[92mINFO [0m:      configure_evaluate: no clients selected, skipping evaluation
[92mINFO [0m:      
[92mINFO [0m:      [ROUND 47]
[92mINFO [0m:      configure_fit: strategy sampled 3 clients (out of 3)
[92mINFO [0m:      aggregate_fit: received 3 results and 0 failures
Classification global train round 047/60: loss=0.021456, accuracy=0.9960
[92mINFO [0m:      fit progress: (47, 0.021456336507149305, {'global_train_accuracy': 0.9959742351046699, 'global_train_balanced_accuracy': 0.9936224489795918, 'global_train_macro_f1': 0.9937373180690899}, 411.11974252481014)
[92mINFO [0m:      configure_evaluate: no clients selected, skipping evaluation
[92mINFO [0m:      
[92mINFO [0m:      [ROUND 48]
[92mINFO [0m:      configure_fit: strategy sampled 3 clients (out of 3)
[92mINFO [0m:      aggregate_fit: received 3 results and 0 failures
Classification global train round 048/60: loss=0.020113, accuracy=0.9952
[92mINFO [0m:      fit progress: (48, 0.02011267255111365, {'global_train_accuracy': 0.9951690821256038, 'global_train_balanced_accuracy': 0.9924756599887662, 'global_train_macro_f1': 0.992899226695393}, 419.7854782487266)
[92mINFO [0m:      configure_evaluate: no clients selected, skipping evaluation
[92mINFO [0m:      
[92mINFO [0m:      [ROUND 49]
[92mINFO [0m:      configure_fit: strategy sampled 3 clients (out of 3)
[92mINFO [0m:      aggregate_fit: received 3 results and 0 failures
Classification global train round 049/60: loss=0.019440, accuracy=0.9960
[92mINFO [0m:      fit progress: (49, 0.0194403776616284, {'global_train_accuracy': 0.9959742351046699, 'global_train_balanced_accuracy': 0.9937511701928478, 'global_train_macro_f1': 0.9941538958057902}, 427.4829710237682)
[92mINFO [0m:      configure_evaluate: no clients selected, skipping evaluation
[92mINFO [0m:      
[92mINFO [0m:      [ROUND 50]
[92mINFO [0m:      configure_fit: strategy sampled 3 clients (out of 3)
[92mINFO [0m:      aggregate_fit: received 3 results and 0 failures
Classification global train round 050/60: loss=0.019192, accuracy=0.9952
[92mINFO [0m:      fit progress: (50, 0.019191761167634477, {'global_train_accuracy': 0.9951690821256038, 'global_train_balanced_accuracy': 0.9924756599887662, 'global_train_macro_f1': 0.992899226695393}, 435.04108484089375)
[92mINFO [0m:      configure_evaluate: no clients selected, skipping evaluation
[92mINFO [0m:      
[92mINFO [0m:      [ROUND 51]
[92mINFO [0m:      configure_fit: strategy sampled 3 clients (out of 3)
[92mINFO [0m:      aggregate_fit: received 3 results and 0 failures
Classification global train round 051/60: loss=0.018336, accuracy=0.9952
[92mINFO [0m:      fit progress: (51, 0.018336121700764086, {'global_train_accuracy': 0.9951690821256038, 'global_train_balanced_accuracy': 0.9924756599887662, 'global_train_macro_f1': 0.992899226695393}, 442.53461507102475)
[92mINFO [0m:      configure_evaluate: no clients selected, skipping evaluation
[92mINFO [0m:      
[92mINFO [0m:      [ROUND 52]
[92mINFO [0m:      configure_fit: strategy sampled 3 clients (out of 3)
[92mINFO [0m:      aggregate_fit: received 3 results and 0 failures
Classification global train round 052/60: loss=0.017383, accuracy=0.9952
[92mINFO [0m:      fit progress: (52, 0.017383321571192326, {'global_train_accuracy': 0.9951690821256038, 'global_train_balanced_accuracy': 0.9924756599887662, 'global_train_macro_f1': 0.992899226695393}, 451.2562553049065)
[92mINFO [0m:      configure_evaluate: no clients selected, skipping evaluation
[92mINFO [0m:      
[92mINFO [0m:      [ROUND 53]
[92mINFO [0m:      configure_fit: strategy sampled 3 clients (out of 3)
[92mINFO [0m:      aggregate_fit: received 3 results and 0 failures
Classification global train round 053/60: loss=0.016934, accuracy=0.9960
[92mINFO [0m:      fit progress: (53, 0.016933850552616776, {'global_train_accuracy': 0.9959742351046699, 'global_train_balanced_accuracy': 0.9937511701928478, 'global_train_macro_f1': 0.9941538958057902}, 459.6819751849398)
[92mINFO [0m:      configure_evaluate: no clients selected, skipping evaluation
[92mINFO [0m:      
[92mINFO [0m:      [ROUND 54]
[92mINFO [0m:      configure_fit: strategy sampled 3 clients (out of 3)
[92mINFO [0m:      aggregate_fit: received 3 results and 0 failures
Classification global train round 054/60: loss=0.016772, accuracy=0.9960
[92mINFO [0m:      fit progress: (54, 0.016772409764923838, {'global_train_accuracy': 0.9959742351046699, 'global_train_balanced_accuracy': 0.9937511701928478, 'global_train_macro_f1': 0.9941538958057902}, 468.5809308886528)
[92mINFO [0m:      configure_evaluate: no clients selected, skipping evaluation
[92mINFO [0m:      
[92mINFO [0m:      [ROUND 55]
[92mINFO [0m:      configure_fit: strategy sampled 3 clients (out of 3)
[92mINFO [0m:      aggregate_fit: received 3 results and 0 failures
Classification global train round 055/60: loss=0.016862, accuracy=0.9952
[92mINFO [0m:      fit progress: (55, 0.01686203935754976, {'global_train_accuracy': 0.9951690821256038, 'global_train_balanced_accuracy': 0.9924756599887662, 'global_train_macro_f1': 0.992899226695393}, 477.08202887000516)
[92mINFO [0m:      configure_evaluate: no clients selected, skipping evaluation
[92mINFO [0m:      
[92mINFO [0m:      [ROUND 56]
[92mINFO [0m:      configure_fit: strategy sampled 3 clients (out of 3)
[92mINFO [0m:      aggregate_fit: received 3 results and 0 failures
Classification global train round 056/60: loss=0.016255, accuracy=0.9952
[92mINFO [0m:      fit progress: (56, 0.016254785075864715, {'global_train_accuracy': 0.9951690821256038, 'global_train_balanced_accuracy': 0.9924756599887662, 'global_train_macro_f1': 0.992899226695393}, 485.8043097187765)
[92mINFO [0m:      configure_evaluate: no clients selected, skipping evaluation
[92mINFO [0m:      
[92mINFO [0m:      [ROUND 57]
[92mINFO [0m:      configure_fit: strategy sampled 3 clients (out of 3)
[92mINFO [0m:      aggregate_fit: received 3 results and 0 failures
Classification global train round 057/60: loss=0.016206, accuracy=0.9952
[92mINFO [0m:      fit progress: (57, 0.01620596983967178, {'global_train_accuracy': 0.9951690821256038, 'global_train_balanced_accuracy': 0.9924756599887662, 'global_train_macro_f1': 0.992899226695393}, 494.69271658780053)
[92mINFO [0m:      configure_evaluate: no clients selected, skipping evaluation
[92mINFO [0m:      
[92mINFO [0m:      [ROUND 58]
[92mINFO [0m:      configure_fit: strategy sampled 3 clients (out of 3)
[92mINFO [0m:      aggregate_fit: received 3 results and 0 failures
Classification global train round 058/60: loss=0.016132, accuracy=0.9952
[92mINFO [0m:      fit progress: (58, 0.01613235242601826, {'global_train_accuracy': 0.9951690821256038, 'global_train_balanced_accuracy': 0.9924756599887662, 'global_train_macro_f1': 0.992899226695393}, 503.24544552667066)
[92mINFO [0m:      configure_evaluate: no clients selected, skipping evaluation
[92mINFO [0m:      
[92mINFO [0m:      [ROUND 59]
[92mINFO [0m:      configure_fit: strategy sampled 3 clients (out of 3)
[92mINFO [0m:      aggregate_fit: received 3 results and 0 failures
Classification global train round 059/60: loss=0.016163, accuracy=0.9952
[92mINFO [0m:      fit progress: (59, 0.016163444187381155, {'global_train_accuracy': 0.9951690821256038, 'global_train_balanced_accuracy': 0.9924756599887662, 'global_train_macro_f1': 0.992899226695393}, 510.7621303596534)
[92mINFO [0m:      configure_evaluate: no clients selected, skipping evaluation
[92mINFO [0m:      
[92mINFO [0m:      [ROUND 60]
[92mINFO [0m:      configure_fit: strategy sampled 3 clients (out of 3)
[92mINFO [0m:      aggregate_fit: received 3 results and 0 failures
Classification global train round 060/60: loss=0.016158, accuracy=0.9952
[92mINFO [0m:      fit progress: (60, 0.016157833954181383, {'global_train_accuracy': 0.9951690821256038, 'global_train_balanced_accuracy': 0.9924756599887662, 'global_train_macro_f1': 0.992899226695393}, 518.343760185875)
[92mINFO [0m:      configure_evaluate: no clients selected, skipping evaluation
[92mINFO [0m:      
[92mINFO [0m:      [SUMMARY]
[92mINFO [0m:      Run finished 60 round(s) in 518.34s
[92mINFO [0m:      	History (loss, centralized):
[92mINFO [0m:      		round 0: 2.1031675699636363
[92mINFO [0m:      		round 1: 1.9502723228528305
[92mINFO [0m:      		round 2: 1.8043915509409758
[92mINFO [0m:      		round 3: 1.5860278331907092
[92mINFO [0m:      		round 4: 1.4250350929496753
[92mINFO [0m:      		round 5: 1.249586317178324
[92mINFO [0m:      		round 6: 1.0997081780011335
[92mINFO [0m:      		round 7: 0.934945003805913
[92mINFO [0m:      		round 8: 0.8277360794048955
[92mINFO [0m:      		round 9: 0.7360474500871127
[92mINFO [0m:      		round 10: 0.6680318512586387
[92mINFO [0m:      		round 11: 0.6082693012056335
[92mINFO [0m:      		round 12: 0.5624365449527612
[92mINFO [0m:      		round 13: 0.5098779084409877
[92mINFO [0m:      		round 14: 0.4942742933589671
[92mINFO [0m:      		round 15: 0.41853195428848267
[92mINFO [0m:      		round 16: 0.37360543895650794
[92mINFO [0m:      		round 17: 0.3323122518745981
[92mINFO [0m:      		round 18: 0.29930701213566385
[92mINFO [0m:      		round 19: 0.2601785592602839
[92mINFO [0m:      		round 20: 0.24542479440209947
[92mINFO [0m:      		round 21: 0.22049880248528939
[92mINFO [0m:      		round 22: 0.18720307819029366
[92mINFO [0m:      		round 23: 0.1698677642405897
[92mINFO [0m:      		round 24: 0.16124975725696475
[92mINFO [0m:      		round 25: 0.1399694868541906
[92mINFO [0m:      		round 26: 0.12071707878777706
[92mINFO [0m:      		round 27: 0.11124028955944687
[92mINFO [0m:      		round 28: 0.09363505903229526
[92mINFO [0m:      		round 29: 0.08494499691757532
[92mINFO [0m:      		round 30: 0.08981925230353303
[92mINFO [0m:      		round 31: 0.07479774141114283
[92mINFO [0m:      		round 32: 0.06513689059146265
[92mINFO [0m:      		round 33: 0.06547520919020577
[92mINFO [0m:      		round 34: 0.06115652058999416
[92mINFO [0m:      		round 35: 0.05007855083355485
[92mINFO [0m:      		round 36: 0.04422051875196673
[92mINFO [0m:      		round 37: 0.044379676288764644
[92mINFO [0m:      		round 38: 0.042006520569420475
[92mINFO [0m:      		round 39: 0.0412208863703501
[92mINFO [0m:      		round 40: 0.03682510611048529
[92mINFO [0m:      		round 41: 0.029806849591159555
[92mINFO [0m:      		round 42: 0.028542853850607376
[92mINFO [0m:      		round 43: 0.026058169386624065
[92mINFO [0m:      		round 44: 0.025216374623149802
[92mINFO [0m:      		round 45: 0.022909022481503165
[92mINFO [0m:      		round 46: 0.02217508002668739
[92mINFO [0m:      		round 47: 0.021456336507149305
[92mINFO [0m:      		round 48: 0.02011267255111365
[92mINFO [0m:      		round 49: 0.0194403776616284
[92mINFO [0m:      		round 50: 0.019191761167634477
[92mINFO [0m:      		round 51: 0.018336121700764086
[92mINFO [0m:      		round 52: 0.017383321571192326
[92mINFO [0m:      		round 53: 0.016933850552616776
[92mINFO [0m:      		round 54: 0.016772409764923838
[92mINFO [0m:      		round 55: 0.01686203935754976
[92mINFO [0m:      		round 56: 0.016254785075864715
[92mINFO [0m:      		round 57: 0.01620596983967178
[92mINFO [0m:      		round 58: 0.01613235242601826
[92mINFO [0m:      		round 59: 0.016163444187381155
[92mINFO [0m:      		round 60: 0.016157833954181383
[92mINFO [0m:      	History (metrics, distributed, fit):
[92mINFO [0m:      	{'weighted_local_online_accuracy': [(1, 0.20933977455716588),
[92mINFO [0m:      	                                    (2, 0.2318840579710145),
[92mINFO [0m:      	                                    (3, 0.3421900161030596),
[92mINFO [0m:      	                                    (4, 0.427536231884058),
[92mINFO [0m:      	                                    (5, 0.464573268921095),
[92mINFO [0m:      	                                    (6, 0.5273752012882448),
[92mINFO [0m:      	                                    (7, 0.6127214170692431),
[92mINFO [0m:      	                                    (8, 0.6731078904991948),
[92mINFO [0m:      	                                    (9, 0.677938808373591),
[92mINFO [0m:      	                                    (10, 0.7077294685990339),
[92mINFO [0m:      	                                    (11, 0.7383252818035426),
[92mINFO [0m:      	                                    (12, 0.7568438003220612),
[92mINFO [0m:      	                                    (13, 0.782608695652174),
[92mINFO [0m:      	                                    (14, 0.7922705314009661),
[92mINFO [0m:      	                                    (15, 0.8429951690821256),
[92mINFO [0m:      	                                    (16, 0.8615136876006442),
[92mINFO [0m:      	                                    (17, 0.8647342995169082),
[92mINFO [0m:      	                                    (18, 0.8969404186795491),
[92mINFO [0m:      	                                    (19, 0.8921095008051529),
[92mINFO [0m:      	                                    (20, 0.8961352657004831),
[92mINFO [0m:      	                                    (21, 0.926731078904992),
[92mINFO [0m:      	                                    (22, 0.9388083735909822),
[92mINFO [0m:      	                                    (23, 0.9251207729468599),
[92mINFO [0m:      	                                    (24, 0.9484702093397746),
[92mINFO [0m:      	                                    (25, 0.9597423510466989),
[92mINFO [0m:      	                                    (26, 0.9629629629629629),
[92mINFO [0m:      	                                    (27, 0.9581320450885669),
[92mINFO [0m:      	                                    (28, 0.9702093397745571),
[92mINFO [0m:      	                                    (29, 0.9790660225442834),
[92mINFO [0m:      	                                    (30, 0.9742351046698873),
[92mINFO [0m:      	                                    (31, 0.9766505636070854),
[92mINFO [0m:      	                                    (32, 0.9782608695652174),
[92mINFO [0m:      	                                    (33, 0.9838969404186796),
[92mINFO [0m:      	                                    (34, 0.9863123993558777),
[92mINFO [0m:      	                                    (35, 0.9871175523349437),
[92mINFO [0m:      	                                    (36, 0.9838969404186796),
[92mINFO [0m:      	                                    (37, 0.9847020933977456),
[92mINFO [0m:      	                                    (38, 0.9927536231884058),
[92mINFO [0m:      	                                    (39, 0.9895330112721417),
[92mINFO [0m:      	                                    (40, 0.9927536231884058),
[92mINFO [0m:      	                                    (41, 0.9943639291465378),
[92mINFO [0m:      	                                    (42, 0.9879227053140096),
[92mINFO [0m:      	                                    (43, 0.9967793880837359),
[92mINFO [0m:      	                                    (44, 0.9943639291465378),
[92mINFO [0m:      	                                    (45, 0.9959742351046699),
[92mINFO [0m:      	                                    (46, 0.9943639291465378),
[92mINFO [0m:      	                                    (47, 0.9975845410628019),
[92mINFO [0m:      	                                    (48, 0.9967793880837359),
[92mINFO [0m:      	                                    (49, 0.9967793880837359),
[92mINFO [0m:      	                                    (50, 0.9975845410628019),
[92mINFO [0m:      	                                    (51, 0.9967793880837359),
[92mINFO [0m:      	                                    (52, 0.998389694041868),
[92mINFO [0m:      	                                    (53, 0.9975845410628019),
[92mINFO [0m:      	                                    (54, 0.9975845410628019),
[92mINFO [0m:      	                                    (55, 0.998389694041868),
[92mINFO [0m:      	                                    (56, 0.9967793880837359),
[92mINFO [0m:      	                                    (57, 0.9967793880837359),
[92mINFO [0m:      	                                    (58, 0.9959742351046699),
[92mINFO [0m:      	                                    (59, 0.9967793880837359),
[92mINFO [0m:      	                                    (60, 0.9967793880837359)],
[92mINFO [0m:      	 'weighted_local_online_cross_entropy': [(1, 2.015838689082295),
[92mINFO [0m:      	                                         (2, 1.9051804630844682),
[92mINFO [0m:      	                                         (3, 1.7186518314380002),
[92mINFO [0m:      	                                         (4, 1.5291931076326233),
[92mINFO [0m:      	                                         (5, 1.3683064303536345),
[92mINFO [0m:      	                                         (6, 1.2218677982232038),
[92mINFO [0m:      	                                         (7, 1.051381922190508),
[92mINFO [0m:      	                                         (8, 0.9397969015554529),
[92mINFO [0m:      	                                         (9, 0.8557998834600771),
[92mINFO [0m:      	                                         (10, 0.7818219511981171),
[92mINFO [0m:      	                                         (11, 0.719144052065513),
[92mINFO [0m:      	                                         (12, 0.6768450965435993),
[92mINFO [0m:      	                                         (13, 0.6017317807184901),
[92mINFO [0m:      	                                         (14, 0.5725889845170836),
[92mINFO [0m:      	                                         (15, 0.49964121953492774),
[92mINFO [0m:      	                                         (16, 0.43951341514618114),
[92mINFO [0m:      	                                         (17, 0.4162046460137851),
[92mINFO [0m:      	                                         (18, 0.35191002598515264),
[92mINFO [0m:      	                                         (19, 0.32692004913005274),
[92mINFO [0m:      	                                         (20, 0.29808036227157153),
[92mINFO [0m:      	                                         (21, 0.25210328220169326),
[92mINFO [0m:      	                                         (22, 0.236427405078246),
[92mINFO [0m:      	                                         (23, 0.22146850055302592),
[92mINFO [0m:      	                                         (24, 0.19794801260298192),
[92mINFO [0m:      	                                         (25, 0.16526183706742745),
[92mINFO [0m:      	                                         (26, 0.15095346271031912),
[92mINFO [0m:      	                                         (27, 0.15121205771362917),
[92mINFO [0m:      	                                         (28, 0.12495040941545545),
[92mINFO [0m:      	                                         (29, 0.10890669112908091),
[92mINFO [0m:      	                                         (30, 0.10836617231680959),
[92mINFO [0m:      	                                         (31, 0.10476703865036681),
[92mINFO [0m:      	                                         (32, 0.09320098180293845),
[92mINFO [0m:      	                                         (33, 0.08242813189290524),
[92mINFO [0m:      	                                         (34, 0.07757091946036056),
[92mINFO [0m:      	                                         (35, 0.06569284662580337),
[92mINFO [0m:      	                                         (36, 0.06128078847883596),
[92mINFO [0m:      	                                         (37, 0.056342821148330655),
[92mINFO [0m:      	                                         (38, 0.04679789686884473),
[92mINFO [0m:      	                                         (39, 0.05247240473970699),
[92mINFO [0m:      	                                         (40, 0.039501612445102606),
[92mINFO [0m:      	                                         (41, 0.03996370116926598),
[92mINFO [0m:      	                                         (42, 0.044680466923424776),
[92mINFO [0m:      	                                         (43, 0.02901503902480558),
[92mINFO [0m:      	                                         (44, 0.028707325001113754),
[92mINFO [0m:      	                                         (45, 0.02548188892689544),
[92mINFO [0m:      	                                         (46, 0.02691810167786004),
[92mINFO [0m:      	                                         (47, 0.022580553003288387),
[92mINFO [0m:      	                                         (48, 0.021958179324235463),
[92mINFO [0m:      	                                         (49, 0.019298381491559716),
[92mINFO [0m:      	                                         (50, 0.02037050507230843),
[92mINFO [0m:      	                                         (51, 0.01919783012294353),
[92mINFO [0m:      	                                         (52, 0.017724124923192457),
[92mINFO [0m:      	                                         (53, 0.018246820187511077),
[92mINFO [0m:      	                                         (54, 0.01678381118497507),
[92mINFO [0m:      	                                         (55, 0.01687527314492467),
[92mINFO [0m:      	                                         (56, 0.015974833285852672),
[92mINFO [0m:      	                                         (57, 0.01627953688842027),
[92mINFO [0m:      	                                         (58, 0.015706406153390563),
[92mINFO [0m:      	                                         (59, 0.015614079569815845),
[92mINFO [0m:      	                                         (60, 0.015879746675701294)]}
[92mINFO [0m:      	History (metrics, centralized):
[92mINFO [0m:      	{'global_train_accuracy': [(0, 0.07246376811594203),
[92mINFO [0m:      	                           (1, 0.2222222222222222),
[92mINFO [0m:      	                           (2, 0.2286634460547504),
[92mINFO [0m:      	                           (3, 0.4468599033816425),
[92mINFO [0m:      	                           (4, 0.4677938808373591),
[92mINFO [0m:      	                           (5, 0.5120772946859904),
[92mINFO [0m:      	                           (6, 0.5426731078904992),
[92mINFO [0m:      	                           (7, 0.7351046698872786),
[92mINFO [0m:      	                           (8, 0.7753623188405797),
[92mINFO [0m:      	                           (9, 0.8518518518518519),
[92mINFO [0m:      	                           (10, 0.7528180354267311),
[92mINFO [0m:      	                           (11, 0.8446054750402576),
[92mINFO [0m:      	                           (12, 0.7874396135265701),
[92mINFO [0m:      	                           (13, 0.8784219001610306),
[92mINFO [0m:      	                           (14, 0.8478260869565217),
[92mINFO [0m:      	                           (15, 0.9420289855072463),
[92mINFO [0m:      	                           (16, 0.9049919484702094),
[92mINFO [0m:      	                           (17, 0.9420289855072463),
[92mINFO [0m:      	                           (18, 0.926731078904992),
[92mINFO [0m:      	                           (19, 0.9388083735909822),
[92mINFO [0m:      	                           (20, 0.92914653784219),
[92mINFO [0m:      	                           (21, 0.9726247987117552),
[92mINFO [0m:      	                           (22, 0.9565217391304348),
[92mINFO [0m:      	                           (23, 0.9806763285024155),
[92mINFO [0m:      	                           (24, 0.9444444444444444),
[92mINFO [0m:      	                           (25, 0.9726247987117552),
[92mINFO [0m:      	                           (26, 0.9879227053140096),
[92mINFO [0m:      	                           (27, 0.9790660225442834),
[92mINFO [0m:      	                           (28, 0.9903381642512077),
[92mINFO [0m:      	                           (29, 0.9911433172302737),
[92mINFO [0m:      	                           (30, 0.9887278582930756),
[92mINFO [0m:      	                           (31, 0.9919484702093397),
[92mINFO [0m:      	                           (32, 0.9911433172302737),
[92mINFO [0m:      	                           (33, 0.9855072463768116),
[92mINFO [0m:      	                           (34, 0.9911433172302737),
[92mINFO [0m:      	                           (35, 0.9927536231884058),
[92mINFO [0m:      	                           (36, 0.9927536231884058),
[92mINFO [0m:      	                           (37, 0.9935587761674718),
[92mINFO [0m:      	                           (38, 0.9927536231884058),
[92mINFO [0m:      	                           (39, 0.9935587761674718),
[92mINFO [0m:      	                           (40, 0.9919484702093397),
[92mINFO [0m:      	                           (41, 0.9951690821256038),
[92mINFO [0m:      	                           (42, 0.9943639291465378),
[92mINFO [0m:      	                           (43, 0.9951690821256038),
[92mINFO [0m:      	                           (44, 0.9943639291465378),
[92mINFO [0m:      	                           (45, 0.9951690821256038),
[92mINFO [0m:      	                           (46, 0.9959742351046699),
[92mINFO [0m:      	                           (47, 0.9959742351046699),
[92mINFO [0m:      	                           (48, 0.9951690821256038),
[92mINFO [0m:      	                           (49, 0.9959742351046699),
[92mINFO [0m:      	                           (50, 0.9951690821256038),
[92mINFO [0m:      	                           (51, 0.9951690821256038),
[92mINFO [0m:      	                           (52, 0.9951690821256038),
[92mINFO [0m:      	                           (53, 0.9959742351046699),
[92mINFO [0m:      	                           (54, 0.9959742351046699),
[92mINFO [0m:      	                           (55, 0.9951690821256038),
[92mINFO [0m:      	                           (56, 0.9951690821256038),
[92mINFO [0m:      	                           (57, 0.9951690821256038),
[92mINFO [0m:      	                           (58, 0.9951690821256038),
[92mINFO [0m:      	                           (59, 0.9951690821256038),
[92mINFO [0m:      	                           (60, 0.9951690821256038)],
[92mINFO [0m:      	 'global_train_balanced_accuracy': [(0, 0.11109443777511004),
[92mINFO [0m:      	                                    (1, 0.125),
[92mINFO [0m:      	                                    (2, 0.12920168067226892),
[92mINFO [0m:      	                                    (3, 0.28575602426401026),
[92mINFO [0m:      	                                    (4, 0.30667399410095164),
[92mINFO [0m:      	                                    (5, 0.35542627950992056),
[92mINFO [0m:      	                                    (6, 0.40651231785016095),
[92mINFO [0m:      	                                    (7, 0.6842843750465035),
[92mINFO [0m:      	                                    (8, 0.7346899359684519),
[92mINFO [0m:      	                                    (9, 0.8395652357988534),
[92mINFO [0m:      	                                    (10, 0.7592006380366716),
[92mINFO [0m:      	                                    (11, 0.8199374327545588),
[92mINFO [0m:      	                                    (12, 0.7977516337660893),
[92mINFO [0m:      	                                    (13, 0.8439069543380266),
[92mINFO [0m:      	                                    (14, 0.8262751574414274),
[92mINFO [0m:      	                                    (15, 0.9331489011167381),
[92mINFO [0m:      	                                    (16, 0.8600571644220603),
[92mINFO [0m:      	                                    (17, 0.9251175635817241),
[92mINFO [0m:      	                                    (18, 0.8892642314231726),
[92mINFO [0m:      	                                    (19, 0.9080107208446293),
[92mINFO [0m:      	                                    (20, 0.8897502916729606),
[92mINFO [0m:      	                                    (21, 0.9629399210926852),
[92mINFO [0m:      	                                    (22, 0.9332301836297433),
[92mINFO [0m:      	                                    (23, 0.9727652923980212),
[92mINFO [0m:      	                                    (24, 0.9163484309286629),
[92mINFO [0m:      	                                    (25, 0.9579593700290737),
[92mINFO [0m:      	                                    (26, 0.9826130783439204),
[92mINFO [0m:      	                                    (27, 0.9683135116857364),
[92mINFO [0m:      	                                    (28, 0.9853703344148279),
[92mINFO [0m:      	                                    (29, 0.9866458446189096),
[92mINFO [0m:      	                                    (30, 0.9840168416788335),
[92mINFO [0m:      	                                    (31, 0.9879213548229913),
[92mINFO [0m:      	                                    (32, 0.9861981489843643),
[92mINFO [0m:      	                                    (33, 0.9777197576278218),
[92mINFO [0m:      	                                    (34, 0.9862981890003708),
[92mINFO [0m:      	                                    (35, 0.9887491693925277),
[92mINFO [0m:      	                                    (36, 0.9886491293765213),
[92mINFO [0m:      	                                    (37, 0.9900246795966092),
[92mINFO [0m:      	                                    (38, 0.9885204081632653),
[92mINFO [0m:      	                                    (39, 0.9900246795966092),
[92mINFO [0m:      	                                    (40, 0.9876925935937289),
[92mINFO [0m:      	                                    (41, 0.9924756599887662),
[92mINFO [0m:      	                                    (42, 0.9912001497846845),
[92mINFO [0m:      	                                    (43, 0.9924756599887662),
[92mINFO [0m:      	                                    (44, 0.9912001497846845),
[92mINFO [0m:      	                                    (45, 0.9924756599887662),
[92mINFO [0m:      	                                    (46, 0.9936224489795918),
[92mINFO [0m:      	                                    (47, 0.9936224489795918),
[92mINFO [0m:      	                                    (48, 0.9924756599887662),
[92mINFO [0m:      	                                    (49, 0.9937511701928478),
[92mINFO [0m:      	                                    (50, 0.9924756599887662),
[92mINFO [0m:      	                                    (51, 0.9924756599887662),
[92mINFO [0m:      	                                    (52, 0.9924756599887662),
[92mINFO [0m:      	                                    (53, 0.9937511701928478),
[92mINFO [0m:      	                                    (54, 0.9937511701928478),
[92mINFO [0m:      	                                    (55, 0.9924756599887662),
[92mINFO [0m:      	                                    (56, 0.9924756599887662),
[92mINFO [0m:      	                                    (57, 0.9924756599887662),
[92mINFO [0m:      	                                    (58, 0.9924756599887662),
[92mINFO [0m:      	                                    (59, 0.9924756599887662),
[92mINFO [0m:      	                                    (60, 0.9924756599887662)],
[92mINFO [0m:      	 'global_train_macro_f1': [(0, 0.046672442877865955),
[92mINFO [0m:      	                           (1, 0.04545454545454545),
[92mINFO [0m:      	                           (2, 0.058865030870700615),
[92mINFO [0m:      	                           (3, 0.21022457346215234),
[92mINFO [0m:      	                           (4, 0.22416850899820512),
[92mINFO [0m:      	                           (5, 0.2701918422692646),
[92mINFO [0m:      	                           (6, 0.33581016990451595),
[92mINFO [0m:      	                           (7, 0.6476367263095189),
[92mINFO [0m:      	                           (8, 0.7238316157865947),
[92mINFO [0m:      	                           (9, 0.8110248214462175),
[92mINFO [0m:      	                           (10, 0.6721291782486447),
[92mINFO [0m:      	                           (11, 0.7617826196084841),
[92mINFO [0m:      	                           (12, 0.7372592269003881),
[92mINFO [0m:      	                           (13, 0.7931710960791201),
[92mINFO [0m:      	                           (14, 0.7744369121328214),
[92mINFO [0m:      	                           (15, 0.924788419413402),
[92mINFO [0m:      	                           (16, 0.8182430492500337),
[92mINFO [0m:      	                           (17, 0.9161048214866241),
[92mINFO [0m:      	                           (18, 0.8685886541919232),
[92mINFO [0m:      	                           (19, 0.8953137503225288),
[92mINFO [0m:      	                           (20, 0.8707091753187359),
[92mINFO [0m:      	                           (21, 0.9637826729565974),
[92mINFO [0m:      	                           (22, 0.9295759324994161),
[92mINFO [0m:      	                           (23, 0.972403457645554),
[92mINFO [0m:      	                           (24, 0.90740043537528),
[92mINFO [0m:      	                           (25, 0.9579152358016438),
[92mINFO [0m:      	                           (26, 0.983054554224376),
[92mINFO [0m:      	                           (27, 0.9684375912662357),
[92mINFO [0m:      	                           (28, 0.9859543398685107),
[92mINFO [0m:      	                           (29, 0.9872128407136745),
[92mINFO [0m:      	                           (30, 0.9837793513181363),
[92mINFO [0m:      	                           (31, 0.9884696425482871),
[92mINFO [0m:      	                           (32, 0.986630580305501),
[92mINFO [0m:      	                           (33, 0.9779113773630215),
[92mINFO [0m:      	                           (34, 0.9866506484921824),
[92mINFO [0m:      	                           (35, 0.9891458829852774),
[92mINFO [0m:      	                           (36, 0.9891257785580574),
[92mINFO [0m:      	                           (37, 0.9904011767297297),
[92mINFO [0m:      	                           (38, 0.9887022670784062),
[92mINFO [0m:      	                           (39, 0.9904011767297297),
[92mINFO [0m:      	                           (40, 0.9880249301790421),
[92mINFO [0m:      	                           (41, 0.992899226695393),
[92mINFO [0m:      	                           (42, 0.9916431116338218),
[92mINFO [0m:      	                           (43, 0.992899226695393),
[92mINFO [0m:      	                           (44, 0.9916431116338218),
[92mINFO [0m:      	                           (45, 0.992899226695393),
[92mINFO [0m:      	                           (46, 0.9937373180690899),
[92mINFO [0m:      	                           (47, 0.9937373180690899),
[92mINFO [0m:      	                           (48, 0.992899226695393),
[92mINFO [0m:      	                           (49, 0.9941538958057902),
[92mINFO [0m:      	                           (50, 0.992899226695393),
[92mINFO [0m:      	                           (51, 0.992899226695393),
[92mINFO [0m:      	                           (52, 0.992899226695393),
[92mINFO [0m:      	                           (53, 0.9941538958057902),
[92mINFO [0m:      	                           (54, 0.9941538958057902),
[92mINFO [0m:      	                           (55, 0.992899226695393),
[92mINFO [0m:      	                           (56, 0.992899226695393),
[92mINFO [0m:      	                           (57, 0.992899226695393),
[92mINFO [0m:      	                           (58, 0.992899226695393),
[92mINFO [0m:      	                           (59, 0.992899226695393),
[92mINFO [0m:      	                           (60, 0.992899226695393)]}
[92mINFO [0m:      
{
  "classification": {
    "experiment": "combined_3client_iid_flower_classification",
    "framework": "Flower",
    "strategy": "FedAvg",
    "architecture": "SimpleCNN1D with GroupNorm; 9 inputs and 8 outputs",
    "rounds": 60,
    "local_epochs_per_round": 1,
    "subjects": [
      "001",
      "002",
      "003",
      "004",
      "005",
      "007",
      "008"
    ],
    "classes": [
      "no_walking",
      "subject_001_walking",
      "subject_002_walking",
      "subject_003_walking",
      "subject_004_walking",
      "subject_005_walking",
      "subject_007_walking",
      "subject_008_walking"
    ],
    "selected_channels_one_based": [
      1,
      2,
      3,
      4,
      5,
      6,
      7,
      8,
      10
    ],
    "final_global_train_metrics": {
      "cross_entropy": 0.016157833954181383,
      "accuracy": 0.9951690821256038,
      "balanced_accuracy": 0.9924756599887662,
      "macro_f1": 0.992899226695393
    },
    "test_metrics": {
      "accuracy": 0.996742671009772,
      "balanced_accuracy": 0.997093023255814,
      "macro_f1": 0.9974232170744404,
      "per_class": {
        "no_walking": {
          "support": 69,
          "precision": 1.0,
          "recall": 1.0,
          "f1": 1.0
        },
        "subject_001_walking": {
          "support": 32,
          "precision": 1.0,
          "recall": 1.0,
          "f1": 1.0
        },
        "subject_002_walking": {
          "support": 43,
          "precision": 1.0,
          "recall": 0.9767441860465116,
          "f1": 0.988235294117647
        },
        "subject_003_walking": {
          "support": 56,
          "precision": 0.9824561403508771,
          "recall": 1.0,
          "f1": 0.9911504424778761
        },
        "subject_004_walking": {
          "support": 25,
          "precision": 1.0,
          "recall": 1.0,
          "f1": 1.0
        },
        "subject_005_walking": {
          "support": 25,
          "precision": 1.0,
          "recall": 1.0,
          "f1": 1.0
        },
        "subject_007_walking": {
          "support": 27,
          "precision": 1.0,
          "recall": 1.0,
          "f1": 1.0
        },
        "subject_008_walking": {
          "support": 30,
          "precision": 1.0,
          "recall": 1.0,
          "f1": 1.0
        }
      },
      "cross_entropy": 0.028501163967900246
    },
    "test_evaluation_policy": "Held-out 20% run split evaluated exactly once after Flower round 60; no validation or best-round selection.",
    "test_evaluation_count": 1,
    "test_round": 60,
    "comparison_vs_centralized": {
      "accuracy_difference": 0.0,
      "balanced_accuracy_difference": 0.0,
      "macro_f1_difference": 0.0
    },
    "integrity_audit": {
      "framework": "Flower",
      "flower_strategy": "FedAvg",
      "num_rounds": 60,
      "local_epochs_per_round": 1,
      "successful_client_fits": 180,
      "expected_clients_every_round": [
        "client_0",
        "client_1",
        "client_2"
      ],
      "fedavg_num_examples_by_client": {
        "client_0": 412,
        "client_1": 418,
        "client_2": 412
      },
      "fedavg_total_weight": 1242,
      "round_one_parameters_changed": true,
      "global_train_evaluation_rounds": [
        0,
        1,
        2,
        3,
        4,
        5,
        6,
        7,
        8,
        9,
        10,
        11,
        12,
        13,
        14,
        15,
        16,
        17,
        18,
        19,
        20,
        21,
        22,
        23,
        24,
        25,
        26,
        27,
        28,
        29,
        30,
        31,
        32,
        33,
        34,
        35,
        36,
        37,
        38,
        39,
        40,
        41,
        42,
        43,
        44,
        45,
        46,
        47,
        48,
        49,
        50,
        51,
        52,
        53,
        54,
        55,
        56,
        57,
        58,
        59,
        60
      ],
      "test_evaluations_during_training": 0,
      "local_optimizer": "Adam recreated independently on every client and round",
      "client_shuffle_seed": "4601 + 1000*server_round + integer_client_id",
      "learning_rate_schedule": "round-wise cosine annealing; t=round-1",
      "round_1_learning_rate": 0.001,
      "final_round_learning_rate": 1.0678380296485953e-05,
      "saved_model_reproduces_final_global_train_history": true,
      "final_test_confusion_total": 307,
      "final_test_class_support": [
        69,
        32,
        43,
        56,
        25,
        25,
        27,
        30
      ],
      "test_evaluation_count": 1
    },
    "model_path": "/home/coder/workspace/Federated-learning-floor-vibration-classification-and-regression-analysis/artifacts/combined_iid_flower_3clients_60r/classification/flower_iid_global_classification_model.pt",
    "global_train_history_path": "/home/coder/workspace/Federated-learning-floor-vibration-classification-and-regression-analysis/artifacts/combined_iid_flower_3clients_60r/classification/global_train_history.csv",
    "local_client_fit_history_path": "/home/coder/workspace/Federated-learning-floor-vibration-classification-and-regression-analysis/artifacts/combined_iid_flower_3clients_60r/classification/local_client_fit_history.csv",
    "test_predictions_path": "/home/coder/workspace/Federated-learning-floor-vibration-classification-and-regression-analysis/artifacts/combined_iid_flower_3clients_60r/classification/test_predictions.csv",
    "test_confusion_matrix_csv": "/home/coder/workspace/Federated-learning-floor-vibration-classification-and-regression-analysis/artifacts/combined_iid_flower_3clients_60r/classification/test_confusion_matrix.csv",
    "training_comparison_plot": "/home/coder/workspace/Federated-learning-floor-vibration-classification-and-regression-analysis/artifacts/combined_iid_flower_3clients_60r/classification/centralized_vs_flower_global_train_loss_accuracy.png",
    "test_confusion_matrix_plot": "/home/coder/workspace/Federated-learning-floor-vibration-classification-and-regression-analysis/artifacts/combined_iid_flower_3clients_60r/classification/test_confusion_matrix.png",
    "test_confusion_comparison_plot": "/home/coder/workspace/Federated-learning-floor-vibration-classification-and-regression-analysis/artifacts/combined_iid_flower_3clients_60r/classification/centralized_vs_flower_test_confusion_matrices.png",
    "test_metric_comparison_plot": "/home/coder/workspace/Federated-learning-floor-vibration-classification-and-regression-analysis/artifacts/combined_iid_flower_3clients_60r/classification/centralized_vs_flower_test_metrics.png"
  }
}
[93mWARNING [0m:   DEPRECATED FEATURE: flwr.simulation.start_simulation() is deprecated.
	Instead, use the `flwr run` CLI command to start a local simulation in your Flower app, as shown for example below:

		$ flwr new  # Create a new Flower app from a template

		$ flwr run  # Run the Flower app in Simulation Mode

	Using `start_simulation()` is deprecated.

            This is a deprecated feature. It will be removed
            entirely in future versions of Flower.
        
[92mINFO [0m:      Starting Flower simulation, config: num_rounds=60, no round_timeout
[36m(ClientAppActor pid=167172)[0m [2026-08-13 15:58:27,628 E 167172 167900] core_worker_process.cc:825: Failed to establish connection to the metrics exporter agent. Metrics will not be exported. Exporter agent status: RpcError: Running out of retries to initialize the metrics agent. rpc_code: 14[32m [repeated 5x across cluster] (Ray deduplicates logs by default. Set RAY_DEDUP_LOGS=0 to disable log deduplication, or see https://docs.ray.io/en/master/ray-observability/user-guides/configure-logging.html#log-deduplication for more options.)[0m
2026-08-13 16:06:59,460	INFO worker.py:2012 -- Started a local Ray instance.
2026-08-13 16:06:59,512	INFO packaging.py:588 -- Creating a file package for local module '/home/coder/workspace/Federated-learning-floor-vibration-classification-and-regression-analysis/src/redo_by_sara'.
2026-08-13 16:06:59,551	INFO packaging.py:380 -- Pushing file package 'gcs://_ray_pkg_f3a19f01c1741ea1.zip' (0.97MiB) to Ray cluster...
2026-08-13 16:06:59,567	INFO packaging.py:393 -- Successfully pushed file package 'gcs://_ray_pkg_f3a19f01c1741ea1.zip'.
[92mINFO [0m:      Flower VCE: Ray initialized with resources: {'CPU': 24.0, 'object_store_memory': 9688195891.0, 'node:__internal_head__': 1.0, 'memory': 22605790413.0, 'node:172.17.0.3': 1.0}
[92mINFO [0m:      Optimize your simulation with Flower VCE: https://flower.ai/docs/framework/how-to-run-simulations.html
[92mINFO [0m:      Flower VCE: Resources for each Virtual Client: {'num_cpus': 4.0, 'num_gpus': 0.0}
[92mINFO [0m:      Flower VCE: Creating VirtualClientEngineActorPool with 6 actors
[92mINFO [0m:      [INIT]
[92mINFO [0m:      Using initial global parameters provided by strategy
[92mINFO [0m:      Starting evaluation of initial global parameters
Regression global train round 000/60: rmse=0.031619 m/s, r2=0.9578
[92mINFO [0m:      initial parameters (loss, other metrics): 0.999999991950712, {'global_train_rmse_mps': 0.03161901792727113, 'global_train_r2': 0.957837006696929, 'global_train_within_0_10_mps_pct': 98.21428571428571}
[92mINFO [0m:      
[92mINFO [0m:      [ROUND 1]
[92mINFO [0m:      configure_fit: strategy sampled 3 clients (out of 3)
[36m(pid=gcs_server)[0m [2026-08-13 16:07:22,587 E 169076 169076] (gcs_server) gcs_server.cc:302: Failed to establish connection to the event+metrics exporter agent. Events and metrics will not be exported. Exporter agent status: RpcError: Running out of retries to initialize the metrics agent. rpc_code: 14
[33m(raylet)[0m [2026-08-13 16:07:28,507 E 169238 169238] (raylet) main.cc:975: Failed to establish connection to the metrics exporter agent. Metrics will not be exported. Exporter agent status: RpcError: Running out of retries to initialize the metrics agent. rpc_code: 14
[2026-08-13 16:07:35,859 E 164886 169328] core_worker_process.cc:825: Failed to establish connection to the metrics exporter agent. Metrics will not be exported. Exporter agent status: RpcError: Running out of retries to initialize the metrics agent. rpc_code: 14
[92mINFO [0m:      aggregate_fit: received 3 results and 0 failures
Regression global train round 001/60: rmse=0.031619 m/s, r2=0.9578
[92mINFO [0m:      fit progress: (1, 0.9999880098870823, {'global_train_rmse_mps': 0.031618830485639376, 'global_train_r2': 0.9578375065908129, 'global_train_within_0_10_mps_pct': 98.21428571428571}, 32.65913965785876)
[92mINFO [0m:      configure_evaluate: no clients selected, skipping evaluation
[92mINFO [0m:      
[92mINFO [0m:      [ROUND 2]
[92mINFO [0m:      configure_fit: strategy sampled 3 clients (out of 3)
[36m(ClientAppActor pid=171128)[0m [2026-08-13 16:07:42,025 E 171128 171559] core_worker_process.cc:825: Failed to establish connection to the metrics exporter agent. Metrics will not be exported. Exporter agent status: RpcError: Running out of retries to initialize the metrics agent. rpc_code: 14
[92mINFO [0m:      aggregate_fit: received 3 results and 0 failures
Regression global train round 002/60: rmse=0.031619 m/s, r2=0.9578
[92mINFO [0m:      fit progress: (2, 1.000011742647205, {'global_train_rmse_mps': 0.031619201961324596, 'global_train_r2': 0.9578365158879378, 'global_train_within_0_10_mps_pct': 98.21428571428571}, 39.76292915921658)
[92mINFO [0m:      configure_evaluate: no clients selected, skipping evaluation
[92mINFO [0m:      
[92mINFO [0m:      [ROUND 3]
[92mINFO [0m:      configure_fit: strategy sampled 3 clients (out of 3)
[92mINFO [0m:      aggregate_fit: received 3 results and 0 failures
Regression global train round 003/60: rmse=0.031619 m/s, r2=0.9578
[92mINFO [0m:      fit progress: (3, 1.0000115560500749, {'global_train_rmse_mps': 0.031619200065101626, 'global_train_r2': 0.9578365209450778, 'global_train_within_0_10_mps_pct': 98.21428571428571}, 47.100287890061736)
[92mINFO [0m:      configure_evaluate: no clients selected, skipping evaluation
[92mINFO [0m:      
[92mINFO [0m:      [ROUND 4]
[92mINFO [0m:      configure_fit: strategy sampled 3 clients (out of 3)
[92mINFO [0m:      aggregate_fit: received 3 results and 0 failures
Regression global train round 004/60: rmse=0.031619 m/s, r2=0.9578
[92mINFO [0m:      fit progress: (4, 1.000002097205392, {'global_train_rmse_mps': 0.031619049344551405, 'global_train_r2': 0.9578369229089227, 'global_train_within_0_10_mps_pct': 98.21428571428571}, 54.32294459315017)
[92mINFO [0m:      configure_evaluate: no clients selected, skipping evaluation
[92mINFO [0m:      
[92mINFO [0m:      [ROUND 5]
[92mINFO [0m:      configure_fit: strategy sampled 3 clients (out of 3)
[92mINFO [0m:      aggregate_fit: received 3 results and 0 failures
Regression global train round 005/60: rmse=0.031619 m/s, r2=0.9578
[92mINFO [0m:      fit progress: (5, 0.9999827523050564, {'global_train_rmse_mps': 0.03161874280506034, 'global_train_r2': 0.9578377404278431, 'global_train_within_0_10_mps_pct': 98.21428571428571}, 61.22380023403093)
[92mINFO [0m:      configure_evaluate: no clients selected, skipping evaluation
[92mINFO [0m:      
[92mINFO [0m:      [ROUND 6]
[92mINFO [0m:      configure_fit: strategy sampled 3 clients (out of 3)
[92mINFO [0m:      aggregate_fit: received 3 results and 0 failures
Regression global train round 006/60: rmse=0.031618 m/s, r2=0.9578
[92mINFO [0m:      fit progress: (6, 0.9999668296160442, {'global_train_rmse_mps': 0.03161849304548458, 'global_train_r2': 0.9578384065129267, 'global_train_within_0_10_mps_pct': 98.21428571428571}, 68.2985496581532)
[92mINFO [0m:      configure_evaluate: no clients selected, skipping evaluation
[92mINFO [0m:      
[92mINFO [0m:      [ROUND 7]
[92mINFO [0m:      configure_fit: strategy sampled 3 clients (out of 3)
[92mINFO [0m:      aggregate_fit: received 3 results and 0 failures
Regression global train round 007/60: rmse=0.031619 m/s, r2=0.9578
[92mINFO [0m:      fit progress: (7, 0.9999968039670161, {'global_train_rmse_mps': 0.03161896657510801, 'global_train_r2': 0.9578371436498955, 'global_train_within_0_10_mps_pct': 98.21428571428571}, 75.33965780213475)
[92mINFO [0m:      configure_evaluate: no clients selected, skipping evaluation
[92mINFO [0m:      
[92mINFO [0m:      [ROUND 8]
[92mINFO [0m:      configure_fit: strategy sampled 3 clients (out of 3)
[92mINFO [0m:      aggregate_fit: received 3 results and 0 failures
Regression global train round 008/60: rmse=0.031619 m/s, r2=0.9578
[92mINFO [0m:      fit progress: (8, 0.9999913106273327, {'global_train_rmse_mps': 0.03161888108846253, 'global_train_r2': 0.9578373716368711, 'global_train_within_0_10_mps_pct': 98.21428571428571}, 82.47744715912268)
[92mINFO [0m:      configure_evaluate: no clients selected, skipping evaluation
[92mINFO [0m:      
[92mINFO [0m:      [ROUND 9]
[92mINFO [0m:      configure_fit: strategy sampled 3 clients (out of 3)
[92mINFO [0m:      aggregate_fit: received 3 results and 0 failures
Regression global train round 009/60: rmse=0.031619 m/s, r2=0.9578
[92mINFO [0m:      fit progress: (9, 0.9999878888151476, {'global_train_rmse_mps': 0.03161882638272021, 'global_train_r2': 0.9578375175329817, 'global_train_within_0_10_mps_pct': 98.21428571428571}, 89.59475466003641)
[92mINFO [0m:      configure_evaluate: no clients selected, skipping evaluation
[92mINFO [0m:      
[92mINFO [0m:      [ROUND 10]
[92mINFO [0m:      configure_fit: strategy sampled 3 clients (out of 3)
[92mINFO [0m:      aggregate_fit: received 3 results and 0 failures
Regression global train round 010/60: rmse=0.031617 m/s, r2=0.9578
[92mINFO [0m:      fit progress: (10, 0.9999019826895424, {'global_train_rmse_mps': 0.03161747082841431, 'global_train_r2': 0.9578411326139988, 'global_train_within_0_10_mps_pct': 98.21428571428571}, 96.50909558683634)
[92mINFO [0m:      configure_evaluate: no clients selected, skipping evaluation
[92mINFO [0m:      
[92mINFO [0m:      [ROUND 11]
[92mINFO [0m:      configure_fit: strategy sampled 3 clients (out of 3)
[92mINFO [0m:      aggregate_fit: received 3 results and 0 failures
Regression global train round 011/60: rmse=0.031619 m/s, r2=0.9578
[92mINFO [0m:      fit progress: (11, 0.9999744316696056, {'global_train_rmse_mps': 0.031618612620797244, 'global_train_r2': 0.9578380876175734, 'global_train_within_0_10_mps_pct': 98.21428571428571}, 103.74797160923481)
[92mINFO [0m:      configure_evaluate: no clients selected, skipping evaluation
[92mINFO [0m:      
[92mINFO [0m:      [ROUND 12]
[92mINFO [0m:      configure_fit: strategy sampled 3 clients (out of 3)
[92mINFO [0m:      aggregate_fit: received 3 results and 0 failures
Regression global train round 012/60: rmse=0.031620 m/s, r2=0.9578
[92mINFO [0m:      fit progress: (12, 1.0000599228910036, {'global_train_rmse_mps': 0.03161996335741469, 'global_train_r2': 0.9578344852548742, 'global_train_within_0_10_mps_pct': 98.21428571428571}, 110.81553119514138)
[92mINFO [0m:      configure_evaluate: no clients selected, skipping evaluation
[92mINFO [0m:      
[92mINFO [0m:      [ROUND 13]
[92mINFO [0m:      configure_fit: strategy sampled 3 clients (out of 3)
[92mINFO [0m:      aggregate_fit: received 3 results and 0 failures
Regression global train round 013/60: rmse=0.031620 m/s, r2=0.9578
[92mINFO [0m:      fit progress: (13, 1.0000438579757298, {'global_train_rmse_mps': 0.0316197102256618, 'global_train_r2': 0.9578351603592579, 'global_train_within_0_10_mps_pct': 98.21428571428571}, 117.74352126708254)
[92mINFO [0m:      configure_evaluate: no clients selected, skipping evaluation
[92mINFO [0m:      
[92mINFO [0m:      [ROUND 14]
[92mINFO [0m:      configure_fit: strategy sampled 3 clients (out of 3)
[92mINFO [0m:      aggregate_fit: received 3 results and 0 failures
Regression global train round 014/60: rmse=0.031620 m/s, r2=0.9578
[92mINFO [0m:      fit progress: (14, 1.0000547291710973, {'global_train_rmse_mps': 0.03161988173171794, 'global_train_r2': 0.9578347029518424, 'global_train_within_0_10_mps_pct': 98.21428571428571}, 124.83245035726577)
[92mINFO [0m:      configure_evaluate: no clients selected, skipping evaluation
[92mINFO [0m:      
[92mINFO [0m:      [ROUND 15]
[92mINFO [0m:      configure_fit: strategy sampled 3 clients (out of 3)
[92mINFO [0m:      aggregate_fit: received 3 results and 0 failures
Regression global train round 015/60: rmse=0.031620 m/s, r2=0.9578
[92mINFO [0m:      fit progress: (15, 1.0000755435654096, {'global_train_rmse_mps': 0.03162021816000413, 'global_train_r2': 0.9578338056888982, 'global_train_within_0_10_mps_pct': 98.21428571428571}, 131.74452981725335)
[92mINFO [0m:      configure_evaluate: no clients selected, skipping evaluation
[92mINFO [0m:      
[92mINFO [0m:      [ROUND 16]
[92mINFO [0m:      configure_fit: strategy sampled 3 clients (out of 3)
[92mINFO [0m:      aggregate_fit: received 3 results and 0 failures
Regression global train round 016/60: rmse=0.031620 m/s, r2=0.9578
[92mINFO [0m:      fit progress: (16, 1.0000348016619682, {'global_train_rmse_mps': 0.03161956620778328, 'global_train_r2': 0.9578355444536649, 'global_train_within_0_10_mps_pct': 98.21428571428571}, 139.15800775494426)
[92mINFO [0m:      configure_evaluate: no clients selected, skipping evaluation
[92mINFO [0m:      
[92mINFO [0m:      [ROUND 17]
[92mINFO [0m:      configure_fit: strategy sampled 3 clients (out of 3)
[92mINFO [0m:      aggregate_fit: received 3 results and 0 failures
Regression global train round 017/60: rmse=0.031619 m/s, r2=0.9578
[92mINFO [0m:      fit progress: (17, 1.000024248446737, {'global_train_rmse_mps': 0.03161940320137982, 'global_train_r2': 0.9578359791881892, 'global_train_within_0_10_mps_pct': 98.21428571428571}, 146.4217195091769)
[92mINFO [0m:      configure_evaluate: no clients selected, skipping evaluation
[92mINFO [0m:      
[92mINFO [0m:      [ROUND 18]
[92mINFO [0m:      configure_fit: strategy sampled 3 clients (out of 3)
[92mINFO [0m:      aggregate_fit: received 3 results and 0 failures
Regression global train round 018/60: rmse=0.031619 m/s, r2=0.9578
[92mINFO [0m:      fit progress: (18, 1.0000244341125446, {'global_train_rmse_mps': 0.03161940227002285, 'global_train_r2': 0.9578359816720914, 'global_train_within_0_10_mps_pct': 98.21428571428571}, 153.4861032050103)
[92mINFO [0m:      configure_evaluate: no clients selected, skipping evaluation
[92mINFO [0m:      
[92mINFO [0m:      [ROUND 19]
[92mINFO [0m:      configure_fit: strategy sampled 3 clients (out of 3)
[92mINFO [0m:      aggregate_fit: received 3 results and 0 failures
Regression global train round 019/60: rmse=0.031619 m/s, r2=0.9578
[92mINFO [0m:      fit progress: (19, 1.000023985547679, {'global_train_rmse_mps': 0.031619396964659145, 'global_train_r2': 0.9578359958213427, 'global_train_within_0_10_mps_pct': 98.21428571428571}, 160.66163137787953)
[92mINFO [0m:      configure_evaluate: no clients selected, skipping evaluation
[92mINFO [0m:      
[92mINFO [0m:      [ROUND 20]
[92mINFO [0m:      configure_fit: strategy sampled 3 clients (out of 3)
[92mINFO [0m:      aggregate_fit: received 3 results and 0 failures
Regression global train round 020/60: rmse=0.031619 m/s, r2=0.9578
[92mINFO [0m:      fit progress: (20, 1.000013425014913, {'global_train_rmse_mps': 0.031619233654663265, 'global_train_r2': 0.957836431363208, 'global_train_within_0_10_mps_pct': 98.21428571428571}, 167.63932356983423)
[92mINFO [0m:      configure_evaluate: no clients selected, skipping evaluation
[92mINFO [0m:      
[92mINFO [0m:      [ROUND 21]
[92mINFO [0m:      configure_fit: strategy sampled 3 clients (out of 3)
[92mINFO [0m:      aggregate_fit: received 3 results and 0 failures
Regression global train round 021/60: rmse=0.031619 m/s, r2=0.9578
[92mINFO [0m:      fit progress: (21, 1.0000097557370151, {'global_train_rmse_mps': 0.03161916997983233, 'global_train_r2': 0.9578366011810746, 'global_train_within_0_10_mps_pct': 98.21428571428571}, 174.83716730726883)
[92mINFO [0m:      configure_evaluate: no clients selected, skipping evaluation
[92mINFO [0m:      
[92mINFO [0m:      [ROUND 22]
[92mINFO [0m:      configure_fit: strategy sampled 3 clients (out of 3)
[92mINFO [0m:      aggregate_fit: received 3 results and 0 failures
Regression global train round 022/60: rmse=0.031619 m/s, r2=0.9578
[92mINFO [0m:      fit progress: (22, 1.0000026426943285, {'global_train_rmse_mps': 0.031619056192588486, 'global_train_r2': 0.9578369046456066, 'global_train_within_0_10_mps_pct': 98.21428571428571}, 181.8168643442914)
[92mINFO [0m:      configure_evaluate: no clients selected, skipping evaluation
[92mINFO [0m:      
[92mINFO [0m:      [ROUND 23]
[92mINFO [0m:      configure_fit: strategy sampled 3 clients (out of 3)
[92mINFO [0m:      aggregate_fit: received 3 results and 0 failures
Regression global train round 023/60: rmse=0.031619 m/s, r2=0.9578
[92mINFO [0m:      fit progress: (23, 1.0000032258353062, {'global_train_rmse_mps': 0.0316190677921499, 'global_train_r2': 0.9578368737102427, 'global_train_within_0_10_mps_pct': 98.21428571428571}, 188.71742986422032)
[92mINFO [0m:      configure_evaluate: no clients selected, skipping evaluation
[92mINFO [0m:      
[92mINFO [0m:      [ROUND 24]
[92mINFO [0m:      configure_fit: strategy sampled 3 clients (out of 3)
[92mINFO [0m:      aggregate_fit: received 3 results and 0 failures
Regression global train round 024/60: rmse=0.031619 m/s, r2=0.9578
[92mINFO [0m:      fit progress: (24, 1.000011311577899, {'global_train_rmse_mps': 0.03161919471034612, 'global_train_r2': 0.9578365352259641, 'global_train_within_0_10_mps_pct': 98.21428571428571}, 195.92139598121867)
[92mINFO [0m:      configure_evaluate: no clients selected, skipping evaluation
[92mINFO [0m:      
[92mINFO [0m:      [ROUND 25]
[92mINFO [0m:      configure_fit: strategy sampled 3 clients (out of 3)
[92mINFO [0m:      aggregate_fit: received 3 results and 0 failures
Regression global train round 025/60: rmse=0.031619 m/s, r2=0.9578
[92mINFO [0m:      fit progress: (25, 1.0000120315567724, {'global_train_rmse_mps': 0.03161920930397059, 'global_train_r2': 0.9578364963054339, 'global_train_within_0_10_mps_pct': 98.21428571428571}, 202.83479495719075)
[92mINFO [0m:      configure_evaluate: no clients selected, skipping evaluation
[92mINFO [0m:      
[92mINFO [0m:      [ROUND 26]
[92mINFO [0m:      configure_fit: strategy sampled 3 clients (out of 3)
[92mINFO [0m:      aggregate_fit: received 3 results and 0 failures
Regression global train round 026/60: rmse=0.031619 m/s, r2=0.9578
[92mINFO [0m:      fit progress: (26, 1.0000178654279028, {'global_train_rmse_mps': 0.03161929515590079, 'global_train_r2': 0.9578362673418911, 'global_train_within_0_10_mps_pct': 98.21428571428571}, 209.9262373172678)
[92mINFO [0m:      configure_evaluate: no clients selected, skipping evaluation
[92mINFO [0m:      
[92mINFO [0m:      [ROUND 27]
[92mINFO [0m:      configure_fit: strategy sampled 3 clients (out of 3)
[92mINFO [0m:      aggregate_fit: received 3 results and 0 failures
Regression global train round 027/60: rmse=0.031619 m/s, r2=0.9578
[92mINFO [0m:      fit progress: (27, 1.000019442822252, {'global_train_rmse_mps': 0.0316193251468942, 'global_train_r2': 0.957836187357007, 'global_train_within_0_10_mps_pct': 98.21428571428571}, 216.8834464470856)
[92mINFO [0m:      configure_evaluate: no clients selected, skipping evaluation
[92mINFO [0m:      
[92mINFO [0m:      [ROUND 28]
[92mINFO [0m:      configure_fit: strategy sampled 3 clients (out of 3)
[92mINFO [0m:      aggregate_fit: received 3 results and 0 failures
Regression global train round 028/60: rmse=0.031619 m/s, r2=0.9578
[92mINFO [0m:      fit progress: (28, 1.0000248282615627, {'global_train_rmse_mps': 0.03161941431680111, 'global_train_r2': 0.9578359495436741, 'global_train_within_0_10_mps_pct': 98.21428571428571}, 223.95570375584066)
[92mINFO [0m:      configure_evaluate: no clients selected, skipping evaluation
[92mINFO [0m:      
[92mINFO [0m:      [ROUND 29]
[92mINFO [0m:      configure_fit: strategy sampled 3 clients (out of 3)
[92mINFO [0m:      aggregate_fit: received 3 results and 0 failures
Regression global train round 029/60: rmse=0.031620 m/s, r2=0.9578
[92mINFO [0m:      fit progress: (29, 1.0000373272757446, {'global_train_rmse_mps': 0.03161961196881967, 'global_train_r2': 0.9578354224095756, 'global_train_within_0_10_mps_pct': 98.21428571428571}, 231.22817821009085)
[92mINFO [0m:      configure_evaluate: no clients selected, skipping evaluation
[92mINFO [0m:      
[92mINFO [0m:      [ROUND 30]
[92mINFO [0m:      configure_fit: strategy sampled 3 clients (out of 3)
[92mINFO [0m:      aggregate_fit: received 3 results and 0 failures
Regression global train round 030/60: rmse=0.031619 m/s, r2=0.9578
[92mINFO [0m:      fit progress: (30, 1.0000289983249135, {'global_train_rmse_mps': 0.03161947841767854, 'global_train_r2': 0.9578357785882388, 'global_train_within_0_10_mps_pct': 98.21428571428571}, 238.38327052723616)
[92mINFO [0m:      configure_evaluate: no clients selected, skipping evaluation
[92mINFO [0m:      
[92mINFO [0m:      [ROUND 31]
[92mINFO [0m:      configure_fit: strategy sampled 3 clients (out of 3)
[92mINFO [0m:      aggregate_fit: received 3 results and 0 failures
Regression global train round 031/60: rmse=0.031619 m/s, r2=0.9578
[92mINFO [0m:      fit progress: (31, 1.000021108825292, {'global_train_rmse_mps': 0.031619354831918106, 'global_train_r2': 0.9578361081880579, 'global_train_within_0_10_mps_pct': 98.21428571428571}, 245.23034130502492)
[92mINFO [0m:      configure_evaluate: no clients selected, skipping evaluation
[92mINFO [0m:      
[92mINFO [0m:      [ROUND 32]
[92mINFO [0m:      configure_fit: strategy sampled 3 clients (out of 3)
[92mINFO [0m:      aggregate_fit: received 3 results and 0 failures
Regression global train round 032/60: rmse=0.031619 m/s, r2=0.9578
[92mINFO [0m:      fit progress: (32, 1.0000210356499468, {'global_train_rmse_mps': 0.03161934889753151, 'global_train_r2': 0.9578361240148711, 'global_train_within_0_10_mps_pct': 98.21428571428571}, 252.2016812330112)
[92mINFO [0m:      configure_evaluate: no clients selected, skipping evaluation
[92mINFO [0m:      
[92mINFO [0m:      [ROUND 33]
[92mINFO [0m:      configure_fit: strategy sampled 3 clients (out of 3)
[92mINFO [0m:      aggregate_fit: received 3 results and 0 failures
Regression global train round 033/60: rmse=0.031619 m/s, r2=0.9578
[92mINFO [0m:      fit progress: (33, 1.0000174473971128, {'global_train_rmse_mps': 0.03161929325128658, 'global_train_r2': 0.9578362724214251, 'global_train_within_0_10_mps_pct': 98.21428571428571}, 259.4030442801304)
[92mINFO [0m:      configure_evaluate: no clients selected, skipping evaluation
[92mINFO [0m:      
[92mINFO [0m:      [ROUND 34]
[92mINFO [0m:      configure_fit: strategy sampled 3 clients (out of 3)
[92mINFO [0m:      aggregate_fit: received 3 results and 0 failures
Regression global train round 034/60: rmse=0.031619 m/s, r2=0.9578
[92mINFO [0m:      fit progress: (34, 1.0000224132090807, {'global_train_rmse_mps': 0.0316193762552283, 'global_train_r2': 0.9578360510527719, 'global_train_within_0_10_mps_pct': 98.21428571428571}, 266.4161370340735)
[92mINFO [0m:      configure_evaluate: no clients selected, skipping evaluation
[92mINFO [0m:      
[92mINFO [0m:      [ROUND 35]
[92mINFO [0m:      configure_fit: strategy sampled 3 clients (out of 3)
[92mINFO [0m:      aggregate_fit: received 3 results and 0 failures
Regression global train round 035/60: rmse=0.031619 m/s, r2=0.9578
[92mINFO [0m:      fit progress: (35, 1.0000301360019617, {'global_train_rmse_mps': 0.03161949489440409, 'global_train_r2': 0.9578357346451682, 'global_train_within_0_10_mps_pct': 98.21428571428571}, 273.7079245490022)
[92mINFO [0m:      configure_evaluate: no clients selected, skipping evaluation
[92mINFO [0m:      
[92mINFO [0m:      [ROUND 36]
[92mINFO [0m:      configure_fit: strategy sampled 3 clients (out of 3)
[92mINFO [0m:      aggregate_fit: received 3 results and 0 failures
Regression global train round 036/60: rmse=0.031619 m/s, r2=0.9578
[92mINFO [0m:      fit progress: (36, 1.000028663514448, {'global_train_rmse_mps': 0.031619475411206646, 'global_train_r2': 0.9578357866064318, 'global_train_within_0_10_mps_pct': 98.21428571428571}, 280.7203967939131)
[92mINFO [0m:      configure_evaluate: no clients selected, skipping evaluation
[92mINFO [0m:      
[92mINFO [0m:      [ROUND 37]
[92mINFO [0m:      configure_fit: strategy sampled 3 clients (out of 3)
[92mINFO [0m:      aggregate_fit: received 3 results and 0 failures
Regression global train round 037/60: rmse=0.031620 m/s, r2=0.9578
[92mINFO [0m:      fit progress: (37, 1.000032088054078, {'global_train_rmse_mps': 0.03161952481418963, 'global_train_r2': 0.957835654849689, 'global_train_within_0_10_mps_pct': 98.21428571428571}, 288.0932762539014)
[92mINFO [0m:      configure_evaluate: no clients selected, skipping evaluation
[92mINFO [0m:      
[92mINFO [0m:      [ROUND 38]
[92mINFO [0m:      configure_fit: strategy sampled 3 clients (out of 3)
[92mINFO [0m:      aggregate_fit: received 3 results and 0 failures
Regression global train round 038/60: rmse=0.031619 m/s, r2=0.9578
[92mINFO [0m:      fit progress: (38, 1.0000253154763155, {'global_train_rmse_mps': 0.03161941835678737, 'global_train_r2': 0.9578359387691421, 'global_train_within_0_10_mps_pct': 98.21428571428571}, 295.17487644124776)
[92mINFO [0m:      configure_evaluate: no clients selected, skipping evaluation
[92mINFO [0m:      
[92mINFO [0m:      [ROUND 39]
[92mINFO [0m:      configure_fit: strategy sampled 3 clients (out of 3)
[92mINFO [0m:      aggregate_fit: received 3 results and 0 failures
Regression global train round 039/60: rmse=0.031620 m/s, r2=0.9578
[92mINFO [0m:      fit progress: (39, 1.000032871163317, {'global_train_rmse_mps': 0.03161953512844225, 'global_train_r2': 0.9578356273417628, 'global_train_within_0_10_mps_pct': 98.21428571428571}, 302.21492832386866)
[92mINFO [0m:      configure_evaluate: no clients selected, skipping evaluation
[92mINFO [0m:      
[92mINFO [0m:      [ROUND 40]
[92mINFO [0m:      configure_fit: strategy sampled 3 clients (out of 3)
[92mINFO [0m:      aggregate_fit: received 3 results and 0 failures
Regression global train round 040/60: rmse=0.031620 m/s, r2=0.9578
[92mINFO [0m:      fit progress: (40, 1.0000342634905661, {'global_train_rmse_mps': 0.03161956052159727, 'global_train_r2': 0.9578355596186368, 'global_train_within_0_10_mps_pct': 98.21428571428571}, 309.2313396912068)
[92mINFO [0m:      configure_evaluate: no clients selected, skipping evaluation
[92mINFO [0m:      
[92mINFO [0m:      [ROUND 41]
[92mINFO [0m:      configure_fit: strategy sampled 3 clients (out of 3)
[92mINFO [0m:      aggregate_fit: received 3 results and 0 failures
Regression global train round 041/60: rmse=0.031620 m/s, r2=0.9578
[92mINFO [0m:      fit progress: (41, 1.0000379519270999, {'global_train_rmse_mps': 0.03161961562805592, 'global_train_r2': 0.9578354126504325, 'global_train_within_0_10_mps_pct': 98.21428571428571}, 316.40821386501193)
[92mINFO [0m:      configure_evaluate: no clients selected, skipping evaluation
[92mINFO [0m:      
[92mINFO [0m:      [ROUND 42]
[92mINFO [0m:      configure_fit: strategy sampled 3 clients (out of 3)
[92mINFO [0m:      aggregate_fit: received 3 results and 0 failures
Regression global train round 042/60: rmse=0.031620 m/s, r2=0.9578
[92mINFO [0m:      fit progress: (42, 1.0000387707592122, {'global_train_rmse_mps': 0.03161963037735455, 'global_train_r2': 0.9578353733142025, 'global_train_within_0_10_mps_pct': 98.21428571428571}, 323.79332939488813)
[92mINFO [0m:      configure_evaluate: no clients selected, skipping evaluation
[92mINFO [0m:      
[92mINFO [0m:      [ROUND 43]
[92mINFO [0m:      configure_fit: strategy sampled 3 clients (out of 3)
[92mINFO [0m:      aggregate_fit: received 3 results and 0 failures
Regression global train round 043/60: rmse=0.031620 m/s, r2=0.9578
[92mINFO [0m:      fit progress: (43, 1.0000423075897353, {'global_train_rmse_mps': 0.031619690394515086, 'global_train_r2': 0.9578352132488545, 'global_train_within_0_10_mps_pct': 98.21428571428571}, 331.01836597314104)
[92mINFO [0m:      configure_evaluate: no clients selected, skipping evaluation
[92mINFO [0m:      
[92mINFO [0m:      [ROUND 44]
[92mINFO [0m:      configure_fit: strategy sampled 3 clients (out of 3)
[92mINFO [0m:      aggregate_fit: received 3 results and 0 failures
Regression global train round 044/60: rmse=0.031620 m/s, r2=0.9578
[92mINFO [0m:      fit progress: (44, 1.0000444537560855, {'global_train_rmse_mps': 0.031619721852551005, 'global_train_r2': 0.957835129350371, 'global_train_within_0_10_mps_pct': 98.21428571428571}, 337.5248019439168)
[92mINFO [0m:      configure_evaluate: no clients selected, skipping evaluation
[92mINFO [0m:      
[92mINFO [0m:      [ROUND 45]
[92mINFO [0m:      configure_fit: strategy sampled 3 clients (out of 3)
[92mINFO [0m:      aggregate_fit: received 3 results and 0 failures
Regression global train round 045/60: rmse=0.031620 m/s, r2=0.9578
[92mINFO [0m:      fit progress: (45, 1.00004217906722, {'global_train_rmse_mps': 0.03161968651281934, 'global_train_r2': 0.9578352236013191, 'global_train_within_0_10_mps_pct': 98.21428571428571}, 344.4330259789713)
[92mINFO [0m:      configure_evaluate: no clients selected, skipping evaluation
[92mINFO [0m:      
[92mINFO [0m:      [ROUND 46]
[92mINFO [0m:      configure_fit: strategy sampled 3 clients (out of 3)
[92mINFO [0m:      aggregate_fit: received 3 results and 0 failures
Regression global train round 046/60: rmse=0.031620 m/s, r2=0.9578
[92mINFO [0m:      fit progress: (46, 1.0000368246941693, {'global_train_rmse_mps': 0.031619599716052216, 'global_train_r2': 0.9578354550875644, 'global_train_within_0_10_mps_pct': 98.21428571428571}, 351.71152772707865)
[92mINFO [0m:      configure_evaluate: no clients selected, skipping evaluation
[92mINFO [0m:      
[92mINFO [0m:      [ROUND 47]
[92mINFO [0m:      configure_fit: strategy sampled 3 clients (out of 3)
[92mINFO [0m:      aggregate_fit: received 3 results and 0 failures
Regression global train round 047/60: rmse=0.031620 m/s, r2=0.9578
[92mINFO [0m:      fit progress: (47, 1.000038169124829, {'global_train_rmse_mps': 0.03161961719980249, 'global_train_r2': 0.9578354084586012, 'global_train_within_0_10_mps_pct': 98.21428571428571}, 358.9057691441849)
[92mINFO [0m:      configure_evaluate: no clients selected, skipping evaluation
[92mINFO [0m:      
[92mINFO [0m:      [ROUND 48]
[92mINFO [0m:      configure_fit: strategy sampled 3 clients (out of 3)
[92mINFO [0m:      aggregate_fit: received 3 results and 0 failures
Regression global train round 048/60: rmse=0.031620 m/s, r2=0.9578
[92mINFO [0m:      fit progress: (48, 1.0000398756404008, {'global_train_rmse_mps': 0.03161964359645746, 'global_train_r2': 0.9578353380589735, 'global_train_within_0_10_mps_pct': 98.21428571428571}, 365.96886257687584)
[92mINFO [0m:      configure_evaluate: no clients selected, skipping evaluation
[92mINFO [0m:      
[92mINFO [0m:      [ROUND 49]
[92mINFO [0m:      configure_fit: strategy sampled 3 clients (out of 3)
[92mINFO [0m:      aggregate_fit: received 3 results and 0 failures
Regression global train round 049/60: rmse=0.031620 m/s, r2=0.9578
[92mINFO [0m:      fit progress: (49, 1.0000402922076839, {'global_train_rmse_mps': 0.031619654350144695, 'global_train_r2': 0.9578353093789751, 'global_train_within_0_10_mps_pct': 98.21428571428571}, 373.33220059098676)
[92mINFO [0m:      configure_evaluate: no clients selected, skipping evaluation
[92mINFO [0m:      
[92mINFO [0m:      [ROUND 50]
[92mINFO [0m:      configure_fit: strategy sampled 3 clients (out of 3)
[92mINFO [0m:      aggregate_fit: received 3 results and 0 failures
Regression global train round 050/60: rmse=0.031620 m/s, r2=0.9578
[92mINFO [0m:      fit progress: (50, 1.000040461043162, {'global_train_rmse_mps': 0.031619656621187965, 'global_train_r2': 0.9578353033221194, 'global_train_within_0_10_mps_pct': 98.21428571428571}, 380.4609418301843)
[92mINFO [0m:      configure_evaluate: no clients selected, skipping evaluation
[92mINFO [0m:      
[92mINFO [0m:      [ROUND 51]
[92mINFO [0m:      configure_fit: strategy sampled 3 clients (out of 3)
[92mINFO [0m:      aggregate_fit: received 3 results and 0 failures
Regression global train round 051/60: rmse=0.031620 m/s, r2=0.9578
[92mINFO [0m:      fit progress: (51, 1.0000424305243152, {'global_train_rmse_mps': 0.03161968884048855, 'global_train_r2': 0.9578352173934362, 'global_train_within_0_10_mps_pct': 98.21428571428571}, 387.8541437871754)
[92mINFO [0m:      configure_evaluate: no clients selected, skipping evaluation
[92mINFO [0m:      
[92mINFO [0m:      [ROUND 52]
[92mINFO [0m:      configure_fit: strategy sampled 3 clients (out of 3)
[92mINFO [0m:      aggregate_fit: received 3 results and 0 failures
Regression global train round 052/60: rmse=0.031620 m/s, r2=0.9578
[92mINFO [0m:      fit progress: (52, 1.00004251966519, {'global_train_rmse_mps': 0.031619690394515086, 'global_train_r2': 0.9578352132488545, 'global_train_within_0_10_mps_pct': 98.21428571428571}, 394.97568953223526)
[92mINFO [0m:      configure_evaluate: no clients selected, skipping evaluation
[92mINFO [0m:      
[92mINFO [0m:      [ROUND 53]
[92mINFO [0m:      configure_fit: strategy sampled 3 clients (out of 3)
[92mINFO [0m:      aggregate_fit: received 3 results and 0 failures
Regression global train round 053/60: rmse=0.031620 m/s, r2=0.9578
[92mINFO [0m:      fit progress: (53, 1.0000420798148428, {'global_train_rmse_mps': 0.031619683415552144, 'global_train_r2': 0.9578352318617155, 'global_train_within_0_10_mps_pct': 98.21428571428571}, 402.4193468359299)
[92mINFO [0m:      configure_evaluate: no clients selected, skipping evaluation
[92mINFO [0m:      
[92mINFO [0m:      [ROUND 54]
[92mINFO [0m:      configure_fit: strategy sampled 3 clients (out of 3)
[92mINFO [0m:      aggregate_fit: received 3 results and 0 failures
Regression global train round 054/60: rmse=0.031620 m/s, r2=0.9578
[92mINFO [0m:      fit progress: (54, 1.000041224328535, {'global_train_rmse_mps': 0.03161967033238661, 'global_train_r2': 0.9578352667544449, 'global_train_within_0_10_mps_pct': 98.21428571428571}, 409.4938265080564)
[92mINFO [0m:      configure_evaluate: no clients selected, skipping evaluation
[92mINFO [0m:      
[92mINFO [0m:      [ROUND 55]
[92mINFO [0m:      configure_fit: strategy sampled 3 clients (out of 3)
[92mINFO [0m:      aggregate_fit: received 3 results and 0 failures
Regression global train round 055/60: rmse=0.031620 m/s, r2=0.9578
[92mINFO [0m:      fit progress: (55, 1.0000411438356553, {'global_train_rmse_mps': 0.03161966880172949, 'global_train_r2': 0.9578352708366978, 'global_train_within_0_10_mps_pct': 98.21428571428571}, 416.54798325989395)
[92mINFO [0m:      configure_evaluate: no clients selected, skipping evaluation
[92mINFO [0m:      
[92mINFO [0m:      [ROUND 56]
[92mINFO [0m:      configure_fit: strategy sampled 3 clients (out of 3)
[92mINFO [0m:      aggregate_fit: received 3 results and 0 failures
Regression global train round 056/60: rmse=0.031620 m/s, r2=0.9578
[92mINFO [0m:      fit progress: (56, 1.0000407618603535, {'global_train_rmse_mps': 0.03161966269707753, 'global_train_r2': 0.9578352871177648, 'global_train_within_0_10_mps_pct': 98.21428571428571}, 423.2221810510382)
[92mINFO [0m:      configure_evaluate: no clients selected, skipping evaluation
[92mINFO [0m:      
[92mINFO [0m:      [ROUND 57]
[92mINFO [0m:      configure_fit: strategy sampled 3 clients (out of 3)
[92mINFO [0m:      aggregate_fit: received 3 results and 0 failures
Regression global train round 057/60: rmse=0.031620 m/s, r2=0.9578
[92mINFO [0m:      fit progress: (57, 1.000040901957878, {'global_train_rmse_mps': 0.03161966422054404, 'global_train_r2': 0.9578352830546898, 'global_train_within_0_10_mps_pct': 98.21428571428571}, 430.47672728588805)
[92mINFO [0m:      configure_evaluate: no clients selected, skipping evaluation
[92mINFO [0m:      
[92mINFO [0m:      [ROUND 58]
[92mINFO [0m:      configure_fit: strategy sampled 3 clients (out of 3)
[92mINFO [0m:      aggregate_fit: received 3 results and 0 failures
Regression global train round 058/60: rmse=0.031620 m/s, r2=0.9578
[92mINFO [0m:      fit progress: (58, 1.0000406966677733, {'global_train_rmse_mps': 0.03161966117540866, 'global_train_r2': 0.9578352911760453, 'global_train_within_0_10_mps_pct': 98.21428571428571}, 437.24476710893214)
[92mINFO [0m:      configure_evaluate: no clients selected, skipping evaluation
[92mINFO [0m:      
[92mINFO [0m:      [ROUND 59]
[92mINFO [0m:      configure_fit: strategy sampled 3 clients (out of 3)
[92mINFO [0m:      aggregate_fit: received 3 results and 0 failures
Regression global train round 059/60: rmse=0.031620 m/s, r2=0.9578
[92mINFO [0m:      fit progress: (59, 1.0000406087908362, {'global_train_rmse_mps': 0.031619660415248343, 'global_train_r2': 0.9578352932033875, 'global_train_within_0_10_mps_pct': 98.21428571428571}, 443.9704337012954)
[92mINFO [0m:      configure_evaluate: no clients selected, skipping evaluation
[92mINFO [0m:      
[92mINFO [0m:      [ROUND 60]
[92mINFO [0m:      configure_fit: strategy sampled 3 clients (out of 3)
[92mINFO [0m:      aggregate_fit: received 3 results and 0 failures
Regression global train round 060/60: rmse=0.031620 m/s, r2=0.9578
[92mINFO [0m:      fit progress: (60, 1.000040598878903, {'global_train_rmse_mps': 0.031619659655537445, 'global_train_r2': 0.9578352952295311, 'global_train_within_0_10_mps_pct': 98.21428571428571}, 451.44974768487737)
[92mINFO [0m:      configure_evaluate: no clients selected, skipping evaluation
[92mINFO [0m:      
[92mINFO [0m:      [SUMMARY]
[92mINFO [0m:      Run finished 60 round(s) in 451.45s
[92mINFO [0m:      	History (loss, centralized):
[92mINFO [0m:      		round 0: 0.999999991950712
[92mINFO [0m:      		round 1: 0.9999880098870823
[92mINFO [0m:      		round 2: 1.000011742647205
[92mINFO [0m:      		round 3: 1.0000115560500749
[92mINFO [0m:      		round 4: 1.000002097205392
[92mINFO [0m:      		round 5: 0.9999827523050564
[92mINFO [0m:      		round 6: 0.9999668296160442
[92mINFO [0m:      		round 7: 0.9999968039670161
[92mINFO [0m:      		round 8: 0.9999913106273327
[92mINFO [0m:      		round 9: 0.9999878888151476
[92mINFO [0m:      		round 10: 0.9999019826895424
[92mINFO [0m:      		round 11: 0.9999744316696056
[92mINFO [0m:      		round 12: 1.0000599228910036
[92mINFO [0m:      		round 13: 1.0000438579757298
[92mINFO [0m:      		round 14: 1.0000547291710973
[92mINFO [0m:      		round 15: 1.0000755435654096
[92mINFO [0m:      		round 16: 1.0000348016619682
[92mINFO [0m:      		round 17: 1.000024248446737
[92mINFO [0m:      		round 18: 1.0000244341125446
[92mINFO [0m:      		round 19: 1.000023985547679
[92mINFO [0m:      		round 20: 1.000013425014913
[92mINFO [0m:      		round 21: 1.0000097557370151
[92mINFO [0m:      		round 22: 1.0000026426943285
[92mINFO [0m:      		round 23: 1.0000032258353062
[92mINFO [0m:      		round 24: 1.000011311577899
[92mINFO [0m:      		round 25: 1.0000120315567724
[92mINFO [0m:      		round 26: 1.0000178654279028
[92mINFO [0m:      		round 27: 1.000019442822252
[92mINFO [0m:      		round 28: 1.0000248282615627
[92mINFO [0m:      		round 29: 1.0000373272757446
[92mINFO [0m:      		round 30: 1.0000289983249135
[92mINFO [0m:      		round 31: 1.000021108825292
[92mINFO [0m:      		round 32: 1.0000210356499468
[92mINFO [0m:      		round 33: 1.0000174473971128
[92mINFO [0m:      		round 34: 1.0000224132090807
[92mINFO [0m:      		round 35: 1.0000301360019617
[92mINFO [0m:      		round 36: 1.000028663514448
[92mINFO [0m:      		round 37: 1.000032088054078
[92mINFO [0m:      		round 38: 1.0000253154763155
[92mINFO [0m:      		round 39: 1.000032871163317
[92mINFO [0m:      		round 40: 1.0000342634905661
[92mINFO [0m:      		round 41: 1.0000379519270999
[92mINFO [0m:      		round 42: 1.0000387707592122
[92mINFO [0m:      		round 43: 1.0000423075897353
[92mINFO [0m:      		round 44: 1.0000444537560855
[92mINFO [0m:      		round 45: 1.00004217906722
[92mINFO [0m:      		round 46: 1.0000368246941693
[92mINFO [0m:      		round 47: 1.000038169124829
[92mINFO [0m:      		round 48: 1.0000398756404008
[92mINFO [0m:      		round 49: 1.0000402922076839
[92mINFO [0m:      		round 50: 1.000040461043162
[92mINFO [0m:      		round 51: 1.0000424305243152
[92mINFO [0m:      		round 52: 1.00004251966519
[92mINFO [0m:      		round 53: 1.0000420798148428
[92mINFO [0m:      		round 54: 1.000041224328535
[92mINFO [0m:      		round 55: 1.0000411438356553
[92mINFO [0m:      		round 56: 1.0000407618603535
[92mINFO [0m:      		round 57: 1.000040901957878
[92mINFO [0m:      		round 58: 1.0000406966677733
[92mINFO [0m:      		round 59: 1.0000406087908362
[92mINFO [0m:      		round 60: 1.000040598878903
[92mINFO [0m:      	History (metrics, distributed, fit):
[92mINFO [0m:      	{'weighted_local_online_r2': [(1, 0.9571422075024394),
[92mINFO [0m:      	                              (2, 0.9571657448257838),
[92mINFO [0m:      	                              (3, 0.9571844717115001),
[92mINFO [0m:      	                              (4, 0.9572190869347501),
[92mINFO [0m:      	                              (5, 0.9571991221246815),
[92mINFO [0m:      	                              (6, 0.9572408910776005),
[92mINFO [0m:      	                              (7, 0.9572128383306343),
[92mINFO [0m:      	                              (8, 0.9572112516574437),
[92mINFO [0m:      	                              (9, 0.9571995769938313),
[92mINFO [0m:      	                              (10, 0.9571408964988057),
[92mINFO [0m:      	                              (11, 0.9572167249921956),
[92mINFO [0m:      	                              (12, 0.9571893827671774),
[92mINFO [0m:      	                              (13, 0.9572163507050939),
[92mINFO [0m:      	                              (14, 0.9572068239544649),
[92mINFO [0m:      	                              (15, 0.9571946657571068),
[92mINFO [0m:      	                              (16, 0.9571780378232378),
[92mINFO [0m:      	                              (17, 0.9571825326437563),
[92mINFO [0m:      	                              (18, 0.9571701463184551),
[92mINFO [0m:      	                              (19, 0.9571587412666993),
[92mINFO [0m:      	                              (20, 0.9571979793286182),
[92mINFO [0m:      	                              (21, 0.9572161541519),
[92mINFO [0m:      	                              (22, 0.9571795593474046),
[92mINFO [0m:      	                              (23, 0.9572060521648732),
[92mINFO [0m:      	                              (24, 0.9571335618619597),
[92mINFO [0m:      	                              (25, 0.9572011742661825),
[92mINFO [0m:      	                              (26, 0.957188705621358),
[92mINFO [0m:      	                              (27, 0.9572097791467183),
[92mINFO [0m:      	                              (28, 0.9572188266677332),
[92mINFO [0m:      	                              (29, 0.9571901242967369),
[92mINFO [0m:      	                              (30, 0.9572135233339522),
[92mINFO [0m:      	                              (31, 0.9572114831401957),
[92mINFO [0m:      	                              (32, 0.957211973628983),
[92mINFO [0m:      	                              (33, 0.9572194979011124),
[92mINFO [0m:      	                              (34, 0.9572242258601175),
[92mINFO [0m:      	                              (35, 0.9572026512059367),
[92mINFO [0m:      	                              (36, 0.9572165690355735),
[92mINFO [0m:      	                              (37, 0.9572156598808481),
[92mINFO [0m:      	                              (38, 0.9572128893558386),
[92mINFO [0m:      	                              (39, 0.9572184450829953),
[92mINFO [0m:      	                              (40, 0.9572185908134304),
[92mINFO [0m:      	                              (41, 0.9572109864066508),
[92mINFO [0m:      	                              (42, 0.9572157198589084),
[92mINFO [0m:      	                              (43, 0.9572136134788808),
[92mINFO [0m:      	                              (44, 0.9572159043852947),
[92mINFO [0m:      	                              (45, 0.9572170720523366),
[92mINFO [0m:      	                              (46, 0.9572160618112654),
[92mINFO [0m:      	                              (47, 0.957215769158912),
[92mINFO [0m:      	                              (48, 0.9572202190137986),
[92mINFO [0m:      	                              (49, 0.9572174060944967),
[92mINFO [0m:      	                              (50, 0.9572186521817719),
[92mINFO [0m:      	                              (51, 0.9572175431543803),
[92mINFO [0m:      	                              (52, 0.9572182662459944),
[92mINFO [0m:      	                              (53, 0.95721829715177),
[92mINFO [0m:      	                              (54, 0.9572187343902483),
[92mINFO [0m:      	                              (55, 0.9572185893705866),
[92mINFO [0m:      	                              (56, 0.9572190196698378),
[92mINFO [0m:      	                              (57, 0.95721908234389),
[92mINFO [0m:      	                              (58, 0.9572188392606623),
[92mINFO [0m:      	                              (59, 0.9572188077643009),
[92mINFO [0m:      	                              (60, 0.9572190152275708)],
[92mINFO [0m:      	 'weighted_local_online_rmse_mps': [(1, 0.03130003478216137),
[92mINFO [0m:      	                                    (2, 0.03129272439332197),
[92mINFO [0m:      	                                    (3, 0.03128988291414516),
[92mINFO [0m:      	                                    (4, 0.031273715445500457),
[92mINFO [0m:      	                                    (5, 0.03128216477846074),
[92mINFO [0m:      	                                    (6, 0.03126714448507586),
[92mINFO [0m:      	                                    (7, 0.031277919178850956),
[92mINFO [0m:      	                                    (8, 0.031277404072004085),
[92mINFO [0m:      	                                    (9, 0.0312843790490912),
[92mINFO [0m:      	                                    (10, 0.0313014388054068),
[92mINFO [0m:      	                                    (11, 0.03127632377332706),
[92mINFO [0m:      	                                    (12, 0.03128695689696382),
[92mINFO [0m:      	                                    (13, 0.03127505289488615),
[92mINFO [0m:      	                                    (14, 0.03128007828547824),
[92mINFO [0m:      	                                    (15, 0.031284094944751796),
[92mINFO [0m:      	                                    (16, 0.03129207142765879),
[92mINFO [0m:      	                                    (17, 0.03128823183001438),
[92mINFO [0m:      	                                    (18, 0.0312897266266435),
[92mINFO [0m:      	                                    (19, 0.03129579389365702),
[92mINFO [0m:      	                                    (20, 0.03128300570537932),
[92mINFO [0m:      	                                    (21, 0.031275231864590726),
[92mINFO [0m:      	                                    (22, 0.031288862488550305),
[92mINFO [0m:      	                                    (23, 0.03127869904637085),
[92mINFO [0m:      	                                    (24, 0.031300870509366814),
[92mINFO [0m:      	                                    (25, 0.03128030270495861),
[92mINFO [0m:      	                                    (26, 0.03128652229867985),
[92mINFO [0m:      	                                    (27, 0.031278422837778645),
[92mINFO [0m:      	                                    (28, 0.03127412643257644),
[92mINFO [0m:      	                                    (29, 0.03128455907795855),
[92mINFO [0m:      	                                    (30, 0.03127684993970564),
[92mINFO [0m:      	                                    (31, 0.031277251728485216),
[92mINFO [0m:      	                                    (32, 0.03127706975233574),
[92mINFO [0m:      	                                    (33, 0.03127450980440756),
[92mINFO [0m:      	                                    (34, 0.03127280049650905),
[92mINFO [0m:      	                                    (35, 0.03128042270515597),
[92mINFO [0m:      	                                    (36, 0.03127571599177607),
[92mINFO [0m:      	                                    (37, 0.03127568143462255),
[92mINFO [0m:      	                                    (38, 0.031276675598763584),
[92mINFO [0m:      	                                    (39, 0.03127509390064881),
[92mINFO [0m:      	                                    (40, 0.03127469866287135),
[92mINFO [0m:      	                                    (41, 0.031277816195298465),
[92mINFO [0m:      	                                    (42, 0.03127609593047713),
[92mINFO [0m:      	                                    (43, 0.03127652427910286),
[92mINFO [0m:      	                                    (44, 0.031276082025340234),
[92mINFO [0m:      	                                    (45, 0.03127547163650308),
[92mINFO [0m:      	                                    (46, 0.031275748133785065),
[92mINFO [0m:      	                                    (47, 0.031276184696287505),
[92mINFO [0m:      	                                    (48, 0.03127438715528842),
[92mINFO [0m:      	                                    (49, 0.031275282103155555),
[92mINFO [0m:      	                                    (50, 0.03127489928204939),
[92mINFO [0m:      	                                    (51, 0.03127527205607683),
[92mINFO [0m:      	                                    (52, 0.03127506139907255),
[92mINFO [0m:      	                                    (53, 0.03127499807049776),
[92mINFO [0m:      	                                    (54, 0.03127481579401541),
[92mINFO [0m:      	                                    (55, 0.031274891637894216),
[92mINFO [0m:      	                                    (56, 0.03127476097364296),
[92mINFO [0m:      	                                    (57, 0.031274717143031934),
[92mINFO [0m:      	                                    (58, 0.03127480890803652),
[92mINFO [0m:      	                                    (59, 0.031274820627929203),
[92mINFO [0m:      	                                    (60, 0.0312747382357781)],
[92mINFO [0m:      	 'weighted_local_online_standardized_mse': [(1, 1.001785607255962),
[92mINFO [0m:      	                                            (2, 1.0012287805522126),
[92mINFO [0m:      	                                            (3, 1.0008605918140216),
[92mINFO [0m:      	                                            (4, 0.9999891630972603),
[92mINFO [0m:      	                                            (5, 1.0004519359042336),
[92mINFO [0m:      	                                            (6, 0.9995924730652145),
[92mINFO [0m:      	                                            (7, 1.0001946969090827),
[92mINFO [0m:      	                                            (8, 1.0002184782310255),
[92mINFO [0m:      	                                            (9, 1.000578687093886),
[92mINFO [0m:      	                                            (10, 1.0019308796618134),
[92mINFO [0m:      	                                            (11, 1.000210295967658),
[92mINFO [0m:      	                                            (12, 1.0007794916496746),
[92mINFO [0m:      	                                            (13, 1.000109841781003),
[92mINFO [0m:      	                                            (14, 1.0003470632280889),
[92mINFO [0m:      	                                            (15, 1.000636873267857),
[92mINFO [0m:      	                                            (16, 1.0010475036521842),
[92mINFO [0m:      	                                            (17, 1.0008390831270455),
[92mINFO [0m:      	                                            (18, 1.0011544805020094),
[92mINFO [0m:      	                                            (19, 1.0013753973014121),
[92mINFO [0m:      	                                            (20, 1.0005079342150793),
[92mINFO [0m:      	                                            (21, 1.0000809129061443),
[92mINFO [0m:      	                                            (22, 1.0009275035200906),
[92mINFO [0m:      	                                            (23, 1.0002819088154606),
[92mINFO [0m:      	                                            (24, 1.0019609364015716),
[92mINFO [0m:      	                                            (25, 1.000422068222958),
[92mINFO [0m:      	                                            (26, 1.000749075186572),
[92mINFO [0m:      	                                            (27, 1.000246131410157),
[92mINFO [0m:      	                                            (28, 1.0000305179772633),
[92mINFO [0m:      	                                            (29, 1.0007051105411457),
[92mINFO [0m:      	                                            (30, 1.0001702882914938),
[92mINFO [0m:      	                                            (31, 1.0002043939395142),
[92mINFO [0m:      	                                            (32, 1.0001795395676578),
[92mINFO [0m:      	                                            (33, 1.0000118796680388),
[92mINFO [0m:      	                                            (34, 0.9999131254569095),
[92mINFO [0m:      	                                            (35, 1.0004025015181728),
[92mINFO [0m:      	                                            (36, 1.0000884448693665),
[92mINFO [0m:      	                                            (37, 1.0001061168233198),
[92mINFO [0m:      	                                            (38, 1.0001802417765637),
[92mINFO [0m:      	                                            (39, 1.0000531248515472),
[92mINFO [0m:      	                                            (40, 1.000042631290853),
[92mINFO [0m:      	                                            (41, 1.0002250302100688),
[92mINFO [0m:      	                                            (42, 1.0001182811933436),
[92mINFO [0m:      	                                            (43, 1.000165527952569),
[92mINFO [0m:      	                                            (44, 1.0001222525024787),
[92mINFO [0m:      	                                            (45, 1.000088267385893),
[92mINFO [0m:      	                                            (46, 1.0001084351513003),
[92mINFO [0m:      	                                            (47, 1.0001220088784717),
[92mINFO [0m:      	                                            (48, 1.0000160679919645),
[92mINFO [0m:      	                                            (49, 1.000076343172363),
[92mINFO [0m:      	                                            (50, 1.0000496729543167),
[92mINFO [0m:      	                                            (51, 1.0000756277170564),
[92mINFO [0m:      	                                            (52, 1.000059681811503),
[92mINFO [0m:      	                                            (53, 1.0000588311813772),
[92mINFO [0m:      	                                            (54, 1.0000471086906535),
[92mINFO [0m:      	                                            (55, 1.000050024324602),
[92mINFO [0m:      	                                            (56, 1.0000401039765816),
[92mINFO [0m:      	                                            (57, 1.0000383586406574),
[92mINFO [0m:      	                                            (58, 1.0000440383113787),
[92mINFO [0m:      	                                            (59, 1.0000445217426335),
[92mINFO [0m:      	                                            (60, 1.0000398925372533)],
[92mINFO [0m:      	 'weighted_local_online_within_0_10_mps_pct': [(1, 98.21428571428571),
[92mINFO [0m:      	                                               (2, 98.21428571428571),
[92mINFO [0m:      	                                               (3, 98.21428571428571),
[92mINFO [0m:      	                                               (4, 98.21428571428571),
[92mINFO [0m:      	                                               (5, 98.21428571428571),
[92mINFO [0m:      	                                               (6, 98.21428571428571),
[92mINFO [0m:      	                                               (7, 98.21428571428571),
[92mINFO [0m:      	                                               (8, 98.21428571428571),
[92mINFO [0m:      	                                               (9, 98.21428571428571),
[92mINFO [0m:      	                                               (10, 98.21428571428571),
[92mINFO [0m:      	                                               (11, 98.21428571428571),
[92mINFO [0m:      	                                               (12, 98.21428571428571),
[92mINFO [0m:      	                                               (13, 98.21428571428571),
[92mINFO [0m:      	                                               (14, 98.21428571428571),
[92mINFO [0m:      	                                               (15, 98.21428571428571),
[92mINFO [0m:      	                                               (16, 98.21428571428571),
[92mINFO [0m:      	                                               (17, 98.21428571428571),
[92mINFO [0m:      	                                               (18, 98.21428571428571),
[92mINFO [0m:      	                                               (19, 98.21428571428571),
[92mINFO [0m:      	                                               (20, 98.21428571428571),
[92mINFO [0m:      	                                               (21, 98.21428571428571),
[92mINFO [0m:      	                                               (22, 98.21428571428571),
[92mINFO [0m:      	                                               (23, 98.21428571428571),
[92mINFO [0m:      	                                               (24, 98.21428571428571),
[92mINFO [0m:      	                                               (25, 98.21428571428571),
[92mINFO [0m:      	                                               (26, 98.21428571428571),
[92mINFO [0m:      	                                               (27, 98.21428571428571),
[92mINFO [0m:      	                                               (28, 98.21428571428571),
[92mINFO [0m:      	                                               (29, 98.21428571428571),
[92mINFO [0m:      	                                               (30, 98.21428571428571),
[92mINFO [0m:      	                                               (31, 98.21428571428571),
[92mINFO [0m:      	                                               (32, 98.21428571428571),
[92mINFO [0m:      	                                               (33, 98.21428571428571),
[92mINFO [0m:      	                                               (34, 98.21428571428571),
[92mINFO [0m:      	                                               (35, 98.21428571428571),
[92mINFO [0m:      	                                               (36, 98.21428571428571),
[92mINFO [0m:      	                                               (37, 98.21428571428571),
[92mINFO [0m:      	                                               (38, 98.21428571428571),
[92mINFO [0m:      	                                               (39, 98.21428571428571),
[92mINFO [0m:      	                                               (40, 98.21428571428571),
[92mINFO [0m:      	                                               (41, 98.21428571428571),
[92mINFO [0m:      	                                               (42, 98.21428571428571),
[92mINFO [0m:      	                                               (43, 98.21428571428571),
[92mINFO [0m:      	                                               (44, 98.21428571428571),
[92mINFO [0m:      	                                               (45, 98.21428571428571),
[92mINFO [0m:      	                                               (46, 98.21428571428571),
[92mINFO [0m:      	                                               (47, 98.21428571428571),
[92mINFO [0m:      	                                               (48, 98.21428571428571),
[92mINFO [0m:      	                                               (49, 98.21428571428571),
[92mINFO [0m:      	                                               (50, 98.21428571428571),
[92mINFO [0m:      	                                               (51, 98.21428571428571),
[92mINFO [0m:      	                                               (52, 98.21428571428571),
[92mINFO [0m:      	                                               (53, 98.21428571428571),
[92mINFO [0m:      	                                               (54, 98.21428571428571),
[92mINFO [0m:      	                                               (55, 98.21428571428571),
[92mINFO [0m:      	                                               (56, 98.21428571428571),
[92mINFO [0m:      	                                               (57, 98.21428571428571),
[92mINFO [0m:      	                                               (58, 98.21428571428571),
[92mINFO [0m:      	                                               (59, 98.21428571428571),
[92mINFO [0m:      	                                               (60, 98.21428571428571)]}
[92mINFO [0m:      	History (metrics, centralized):
[92mINFO [0m:      	{'global_train_r2': [(0, 0.957837006696929),
[92mINFO [0m:      	                     (1, 0.9578375065908129),
[92mINFO [0m:      	                     (2, 0.9578365158879378),
[92mINFO [0m:      	                     (3, 0.9578365209450778),
[92mINFO [0m:      	                     (4, 0.9578369229089227),
[92mINFO [0m:      	                     (5, 0.9578377404278431),
[92mINFO [0m:      	                     (6, 0.9578384065129267),
[92mINFO [0m:      	                     (7, 0.9578371436498955),
[92mINFO [0m:      	                     (8, 0.9578373716368711),
[92mINFO [0m:      	                     (9, 0.9578375175329817),
[92mINFO [0m:      	                     (10, 0.9578411326139988),
[92mINFO [0m:      	                     (11, 0.9578380876175734),
[92mINFO [0m:      	                     (12, 0.9578344852548742),
[92mINFO [0m:      	                     (13, 0.9578351603592579),
[92mINFO [0m:      	                     (14, 0.9578347029518424),
[92mINFO [0m:      	                     (15, 0.9578338056888982),
[92mINFO [0m:      	                     (16, 0.9578355444536649),
[92mINFO [0m:      	                     (17, 0.9578359791881892),
[92mINFO [0m:      	                     (18, 0.9578359816720914),
[92mINFO [0m:      	                     (19, 0.9578359958213427),
[92mINFO [0m:      	                     (20, 0.957836431363208),
[92mINFO [0m:      	                     (21, 0.9578366011810746),
[92mINFO [0m:      	                     (22, 0.9578369046456066),
[92mINFO [0m:      	                     (23, 0.9578368737102427),
[92mINFO [0m:      	                     (24, 0.9578365352259641),
[92mINFO [0m:      	                     (25, 0.9578364963054339),
[92mINFO [0m:      	                     (26, 0.9578362673418911),
[92mINFO [0m:      	                     (27, 0.957836187357007),
[92mINFO [0m:      	                     (28, 0.9578359495436741),
[92mINFO [0m:      	                     (29, 0.9578354224095756),
[92mINFO [0m:      	                     (30, 0.9578357785882388),
[92mINFO [0m:      	                     (31, 0.9578361081880579),
[92mINFO [0m:      	                     (32, 0.9578361240148711),
[92mINFO [0m:      	                     (33, 0.9578362724214251),
[92mINFO [0m:      	                     (34, 0.9578360510527719),
[92mINFO [0m:      	                     (35, 0.9578357346451682),
[92mINFO [0m:      	                     (36, 0.9578357866064318),
[92mINFO [0m:      	                     (37, 0.957835654849689),
[92mINFO [0m:      	                     (38, 0.9578359387691421),
[92mINFO [0m:      	                     (39, 0.9578356273417628),
[92mINFO [0m:      	                     (40, 0.9578355596186368),
[92mINFO [0m:      	                     (41, 0.9578354126504325),
[92mINFO [0m:      	                     (42, 0.9578353733142025),
[92mINFO [0m:      	                     (43, 0.9578352132488545),
[92mINFO [0m:      	                     (44, 0.957835129350371),
[92mINFO [0m:      	                     (45, 0.9578352236013191),
[92mINFO [0m:      	                     (46, 0.9578354550875644),
[92mINFO [0m:      	                     (47, 0.9578354084586012),
[92mINFO [0m:      	                     (48, 0.9578353380589735),
[92mINFO [0m:      	                     (49, 0.9578353093789751),
[92mINFO [0m:      	                     (50, 0.9578353033221194),
[92mINFO [0m:      	                     (51, 0.9578352173934362),
[92mINFO [0m:      	                     (52, 0.9578352132488545),
[92mINFO [0m:      	                     (53, 0.9578352318617155),
[92mINFO [0m:      	                     (54, 0.9578352667544449),
[92mINFO [0m:      	                     (55, 0.9578352708366978),
[92mINFO [0m:      	                     (56, 0.9578352871177648),
[92mINFO [0m:      	                     (57, 0.9578352830546898),
[92mINFO [0m:      	                     (58, 0.9578352911760453),
[92mINFO [0m:      	                     (59, 0.9578352932033875),
[92mINFO [0m:      	                     (60, 0.9578352952295311)],
[92mINFO [0m:      	 'global_train_rmse_mps': [(0, 0.03161901792727113),
[92mINFO [0m:      	                           (1, 0.031618830485639376),
[92mINFO [0m:      	                           (2, 0.031619201961324596),
[92mINFO [0m:      	                           (3, 0.031619200065101626),
[92mINFO [0m:      	                           (4, 0.031619049344551405),
[92mINFO [0m:      	                           (5, 0.03161874280506034),
[92mINFO [0m:      	                           (6, 0.03161849304548458),
[92mINFO [0m:      	                           (7, 0.03161896657510801),
[92mINFO [0m:      	                           (8, 0.03161888108846253),
[92mINFO [0m:      	                           (9, 0.03161882638272021),
[92mINFO [0m:      	                           (10, 0.03161747082841431),
[92mINFO [0m:      	                           (11, 0.031618612620797244),
[92mINFO [0m:      	                           (12, 0.03161996335741469),
[92mINFO [0m:      	                           (13, 0.0316197102256618),
[92mINFO [0m:      	                           (14, 0.03161988173171794),
[92mINFO [0m:      	                           (15, 0.03162021816000413),
[92mINFO [0m:      	                           (16, 0.03161956620778328),
[92mINFO [0m:      	                           (17, 0.03161940320137982),
[92mINFO [0m:      	                           (18, 0.03161940227002285),
[92mINFO [0m:      	                           (19, 0.031619396964659145),
[92mINFO [0m:      	                           (20, 0.031619233654663265),
[92mINFO [0m:      	                           (21, 0.03161916997983233),
[92mINFO [0m:      	                           (22, 0.031619056192588486),
[92mINFO [0m:      	                           (23, 0.0316190677921499),
[92mINFO [0m:      	                           (24, 0.03161919471034612),
[92mINFO [0m:      	                           (25, 0.03161920930397059),
[92mINFO [0m:      	                           (26, 0.03161929515590079),
[92mINFO [0m:      	                           (27, 0.0316193251468942),
[92mINFO [0m:      	                           (28, 0.03161941431680111),
[92mINFO [0m:      	                           (29, 0.03161961196881967),
[92mINFO [0m:      	                           (30, 0.03161947841767854),
[92mINFO [0m:      	                           (31, 0.031619354831918106),
[92mINFO [0m:      	                           (32, 0.03161934889753151),
[92mINFO [0m:      	                           (33, 0.03161929325128658),
[92mINFO [0m:      	                           (34, 0.0316193762552283),
[92mINFO [0m:      	                           (35, 0.03161949489440409),
[92mINFO [0m:      	                           (36, 0.031619475411206646),
[92mINFO [0m:      	                           (37, 0.03161952481418963),
[92mINFO [0m:      	                           (38, 0.03161941835678737),
[92mINFO [0m:      	                           (39, 0.03161953512844225),
[92mINFO [0m:      	                           (40, 0.03161956052159727),
[92mINFO [0m:      	                           (41, 0.03161961562805592),
[92mINFO [0m:      	                           (42, 0.03161963037735455),
[92mINFO [0m:      	                           (43, 0.031619690394515086),
[92mINFO [0m:      	                           (44, 0.031619721852551005),
[92mINFO [0m:      	                           (45, 0.03161968651281934),
[92mINFO [0m:      	                           (46, 0.031619599716052216),
[92mINFO [0m:      	                           (47, 0.03161961719980249),
[92mINFO [0m:      	                           (48, 0.03161964359645746),
[92mINFO [0m:      	                           (49, 0.031619654350144695),
[92mINFO [0m:      	                           (50, 0.031619656621187965),
[92mINFO [0m:      	                           (51, 0.03161968884048855),
[92mINFO [0m:      	                           (52, 0.031619690394515086),
[92mINFO [0m:      	                           (53, 0.031619683415552144),
[92mINFO [0m:      	                           (54, 0.03161967033238661),
[92mINFO [0m:      	                           (55, 0.03161966880172949),
[92mINFO [0m:      	                           (56, 0.03161966269707753),
[92mINFO [0m:      	                           (57, 0.03161966422054404),
[92mINFO [0m:      	                           (58, 0.03161966117540866),
[92mINFO [0m:      	                           (59, 0.031619660415248343),
[92mINFO [0m:      	                           (60, 0.031619659655537445)],
[92mINFO [0m:      	 'global_train_within_0_10_mps_pct': [(0, 98.21428571428571),
[92mINFO [0m:      	                                      (1, 98.21428571428571),
[92mINFO [0m:      	                                      (2, 98.21428571428571),
[92mINFO [0m:      	                                      (3, 98.21428571428571),
[92mINFO [0m:      	                                      (4, 98.21428571428571),
[92mINFO [0m:      	                                      (5, 98.21428571428571),
[92mINFO [0m:      	                                      (6, 98.21428571428571),
[92mINFO [0m:      	                                      (7, 98.21428571428571),
[92mINFO [0m:      	                                      (8, 98.21428571428571),
[92mINFO [0m:      	                                      (9, 98.21428571428571),
[92mINFO [0m:      	                                      (10, 98.21428571428571),
[92mINFO [0m:      	                                      (11, 98.21428571428571),
[92mINFO [0m:      	                                      (12, 98.21428571428571),
[92mINFO [0m:      	                                      (13, 98.21428571428571),
[92mINFO [0m:      	                                      (14, 98.21428571428571),
[92mINFO [0m:      	                                      (15, 98.21428571428571),
[92mINFO [0m:      	                                      (16, 98.21428571428571),
[92mINFO [0m:      	                                      (17, 98.21428571428571),
[92mINFO [0m:      	                                      (18, 98.21428571428571),
[92mINFO [0m:      	                                      (19, 98.21428571428571),
[92mINFO [0m:      	                                      (20, 98.21428571428571),
[92mINFO [0m:      	                                      (21, 98.21428571428571),
[92mINFO [0m:      	                                      (22, 98.21428571428571),
[92mINFO [0m:      	                                      (23, 98.21428571428571),
[92mINFO [0m:      	                                      (24, 98.21428571428571),
[92mINFO [0m:      	                                      (25, 98.21428571428571),
[92mINFO [0m:      	                                      (26, 98.21428571428571),
[92mINFO [0m:      	                                      (27, 98.21428571428571),
[92mINFO [0m:      	                                      (28, 98.21428571428571),
[92mINFO [0m:      	                                      (29, 98.21428571428571),
[92mINFO [0m:      	                                      (30, 98.21428571428571),
[92mINFO [0m:      	                                      (31, 98.21428571428571),
[92mINFO [0m:      	                                      (32, 98.21428571428571),
[92mINFO [0m:      	                                      (33, 98.21428571428571),
[92mINFO [0m:      	                                      (34, 98.21428571428571),
[92mINFO [0m:      	                                      (35, 98.21428571428571),
[92mINFO [0m:      	                                      (36, 98.21428571428571),
[92mINFO [0m:      	                                      (37, 98.21428571428571),
[92mINFO [0m:      	                                      (38, 98.21428571428571),
[92mINFO [0m:      	                                      (39, 98.21428571428571),
[92mINFO [0m:      	                                      (40, 98.21428571428571),
[92mINFO [0m:      	                                      (41, 98.21428571428571),
[92mINFO [0m:      	                                      (42, 98.21428571428571),
[92mINFO [0m:      	                                      (43, 98.21428571428571),
[92mINFO [0m:      	                                      (44, 98.21428571428571),
[92mINFO [0m:      	                                      (45, 98.21428571428571),
[92mINFO [0m:      	                                      (46, 98.21428571428571),
[92mINFO [0m:      	                                      (47, 98.21428571428571),
[92mINFO [0m:      	                                      (48, 98.21428571428571),
[92mINFO [0m:      	                                      (49, 98.21428571428571),
[92mINFO [0m:      	                                      (50, 98.21428571428571),
[92mINFO [0m:      	                                      (51, 98.21428571428571),
[92mINFO [0m:      	                                      (52, 98.21428571428571),
[92mINFO [0m:      	                                      (53, 98.21428571428571),
[92mINFO [0m:      	                                      (54, 98.21428571428571),
[92mINFO [0m:      	                                      (55, 98.21428571428571),
[92mINFO [0m:      	                                      (56, 98.21428571428571),
[92mINFO [0m:      	                                      (57, 98.21428571428571),
[92mINFO [0m:      	                                      (58, 98.21428571428571),
[92mINFO [0m:      	                                      (59, 98.21428571428571),
[92mINFO [0m:      	                                      (60, 98.21428571428571)]}
[92mINFO [0m:      
{
  "regression": {
    "experiment": "combined_3client_iid_flower_residual_run_regression",
    "framework": "Flower",
    "strategy": "FedAvg weighted by unique complete training runs",
    "architecture": "Unchanged SimpleCNN1D with one standardized residual output",
    "rounds": 60,
    "local_epochs_per_round": 1,
    "subjects": [
      "001",
      "002",
      "003",
      "004",
      "005",
      "007",
      "008"
    ],
    "selected_channels_one_based": [
      1,
      2,
      3,
      4,
      5,
      6,
      7,
      8,
      10
    ],
    "method": {
      "baseline": "Federated global source/subject mean from unique train-run sufficient statistics",
      "train_residual_scale_mps": 0.03161902032795284,
      "prediction": "source_subject_train_mean + residual_scale * mean(window standardized residual predictions)",
      "optimization_unit": "complete run",
      "client_aggregation_weight": "unique complete training runs (37/38/37)"
    },
    "round_0_global_train_metrics": {
      "standardized_mse": 0.999999991950712,
      "mse_mps2": 0.0009997622946850931,
      "rmse_mps": 0.03161901792727113,
      "mae_mps": 0.0220742044704301,
      "bias_mps": 1.3836792537144253e-08,
      "r2": 0.957837006696929,
      "within_0_10_mps_pct": 98.21428571428571
    },
    "final_global_train_metrics": {
      "standardized_mse": 1.000040598878903,
      "mse_mps2": 0.0009998028767320224,
      "rmse_mps": 0.031619659655537445,
      "mae_mps": 0.022102984998907362,
      "bias_mps": -0.00020144986254828318,
      "r2": 0.9578352952295311,
      "within_0_10_mps_pct": 98.21428571428571
    },
    "test_run_metrics": {
      "mse": 0.0016467444145007448,
      "rmse_mps": 0.04058009874927296,
      "mae_mps": 0.024188118321555003,
      "bias_mps": -0.011323886258261544,
      "r2": 0.9244329730504846,
      "within_0_10_mps_pct": 96.42857142857143,
      "median_absolute_error_mps": 0.014368116855621338
    },
    "test_window_metrics": {
      "mse": 0.0017272807718925168,
      "rmse_mps": 0.04156056751167526,
      "mae_mps": 0.024741745796524175,
      "bias_mps": -0.011613105525489614,
      "r2": 0.919909054424276,
      "within_0_10_mps_pct": 96.21848739495799,
      "median_absolute_error_mps": 0.015201449394226074
    },
    "test_source_subject_mean_baseline_run_metrics": {
      "mse": 0.00164222312811271,
      "rmse_mps": 0.04052435228492505,
      "mae_mps": 0.02413055608212821,
      "bias_mps": -0.011122433703965349,
      "r2": 0.9246404491878393,
      "within_0_10_mps_pct": 96.42857142857143,
      "median_absolute_error_mps": 0.014166661898295074
    },
    "test_run_metrics_by_subject": {
      "001": {
        "mse": 0.00044456839987816466,
        "rmse_mps": 0.021084790724077977,
        "mae_mps": 0.016277194023132324,
        "bias_mps": -0.007554411888122559,
        "r2": -0.14727547826143828,
        "within_0_10_mps_pct": 100.0,
        "median_absolute_error_mps": 0.012499988079071045
      },
      "002": {
        "mse": 0.00018042485283729093,
        "rmse_mps": 0.013432231863591803,
        "mae_mps": 0.011706948280334473,
        "bias_mps": -0.002534794807434082,
        "r2": -0.03692641937287111,
        "within_0_10_mps_pct": 100.0,
        "median_absolute_error_mps": 0.013534784317016602
      },
      "003": {
        "mse": 0.00040061543470366293,
        "rmse_mps": 0.020015379954016935,
        "mae_mps": 0.017229182379586355,
        "bias_mps": -0.0016300337655203684,
        "r2": 0.7273592147267974,
        "within_0_10_mps_pct": 100.0,
        "median_absolute_error_mps": 0.015201449394226074
      },
      "004": {
        "mse": 0.0003769082034210669,
        "rmse_mps": 0.019414123812860236,
        "mae_mps": 0.014238397280375162,
        "bias_mps": 0.009381890296936035,
        "r2": -0.304684731098837,
        "within_0_10_mps_pct": 100.0,
        "median_absolute_error_mps": 0.007284760475158691
      },
      "005": {
        "mse": 7.241526638779305e-05,
        "rmse_mps": 0.00850971599924422,
        "mae_mps": 0.007631262143452962,
        "bias_mps": 0.00043952465057373047,
        "r2": -0.0026748316651534765,
        "within_0_10_mps_pct": 100.0,
        "median_absolute_error_mps": 0.007893800735473633
      },
      "007": {
        "mse": 0.011251426990336691,
        "rmse_mps": 0.10607274386163813,
        "mae_mps": 0.08309745788574219,
        "bias_mps": -0.06929230690002441,
        "r2": -0.744406421285341,
        "within_0_10_mps_pct": 66.66666666666666,
        "median_absolute_error_mps": 0.05429232120513916
      },
      "008": {
        "mse": 0.0018406287729864819,
        "rmse_mps": 0.04290254972593682,
        "mae_mps": 0.03937272230784098,
        "bias_mps": -0.028118093808492024,
        "r2": -0.7529771567294472,
        "within_0_10_mps_pct": 100.0,
        "median_absolute_error_mps": 0.04311811923980713
      }
    },
    "test_run_metrics_by_source": {
      "test_2": {
        "mse": 0.0003042102654514058,
        "rmse_mps": 0.01744162450723572,
        "mae_mps": 0.014188408851623535,
        "bias_mps": -0.007976724551274227,
        "r2": 0.9653922573510101,
        "within_0_10_mps_pct": 100.0,
        "median_absolute_error_mps": 0.013534784317016602
      },
      "testing_20251124": {
        "mse": 0.0028102740103435053,
        "rmse_mps": 0.053012017603025686,
        "mae_mps": 0.032854533195495604,
        "bias_mps": -0.014224759737650554,
        "r2": 0.6903696058897294,
        "within_0_10_mps_pct": 93.33333333333333,
        "median_absolute_error_mps": 0.02070772647857666
      }
    },
    "test_evaluation_policy": "Held-out 20% run split evaluated exactly once after Flower round 60; no validation or best-round selection.",
    "test_evaluation_count": 1,
    "test_round": 60,
    "comparison_vs_centralized_residual_cnn": {
      "fl_rmse_mps": 0.04058009874927296,
      "centralized_rmse_mps": 0.0381515954787989,
      "rmse_difference_mps": 0.0024285032704740583,
      "fl_r2": 0.9244329730504846,
      "centralized_r2": 0.933206908334583,
      "r2_difference": -0.008773935284098422
    },
    "integrity_audit": {
      "framework": "Flower",
      "flower_strategy": "FedAvg",
      "num_rounds": 60,
      "local_epochs_per_round": 1,
      "successful_client_fits": 180,
      "expected_clients_every_round": [
        "client_0",
        "client_1",
        "client_2"
      ],
      "fedavg_num_examples_by_client": {
        "client_0": 37,
        "client_1": 38,
        "client_2": 37
      },
      "fedavg_total_weight": 112,
      "round_one_parameters_changed": true,
      "global_train_evaluation_rounds": [
        0,
        1,
        2,
        3,
        4,
        5,
        6,
        7,
        8,
        9,
        10,
        11,
        12,
        13,
        14,
        15,
        16,
        17,
        18,
        19,
        20,
        21,
        22,
        23,
        24,
        25,
        26,
        27,
        28,
        29,
        30,
        31,
        32,
        33,
        34,
        35,
        36,
        37,
        38,
        39,
        40,
        41,
        42,
        43,
        44,
        45,
        46,
        47,
        48,
        49,
        50,
        51,
        52,
        53,
        54,
        55,
        56,
        57,
        58,
        59,
        60
      ],
      "test_evaluations_during_training": 0,
      "local_optimizer": "Adam recreated independently on every client and round",
      "client_shuffle_seed": "4601 + 1000*server_round + integer_client_id",
      "learning_rate_schedule": "round-wise cosine annealing; t=round-1",
      "round_1_learning_rate": 0.001,
      "final_round_learning_rate": 1.0678380296485953e-05,
      "saved_model_reproduces_final_global_train_history": true,
      "final_test_unique_runs": 28,
      "final_test_windows": 238,
      "test_evaluation_count": 1
    },
    "model_path": "/home/coder/workspace/Federated-learning-floor-vibration-classification-and-regression-analysis/artifacts/combined_iid_flower_3clients_60r/regression/flower_iid_global_residual_regression_model.pt",
    "global_train_history_path": "/home/coder/workspace/Federated-learning-floor-vibration-classification-and-regression-analysis/artifacts/combined_iid_flower_3clients_60r/regression/global_train_history.csv",
    "local_client_fit_history_path": "/home/coder/workspace/Federated-learning-floor-vibration-classification-and-regression-analysis/artifacts/combined_iid_flower_3clients_60r/regression/local_client_fit_history.csv",
    "train_source_subject_means_path": "/home/coder/workspace/Federated-learning-floor-vibration-classification-and-regression-analysis/artifacts/combined_iid_flower_3clients_60r/regression/train_source_subject_means.csv",
    "test_run_predictions_path": "/home/coder/workspace/Federated-learning-floor-vibration-classification-and-regression-analysis/artifacts/combined_iid_flower_3clients_60r/regression/test_run_predictions.csv",
    "test_window_predictions_path": "/home/coder/workspace/Federated-learning-floor-vibration-classification-and-regression-analysis/artifacts/combined_iid_flower_3clients_60r/regression/test_window_predictions.csv",
    "training_comparison_plot": "/home/coder/workspace/Federated-learning-floor-vibration-classification-and-regression-analysis/artifacts/combined_iid_flower_3clients_60r/regression/centralized_vs_flower_global_train_metrics.png",
    "actual_vs_predicted_plot": "/home/coder/workspace/Federated-learning-floor-vibration-classification-and-regression-analysis/artifacts/combined_iid_flower_3clients_60r/regression/actual_vs_predicted_speed.png",
    "heldout_rmse_comparison_plot": "/home/coder/workspace/Federated-learning-floor-vibration-classification-and-regression-analysis/artifacts/combined_iid_flower_3clients_60r/regression/heldout_run_rmse_comparison.png",
    "per_subject_rmse_comparison_plot": "/home/coder/workspace/Federated-learning-floor-vibration-classification-and-regression-analysis/artifacts/combined_iid_flower_3clients_60r/regression/centralized_vs_flower_per_subject_rmse.png",
    "paired_run_error_plot": "/home/coder/workspace/Federated-learning-floor-vibration-classification-and-regression-analysis/artifacts/combined_iid_flower_3clients_60r/regression/centralized_vs_flower_paired_run_absolute_errors.png"
  }
}
[36m(ClientAppActor pid=171132)[0m [2026-08-13 16:07:42,596 E 171132 171858] core_worker_process.cc:825: Failed to establish connection to the metrics exporter agent. Metrics will not be exported. Exporter agent status: RpcError: Running out of retries to initialize the metrics agent. rpc_code: 14[32m [repeated 5x across cluster][0m
