subject_id,run_index,trial_number,sensor_name,sensor_label,channel,daq_channel,model,serial,units,location_x,location_y,location_z,direction_x,direction_y,direction_z,fs_hz,record_seconds,no_step_start_s,no_step_end_s,data_start_s,data_end_s,no_step_samples,signal_samples,speed_mps,skip_run,include_in_summary,noise_rms,signal_rms,rms_ratio,noise_power,signal_power,snr_db,excess_snr_db,noise_peak_to_peak,signal_peak_to_peak,status,hdf5_file
003,0,1,1,1,1,cDAQ1Mod1/ai0,393B31,51815,g,83,991,0,0,0,-1,1651.6129,29.999766,1,7,16,30,9909,23122,1.445,0,1,0.00041256247,0.00083724488,2.0293772,1.7020779e-07,7.0097899e-07,6.1472557,4.9392791,0.0029418378,0.04100444,weak,TestData/20251124_Testing/vib/Data/TestSetup_003.hdf5
003,0,1,2,2,2,cDAQ1Mod1/ai1,393B31,51819,g,0.3,886,0,0,0,-1,1651.6129,29.999766,1,7,16,30,9909,23122,1.445,0,1,0.00044340943,0.00094298766,2.1266748,1.9661192e-07,8.8922572e-07,6.5540216,5.4688129,0.0027850476,0.04115029,weak,TestData/20251124_Testing/vib/Data/TestSetup_003.hdf5
003,0,1,3,3,3,cDAQ1Mod1/ai2,393B31,72538,g,84,905,0,0,0,-1,1651.6129,29.999766,1,7,16,30,9909,23122,1.445,0,1,0.00040850265,0.00086128925,2.1084056,1.6687441e-07,7.4181918e-07,6.4790831,5.3723637,0.0024508281,0.04443617,weak,TestData/20251124_Testing/vib/Data/TestSetup_003.hdf5
003,0,1,4,4,4,cDAQ1Mod1/ai3,393B31,51835,g,0.3,739,0,0,0,-1,1651.6129,29.999766,1,7,16,30,9909,23122,1.445,0,1,0.00020956718,0.00055471756,2.6469678,4.3918403e-08,3.0771158e-07,8.454973,7.7861702,0.0015999424,0.024607426,weak,TestData/20251124_Testing/vib/Data/TestSetup_003.hdf5
003,0,1,5,5,5,cDAQ1Mod2/ai0,393B31,51836,g,83,553,0,0,0,-1,1651.6129,29.999766,1,7,16,30,9909,23122,1.445,0,1,0.00025552005,0.00078298063,3.064263,6.5290495e-08,6.1305867e-07,9.7265208,9.2374684,0.0019225782,0.029095636,weak,TestData/20251124_Testing/vib/Data/TestSetup_003.hdf5
003,0,1,6,6,6,cDAQ1Mod2/ai1,393B31,61292,g,30,372,0,0,0,-1,1651.6129,29.999766,1,7,16,30,9909,23122,1.445,0,1,0.00024720081,0.00065688299,2.657285,6.1108239e-08,4.3149526e-07,8.4887626,7.8255599,0.0018510427,0.018003082,weak,TestData/20251124_Testing/vib/Data/TestSetup_003.hdf5
003,0,1,7,7,7,cDAQ1Mod2/ai2,393B31,61321,g,84,234,0,0,0,-1,1651.6129,29.999766,1,7,16,30,9909,23122,1.445,0,1,0.00024653529,0.00033246527,1.3485504,6.077965e-08,1.1053315e-07,2.5973436,-0.86934533,0.0015992533,0.018612942,noisy,TestData/20251124_Testing/vib/Data/TestSetup_003.hdf5
003,0,1,8x,8x,8,cDAQ1Mod2/ai3,393A03,67865,g,0,103,0,-1,0,0,1651.6129,29.999766,1,7,16,30,9909,23122,1.445,0,1,0.00011919767,0.00025031514,2.1000003,1.4208085e-08,6.2657672e-08,6.444387,5.3275452,0.00097593671,0.0082500769,weak,TestData/20251124_Testing/vib/Data/TestSetup_003.hdf5
003,0,1,8y,8y,9,cDAQ1Mod3/ai0,393A03,67866,g,0,103,0,0,-1,0,1651.6129,29.999766,1,7,16,30,9909,23122,1.445,0,1,0.00015045864,0.00032723584,2.1749223,2.2637802e-08,1.070833e-07,6.7488748,5.7174223,0.0012724538,0.015086964,weak,TestData/20251124_Testing/vib/Data/TestSetup_003.hdf5
003,0,1,8z,8z,10,cDAQ1Mod3/ai1,393A03,68542,g,0,103,0,0,0,-1,1651.6129,29.999766,1,7,16,30,9909,23122,1.445,0,1,0.00021495561,0.00030904835,1.437731,4.6205913e-08,9.5510882e-08,3.153553,0.28193134,0.0016232495,0.0069826459,weak,TestData/20251124_Testing/vib/Data/TestSetup_003.hdf5
003,0,1,9x,9x,11,cDAQ1Mod3/ai2,393A03,68578,g,443,1105,0,-1,0,0,1651.6129,29.999766,1,7,16,30,9909,23122,1.445,0,1,0.00016443908,0.00017080878,1.0387359,2.7040211e-08,2.9175639e-08,0.33010308,-11.02525,0.0011986239,0.0023391289,noisy,TestData/20251124_Testing/vib/Data/TestSetup_003.hdf5
003,0,1,9y,9y,12,cDAQ1Mod3/ai3,393A03,68588,g,443,1105,0,0,-1,0,1651.6129,29.999766,1,7,16,30,9909,23122,1.445,0,1,0.0002713488,0.0002676471,0.98635815,7.363017e-08,7.163497e-08,-0.11930721,,0.0017374069,0.0021496624,noisy,TestData/20251124_Testing/vib/Data/TestSetup_003.hdf5
003,0,1,9z,9z,13,cDAQ1Mod4/ai0,393A03,68595,g,443,1105,0,0,0,-1,1651.6129,29.999766,1,7,16,30,9909,23122,1.445,0,1,0.00044130478,0.00043139245,0.97753859,1.9474991e-07,1.8609945e-07,-0.1973218,,0.0024301684,0.004580195,noisy,TestData/20251124_Testing/vib/Data/TestSetup_003.hdf5
003,0,1,10,10,14,cDAQ1Mod4/ai1,393A03,61596,g,311,1010,0,0,0,-1,1651.6129,29.999766,1,7,16,30,9909,23122,1.445,0,1,0.0010646921,0.0010677409,1.0028636,1.1335692e-06,1.1400706e-06,0.024837008,-22.414426,0.0047831571,0.00583875,noisy,TestData/20251124_Testing/vib/Data/TestSetup_003.hdf5
003,0,1,11,11,15,cDAQ1Mod4/ai2,393B31,61603,g,311,973,0,0,0,-1,1651.6129,29.999766,1,7,16,30,9909,23122,1.445,0,1,0.00029214963,0.00031931698,1.0929912,8.5351404e-08,1.0196333e-07,0.77233352,-7.1079061,0.0019167411,0.0056941278,noisy,TestData/20251124_Testing/vib/Data/TestSetup_003.hdf5
003,0,1,12,12,16,cDAQ1Mod4/ai3,393B31,61605,g,141,905,0,0,0,-1,1651.6129,29.999766,1,7,16,30,9909,23122,1.445,0,1,0.00027949467,0.00040801331,1.459825,7.8117273e-08,1.6647486e-07,3.2860159,0.53496791,0.0019468562,0.010221711,weak,TestData/20251124_Testing/vib/Data/TestSetup_003.hdf5
003,0,1,13,13,17,cDAQ1Mod5/ai0,393B31,72955,g,167,733,0,0,0,-1,1651.6129,29.999766,1,7,16,30,9909,23122,1.445,0,1,0.00030105742,0.00036470679,1.2114194,9.0635568e-08,1.3301104e-07,1.6658903,-3.3018411,0.0020564763,0.0097658758,noisy,TestData/20251124_Testing/vib/Data/TestSetup_003.hdf5
003,0,1,14,14,18,cDAQ1Mod5/ai1,393B31,72956,g,264,469,0,0,0,-1,1651.6129,29.999766,1,7,16,30,9909,23122,1.445,0,1,0.00033621265,0.00035143111,1.0452644,1.1303894e-07,1.2350383e-07,0.38452324,-10.334937,0.0022225473,0.0051781316,noisy,TestData/20251124_Testing/vib/Data/TestSetup_003.hdf5
003,0,1,15,15,19,cDAQ1Mod5/ai2,393B31,61462,g,192,267,0,0,0,-1,1651.6129,29.999766,1,7,16,30,9909,23122,1.445,0,1,0.00031331194,0.00035085743,1.1198342,9.8164369e-08,1.2310093e-07,0.98307465,-5.9511727,0.0018343797,0.0099286486,noisy,TestData/20251124_Testing/vib/Data/TestSetup_003.hdf5
003,0,1,16,16,20,cDAQ1Mod5/ai3,393B31,61593,g,408,181,0,0,0,-1,1651.6129,29.999766,1,7,16,30,9909,23122,1.445,0,1,0.00039865743,0.00036654433,0.91944688,1.5892774e-07,1.3435474e-07,-0.7294671,,0.0021079717,0.0028070379,noisy,TestData/20251124_Testing/vib/Data/TestSetup_003.hdf5
003,1,2,1,1,1,cDAQ1Mod1/ai0,393B31,51815,g,83,991,0,0,0,-1,1651.6129,29.999766,1,7,16,30,9909,23122,1.475,0,1,0.00084306787,0.00090975864,1.0791049,7.1076343e-07,8.2766079e-07,0.66127305,-7.8392038,0.0062995275,0.029711411,noisy,TestData/20251124_Testing/vib/Data/TestSetup_003.hdf5
003,1,2,2,2,2,cDAQ1Mod1/ai1,393B31,51819,g,0.3,886,0,0,0,-1,1651.6129,29.999766,1,7,16,30,9909,23122,1.475,0,1,0.00061731089,0.00093491119,1.51449,3.8107273e-07,8.7405894e-07,3.6053285,1.118269,0.0043223908,0.039119359,weak,TestData/20251124_Testing/vib/Data/TestSetup_003.hdf5
003,1,2,3,3,3,cDAQ1Mod1/ai2,393B31,72538,g,84,905,0,0,0,-1,1651.6129,29.999766,1,7,16,30,9909,23122,1.475,0,1,0.00058236996,0.00099602813,1.7103013,3.3915477e-07,9.9207203e-07,4.6614527,2.8446021,0.0045200438,0.057740051,weak,TestData/20251124_Testing/vib/Data/TestSetup_003.hdf5
003,1,2,4,4,4,cDAQ1Mod1/ai3,393B31,51835,g,0.3,739,0,0,0,-1,1651.6129,29.999766,1,7,16,30,9909,23122,1.475,0,1,0.00031691238,0.00061777496,1.9493558,1.0043345e-07,3.8164591e-07,5.7978221,4.4715615,0.0022674808,0.019211433,weak,TestData/20251124_Testing/vib/Data/TestSetup_003.hdf5
003,1,2,5,5,5,cDAQ1Mod2/ai0,393B31,51836,g,83,553,0,0,0,-1,1651.6129,29.999766,1,7,16,30,9909,23122,1.475,0,1,0.0002983626,0.00085852045,2.8774399,8.902024e-08,7.3705736e-07,9.1801253,8.6211112,0.0023661777,0.042089319,weak,TestData/20251124_Testing/vib/Data/TestSetup_003.hdf5
003,1,2,6,6,6,cDAQ1Mod2/ai1,393B31,61292,g,30,372,0,0,0,-1,1651.6129,29.999766,1,7,16,30,9909,23122,1.475,0,1,0.00027015764,0.00073125712,2.7067793,7.2985151e-08,5.3473697e-07,8.649057,8.0117411,0.0021737693,0.022402489,weak,TestData/20251124_Testing/vib/Data/TestSetup_003.hdf5
003,1,2,7,7,7,cDAQ1Mod2/ai2,393B31,61321,g,84,234,0,0,0,-1,1651.6129,29.999766,1,7,16,30,9909,23122,1.475,0,1,0.0002335519,0.0006066417,2.5974599,5.454649e-08,3.6801415e-07,8.2909771,7.5942593,0.0015364536,0.033567895,weak,TestData/20251124_Testing/vib/Data/TestSetup_003.hdf5
003,1,2,8x,8x,8,cDAQ1Mod2/ai3,393A03,67865,g,0,103,0,-1,0,0,1651.6129,29.999766,1,7,16,30,9909,23122,1.475,0,1,0.0001279263,0.00026794467,2.0945237,1.6365137e-08,7.1794344e-08,6.4217057,5.29819,0.00094526262,0.016036913,weak,TestData/20251124_Testing/vib/Data/TestSetup_003.hdf5
003,1,2,8y,8y,9,cDAQ1Mod3/ai0,393A03,67866,g,0,103,0,0,-1,0,1651.6129,29.999766,1,7,16,30,9909,23122,1.475,0,1,0.00017342632,0.00042518543,2.4516777,3.0076688e-08,1.8078265e-07,7.7892674,6.9990042,0.0012472627,0.026250887,weak,TestData/20251124_Testing/vib/Data/TestSetup_003.hdf5
003,1,2,8z,8z,10,cDAQ1Mod3/ai1,393A03,68542,g,0,103,0,0,0,-1,1651.6129,29.999766,1,7,16,30,9909,23122,1.475,0,1,0.00022330563,0.00048227795,2.1597214,4.9865406e-08,2.3259202e-07,6.6879546,5.6400246,0.0015078238,0.025631183,weak,TestData/20251124_Testing/vib/Data/TestSetup_003.hdf5
003,1,2,9x,9x,11,cDAQ1Mod3/ai2,393A03,68578,g,443,1105,0,-1,0,0,1651.6129,29.999766,1,7,16,30,9909,23122,1.475,0,1,0.00017339277,0.00017470034,1.0075411,3.0065052e-08,3.0520209e-08,0.065255378,-18.199011,0.0012723662,0.0015917076,noisy,TestData/20251124_Testing/vib/Data/TestSetup_003.hdf5
003,1,2,9y,9y,12,cDAQ1Mod3/ai3,393A03,68588,g,443,1105,0,0,-1,0,1651.6129,29.999766,1,7,16,30,9909,23122,1.475,0,1,0.00027402427,0.00027278796,0.99548831,7.5089302e-08,7.4413271e-08,-0.039276721,,0.0019172665,0.0018517506,noisy,TestData/20251124_Testing/vib/Data/TestSetup_003.hdf5
003,1,2,9z,9z,13,cDAQ1Mod4/ai0,393A03,68595,g,443,1105,0,0,0,-1,1651.6129,29.999766,1,7,16,30,9909,23122,1.475,0,1,0.00045179561,0.00045573528,1.00872,2.0411927e-07,2.0769465e-07,0.075412937,-17.565624,0.002696675,0.002696675,noisy,TestData/20251124_Testing/vib/Data/TestSetup_003.hdf5
003,1,2,10,10,14,cDAQ1Mod4/ai1,393A03,61596,g,311,1010,0,0,0,-1,1651.6129,29.999766,1,7,16,30,9909,23122,1.475,0,1,0.0010985289,0.0011193401,1.0189446,1.2067657e-06,1.2529223e-06,0.1630118,-14.173892,0.0048759454,0.0054293156,noisy,TestData/20251124_Testing/vib/Data/TestSetup_003.hdf5
003,1,2,11,11,15,cDAQ1Mod4/ai2,393B31,61603,g,311,973,0,0,0,-1,1651.6129,29.999766,1,7,16,30,9909,23122,1.475,0,1,0.00033877838,0.00031821673,0.93930649,1.1477079e-07,1.0126189e-07,-0.54385353,,0.0026228991,0.0033599592,noisy,TestData/20251124_Testing/vib/Data/TestSetup_003.hdf5
003,1,2,12,12,16,cDAQ1Mod4/ai3,393B31,61605,g,141,905,0,0,0,-1,1651.6129,29.999766,1,7,16,30,9909,23122,1.475,0,1,0.0003622935,0.00040052229,1.1055188,1.3125658e-07,1.604181e-07,0.87132298,-6.5331085,0.0029136965,0.0093611021,noisy,TestData/20251124_Testing/vib/Data/TestSetup_003.hdf5
003,1,2,13,13,17,cDAQ1Mod5/ai0,393B31,72955,g,167,733,0,0,0,-1,1651.6129,29.999766,1,7,16,30,9909,23122,1.475,0,1,0.00032190731,0.00037186459,1.1551915,1.0362432e-07,1.3828327e-07,1.2530798,-4.7564616,0.0022995672,0.0087177025,noisy,TestData/20251124_Testing/vib/Data/TestSetup_003.hdf5
003,1,2,14,14,18,cDAQ1Mod5/ai1,393B31,72956,g,264,469,0,0,0,-1,1651.6129,29.999766,1,7,16,30,9909,23122,1.475,0,1,0.00035115199,0.00036344696,1.0350133,1.2330772e-07,1.3209369e-07,0.29891829,-11.472002,0.0026505944,0.0045281646,noisy,TestData/20251124_Testing/vib/Data/TestSetup_003.hdf5
003,1,2,15,15,19,cDAQ1Mod5/ai2,393B31,61462,g,192,267,0,0,0,-1,1651.6129,29.999766,1,7,16,30,9909,23122,1.475,0,1,0.00033415984,0.00038353112,1.1477475,1.116628e-07,1.4709612e-07,1.1969272,-4.984966,0.0021063153,0.0081152447,noisy,TestData/20251124_Testing/vib/Data/TestSetup_003.hdf5
003,1,2,16,16,20,cDAQ1Mod5/ai3,393B31,61593,g,408,181,0,0,0,-1,1651.6129,29.999766,1,7,16,30,9909,23122,1.475,0,1,0.00037842095,0.00039146183,1.0344613,1.4320241e-07,1.5324237e-07,0.29428509,-11.542187,0.0020884529,0.0032408885,noisy,TestData/20251124_Testing/vib/Data/TestSetup_003.hdf5
003,2,3,1,1,1,cDAQ1Mod1/ai0,393B31,51815,g,83,991,0,0,0,-1,1651.6129,29.999766,1,7,16,30,9909,23122,1.53,0,1,0.0008269068,0.0010253255,1.2399529,6.8377485e-07,1.0512924e-06,1.868104,-2.6963506,0.0060069277,0.036934958,noisy,TestData/20251124_Testing/vib/Data/TestSetup_003.hdf5
003,2,3,2,2,2,cDAQ1Mod1/ai1,393B31,51819,g,0.3,886,0,0,0,-1,1651.6129,29.999766,1,7,16,30,9909,23122,1.53,0,1,0.00060449545,0.001001529,1.6568015,3.6541474e-07,1.0030602e-06,4.3854095,2.4179324,0.0043245912,0.028918499,weak,TestData/20251124_Testing/vib/Data/TestSetup_003.hdf5
003,2,3,3,3,3,cDAQ1Mod1/ai2,393B31,72538,g,84,905,0,0,0,-1,1651.6129,29.999766,1,7,16,30,9909,23122,1.53,0,1,0.00057389927,0.00094426285,1.645346,3.2936037e-07,8.9163234e-07,4.3251447,2.3227509,0.003982987,0.033870185,weak,TestData/20251124_Testing/vib/Data/TestSetup_003.hdf5
003,2,3,4,4,4,cDAQ1Mod1/ai3,393B31,51835,g,0.3,739,0,0,0,-1,1651.6129,29.999766,1,7,16,30,9909,23122,1.53,0,1,0.00030664639,0.00066279724,2.1614383,9.4032006e-08,4.3930018e-07,6.6948568,5.6488085,0.00215111,0.025211654,weak,TestData/20251124_Testing/vib/Data/TestSetup_003.hdf5
003,2,3,5,5,5,cDAQ1Mod2/ai0,393B31,51836,g,83,553,0,0,0,-1,1651.6129,29.999766,1,7,16,30,9909,23122,1.53,0,1,0.00029724607,0.00094078611,3.1650078,8.8355223e-08,8.850785e-07,10.007496,9.5507528,0.0025161145,0.031608928,good,TestData/20251124_Testing/vib/Data/TestSetup_003.hdf5
003,2,3,6,6,6,cDAQ1Mod2/ai1,393B31,61292,g,30,372,0,0,0,-1,1651.6129,29.999766,1,7,16,30,9909,23122,1.53,0,1,0.00027820598,0.00074941111,2.6937276,7.7398566e-08,5.6161702e-07,8.6070734,7.9630842,0.00213878,0.02357851,weak,TestData/20251124_Testing/vib/Data/TestSetup_003.hdf5
003,2,3,7,7,7,cDAQ1Mod2/ai2,393B31,61321,g,84,234,0,0,0,-1,1651.6129,29.999766,1,7,16,30,9909,23122,1.53,0,1,0.00023148008,0.00053357678,2.3050657,5.3583025e-08,2.8470419e-07,7.2536662,6.3481248,0.0017116383,0.030214592,weak,TestData/20251124_Testing/vib/Data/TestSetup_003.hdf5
003,2,3,8x,8x,8,cDAQ1Mod2/ai3,393A03,67865,g,0,103,0,-1,0,0,1651.6129,29.999766,1,7,16,30,9909,23122,1.53,0,1,0.00012532067,0.00023947548,1.9109017,1.570527e-08,5.7348505e-08,5.6247671,4.2349907,0.00098720474,0.013172955,weak,TestData/20251124_Testing/vib/Data/TestSetup_003.hdf5
003,2,3,8y,8y,9,cDAQ1Mod3/ai0,393A03,67866,g,0,103,0,0,-1,0,1651.6129,29.999766,1,7,16,30,9909,23122,1.53,0,1,0.00016764778,0.00037476289,2.2354181,2.8105779e-08,1.4044722e-07,6.9871754,6.0174438,0.0012718394,0.027479103,weak,TestData/20251124_Testing/vib/Data/TestSetup_003.hdf5
003,2,3,8z,8z,10,cDAQ1Mod3/ai1,393A03,68542,g,0,103,0,0,0,-1,1651.6129,29.999766,1,7,16,30,9909,23122,1.53,0,1,0.00022104888,0.00036174439,1.6364905,4.8862609e-08,1.30859e-07,4.2782696,2.2481811,0.0016445121,0.00981908,weak,TestData/20251124_Testing/vib/Data/TestSetup_003.hdf5
003,2,3,9x,9x,11,cDAQ1Mod3/ai2,393A03,68578,g,443,1105,0,-1,0,0,1651.6129,29.999766,1,7,16,30,9909,23122,1.53,0,1,0.00017008637,0.00017802518,1.0466751,2.8929373e-08,3.1692963e-08,0.39623822,-10.198654,0.0013361095,0.0028790722,noisy,TestData/20251124_Testing/vib/Data/TestSetup_003.hdf5
003,2,3,9y,9y,12,cDAQ1Mod3/ai3,393A03,68588,g,443,1105,0,0,-1,0,1651.6129,29.999766,1,7,16,30,9909,23122,1.53,0,1,0.00027647446,0.00027960729,1.0113313,7.643813e-08,7.8180238e-08,0.097869367,-16.422349,0.0018325903,0.0025081455,noisy,TestData/20251124_Testing/vib/Data/TestSetup_003.hdf5
003,2,3,9z,9z,13,cDAQ1Mod4/ai0,393A03,68595,g,443,1105,0,0,0,-1,1651.6129,29.999766,1,7,16,30,9909,23122,1.53,0,1,0.00044235054,0.00045664957,1.0323251,1.95674e-07,2.0852883e-07,0.27632982,-11.824668,0.0026495715,0.0032749324,noisy,TestData/20251124_Testing/vib/Data/TestSetup_003.hdf5
003,2,3,10,10,14,cDAQ1Mod4/ai1,393A03,61596,g,311,1010,0,0,0,-1,1651.6129,29.999766,1,7,16,30,9909,23122,1.53,0,1,0.0010915725,0.0011096121,1.0165263,1.1915306e-06,1.2312391e-06,0.14237202,-14.772216,0.0050671626,0.0065129858,noisy,TestData/20251124_Testing/vib/Data/TestSetup_003.hdf5
003,2,3,11,11,15,cDAQ1Mod4/ai2,393B31,61603,g,311,973,0,0,0,-1,1651.6129,29.999766,1,7,16,30,9909,23122,1.53,0,1,0.0003521459,0.00036900032,1.047862,1.2400674e-07,1.3616123e-07,0.406082,-10.087083,0.0028499493,0.0044528907,noisy,TestData/20251124_Testing/vib/Data/TestSetup_003.hdf5
003,2,3,12,12,16,cDAQ1Mod4/ai3,393B31,61605,g,141,905,0,0,0,-1,1651.6129,29.999766,1,7,16,30,9909,23122,1.53,0,1,0.00035395583,0.00040624349,1.1477237,1.2528473e-07,1.6503377e-07,1.1967469,-4.9857146,0.0024810052,0.0076759102,noisy,TestData/20251124_Testing/vib/Data/TestSetup_003.hdf5
003,2,3,13,13,17,cDAQ1Mod5/ai0,393B31,72955,g,167,733,0,0,0,-1,1651.6129,29.999766,1,7,16,30,9909,23122,1.53,0,1,0.00032784104,0.00037691891,1.1497002,1.0747974e-07,1.4206787e-07,1.2116924,-4.9239963,0.0024557418,0.0099622952,noisy,TestData/20251124_Testing/vib/Data/TestSetup_003.hdf5
003,2,3,14,14,18,cDAQ1Mod5/ai1,393B31,72956,g,264,469,0,0,0,-1,1651.6129,29.999766,1,7,16,30,9909,23122,1.53,0,1,0.000342814,0.00037665376,1.0987117,1.1752144e-07,1.4186806e-07,0.81767525,-6.8367843,0.0025541322,0.0040035921,noisy,TestData/20251124_Testing/vib/Data/TestSetup_003.hdf5
003,2,3,15,15,19,cDAQ1Mod5/ai2,393B31,61462,g,192,267,0,0,0,-1,1651.6129,29.999766,1,7,16,30,9909,23122,1.53,0,1,0.00032090748,0.00039000446,1.2153175,1.0298161e-07,1.5210348e-07,1.6937948,-3.2148476,0.0020641141,0.0079313323,noisy,TestData/20251124_Testing/vib/Data/TestSetup_003.hdf5
003,2,3,16,16,20,cDAQ1Mod5/ai3,393B31,61593,g,408,181,0,0,0,-1,1651.6129,29.999766,1,7,16,30,9909,23122,1.53,0,1,0.00038156788,0.00039587314,1.0374907,1.4559405e-07,1.5671554e-07,0.31968455,-11.169804,0.0023093707,0.0028460122,noisy,TestData/20251124_Testing/vib/Data/TestSetup_003.hdf5
003,3,4,1,1,1,cDAQ1Mod1/ai0,393B31,51815,g,83,991,0,0,0,-1,1651.6129,29.999766,1,7,15,29.999766,9909,24774,1.52,0,1,0.00082898306,0.0010494179,1.2659099,6.8721292e-07,1.1012779e-06,2.0480561,-2.200228,0.0067255266,0.052642724,noisy,TestData/20251124_Testing/vib/Data/TestSetup_003.hdf5
003,3,4,2,2,2,cDAQ1Mod1/ai1,393B31,51819,g,0.3,886,0,0,0,-1,1651.6129,29.999766,1,7,15,29.999766,9909,24774,1.52,0,1,0.00060128738,0.00096339344,1.602218,3.6154652e-07,9.2812692e-07,4.0944319,1.9509737,0.0042087231,0.0363152,weak,TestData/20251124_Testing/vib/Data/TestSetup_003.hdf5
003,3,4,3,3,3,cDAQ1Mod1/ai2,393B31,72538,g,84,905,0,0,0,-1,1651.6129,29.999766,1,7,15,29.999766,9909,24774,1.52,0,1,0.00060258909,0.00094692708,1.5714308,3.6311361e-07,8.966709e-07,3.9259055,1.6713853,0.0044897776,0.038062826,weak,TestData/20251124_Testing/vib/Data/TestSetup_003.hdf5
003,3,4,4,4,4,cDAQ1Mod1/ai3,393B31,51835,g,0.3,739,0,0,0,-1,1651.6129,29.999766,1,7,15,29.999766,9909,24774,1.52,0,1,0.00031649315,0.00062708616,1.9813578,1.0016792e-07,3.9323706e-07,5.939258,4.6624146,0.0024163504,0.019108312,weak,TestData/20251124_Testing/vib/Data/TestSetup_003.hdf5
003,3,4,5,5,5,cDAQ1Mod2/ai0,393B31,51836,g,83,553,0,0,0,-1,1651.6129,29.999766,1,7,15,29.999766,9909,24774,1.52,0,1,0.00029174714,0.00083245674,2.8533501,8.5116393e-08,6.9298423e-07,9.1071014,8.5379595,0.0020748989,0.032994368,weak,TestData/20251124_Testing/vib/Data/TestSetup_003.hdf5
003,3,4,6,6,6,cDAQ1Mod2/ai1,393B31,61292,g,30,372,0,0,0,-1,1651.6129,29.999766,1,7,15,29.999766,9909,24774,1.52,0,1,0.0002672008,0.00067563707,2.5285743,7.1396266e-08,4.5648546e-07,8.0575145,7.3188583,0.0019147995,0.023650768,weak,TestData/20251124_Testing/vib/Data/TestSetup_003.hdf5
003,3,4,7,7,7,cDAQ1Mod2/ai2,393B31,61321,g,84,234,0,0,0,-1,1651.6129,29.999766,1,7,15,29.999766,9909,24774,1.52,0,1,0.00022786596,0.00056163986,2.4647817,5.1922896e-08,3.1543933e-07,7.8355693,7.054488,0.0016458811,0.025841517,weak,TestData/20251124_Testing/vib/Data/TestSetup_003.hdf5
003,3,4,8x,8x,8,cDAQ1Mod2/ai3,393A03,67865,g,0,103,0,-1,0,0,1651.6129,29.999766,1,7,15,29.999766,9909,24774,1.52,0,1,0.00014595722,0.00026931778,1.845183,2.130351e-08,7.2532064e-08,5.3207887,3.8106093,0.001452324,0.013176085,weak,TestData/20251124_Testing/vib/Data/TestSetup_003.hdf5
003,3,4,8y,8y,9,cDAQ1Mod3/ai0,393A03,67866,g,0,103,0,0,-1,0,1651.6129,29.999766,1,7,15,29.999766,9909,24774,1.52,0,1,0.00021604005,0.0004110047,1.9024468,4.6673303e-08,1.6892486e-07,5.5862503,4.1818586,0.0015305081,0.022355495,weak,TestData/20251124_Testing/vib/Data/TestSetup_003.hdf5
003,3,4,8z,8z,10,cDAQ1Mod3/ai1,393A03,68542,g,0,103,0,0,0,-1,1651.6129,29.999766,1,7,15,29.999766,9909,24774,1.52,0,1,0.00022126392,0.0004929779,2.2280085,4.8957722e-08,2.4302721e-07,6.9583369,5.9813605,0.0016688123,0.022828161,weak,TestData/20251124_Testing/vib/Data/TestSetup_003.hdf5
003,3,4,9x,9x,11,cDAQ1Mod3/ai2,393A03,68578,g,443,1105,0,-1,0,0,1651.6129,29.999766,1,7,15,29.999766,9909,24774,1.52,0,1,0.00017258652,0.00017527104,1.0155546,2.9786108e-08,3.0719937e-08,0.13406555,-15.037466,0.0013948533,0.0014079769,noisy,TestData/20251124_Testing/vib/Data/TestSetup_003.hdf5
003,3,4,9y,9y,12,cDAQ1Mod3/ai3,393A03,68588,g,443,1105,0,0,-1,0,1651.6129,29.999766,1,7,15,29.999766,9909,24774,1.52,0,1,0.00027428658,0.00026890293,0.98037217,7.5233127e-08,7.2308785e-08,-0.1721805,,0.0017763456,0.0018863628,noisy,TestData/20251124_Testing/vib/Data/TestSetup_003.hdf5
003,3,4,9z,9z,13,cDAQ1Mod4/ai0,393A03,68595,g,443,1105,0,0,0,-1,1651.6129,29.999766,1,7,15,29.999766,9909,24774,1.52,0,1,0.00043549365,0.00043998497,1.0103132,1.8965472e-07,1.9358678e-07,0.08912033,-16.833439,0.0033939307,0.0026948156,noisy,TestData/20251124_Testing/vib/Data/TestSetup_003.hdf5
003,3,4,10,10,14,cDAQ1Mod4/ai1,393A03,61596,g,311,1010,0,0,0,-1,1651.6129,29.999766,1,7,15,29.999766,9909,24774,1.52,0,1,0.0010876071,0.001104226,1.0152802,1.1828893e-06,1.219315e-06,0.13171816,-15.115361,0.005533639,0.0059999252,noisy,TestData/20251124_Testing/vib/Data/TestSetup_003.hdf5
003,3,4,11,11,15,cDAQ1Mod4/ai2,393B31,61603,g,311,973,0,0,0,-1,1651.6129,29.999766,1,7,15,29.999766,9909,24774,1.52,0,1,0.00037935838,0.00032067978,0.84532144,1.4391278e-07,1.0283552e-07,-1.4595623,,0.0044465613,0.004630423,noisy,TestData/20251124_Testing/vib/Data/TestSetup_003.hdf5
003,3,4,12,12,16,cDAQ1Mod4/ai3,393B31,61605,g,141,905,0,0,0,-1,1651.6129,29.999766,1,7,15,29.999766,9909,24774,1.52,0,1,0.00037698096,0.00040441077,1.0727618,1.4211464e-07,1.6354807e-07,0.61006598,-8.2154719,0.0027189281,0.0081558296,noisy,TestData/20251124_Testing/vib/Data/TestSetup_003.hdf5
003,3,4,13,13,17,cDAQ1Mod5/ai0,393B31,72955,g,167,733,0,0,0,-1,1651.6129,29.999766,1,7,15,29.999766,9909,24774,1.52,0,1,0.00033982793,0.00036633256,1.0779943,1.1548302e-07,1.3419954e-07,0.65232901,-7.9029299,0.00253255,0.010133445,noisy,TestData/20251124_Testing/vib/Data/TestSetup_003.hdf5
003,3,4,14,14,18,cDAQ1Mod5/ai1,393B31,72956,g,264,469,0,0,0,-1,1651.6129,29.999766,1,7,15,29.999766,9909,24774,1.52,0,1,0.00033576759,0.00035903792,1.0693049,1.1273988e-07,1.2890823e-07,0.58203075,-8.4341188,0.0023485736,0.0038958855,noisy,TestData/20251124_Testing/vib/Data/TestSetup_003.hdf5
003,3,4,15,15,19,cDAQ1Mod5/ai2,393B31,61462,g,192,267,0,0,0,-1,1651.6129,29.999766,1,7,15,29.999766,9909,24774,1.52,0,1,0.00034671028,0.00037037338,1.0682503,1.2020802e-07,1.3717644e-07,0.57346084,-8.5029204,0.0021394645,0.0084609076,noisy,TestData/20251124_Testing/vib/Data/TestSetup_003.hdf5
003,3,4,16,16,20,cDAQ1Mod5/ai3,393B31,61593,g,408,181,0,0,0,-1,1651.6129,29.999766,1,7,15,29.999766,9909,24774,1.52,0,1,0.00037169496,0.00038471844,1.0350381,1.3815715e-07,1.4800828e-07,0.29912648,-11.468873,0.0019795783,0.0025157762,noisy,TestData/20251124_Testing/vib/Data/TestSetup_003.hdf5
003,4,5,1,1,1,cDAQ1Mod1/ai0,393B31,51815,g,83,991,0,0,0,-1,1651.6129,29.999766,1,7,16,29.999766,9909,23122,1.455,0,1,0.00085317637,0.0012584482,1.4750153,7.2790993e-07,1.5836919e-06,3.3759306,0.702855,0.0067971762,0.037913364,weak,TestData/20251124_Testing/vib/Data/TestSetup_003.hdf5
003,4,5,2,2,2,cDAQ1Mod1/ai1,393B31,51819,g,0.3,886,0,0,0,-1,1651.6129,29.999766,1,7,16,29.999766,9909,23122,1.455,0,1,0.00060136501,0.00097590248,1.6228122,3.6163988e-07,9.5238564e-07,4.2053653,2.1312431,0.0041420816,0.030653189,weak,TestData/20251124_Testing/vib/Data/TestSetup_003.hdf5
003,4,5,3,3,3,cDAQ1Mod1/ai2,393B31,72538,g,84,905,0,0,0,-1,1651.6129,29.999766,1,7,16,29.999766,9909,23122,1.455,0,1,0.00060167064,0.00093553585,1.554897,3.6200756e-07,8.7522733e-07,3.8340323,1.5158574,0.0046559042,0.032772252,weak,TestData/20251124_Testing/vib/Data/TestSetup_003.hdf5
003,4,5,4,4,4,cDAQ1Mod1/ai3,393B31,51835,g,0.3,739,0,0,0,-1,1651.6129,29.999766,1,7,16,29.999766,9909,23122,1.455,0,1,0.00032603558,0.00063836108,1.9579491,1.062992e-07,4.0750487e-07,5.8360281,4.5233315,0.0026298427,0.027335328,weak,TestData/20251124_Testing/vib/Data/TestSetup_003.hdf5
003,4,5,5,5,5,cDAQ1Mod2/ai0,393B31,51836,g,83,553,0,0,0,-1,1651.6129,29.999766,1,7,16,29.999766,9909,23122,1.455,0,1,0.00030062484,0.0008233515,2.7388006,9.0375295e-08,6.7790769e-07,8.7512083,8.1298209,0.002010721,0.026675067,weak,TestData/20251124_Testing/vib/Data/TestSetup_003.hdf5
003,4,5,6,6,6,cDAQ1Mod2/ai1,393B31,61292,g,30,372,0,0,0,-1,1651.6129,29.999766,1,7,16,29.999766,9909,23122,1.455,0,1,0.0003020295,0.00068003532,2.2515527,9.1221819e-08,4.6244804e-07,7.0496422,6.0953992,0.0021907711,0.020055683,weak,TestData/20251124_Testing/vib/Data/TestSetup_003.hdf5
003,4,5,7,7,7,cDAQ1Mod2/ai2,393B31,61321,g,84,234,0,0,0,-1,1651.6129,29.999766,1,7,16,29.999766,9909,23122,1.455,0,1,0.0002454906,0.00032383492,1.3191337,6.0265637e-08,1.0486906e-07,2.4057762,-1.3070158,0.0019668015,0.012525712,noisy,TestData/20251124_Testing/vib/Data/TestSetup_003.hdf5
003,4,5,8x,8x,8,cDAQ1Mod2/ai3,393A03,67865,g,0,103,0,-1,0,0,1651.6129,29.999766,1,7,16,29.999766,9909,23122,1.455,0,1,0.00012579471,0.00022290235,1.7719533,1.5824308e-08,4.9685456e-08,4.9690456,3.3037696,0.00098157072,0.0098870714,weak,TestData/20251124_Testing/vib/Data/TestSetup_003.hdf5
003,4,5,8y,8y,9,cDAQ1Mod3/ai0,393A03,67866,g,0,103,0,0,-1,0,1651.6129,29.999766,1,7,16,29.999766,9909,23122,1.455,0,1,0.00017623946,0.00032144821,1.8239288,3.1060346e-08,1.0332895e-07,5.2201574,3.667434,0.0013357385,0.013278126,weak,TestData/20251124_Testing/vib/Data/TestSetup_003.hdf5
003,4,5,8z,8z,10,cDAQ1Mod3/ai1,393A03,68542,g,0,103,0,0,0,-1,1651.6129,29.999766,1,7,16,29.999766,9909,23122,1.455,0,1,0.00023651452,0.00028913939,1.2225016,5.593912e-08,8.3601585e-08,1.7449888,-3.0582476,0.0017180201,0.0068848378,noisy,TestData/20251124_Testing/vib/Data/TestSetup_003.hdf5
003,4,5,9x,9x,11,cDAQ1Mod3/ai2,393A03,68578,g,443,1105,0,-1,0,0,1651.6129,29.999766,1,7,16,29.999766,9909,23122,1.455,0,1,0.00019828974,0.00021743214,1.0965375,3.9318822e-08,4.7276737e-08,0.80046991,-6.9380123,0.0037314825,0.0071761201,noisy,TestData/20251124_Testing/vib/Data/TestSetup_003.hdf5
003,4,5,9y,9y,12,cDAQ1Mod3/ai3,393A03,68588,g,443,1105,0,0,-1,0,1651.6129,29.999766,1,7,16,29.999766,9909,23122,1.455,0,1,0.0003328594,0.0003194859,0.95982239,1.1079538e-07,1.0207124e-07,-0.35618244,,0.0082469655,0.011046842,noisy,TestData/20251124_Testing/vib/Data/TestSetup_003.hdf5
003,4,5,9z,9z,13,cDAQ1Mod4/ai0,393A03,68595,g,443,1105,0,0,0,-1,1651.6129,29.999766,1,7,16,29.999766,9909,23122,1.455,0,1,0.00046290022,0.00047434063,1.0247146,2.1427661e-07,2.2499904e-07,0.2120589,-13.006817,0.0034608672,0.0066329156,noisy,TestData/20251124_Testing/vib/Data/TestSetup_003.hdf5
003,4,5,10,10,14,cDAQ1Mod4/ai1,393A03,61596,g,311,1010,0,0,0,-1,1651.6129,29.999766,1,7,16,29.999766,9909,23122,1.455,0,1,0.0011462295,0.0011767622,1.0266375,1.313842e-06,1.3847693e-06,0.22834277,-12.677299,0.0078842741,0.019148474,noisy,TestData/20251124_Testing/vib/Data/TestSetup_003.hdf5
003,4,5,11,11,15,cDAQ1Mod4/ai2,393B31,61603,g,311,973,0,0,0,-1,1651.6129,29.999766,1,7,16,29.999766,9909,23122,1.455,0,1,0.00039899682,0.00036417377,0.91272347,1.5919847e-07,1.3262253e-07,-0.79321564,,0.0033675296,0.0055620179,noisy,TestData/20251124_Testing/vib/Data/TestSetup_003.hdf5
003,4,5,12,12,16,cDAQ1Mod4/ai3,393B31,61605,g,141,905,0,0,0,-1,1651.6129,29.999766,1,7,16,29.999766,9909,23122,1.455,0,1,0.00035872532,0.0004167945,1.1618765,1.2868385e-07,1.7371766e-07,1.3031991,-4.5598543,0.0026375837,0.010098994,noisy,TestData/20251124_Testing/vib/Data/TestSetup_003.hdf5
003,4,5,13,13,17,cDAQ1Mod5/ai0,393B31,72955,g,167,733,0,0,0,-1,1651.6129,29.999766,1,7,16,29.999766,9909,23122,1.455,0,1,0.0003357679,0.00037756237,1.1244743,1.1274008e-07,1.4255335e-07,1.0189907,-5.7766884,0.0022539564,0.0084289385,noisy,TestData/20251124_Testing/vib/Data/TestSetup_003.hdf5
003,4,5,14,14,18,cDAQ1Mod5/ai1,393B31,72956,g,264,469,0,0,0,-1,1651.6129,29.999766,1,7,16,29.999766,9909,23122,1.455,0,1,0.00036383975,0.00037371524,1.0271424,1.3237937e-07,1.3966308e-07,0.23261318,-12.594674,0.0025322119,0.0047413038,noisy,TestData/20251124_Testing/vib/Data/TestSetup_003.hdf5
003,4,5,15,15,19,cDAQ1Mod5/ai2,393B31,61462,g,192,267,0,0,0,-1,1651.6129,29.999766,1,7,16,29.999766,9909,23122,1.455,0,1,0.00033795152,0.0003778154,1.1179574,1.1421123e-07,1.4274448e-07,0.968505,-6.0235764,0.0020672355,0.013226587,noisy,TestData/20251124_Testing/vib/Data/TestSetup_003.hdf5
003,4,5,16,16,20,cDAQ1Mod5/ai3,393B31,61593,g,408,181,0,0,0,-1,1651.6129,29.999766,1,7,16,29.999766,9909,23122,1.455,0,1,0.00038451623,0.00038142297,0.99195545,1.4785273e-07,1.4548348e-07,-0.070156652,,0.0022416251,0.0029330231,noisy,TestData/20251124_Testing/vib/Data/TestSetup_003.hdf5
003,5,6,1,1,1,cDAQ1Mod1/ai0,393B31,51815,g,83,991,0,0,0,-1,1651.6129,29.999766,1,7,16,30,9909,23122,1.475,0,1,0.00055584586,0.00070002794,1.2593922,3.0896462e-07,4.9003912e-07,2.00322,-2.3205146,0.0038417261,0.035402537,noisy,TestData/20251124_Testing/vib/Data/TestSetup_003.hdf5
003,5,6,2,2,2,cDAQ1Mod1/ai1,393B31,51819,g,0.3,886,0,0,0,-1,1651.6129,29.999766,1,7,16,30,9909,23122,1.475,0,1,0.00061770169,0.00088803315,1.4376408,3.8155537e-07,7.8860288e-07,3.1530079,0.28087528,0.0043349018,0.028106291,weak,TestData/20251124_Testing/vib/Data/TestSetup_003.hdf5
003,5,6,3,3,3,cDAQ1Mod1/ai2,393B31,72538,g,84,905,0,0,0,-1,1651.6129,29.999766,1,7,16,30,9909,23122,1.475,0,1,0.00062356384,0.00090838976,1.4567711,3.8883186e-07,8.2517196e-07,3.2678261,0.50063276,0.0047197519,0.039920239,weak,TestData/20251124_Testing/vib/Data/TestSetup_003.hdf5
003,5,6,4,4,4,cDAQ1Mod1/ai3,393B31,51835,g,0.3,739,0,0,0,-1,1651.6129,29.999766,1,7,16,30,9909,23122,1.475,0,1,0.00034091672,0.00064572317,1.8940789,1.1622421e-07,4.1695841e-07,5.5479614,4.1288622,0.0026731537,0.024121256,weak,TestData/20251124_Testing/vib/Data/TestSetup_003.hdf5
003,5,6,5,5,5,cDAQ1Mod2/ai0,393B31,51836,g,83,553,0,0,0,-1,1651.6129,29.999766,1,7,16,30,9909,23122,1.475,0,1,0.00032638909,0.00086680742,2.6557488,1.0652984e-07,7.5135511e-07,8.4837398,7.8197079,0.0026866284,0.032472413,weak,TestData/20251124_Testing/vib/Data/TestSetup_003.hdf5
003,5,6,6,6,6,cDAQ1Mod2/ai1,393B31,61292,g,30,372,0,0,0,-1,1651.6129,29.999766,1,7,16,30,9909,23122,1.475,0,1,0.00031359049,0.00068713145,2.1911744,9.8338997e-08,4.7214963e-07,6.8135388,5.7992588,0.002399413,0.020397937,weak,TestData/20251124_Testing/vib/Data/TestSetup_003.hdf5
003,5,6,7,7,7,cDAQ1Mod2/ai2,393B31,61321,g,84,234,0,0,0,-1,1651.6129,29.999766,1,7,16,30,9909,23122,1.475,0,1,0.00028407134,0.00058491064,2.0590273,8.0696528e-08,3.4212046e-07,6.273242,5.1049049,0.0020287203,0.027230662,weak,TestData/20251124_Testing/vib/Data/TestSetup_003.hdf5
003,5,6,8x,8x,8,cDAQ1Mod2/ai3,393A03,67865,g,0,103,0,-1,0,0,1651.6129,29.999766,1,7,16,30,9909,23122,1.475,0,1,0.00023517751,0.00035996792,1.5306222,5.5308461e-08,1.295769e-07,3.6973603,1.2801275,0.0027437656,0.014106323,weak,TestData/20251124_Testing/vib/Data/TestSetup_003.hdf5
003,5,6,8y,8y,9,cDAQ1Mod3/ai0,393A03,67866,g,0,103,0,0,-1,0,1651.6129,29.999766,1,7,16,30,9909,23122,1.475,0,1,0.00034267955,0.00054664142,1.5951971,1.1742928e-07,2.9881685e-07,4.0562869,1.8883113,0.0071751401,0.028508248,weak,TestData/20251124_Testing/vib/Data/TestSetup_003.hdf5
003,5,6,8z,8z,10,cDAQ1Mod3/ai1,393A03,68542,g,0,103,0,0,0,-1,1651.6129,29.999766,1,7,16,30,9909,23122,1.475,0,1,0.0002739047,0.00049902546,1.8218945,7.5023783e-08,2.4902641e-07,5.2104645,3.6535685,0.0021621052,0.02339314,weak,TestData/20251124_Testing/vib/Data/TestSetup_003.hdf5
003,5,6,9x,9x,11,cDAQ1Mod3/ai2,393A03,68578,g,443,1105,0,-1,0,0,1651.6129,29.999766,1,7,16,30,9909,23122,1.475,0,1,0.00018484355,0.00018416062,0.99630537,3.4167137e-08,3.3915134e-08,-0.032150585,,0.001368606,0.0026684693,noisy,TestData/20251124_Testing/vib/Data/TestSetup_003.hdf5
003,5,6,9y,9y,12,cDAQ1Mod3/ai3,393A03,68588,g,443,1105,0,0,-1,0,1651.6129,29.999766,1,7,16,30,9909,23122,1.475,0,1,0.00028455491,0.00029194798,1.0259811,8.0971499e-08,8.523362e-08,0.22278757,-12.787064,0.0020019427,0.0057820852,noisy,TestData/20251124_Testing/vib/Data/TestSetup_003.hdf5
003,5,6,9z,9z,13,cDAQ1Mod4/ai0,393A03,68595,g,443,1105,0,0,0,-1,1651.6129,29.999766,1,7,16,30,9909,23122,1.475,0,1,0.00048870597,0.00045803043,0.93723108,2.3883353e-07,2.0979187e-07,-0.56306633,,0.0033455876,0.0033809152,noisy,TestData/20251124_Testing/vib/Data/TestSetup_003.hdf5
003,5,6,10,10,14,cDAQ1Mod4/ai1,393A03,61596,g,311,1010,0,0,0,-1,1651.6129,29.999766,1,7,16,30,9909,23122,1.475,0,1,0.0011471251,0.0011523563,1.0045603,1.3158959e-06,1.327925e-06,0.039520177,-20.389879,0.0056876522,0.007413171,noisy,TestData/20251124_Testing/vib/Data/TestSetup_003.hdf5
003,5,6,11,11,15,cDAQ1Mod4/ai2,393B31,61603,g,311,973,0,0,0,-1,1651.6129,29.999766,1,7,16,30,9909,23122,1.475,0,1,0.00044013113,0.00053401219,1.2133025,1.9371541e-07,2.8516902e-07,1.6793818,-3.259633,0.0033350761,0.004729583,noisy,TestData/20251124_Testing/vib/Data/TestSetup_003.hdf5
003,5,6,12,12,16,cDAQ1Mod4/ai3,393B31,61605,g,141,905,0,0,0,-1,1651.6129,29.999766,1,7,16,30,9909,23122,1.475,0,1,0.0003891862,0.00043306567,1.1127467,1.5146589e-07,1.8754587e-07,0.92792652,-6.2304861,0.0037170205,0.0079171429,noisy,TestData/20251124_Testing/vib/Data/TestSetup_003.hdf5
003,5,6,13,13,17,cDAQ1Mod5/ai0,393B31,72955,g,167,733,0,0,0,-1,1651.6129,29.999766,1,7,16,30,9909,23122,1.475,0,1,0.0003551927,0.00042557723,1.1981587,1.2616186e-07,1.8111598e-07,1.5702871,-3.6092776,0.0025476496,0.0082346405,noisy,TestData/20251124_Testing/vib/Data/TestSetup_003.hdf5
003,5,6,14,14,18,cDAQ1Mod5/ai1,393B31,72956,g,264,469,0,0,0,-1,1651.6129,29.999766,1,7,16,30,9909,23122,1.475,0,1,0.00038376193,0.00041289039,1.0759024,1.4727322e-07,1.7047847e-07,0.63545762,-8.0253749,0.0028678397,0.0044944944,noisy,TestData/20251124_Testing/vib/Data/TestSetup_003.hdf5
003,5,6,15,15,19,cDAQ1Mod5/ai2,393B31,61462,g,192,267,0,0,0,-1,1651.6129,29.999766,1,7,16,30,9909,23122,1.475,0,1,0.00034820453,0.00043403045,1.2464814,1.212464e-07,1.8838243e-07,1.9137157,-2.5671312,0.002233356,0.0066886437,noisy,TestData/20251124_Testing/vib/Data/TestSetup_003.hdf5
003,5,6,16,16,20,cDAQ1Mod5/ai3,393B31,61593,g,408,181,0,0,0,-1,1651.6129,29.999766,1,7,16,30,9909,23122,1.475,0,1,0.00040383025,0.00043785917,1.0842654,1.6307887e-07,1.9172065e-07,0.70271186,-7.5539778,0.0025109598,0.0035022382,noisy,TestData/20251124_Testing/vib/Data/TestSetup_003.hdf5
003,6,7,1,1,1,cDAQ1Mod1/ai0,393B31,51815,g,83,991,0,0,0,-1,1651.6129,29.999766,1,7,17,30,9909,21471,1.465,0,1,0.00043705667,0.00084935731,1.9433574,1.9101853e-07,7.2140784e-07,5.7710535,4.4351925,0.0032173606,0.049570456,weak,TestData/20251124_Testing/vib/Data/TestSetup_003.hdf5
003,6,7,2,2,2,cDAQ1Mod1/ai1,393B31,51819,g,0.3,886,0,0,0,-1,1651.6129,29.999766,1,7,17,30,9909,21471,1.465,0,1,0.00049794154,0.00096120176,1.9303506,2.4794578e-07,9.2390882e-07,5.7127239,4.3556622,0.0034540399,0.035194868,weak,TestData/20251124_Testing/vib/Data/TestSetup_003.hdf5
003,6,7,3,3,3,cDAQ1Mod1/ai2,393B31,72538,g,84,905,0,0,0,-1,1651.6129,29.999766,1,7,17,30,9909,21471,1.465,0,1,0.00058033023,0.00095760314,1.6501004,3.3678317e-07,9.1700377e-07,4.3502074,2.3624276,0.0049550058,0.032122786,weak,TestData/20251124_Testing/vib/Data/TestSetup_003.hdf5
003,6,7,4,4,4,cDAQ1Mod1/ai3,393B31,51835,g,0.3,739,0,0,0,-1,1651.6129,29.999766,1,7,17,30,9909,21471,1.465,0,1,0.00028417019,0.0006248278,2.1987802,8.0752699e-08,3.9040978e-07,6.8436364,5.8372396,0.0020215522,0.02227026,weak,TestData/20251124_Testing/vib/Data/TestSetup_003.hdf5
003,6,7,5,5,5,cDAQ1Mod2/ai0,393B31,51836,g,83,553,0,0,0,-1,1651.6129,29.999766,1,7,17,30,9909,21471,1.465,0,1,0.00027937614,0.00086109193,3.0821957,7.8051028e-08,7.414793e-07,9.7772041,9.2941535,0.0020528162,0.029793313,weak,TestData/20251124_Testing/vib/Data/TestSetup_003.hdf5
003,6,7,6,6,6,cDAQ1Mod2/ai1,393B31,61292,g,30,372,0,0,0,-1,1651.6129,29.999766,1,7,17,30,9909,21471,1.465,0,1,0.00026640295,0.00071421407,2.680954,7.0970534e-08,5.1010174e-07,8.5657873,7.9151623,0.0020535861,0.024633547,weak,TestData/20251124_Testing/vib/Data/TestSetup_003.hdf5
003,6,7,7,7,7,cDAQ1Mod2/ai2,393B31,61321,g,84,234,0,0,0,-1,1651.6129,29.999766,1,7,17,30,9909,21471,1.465,0,1,0.00021741977,0.00029626802,1.3626545,4.7271354e-08,8.7774741e-08,2.6877151,-0.67106705,0.0014443305,0.0071424923,noisy,TestData/20251124_Testing/vib/Data/TestSetup_003.hdf5
003,6,7,8x,8x,8,cDAQ1Mod2/ai3,393A03,67865,g,0,103,0,-1,0,0,1651.6129,29.999766,1,7,17,30,9909,21471,1.465,0,1,0.00012435199,0.00022189815,1.7844358,1.5463418e-08,4.9238789e-08,5.0300188,3.3929465,0.0009715547,0.0067069826,weak,TestData/20251124_Testing/vib/Data/TestSetup_003.hdf5
003,6,7,8y,8y,9,cDAQ1Mod3/ai0,393A03,67866,g,0,103,0,0,-1,0,1651.6129,29.999766,1,7,17,30,9909,21471,1.465,0,1,0.00016835448,0.00032266423,1.9165764,2.8343231e-08,1.041122e-07,5.6505229,4.2704205,0.0013013313,0.0097648999,weak,TestData/20251124_Testing/vib/Data/TestSetup_003.hdf5
003,6,7,8z,8z,10,cDAQ1Mod3/ai1,393A03,68542,g,0,103,0,0,0,-1,1651.6129,29.999766,1,7,17,30,9909,21471,1.465,0,1,0.00020816672,0.000284154,1.3650309,4.3333382e-08,8.0743498e-08,2.7028498,-0.6383352,0.0014999263,0.0062402766,noisy,TestData/20251124_Testing/vib/Data/TestSetup_003.hdf5
003,6,7,9x,9x,11,cDAQ1Mod3/ai2,393A03,68578,g,443,1105,0,-1,0,0,1651.6129,29.999766,1,7,17,30,9909,21471,1.465,0,1,0.00016786402,0.00017800434,1.0604079,2.8178331e-08,3.1685546e-08,0.50945929,-9.0495288,0.0012811152,0.0018285577,noisy,TestData/20251124_Testing/vib/Data/TestSetup_003.hdf5
003,6,7,9y,9y,12,cDAQ1Mod3/ai3,393A03,68588,g,443,1105,0,0,-1,0,1651.6129,29.999766,1,7,17,30,9909,21471,1.465,0,1,0.00026788719,0.00027676427,1.0331374,7.1763547e-08,7.6598459e-08,0.28316136,-11.715153,0.0017417334,0.0021218491,noisy,TestData/20251124_Testing/vib/Data/TestSetup_003.hdf5
003,6,7,9z,9z,13,cDAQ1Mod4/ai0,393A03,68595,g,443,1105,0,0,0,-1,1651.6129,29.999766,1,7,17,30,9909,21471,1.465,0,1,0.00044870046,0.00046495899,1.0362347,2.013321e-07,2.1618687e-07,0.30916278,-11.320473,0.0024450432,0.0033282337,noisy,TestData/20251124_Testing/vib/Data/TestSetup_003.hdf5
003,6,7,10,10,14,cDAQ1Mod4/ai1,393A03,61596,g,311,1010,0,0,0,-1,1651.6129,29.999766,1,7,17,30,9909,21471,1.465,0,1,0.0011164423,0.0011485968,1.0288009,1.2464433e-06,1.3192746e-06,0.2466267,-12.333545,0.0049447126,0.0074837763,noisy,TestData/20251124_Testing/vib/Data/TestSetup_003.hdf5
003,6,7,11,11,15,cDAQ1Mod4/ai2,393B31,61603,g,311,973,0,0,0,-1,1651.6129,29.999766,1,7,17,30,9909,21471,1.465,0,1,0.00028802028,0.00033454668,1.1615386,8.2955682e-08,1.1192148e-07,1.300673,-4.5696066,0.0020802495,0.0062534694,noisy,TestData/20251124_Testing/vib/Data/TestSetup_003.hdf5
003,6,7,12,12,16,cDAQ1Mod4/ai3,393B31,61605,g,141,905,0,0,0,-1,1651.6129,29.999766,1,7,17,30,9909,21471,1.465,0,1,0.00032709544,0.00041558653,1.270536,1.0699143e-07,1.7271217e-07,2.0797394,-2.1164656,0.0022498928,0.010340736,noisy,TestData/20251124_Testing/vib/Data/TestSetup_003.hdf5
003,6,7,13,13,17,cDAQ1Mod5/ai0,393B31,72955,g,167,733,0,0,0,-1,1651.6129,29.999766,1,7,17,30,9909,21471,1.465,0,1,0.00031977939,0.00037458961,1.1714001,1.0225886e-07,1.4031738e-07,1.374105,-4.2924911,0.0022807863,0.01173581,noisy,TestData/20251124_Testing/vib/Data/TestSetup_003.hdf5
003,6,7,14,14,18,cDAQ1Mod5/ai1,393B31,72956,g,264,469,0,0,0,-1,1651.6129,29.999766,1,7,17,30,9909,21471,1.465,0,1,0.00033149499,0.00035650557,1.0754478,1.0988893e-07,1.2709622e-07,0.63178689,-8.0524147,0.0026504681,0.0046636665,noisy,TestData/20251124_Testing/vib/Data/TestSetup_003.hdf5
003,6,7,15,15,19,cDAQ1Mod5/ai2,393B31,61462,g,192,267,0,0,0,-1,1651.6129,29.999766,1,7,17,30,9909,21471,1.465,0,1,0.00031242948,0.00035840544,1.1471563,9.7612177e-08,1.2845446e-07,1.1924519,-5.0035749,0.0019120399,0.0084906857,noisy,TestData/20251124_Testing/vib/Data/TestSetup_003.hdf5
003,6,7,16,16,20,cDAQ1Mod5/ai3,393B31,61593,g,408,181,0,0,0,-1,1651.6129,29.999766,1,7,17,30,9909,21471,1.465,0,1,0.00037538616,0.00038244261,1.0187979,1.4091477e-07,1.4626235e-07,0.16176046,-14.207988,0.0020932692,0.0025594401,noisy,TestData/20251124_Testing/vib/Data/TestSetup_003.hdf5
003,7,8,1,1,1,cDAQ1Mod1/ai0,393B31,51815,g,83,991,0,0,0,-1,1651.6129,29.999766,1,7,17,30,9909,21471,1.485,0,1,0.00043413758,0.0005069451,1.1677061,1.8847544e-07,2.5699334e-07,1.3466711,-4.3945071,0.003272923,0.009422036,noisy,TestData/20251124_Testing/vib/Data/TestSetup_003.hdf5
003,7,8,2,2,2,cDAQ1Mod1/ai1,393B31,51819,g,0.3,886,0,0,0,-1,1651.6129,29.999766,1,7,17,30,9909,21471,1.485,0,1,0.00049812063,0.00081981563,1.6458174,2.4812416e-07,6.7209766e-07,4.3276332,2.3266965,0.00369835,0.033654193,weak,TestData/20251124_Testing/vib/Data/TestSetup_003.hdf5
003,7,8,3,3,3,cDAQ1Mod1/ai2,393B31,72538,g,84,905,0,0,0,-1,1651.6129,29.999766,1,7,17,30,9909,21471,1.485,0,1,0.00061820345,0.00095692862,1.5479186,3.821755e-07,9.1571239e-07,3.7949625,1.4490161,0.0043974441,0.044841418,weak,TestData/20251124_Testing/vib/Data/TestSetup_003.hdf5
003,7,8,4,4,4,cDAQ1Mod1/ai3,393B31,51835,g,0.3,739,0,0,0,-1,1651.6129,29.999766,1,7,17,30,9909,21471,1.485,0,1,0.00028305021,0.00062456721,2.2065598,8.0117423e-08,3.900842e-07,6.8743139,5.8758818,0.002067113,0.022593248,weak,TestData/20251124_Testing/vib/Data/TestSetup_003.hdf5
003,7,8,5,5,5,cDAQ1Mod2/ai0,393B31,51836,g,83,553,0,0,0,-1,1651.6129,29.999766,1,7,17,30,9909,21471,1.485,0,1,0.00027840945,0.00085543615,3.072583,7.7511823e-08,7.3177101e-07,9.7500725,9.2638188,0.0020892652,0.032742424,weak,TestData/20251124_Testing/vib/Data/TestSetup_003.hdf5
003,7,8,6,6,6,cDAQ1Mod2/ai1,393B31,61292,g,30,372,0,0,0,-1,1651.6129,29.999766,1,7,17,30,9909,21471,1.485,0,1,0.0002555414,0.00076873273,3.0082513,6.5301406e-08,5.9095001e-07,9.5662821,9.0577299,0.0019731971,0.022682957,weak,TestData/20251124_Testing/vib/Data/TestSetup_003.hdf5
003,7,8,7,7,7,cDAQ1Mod2/ai2,393B31,61321,g,84,234,0,0,0,-1,1651.6129,29.999766,1,7,17,30,9909,21471,1.485,0,1,0.00022103259,0.00069168703,3.1293441,4.8855405e-08,4.7843095e-07,9.9090665,9.4412693,0.0014847288,0.040483289,weak,TestData/20251124_Testing/vib/Data/TestSetup_003.hdf5
003,7,8,8x,8x,8,cDAQ1Mod2/ai3,393A03,67865,g,0,103,0,-1,0,0,1651.6129,29.999766,1,7,17,30,9909,21471,1.485,0,1,0.00015159166,0.0003108686,2.0506973,2.2980031e-08,9.6639286e-08,6.238031,5.0587671,0.0011969153,0.01711927,weak,TestData/20251124_Testing/vib/Data/TestSetup_003.hdf5
003,7,8,8y,8y,9,cDAQ1Mod3/ai0,393A03,67866,g,0,103,0,0,-1,0,1651.6129,29.999766,1,7,17,30,9909,21471,1.485,0,1,0.00021788351,0.00049333271,2.264204,4.7473224e-08,2.4337716e-07,7.098311,6.1559444,0.0018457031,0.027414589,weak,TestData/20251124_Testing/vib/Data/TestSetup_003.hdf5
003,7,8,8z,8z,10,cDAQ1Mod3/ai1,393A03,68542,g,0,103,0,0,0,-1,1651.6129,29.999766,1,7,17,30,9909,21471,1.485,0,1,0.00021740262,0.00055435843,2.5499161,4.7263898e-08,3.0731327e-07,8.1305178,7.4052628,0.0015770792,0.0286201,weak,TestData/20251124_Testing/vib/Data/TestSetup_003.hdf5
003,7,8,9x,9x,11,cDAQ1Mod3/ai2,393A03,68578,g,443,1105,0,-1,0,0,1651.6129,29.999766,1,7,17,30,9909,21471,1.485,0,1,0.00016807504,0.00018001397,1.0710333,2.824922e-08,3.2405029e-08,0.59605953,-8.3235089,0.0013011131,0.0014679706,noisy,TestData/20251124_Testing/vib/Data/TestSetup_003.hdf5
003,7,8,9y,9y,12,cDAQ1Mod3/ai3,393A03,68588,g,443,1105,0,0,-1,0,1651.6129,29.999766,1,7,17,30,9909,21471,1.485,0,1,0.00026770268,0.00027841651,1.0400214,7.1664727e-08,7.7515755e-08,0.34084528,-10.880733,0.0019092315,0.0018845086,noisy,TestData/20251124_Testing/vib/Data/TestSetup_003.hdf5
003,7,8,9z,9z,13,cDAQ1Mod4/ai0,393A03,68595,g,443,1105,0,0,0,-1,1651.6129,29.999766,1,7,17,30,9909,21471,1.485,0,1,0.0004426988,0.00046740807,1.0558151,1.9598223e-07,2.184703e-07,0.47175729,-9.4026433,0.0023954606,0.0028454229,noisy,TestData/20251124_Testing/vib/Data/TestSetup_003.hdf5
003,7,8,10,10,14,cDAQ1Mod4/ai1,393A03,61596,g,311,1010,0,0,0,-1,1651.6129,29.999766,1,7,17,30,9909,21471,1.485,0,1,0.001102573,0.0011494069,1.042477,1.2156672e-06,1.3211363e-06,0.36132923,-10.616895,0.005572174,0.005931665,noisy,TestData/20251124_Testing/vib/Data/TestSetup_003.hdf5
003,7,8,11,11,15,cDAQ1Mod4/ai2,393B31,61603,g,311,973,0,0,0,-1,1651.6129,29.999766,1,7,17,30,9909,21471,1.485,0,1,0.00030623218,0.00042253541,1.3797877,9.3778149e-08,1.7853617e-07,2.7962457,-0.43920826,0.0023461447,0.0037426372,noisy,TestData/20251124_Testing/vib/Data/TestSetup_003.hdf5
003,7,8,12,12,16,cDAQ1Mod4/ai3,393B31,61605,g,141,905,0,0,0,-1,1651.6129,29.999766,1,7,17,30,9909,21471,1.485,0,1,0.00032994808,0.00039165597,1.187023,1.0886574e-07,1.533944e-07,1.4891829,-3.8825154,0.0023300279,0.0075004277,noisy,TestData/20251124_Testing/vib/Data/TestSetup_003.hdf5
003,7,8,13,13,17,cDAQ1Mod5/ai0,393B31,72955,g,167,733,0,0,0,-1,1651.6129,29.999766,1,7,17,30,9909,21471,1.485,0,1,0.00030418821,0.00036890134,1.2127404,9.253047e-08,1.360882e-07,1.6753569,-3.2721957,0.0021228646,0.011221488,noisy,TestData/20251124_Testing/vib/Data/TestSetup_003.hdf5
003,7,8,14,14,18,cDAQ1Mod5/ai1,393B31,72956,g,264,469,0,0,0,-1,1651.6129,29.999766,1,7,17,30,9909,21471,1.485,0,1,0.000329142,0.00038786673,1.1784176,1.0833445e-07,1.504406e-07,1.4259846,-4.1042112,0.0024342336,0.0065604407,noisy,TestData/20251124_Testing/vib/Data/TestSetup_003.hdf5
003,7,8,15,15,19,cDAQ1Mod5/ai2,393B31,61462,g,192,267,0,0,0,-1,1651.6129,29.999766,1,7,17,30,9909,21471,1.485,0,1,0.00031462292,0.00040128007,1.2754318,9.8987584e-08,1.6102569e-07,2.1131445,-2.0292218,0.0021052541,0.0089207511,noisy,TestData/20251124_Testing/vib/Data/TestSetup_003.hdf5
003,7,8,16,16,20,cDAQ1Mod5/ai3,393B31,61593,g,408,181,0,0,0,-1,1651.6129,29.999766,1,7,17,30,9909,21471,1.485,0,1,0.00037835476,0.00039640596,1.0477097,1.4315232e-07,1.5713768e-07,0.40481957,-10.101246,0.0021712179,0.0036892516,noisy,TestData/20251124_Testing/vib/Data/TestSetup_003.hdf5
003,8,9,1,1,1,cDAQ1Mod1/ai0,393B31,51815,g,83,991,0,0,0,-1,1651.6129,29.999766,1,7,17,30,9909,21471,1.41,0,1,0.00043592704,0.00087688045,2.0115303,1.9003238e-07,7.6891932e-07,6.0705316,4.8376614,0.0033177813,0.043360027,weak,TestData/20251124_Testing/vib/Data/TestSetup_003.hdf5
003,8,9,2,2,2,cDAQ1Mod1/ai1,393B31,51819,g,0.3,886,0,0,0,-1,1651.6129,29.999766,1,7,17,30,9909,21471,1.41,0,1,0.00048941543,0.00092465437,1.8893037,2.3952746e-07,8.5498571e-07,5.5260354,4.0984328,0.0034812623,0.030595161,weak,TestData/20251124_Testing/vib/Data/TestSetup_003.hdf5
003,8,9,3,3,3,cDAQ1Mod1/ai2,393B31,72538,g,84,905,0,0,0,-1,1651.6129,29.999766,1,7,17,30,9909,21471,1.41,0,1,0.00063119866,0.00096368887,1.52676,3.9841174e-07,9.2869625e-07,3.6754156,1.2417681,0.005087551,0.042884918,weak,TestData/20251124_Testing/vib/Data/TestSetup_003.hdf5
003,8,9,4,4,4,cDAQ1Mod1/ai3,393B31,51835,g,0.3,739,0,0,0,-1,1651.6129,29.999766,1,7,17,30,9909,21471,1.41,0,1,0.00026811513,0.0006077302,2.2666763,7.1885723e-08,3.6933599e-07,7.1077899,6.1677173,0.0022019207,0.026357113,weak,TestData/20251124_Testing/vib/Data/TestSetup_003.hdf5
003,8,9,5,5,5,cDAQ1Mod2/ai0,393B31,51836,g,83,553,0,0,0,-1,1651.6129,29.999766,1,7,17,30,9909,21471,1.41,0,1,0.00029250042,0.00078875559,2.6965964,8.5556497e-08,6.2213538e-07,8.616319,7.9738058,0.0027140436,0.029516337,weak,TestData/20251124_Testing/vib/Data/TestSetup_003.hdf5
003,8,9,6,6,6,cDAQ1Mod2/ai1,393B31,61292,g,30,372,0,0,0,-1,1651.6129,29.999766,1,7,17,30,9909,21471,1.41,0,1,0.00026206029,0.00065472412,2.4983721,6.8675598e-08,4.2866368e-07,7.9531424,7.1948568,0.0017318451,0.021635189,weak,TestData/20251124_Testing/vib/Data/TestSetup_003.hdf5
003,8,9,7,7,7,cDAQ1Mod2/ai2,393B31,61321,g,84,234,0,0,0,-1,1651.6129,29.999766,1,7,17,30,9909,21471,1.41,0,1,0.00025951176,0.00031882186,1.2285449,6.7346356e-08,1.0164738e-07,1.7878209,-2.93007,0.0018340286,0.011372601,noisy,TestData/20251124_Testing/vib/Data/TestSetup_003.hdf5
003,8,9,8x,8x,8,cDAQ1Mod2/ai3,393A03,67865,g,0,103,0,-1,0,0,1651.6129,29.999766,1,7,17,30,9909,21471,1.41,0,1,0.00012971406,0.00020707437,1.596391,1.6825738e-08,4.2879793e-08,4.0627856,1.8990121,0.0010485529,0.0091421294,weak,TestData/20251124_Testing/vib/Data/TestSetup_003.hdf5
003,8,9,8y,8y,9,cDAQ1Mod3/ai0,393A03,67866,g,0,103,0,0,-1,0,1651.6129,29.999766,1,7,17,30,9909,21471,1.41,0,1,0.00019144163,0.00030029774,1.5686125,3.6649899e-08,9.0178732e-08,3.9103134,1.64515,0.0015581568,0.011661599,weak,TestData/20251124_Testing/vib/Data/TestSetup_003.hdf5
003,8,9,8z,8z,10,cDAQ1Mod3/ai1,393A03,68542,g,0,103,0,0,0,-1,1651.6129,29.999766,1,7,17,30,9909,21471,1.41,0,1,0.00021647005,0.00027734287,1.2812067,4.6859281e-08,7.6919067e-08,2.1523839,-1.9280974,0.0015072163,0.0067317469,noisy,TestData/20251124_Testing/vib/Data/TestSetup_003.hdf5
003,8,9,9x,9x,11,cDAQ1Mod3/ai2,393A03,68578,g,443,1105,0,-1,0,0,1651.6129,29.999766,1,7,17,30,9909,21471,1.41,0,1,0.00017295813,0.00017730185,1.0251143,2.9914514e-08,3.1435945e-08,0.21544561,-12.936298,0.0014373488,0.0031852899,noisy,TestData/20251124_Testing/vib/Data/TestSetup_003.hdf5
003,8,9,9y,9y,12,cDAQ1Mod3/ai3,393A03,68588,g,443,1105,0,0,-1,0,1651.6129,29.999766,1,7,17,30,9909,21471,1.41,0,1,0.00026083416,0.00027387433,1.0499941,6.8034461e-08,7.5007146e-08,0.42373696,-9.8932887,0.0017312261,0.0029958062,noisy,TestData/20251124_Testing/vib/Data/TestSetup_003.hdf5
003,8,9,9z,9z,13,cDAQ1Mod4/ai0,393A03,68595,g,443,1105,0,0,0,-1,1651.6129,29.999766,1,7,17,30,9909,21471,1.41,0,1,0.00042802726,0.00043695539,1.0208588,1.8320733e-07,1.9093001e-07,0.17931345,-13.751749,0.0031546945,0.0038624865,noisy,TestData/20251124_Testing/vib/Data/TestSetup_003.hdf5
003,8,9,10,10,14,cDAQ1Mod4/ai1,393A03,61596,g,311,1010,0,0,0,-1,1651.6129,29.999766,1,7,17,30,9909,21471,1.41,0,1,0.0010288682,0.0010077822,0.97950566,1.0585698e-06,1.015625e-06,-0.17986097,,0.010296768,0.0077510495,noisy,TestData/20251124_Testing/vib/Data/TestSetup_003.hdf5
003,8,9,11,11,15,cDAQ1Mod4/ai2,393B31,61603,g,311,973,0,0,0,-1,1651.6129,29.999766,1,7,17,30,9909,21471,1.41,0,1,0.00030980788,0.00032155182,1.0379072,9.5980922e-08,1.0339557e-07,0.32317028,-11.120942,0.0023344788,0.0055952781,noisy,TestData/20251124_Testing/vib/Data/TestSetup_003.hdf5
003,8,9,12,12,16,cDAQ1Mod4/ai3,393B31,61605,g,141,905,0,0,0,-1,1651.6129,29.999766,1,7,17,30,9909,21471,1.41,0,1,0.00032919193,0.00040387881,1.2268794,1.0836733e-07,1.631181e-07,1.7760378,-2.9650813,0.0023799293,0.01131165,noisy,TestData/20251124_Testing/vib/Data/TestSetup_003.hdf5
003,8,9,13,13,17,cDAQ1Mod5/ai0,393B31,72955,g,167,733,0,0,0,-1,1651.6129,29.999766,1,7,17,30,9909,21471,1.41,0,1,0.00029720066,0.00036069472,1.2136404,8.832823e-08,1.3010068e-07,1.6818003,-3.252096,0.0023374409,0.011573271,noisy,TestData/20251124_Testing/vib/Data/TestSetup_003.hdf5
003,8,9,14,14,18,cDAQ1Mod5/ai1,393B31,72956,g,264,469,0,0,0,-1,1651.6129,29.999766,1,7,17,30,9909,21471,1.41,0,1,0.0003276235,0.00035373367,1.0796957,1.0733716e-07,1.2512751e-07,0.66602726,-7.8056544,0.0022619029,0.0054534311,noisy,TestData/20251124_Testing/vib/Data/TestSetup_003.hdf5
003,8,9,15,15,19,cDAQ1Mod5/ai2,393B31,61462,g,192,267,0,0,0,-1,1651.6129,29.999766,1,7,17,30,9909,21471,1.41,0,1,0.00031574833,0.00034564862,1.0946966,9.9697011e-08,1.1947297e-07,0.78587506,-7.0254468,0.0018956214,0.0064112143,noisy,TestData/20251124_Testing/vib/Data/TestSetup_003.hdf5
003,8,9,16,16,20,cDAQ1Mod5/ai3,393B31,61593,g,408,181,0,0,0,-1,1651.6129,29.999766,1,7,17,30,9909,21471,1.41,0,1,0.00038957169,0.00039148721,1.004917,1.517661e-07,1.5326224e-07,0.042603769,-20.062044,0.0022122835,0.0025687559,noisy,TestData/20251124_Testing/vib/Data/TestSetup_003.hdf5
003,9,10,1,1,1,cDAQ1Mod1/ai0,393B31,51815,g,83,991,0,0,0,-1,1651.6129,29.999766,1,7,16,30,9909,23122,1.42,0,1,0.00045208904,0.00049419321,1.0931325,2.043845e-07,2.4422693e-07,0.77345591,-7.1010215,0.0034311954,0.008313634,noisy,TestData/20251124_Testing/vib/Data/TestSetup_003.hdf5
003,9,10,2,2,2,cDAQ1Mod1/ai1,393B31,51819,g,0.3,886,0,0,0,-1,1651.6129,29.999766,1,7,16,30,9909,23122,1.42,0,1,0.000540215,0.00075134819,1.3908318,2.9183224e-07,5.645241e-07,2.8654921,-0.29461107,0.0036467343,0.01933445,noisy,TestData/20251124_Testing/vib/Data/TestSetup_003.hdf5
003,9,10,3,3,3,cDAQ1Mod1/ai2,393B31,72538,g,84,905,0,0,0,-1,1651.6129,29.999766,1,7,16,30,9909,23122,1.42,0,1,0.00061069338,0.00093472492,1.5305961,3.7294641e-07,8.7371068e-07,3.6972122,1.2798691,0.0048929386,0.03519134,weak,TestData/20251124_Testing/vib/Data/TestSetup_003.hdf5
003,9,10,4,4,4,cDAQ1Mod1/ai3,393B31,51835,g,0.3,739,0,0,0,-1,1651.6129,29.999766,1,7,16,30,9909,23122,1.42,0,1,0.00029388453,0.00058644894,1.995508,8.636812e-08,3.4392237e-07,6.0010695,4.7451525,0.0020432389,0.027660316,weak,TestData/20251124_Testing/vib/Data/TestSetup_003.hdf5
003,9,10,5,5,5,cDAQ1Mod2/ai0,393B31,51836,g,83,553,0,0,0,-1,1651.6129,29.999766,1,7,16,30,9909,23122,1.42,0,1,0.0002870703,0.00085507917,2.9786403,8.2409358e-08,7.3116038e-07,9.4803612,8.9610153,0.0023583359,0.040410843,weak,TestData/20251124_Testing/vib/Data/TestSetup_003.hdf5
003,9,10,6,6,6,cDAQ1Mod2/ai1,393B31,61292,g,30,372,0,0,0,-1,1651.6129,29.999766,1,7,16,30,9909,23122,1.42,0,1,0.00027175565,0.00067218125,2.4734766,7.3851135e-08,4.5182763e-07,7.8661562,7.0910762,0.0019294605,0.020897458,weak,TestData/20251124_Testing/vib/Data/TestSetup_003.hdf5
003,9,10,7,7,7,cDAQ1Mod2/ai2,393B31,61321,g,84,234,0,0,0,-1,1651.6129,29.999766,1,7,16,30,9909,23122,1.42,0,1,0.000236932,0.0005885053,2.4838574,5.6136771e-08,3.4633849e-07,7.9025333,7.1345255,0.0016699816,0.032069008,weak,TestData/20251124_Testing/vib/Data/TestSetup_003.hdf5
003,9,10,8x,8x,8,cDAQ1Mod2/ai3,393A03,67865,g,0,103,0,-1,0,0,1651.6129,29.999766,1,7,16,30,9909,23122,1.42,0,1,0.00014718233,0.00031991689,2.1736095,2.1662637e-08,1.0234682e-07,6.7436303,5.7107708,0.0011149091,0.012962618,weak,TestData/20251124_Testing/vib/Data/TestSetup_003.hdf5
003,9,10,8y,8y,9,cDAQ1Mod3/ai0,393A03,67866,g,0,103,0,0,-1,0,1651.6129,29.999766,1,7,16,30,9909,23122,1.42,0,1,0.0002060952,0.00058716082,2.8489787,4.247523e-08,3.4475782e-07,9.093784,8.5227741,0.0016245136,0.036240663,weak,TestData/20251124_Testing/vib/Data/TestSetup_003.hdf5
003,9,10,8z,8z,10,cDAQ1Mod3/ai1,393A03,68542,g,0,103,0,0,0,-1,1651.6129,29.999766,1,7,16,30,9909,23122,1.42,0,1,0.00022634991,0.00048777555,2.1549624,5.1234283e-08,2.3792499e-07,6.668794,5.6156204,0.001791528,0.025898484,weak,TestData/20251124_Testing/vib/Data/TestSetup_003.hdf5
003,9,10,9x,9x,11,cDAQ1Mod3/ai2,393A03,68578,g,443,1105,0,-1,0,0,1651.6129,29.999766,1,7,16,30,9909,23122,1.42,0,1,0.00017608987,0.00017587656,0.99878867,3.1007641e-08,3.0932566e-08,-0.01052787,,0.0013279853,0.0019329217,noisy,TestData/20251124_Testing/vib/Data/TestSetup_003.hdf5
003,9,10,9y,9y,12,cDAQ1Mod3/ai3,393A03,68588,g,443,1105,0,0,-1,0,1651.6129,29.999766,1,7,16,30,9909,23122,1.42,0,1,0.00026530106,0.00027115797,1.0220764,7.0384654e-08,7.3526643e-08,0.18966761,-13.502733,0.001647168,0.003792504,noisy,TestData/20251124_Testing/vib/Data/TestSetup_003.hdf5
003,9,10,9z,9z,13,cDAQ1Mod4/ai0,393A03,68595,g,443,1105,0,0,0,-1,1651.6129,29.999766,1,7,16,30,9909,23122,1.42,0,1,0.00044440041,0.00044944006,1.0113403,1.9749172e-07,2.0199636e-07,0.097946604,-16.418884,0.0023595131,0.0040732126,noisy,TestData/20251124_Testing/vib/Data/TestSetup_003.hdf5
003,9,10,10,10,14,cDAQ1Mod4/ai1,393A03,61596,g,311,1010,0,0,0,-1,1651.6129,29.999766,1,7,16,30,9909,23122,1.42,0,1,0.0010809686,0.0010876148,1.0061483,1.1684931e-06,1.1829059e-06,0.053240215,-19.088798,0.0053007177,0.012444587,noisy,TestData/20251124_Testing/vib/Data/TestSetup_003.hdf5
003,9,10,11,11,15,cDAQ1Mod4/ai2,393B31,61603,g,311,973,0,0,0,-1,1651.6129,29.999766,1,7,16,30,9909,23122,1.42,0,1,0.00035518496,0.00032281636,0.90886832,1.2615635e-07,1.042104e-07,-0.82998064,,0.0022622497,0.0036649475,noisy,TestData/20251124_Testing/vib/Data/TestSetup_003.hdf5
003,9,10,12,12,16,cDAQ1Mod4/ai3,393B31,61605,g,141,905,0,0,0,-1,1651.6129,29.999766,1,7,16,30,9909,23122,1.42,0,1,0.00035127421,0.0003809852,1.0845806,1.2339357e-07,1.4514972e-07,0.70523667,-7.5371053,0.0022649778,0.0053469644,noisy,TestData/20251124_Testing/vib/Data/TestSetup_003.hdf5
003,9,10,13,13,17,cDAQ1Mod5/ai0,393B31,72955,g,167,733,0,0,0,-1,1651.6129,29.999766,1,7,16,30,9909,23122,1.42,0,1,0.00032329734,0.00037408091,1.1570801,1.0452117e-07,1.3993653e-07,1.2672683,-4.7001261,0.0021827014,0.012383969,noisy,TestData/20251124_Testing/vib/Data/TestSetup_003.hdf5
003,9,10,14,14,18,cDAQ1Mod5/ai1,393B31,72956,g,264,469,0,0,0,-1,1651.6129,29.999766,1,7,16,30,9909,23122,1.42,0,1,0.00035351846,0.00036849162,1.0423547,1.249753e-07,1.3578608e-07,0.36031047,-10.629674,0.0026015737,0.005027216,noisy,TestData/20251124_Testing/vib/Data/TestSetup_003.hdf5
003,9,10,15,15,19,cDAQ1Mod5/ai2,393B31,61462,g,192,267,0,0,0,-1,1651.6129,29.999766,1,7,16,30,9909,23122,1.42,0,1,0.00032826946,0.0003757525,1.1446465,1.0776084e-07,1.4118994e-07,1.1734279,-5.0833625,0.0021953999,0.0098971225,noisy,TestData/20251124_Testing/vib/Data/TestSetup_003.hdf5
003,9,10,16,16,20,cDAQ1Mod5/ai3,393B31,61593,g,408,181,0,0,0,-1,1651.6129,29.999766,1,7,16,30,9909,23122,1.42,0,1,0.00038701318,0.00039205647,1.0130313,1.497792e-07,1.5370828e-07,0.11245739,-15.811613,0.002277811,0.0029173067,noisy,TestData/20251124_Testing/vib/Data/TestSetup_003.hdf5
003,10,11,1,1,1,cDAQ1Mod1/ai0,393B31,51815,g,83,991,0,0,0,-1,1651.6129,29.999766,1,7,17,30,9909,21471,1.405,0,1,0.00045678615,0.00075843873,1.6603803,2.0865358e-07,5.7522931e-07,4.4041516,2.4473785,0.00332038,0.026278855,weak,TestData/20251124_Testing/vib/Data/TestSetup_003.hdf5
003,10,11,2,2,2,cDAQ1Mod1/ai1,393B31,51819,g,0.3,886,0,0,0,-1,1651.6129,29.999766,1,7,17,30,9909,21471,1.405,0,1,0.00052174162,0.00091314476,1.7501858,2.7221432e-07,8.3383335e-07,4.861683,3.1453085,0.0039290175,0.035022732,weak,TestData/20251124_Testing/vib/Data/TestSetup_003.hdf5
003,10,11,3,3,3,cDAQ1Mod1/ai2,393B31,72538,g,84,905,0,0,0,-1,1651.6129,29.999766,1,7,17,30,9909,21471,1.405,0,1,0.00060020857,0.00094322423,1.5714941,3.6025033e-07,8.8967196e-07,3.9262551,1.6719729,0.0045505556,0.038022737,weak,TestData/20251124_Testing/vib/Data/TestSetup_003.hdf5
003,10,11,4,4,4,cDAQ1Mod1/ai3,393B31,51835,g,0.3,739,0,0,0,-1,1651.6129,29.999766,1,7,17,30,9909,21471,1.405,0,1,0.00028927278,0.00061646266,2.1310774,8.3678739e-08,3.8002622e-07,6.5719843,5.4918611,0.0020867373,0.020360016,weak,TestData/20251124_Testing/vib/Data/TestSetup_003.hdf5
003,10,11,5,5,5,cDAQ1Mod2/ai0,393B31,51836,g,83,553,0,0,0,-1,1651.6129,29.999766,1,7,17,30,9909,21471,1.405,0,1,0.00028516272,0.00081889781,2.8716861,8.1317777e-08,6.7059363e-07,9.1627393,8.6013315,0.0019944099,0.031893556,weak,TestData/20251124_Testing/vib/Data/TestSetup_003.hdf5
003,10,11,6,6,6,cDAQ1Mod2/ai1,393B31,61292,g,30,372,0,0,0,-1,1651.6129,29.999766,1,7,17,30,9909,21471,1.405,0,1,0.00026693305,0.00062568471,2.3439762,7.1253254e-08,3.9148136e-07,7.3990638,6.5265474,0.0020490277,0.018270799,weak,TestData/20251124_Testing/vib/Data/TestSetup_003.hdf5
003,10,11,7,7,7,cDAQ1Mod2/ai2,393B31,61321,g,84,234,0,0,0,-1,1651.6129,29.999766,1,7,17,30,9909,21471,1.405,0,1,0.00023571721,0.00028355228,1.2029342,5.5562602e-08,8.0401898e-08,1.6048373,-3.4964329,0.0018008668,0.0063626558,noisy,TestData/20251124_Testing/vib/Data/TestSetup_003.hdf5
003,10,11,8x,8x,8,cDAQ1Mod2/ai3,393A03,67865,g,0,103,0,-1,0,0,1651.6129,29.999766,1,7,17,30,9909,21471,1.405,0,1,0.00015512047,0.00021847626,1.4084295,2.4062361e-08,4.7731874e-08,2.9747025,-0.071489133,0.0012751655,0.0078150057,noisy,TestData/20251124_Testing/vib/Data/TestSetup_003.hdf5
003,10,11,8y,8y,9,cDAQ1Mod3/ai0,393A03,67866,g,0,103,0,0,-1,0,1651.6129,29.999766,1,7,17,30,9909,21471,1.405,0,1,0.00022435717,0.00028905978,1.2883911,5.0336139e-08,8.3555557e-08,2.2009544,-1.8048788,0.0017240489,0.012550044,noisy,TestData/20251124_Testing/vib/Data/TestSetup_003.hdf5
003,10,11,8z,8z,10,cDAQ1Mod3/ai1,393A03,68542,g,0,103,0,0,0,-1,1651.6129,29.999766,1,7,17,30,9909,21471,1.405,0,1,0.00022529883,0.00027839831,1.2356847,5.0759563e-08,7.7505619e-08,1.8381531,-2.7825813,0.0016305396,0.0065871611,noisy,TestData/20251124_Testing/vib/Data/TestSetup_003.hdf5
003,10,11,9x,9x,11,cDAQ1Mod3/ai2,393A03,68578,g,443,1105,0,-1,0,0,1651.6129,29.999766,1,7,17,30,9909,21471,1.405,0,1,0.00017345748,0.00017951475,1.0349208,3.0087496e-08,3.2225545e-08,0.29814218,-11.483685,0.0013511079,0.0023947481,noisy,TestData/20251124_Testing/vib/Data/TestSetup_003.hdf5
003,10,11,9y,9y,12,cDAQ1Mod3/ai3,393A03,68588,g,443,1105,0,0,-1,0,1651.6129,29.999766,1,7,17,30,9909,21471,1.405,0,1,0.0002708708,0.00027389973,1.0111822,7.337099e-08,7.502106e-08,0.09658816,-16.480221,0.0023777319,0.0030155846,noisy,TestData/20251124_Testing/vib/Data/TestSetup_003.hdf5
003,10,11,9z,9z,13,cDAQ1Mod4/ai0,393A03,68595,g,443,1105,0,0,0,-1,1651.6129,29.999766,1,7,17,30,9909,21471,1.405,0,1,0.00044192099,0.00044720273,1.0119518,1.9529416e-07,1.9999028e-07,0.10319623,-16.189504,0.0023148888,0.0038457523,noisy,TestData/20251124_Testing/vib/Data/TestSetup_003.hdf5
003,10,11,10,10,14,cDAQ1Mod4/ai1,393A03,61596,g,311,1010,0,0,0,-1,1651.6129,29.999766,1,7,17,30,9909,21471,1.405,0,1,0.0010984395,0.0010867736,0.98937959,1.2065692e-06,1.1810768e-06,-0.092741068,,0.0054741252,0.0091776685,noisy,TestData/20251124_Testing/vib/Data/TestSetup_003.hdf5
003,10,11,11,11,15,cDAQ1Mod4/ai2,393B31,61603,g,311,973,0,0,0,-1,1651.6129,29.999766,1,7,17,30,9909,21471,1.405,0,1,0.00033938582,0.00034002277,1.0018768,1.1518273e-07,1.1561548e-07,0.01628626,-24.251484,0.0027625173,0.0040496112,noisy,TestData/20251124_Testing/vib/Data/TestSetup_003.hdf5
003,10,11,12,12,16,cDAQ1Mod4/ai3,393B31,61605,g,141,905,0,0,0,-1,1651.6129,29.999766,1,7,17,30,9909,21471,1.405,0,1,0.00033176984,0.00040946773,1.2341921,1.1007123e-07,1.6766382e-07,1.8276556,-2.8130716,0.0023163432,0.0082229802,noisy,TestData/20251124_Testing/vib/Data/TestSetup_003.hdf5
003,10,11,13,13,17,cDAQ1Mod5/ai0,393B31,72955,g,167,733,0,0,0,-1,1651.6129,29.999766,1,7,17,30,9909,21471,1.405,0,1,0.00032174086,0.00037077031,1.152388,1.0351718e-07,1.3747062e-07,1.2319746,-4.8412865,0.002273798,0.0099060773,noisy,TestData/20251124_Testing/vib/Data/TestSetup_003.hdf5
003,10,11,14,14,18,cDAQ1Mod5/ai1,393B31,72956,g,264,469,0,0,0,-1,1651.6129,29.999766,1,7,17,30,9909,21471,1.405,0,1,0.00034583891,0.00036877964,1.0663336,1.1960455e-07,1.3599842e-07,0.55786165,-8.6306619,0.0025542586,0.0046973367,noisy,TestData/20251124_Testing/vib/Data/TestSetup_003.hdf5
003,10,11,15,15,19,cDAQ1Mod5/ai2,393B31,61462,g,192,267,0,0,0,-1,1651.6129,29.999766,1,7,17,30,9909,21471,1.405,0,1,0.0003250403,0.00034347262,1.0567078,1.056512e-07,1.1797344e-07,0.47909815,-9.3318472,0.0021740495,0.0055093818,noisy,TestData/20251124_Testing/vib/Data/TestSetup_003.hdf5
003,10,11,16,16,20,cDAQ1Mod5/ai3,393B31,61593,g,408,181,0,0,0,-1,1651.6129,29.999766,1,7,17,30,9909,21471,1.405,0,1,0.00038398391,0.00038287185,0.99710389,1.4744364e-07,1.4659085e-07,-0.025191766,,0.0021556915,0.0026134337,noisy,TestData/20251124_Testing/vib/Data/TestSetup_003.hdf5
003,11,12,1,1,1,cDAQ1Mod1/ai0,393B31,51815,g,83,991,0,0,0,-1,1651.6129,29.999766,1,7,17,30,9909,21471,1.525,0,1,0.00043224039,0.00049667907,1.1490807,1.8683176e-07,2.466901e-07,1.2070103,-4.94326,0.0032922275,0.0086134111,noisy,TestData/20251124_Testing/vib/Data/TestSetup_003.hdf5
003,11,12,2,2,2,cDAQ1Mod1/ai1,393B31,51819,g,0.3,886,0,0,0,-1,1651.6129,29.999766,1,7,17,30,9909,21471,1.525,0,1,0.00047964708,0.00075910217,1.5826265,2.3006132e-07,5.7623611e-07,3.9875686,1.7745183,0.0032266416,0.025326461,weak,TestData/20251124_Testing/vib/Data/TestSetup_003.hdf5
003,11,12,3,3,3,cDAQ1Mod1/ai2,393B31,72538,g,84,905,0,0,0,-1,1651.6129,29.999766,1,7,17,30,9909,21471,1.525,0,1,0.00063746858,0.00096334307,1.5112009,4.0636619e-07,9.2802987e-07,3.5864439,1.0847304,0.0048618742,0.032066858,weak,TestData/20251124_Testing/vib/Data/TestSetup_003.hdf5
003,11,12,4,4,4,cDAQ1Mod1/ai3,393B31,51835,g,0.3,739,0,0,0,-1,1651.6129,29.999766,1,7,17,30,9909,21471,1.525,0,1,0.00027025056,0.00067234858,2.4878712,7.3035366e-08,4.5205261e-07,7.9165577,7.1512576,0.0020015529,0.032657323,weak,TestData/20251124_Testing/vib/Data/TestSetup_003.hdf5
003,11,12,5,5,5,cDAQ1Mod2/ai0,393B31,51836,g,83,553,0,0,0,-1,1651.6129,29.999766,1,7,17,30,9909,21471,1.525,0,1,0.00027994151,0.00088027985,3.1445134,7.8367251e-08,7.7489261e-07,9.9510691,9.4880232,0.0021770943,0.029288295,weak,TestData/20251124_Testing/vib/Data/TestSetup_003.hdf5
003,11,12,6,6,6,cDAQ1Mod2/ai1,393B31,61292,g,30,372,0,0,0,-1,1651.6129,29.999766,1,7,17,30,9909,21471,1.525,0,1,0.00027458788,0.00073995069,2.6947682,7.5398503e-08,5.4752702e-07,8.6104283,7.9669751,0.0021556586,0.019320292,weak,TestData/20251124_Testing/vib/Data/TestSetup_003.hdf5
003,11,12,7,7,7,cDAQ1Mod2/ai2,393B31,61321,g,84,234,0,0,0,-1,1651.6129,29.999766,1,7,17,30,9909,21471,1.525,0,1,0.00022229678,0.0006312099,2.8394919,4.9415857e-08,3.9842593e-07,9.0648127,8.4897163,0.0016385188,0.034510457,weak,TestData/20251124_Testing/vib/Data/TestSetup_003.hdf5
003,11,12,8x,8x,8,cDAQ1Mod2/ai3,393A03,67865,g,0,103,0,-1,0,0,1651.6129,29.999766,1,7,17,30,9909,21471,1.525,0,1,0.00012573411,0.00030144663,2.3974928,1.5809067e-08,9.0870074e-08,7.5951463,6.7650813,0.0010335289,0.012605797,weak,TestData/20251124_Testing/vib/Data/TestSetup_003.hdf5
003,11,12,8y,8y,9,cDAQ1Mod3/ai0,393A03,67866,g,0,103,0,0,-1,0,1651.6129,29.999766,1,7,17,30,9909,21471,1.525,0,1,0.00017258393,0.00054413624,3.1528789,2.9785213e-08,2.9608424e-07,9.9741458,9.5136887,0.0013609295,0.02921544,weak,TestData/20251124_Testing/vib/Data/TestSetup_003.hdf5
003,11,12,8z,8z,10,cDAQ1Mod3/ai1,393A03,68542,g,0,103,0,0,0,-1,1651.6129,29.999766,1,7,17,30,9909,21471,1.525,0,1,0.00020225964,0.00053946231,2.6671772,4.0908964e-08,2.9101959e-07,8.5210374,7.8631366,0.0013097777,0.026086203,weak,TestData/20251124_Testing/vib/Data/TestSetup_003.hdf5
003,11,12,9x,9x,11,cDAQ1Mod3/ai2,393A03,68578,g,443,1105,0,-1,0,0,1651.6129,29.999766,1,7,17,30,9909,21471,1.525,0,1,0.00016793862,0.00017093326,1.0178317,2.8203381e-08,2.921818e-08,0.15351974,-14.439215,0.0011711268,0.0013992278,noisy,TestData/20251124_Testing/vib/Data/TestSetup_003.hdf5
003,11,12,9y,9y,12,cDAQ1Mod3/ai3,393A03,68588,g,443,1105,0,0,-1,0,1651.6129,29.999766,1,7,17,30,9909,21471,1.525,0,1,0.0002654503,0.00026650309,1.0039661,7.0463862e-08,7.1023899e-08,0.034380674,-20.997498,0.0018251734,0.001921593,noisy,TestData/20251124_Testing/vib/Data/TestSetup_003.hdf5
003,11,12,9z,9z,13,cDAQ1Mod4/ai0,393A03,68595,g,443,1105,0,0,0,-1,1651.6129,29.999766,1,7,17,30,9909,21471,1.525,0,1,0.00043895086,0.00043548613,0.99210679,1.9267786e-07,1.8964817e-07,-0.0688316,,0.0027518357,0.0026154834,noisy,TestData/20251124_Testing/vib/Data/TestSetup_003.hdf5
003,11,12,10,10,14,cDAQ1Mod4/ai1,393A03,61596,g,311,1010,0,0,0,-1,1651.6129,29.999766,1,7,17,30,9909,21471,1.525,0,1,0.0010472049,0.0010448486,0.99774994,1.0966381e-06,1.0917086e-06,-0.019565768,,0.0055516389,0.0057432998,noisy,TestData/20251124_Testing/vib/Data/TestSetup_003.hdf5
003,11,12,11,11,15,cDAQ1Mod4/ai2,393B31,61603,g,311,973,0,0,0,-1,1651.6129,29.999766,1,7,17,30,9909,21471,1.525,0,1,0.00033724691,0.00028942337,0.85819427,1.1373548e-07,8.3765885e-08,-1.3282878,,0.0028768801,0.0027918681,noisy,TestData/20251124_Testing/vib/Data/TestSetup_003.hdf5
003,11,12,12,12,16,cDAQ1Mod4/ai3,393B31,61605,g,141,905,0,0,0,-1,1651.6129,29.999766,1,7,17,30,9909,21471,1.525,0,1,0.00032808525,0.00036120006,1.1009335,1.0763993e-07,1.3046548e-07,0.83522209,-6.7355216,0.0024113087,0.0068293044,noisy,TestData/20251124_Testing/vib/Data/TestSetup_003.hdf5
003,11,12,13,13,17,cDAQ1Mod5/ai0,393B31,72955,g,167,733,0,0,0,-1,1651.6129,29.999766,1,7,17,30,9909,21471,1.525,0,1,0.00031644861,0.00036362332,1.1490754,1.0013973e-07,1.3222192e-07,1.2069706,-4.9434234,0.002341559,0.008847484,noisy,TestData/20251124_Testing/vib/Data/TestSetup_003.hdf5
003,11,12,14,14,18,cDAQ1Mod5/ai1,393B31,72956,g,264,469,0,0,0,-1,1651.6129,29.999766,1,7,17,30,9909,21471,1.525,0,1,0.00033594544,0.00036949655,1.0998707,1.1285934e-07,1.365277e-07,0.82683282,-6.7836926,0.0022787696,0.0044233007,noisy,TestData/20251124_Testing/vib/Data/TestSetup_003.hdf5
003,11,12,15,15,19,cDAQ1Mod5/ai2,393B31,61462,g,192,267,0,0,0,-1,1651.6129,29.999766,1,7,17,30,9909,21471,1.525,0,1,0.00031498075,0.00037897847,1.2031798,9.9212872e-08,1.4362468e-07,1.6066106,-3.4906954,0.0020476956,0.008625405,noisy,TestData/20251124_Testing/vib/Data/TestSetup_003.hdf5
003,11,12,16,16,20,cDAQ1Mod5/ai3,393B31,61593,g,408,181,0,0,0,-1,1651.6129,29.999766,1,7,17,30,9909,21471,1.525,0,1,0.00037965248,0.00039187888,1.0322042,1.4413601e-07,1.5356906e-07,0.27531231,-11.841203,0.0022731214,0.0033018532,noisy,TestData/20251124_Testing/vib/Data/TestSetup_003.hdf5
003,12,13,1,1,1,cDAQ1Mod1/ai0,393B31,51815,g,83,991,0,0,0,-1,1651.6129,29.999766,1,7,18,30,9909,19819,1.44,0,1,0.00043933997,0.00093583738,2.1300984,1.9301961e-07,8.7579161e-07,6.5679934,5.4867427,0.0040874877,0.051638269,weak,TestData/20251124_Testing/vib/Data/TestSetup_003.hdf5
003,12,13,2,2,2,cDAQ1Mod1/ai1,393B31,51819,g,0.3,886,0,0,0,-1,1651.6129,29.999766,1,7,18,30,9909,19819,1.44,0,1,0.00048286587,0.0010295803,2.1322284,2.3315945e-07,1.0600356e-06,6.5766744,5.4978745,0.0052951676,0.035928805,weak,TestData/20251124_Testing/vib/Data/TestSetup_003.hdf5
003,12,13,3,3,3,cDAQ1Mod1/ai2,393B31,72538,g,84,905,0,0,0,-1,1651.6129,29.999766,1,7,18,30,9909,19819,1.44,0,1,0.00062875177,0.0010291456,1.6368075,3.9532879e-07,1.0591407e-06,4.279952,2.2508658,0.0044035219,0.053000531,weak,TestData/20251124_Testing/vib/Data/TestSetup_003.hdf5
003,12,13,4,4,4,cDAQ1Mod1/ai3,393B31,51835,g,0.3,739,0,0,0,-1,1651.6129,29.999766,1,7,18,30,9909,19819,1.44,0,1,0.00027229895,0.00065754559,2.414793,7.4146717e-08,4.323662e-07,7.6575981,6.8405728,0.0027597131,0.02386814,weak,TestData/20251124_Testing/vib/Data/TestSetup_003.hdf5
003,12,13,5,5,5,cDAQ1Mod2/ai0,393B31,51836,g,83,553,0,0,0,-1,1651.6129,29.999766,1,7,18,30,9909,19819,1.44,0,1,0.00029621527,0.00091608108,3.0926194,8.7743485e-08,8.3920455e-07,9.8065295,9.326916,0.0022090264,0.029985784,weak,TestData/20251124_Testing/vib/Data/TestSetup_003.hdf5
003,12,13,6,6,6,cDAQ1Mod2/ai1,393B31,61292,g,30,372,0,0,0,-1,1651.6129,29.999766,1,7,18,30,9909,19819,1.44,0,1,0.00028648982,0.00074860627,2.6130293,8.2076414e-08,5.6041135e-07,8.3428854,7.6551372,0.0021771573,0.02387789,weak,TestData/20251124_Testing/vib/Data/TestSetup_003.hdf5
003,12,13,7,7,7,cDAQ1Mod2/ai2,393B31,61321,g,84,234,0,0,0,-1,1651.6129,29.999766,1,7,18,30,9909,19819,1.44,0,1,0.00023958737,0.0003265218,1.3628506,5.7402109e-08,1.0661649e-07,2.6889651,-0.66835859,0.0016811194,0.01039952,noisy,TestData/20251124_Testing/vib/Data/TestSetup_003.hdf5
003,12,13,8x,8x,8,cDAQ1Mod2/ai3,393A03,67865,g,0,103,0,-1,0,0,1651.6129,29.999766,1,7,18,30,9909,19819,1.44,0,1,0.00016527391,0.00025517281,1.5439389,2.7315464e-08,6.5113165e-08,3.7726023,1.4105681,0.0013202377,0.0097756431,weak,TestData/20251124_Testing/vib/Data/TestSetup_003.hdf5
003,12,13,8y,8y,9,cDAQ1Mod3/ai0,393A03,67866,g,0,103,0,0,-1,0,1651.6129,29.999766,1,7,18,30,9909,19819,1.44,0,1,0.00024126921,0.00038329424,1.5886579,5.8210833e-08,1.4691448e-07,4.0206078,1.8293764,0.0017652147,0.016637748,weak,TestData/20251124_Testing/vib/Data/TestSetup_003.hdf5
003,12,13,8z,8z,10,cDAQ1Mod3/ai1,393A03,68542,g,0,103,0,0,0,-1,1651.6129,29.999766,1,7,18,30,9909,19819,1.44,0,1,0.00023628458,0.0003050195,1.2908989,5.5830404e-08,9.3036897e-08,2.2178444,-1.7625204,0.0019470489,0.0073234554,noisy,TestData/20251124_Testing/vib/Data/TestSetup_003.hdf5
003,12,13,9x,9x,11,cDAQ1Mod3/ai2,393A03,68578,g,443,1105,0,-1,0,0,1651.6129,29.999766,1,7,18,30,9909,19819,1.44,0,1,0.00017419303,0.00017447582,1.0016234,3.034321e-08,3.0441811e-08,0.01408962,-24.881804,0.0015504619,0.0018804272,noisy,TestData/20251124_Testing/vib/Data/TestSetup_003.hdf5
003,12,13,9y,9y,12,cDAQ1Mod3/ai3,393A03,68588,g,443,1105,0,0,-1,0,1651.6129,29.999766,1,7,18,30,9909,19819,1.44,0,1,0.00027221708,0.00028268272,1.0384459,7.4102136e-08,7.9909519e-08,0.32767788,-11.058503,0.0019351907,0.0036114082,noisy,TestData/20251124_Testing/vib/Data/TestSetup_003.hdf5
003,12,13,9z,9z,13,cDAQ1Mod4/ai0,393A03,68595,g,443,1105,0,0,0,-1,1651.6129,29.999766,1,7,18,30,9909,19819,1.44,0,1,0.00044691183,0.00044618125,0.99836527,1.9973018e-07,1.9907771e-07,-0.01421072,,0.0044283482,0.0035395796,noisy,TestData/20251124_Testing/vib/Data/TestSetup_003.hdf5
003,12,13,10,10,14,cDAQ1Mod4/ai1,393A03,61596,g,311,1010,0,0,0,-1,1651.6129,29.999766,1,7,18,30,9909,19819,1.44,0,1,0.0011228556,0.00109935,0.97906626,1.2608047e-06,1.2085704e-06,-0.18375835,,0.0083052436,0.010240867,noisy,TestData/20251124_Testing/vib/Data/TestSetup_003.hdf5
003,12,13,11,11,15,cDAQ1Mod4/ai2,393B31,61603,g,311,973,0,0,0,-1,1651.6129,29.999766,1,7,18,30,9909,19819,1.44,0,1,0.00036511981,0.00036756863,1.0067069,1.3331248e-07,1.351067e-07,0.058060814,-18.709949,0.0035620023,0.0066227441,noisy,TestData/20251124_Testing/vib/Data/TestSetup_003.hdf5
003,12,13,12,12,16,cDAQ1Mod4/ai3,393B31,61605,g,141,905,0,0,0,-1,1651.6129,29.999766,1,7,18,30,9909,19819,1.44,0,1,0.00032928869,0.00043827446,1.3309733,1.0843104e-07,1.920845e-07,2.483387,-1.1266972,0.0026927044,0.012054316,noisy,TestData/20251124_Testing/vib/Data/TestSetup_003.hdf5
003,12,13,13,13,17,cDAQ1Mod5/ai0,393B31,72955,g,167,733,0,0,0,-1,1651.6129,29.999766,1,7,18,30,9909,19819,1.44,0,1,0.00031852836,0.00037798939,1.1866742,1.0146032e-07,1.4287598e-07,1.48663,-3.8913163,0.0023568458,0.01058038,noisy,TestData/20251124_Testing/vib/Data/TestSetup_003.hdf5
003,12,13,14,14,18,cDAQ1Mod5/ai1,393B31,72956,g,264,469,0,0,0,-1,1651.6129,29.999766,1,7,18,30,9909,19819,1.44,0,1,0.00035041113,0.00036957011,1.0546757,1.2278796e-07,1.3658207e-07,0.46237914,-9.4946202,0.002574347,0.0068922151,noisy,TestData/20251124_Testing/vib/Data/TestSetup_003.hdf5
003,12,13,15,15,19,cDAQ1Mod5/ai2,393B31,61462,g,192,267,0,0,0,-1,1651.6129,29.999766,1,7,18,30,9909,19819,1.44,0,1,0.00033478604,0.00035169528,1.0505076,1.1208169e-07,1.2368957e-07,0.42798394,-9.8478192,0.0020312771,0.012007621,noisy,TestData/20251124_Testing/vib/Data/TestSetup_003.hdf5
003,12,13,16,16,20,cDAQ1Mod5/ai3,393B31,61593,g,408,181,0,0,0,-1,1651.6129,29.999766,1,7,18,30,9909,19819,1.44,0,1,0.00038470429,0.00039471902,1.0260323,1.4799739e-07,1.5580311e-07,0.22322069,-12.77841,0.0022864297,0.0028341614,noisy,TestData/20251124_Testing/vib/Data/TestSetup_003.hdf5
003,13,14,1,1,1,cDAQ1Mod1/ai0,393B31,51815,g,83,991,0,0,0,-1,1651.6129,29.999766,1,7,17,30,9909,21471,1.47,0,1,0.00043548528,0.00051583694,1.1845106,1.8964743e-07,2.6608775e-07,1.4707792,-3.9462447,0.0031213948,0.012831514,noisy,TestData/20251124_Testing/vib/Data/TestSetup_003.hdf5
003,13,14,2,2,2,cDAQ1Mod1/ai1,393B31,51819,g,0.3,886,0,0,0,-1,1651.6129,29.999766,1,7,17,30,9909,21471,1.47,0,1,0.00049681391,0.00092659448,1.8650735,2.4682407e-07,8.5857732e-07,5.4139191,3.9418879,0.0035399194,0.045997262,weak,TestData/20251124_Testing/vib/Data/TestSetup_003.hdf5
003,13,14,3,3,3,cDAQ1Mod1/ai2,393B31,72538,g,84,905,0,0,0,-1,1651.6129,29.999766,1,7,17,30,9909,21471,1.47,0,1,0.00061656497,0.00094002297,1.524613,3.8015236e-07,8.8364318e-07,3.6631924,1.2203387,0.0047902298,0.038799529,weak,TestData/20251124_Testing/vib/Data/TestSetup_003.hdf5
003,13,14,4,4,4,cDAQ1Mod1/ai3,393B31,51835,g,0.3,739,0,0,0,-1,1651.6129,29.999766,1,7,17,30,9909,21471,1.47,0,1,0.00027658569,0.00062976411,2.2769222,7.6499645e-08,3.9660284e-07,7.146964,6.2163059,0.0021232985,0.028500411,weak,TestData/20251124_Testing/vib/Data/TestSetup_003.hdf5
003,13,14,5,5,5,cDAQ1Mod2/ai0,393B31,51836,g,83,553,0,0,0,-1,1651.6129,29.999766,1,7,17,30,9909,21471,1.47,0,1,0.00028522024,0.00086062221,3.0173953,8.1350584e-08,7.4067058e-07,9.5926442,9.0873557,0.0020643594,0.032495813,weak,TestData/20251124_Testing/vib/Data/TestSetup_003.hdf5
003,13,14,6,6,6,cDAQ1Mod2/ai1,393B31,61292,g,30,372,0,0,0,-1,1651.6129,29.999766,1,7,17,30,9909,21471,1.47,0,1,0.00027849689,0.00075497283,2.7108842,7.7560519e-08,5.6998397e-07,8.6622193,8.0269802,0.0021648372,0.023727276,weak,TestData/20251124_Testing/vib/Data/TestSetup_003.hdf5
003,13,14,7,7,7,cDAQ1Mod2/ai2,393B31,61321,g,84,234,0,0,0,-1,1651.6129,29.999766,1,7,17,30,9909,21471,1.47,0,1,0.00022849813,0.00068586088,3.0016039,5.2211395e-08,4.7040515e-07,9.5470677,9.0361225,0.0017810452,0.044002339,weak,TestData/20251124_Testing/vib/Data/TestSetup_003.hdf5
003,13,14,8x,8x,8,cDAQ1Mod2/ai3,393A03,67865,g,0,103,0,-1,0,0,1651.6129,29.999766,1,7,17,30,9909,21471,1.47,0,1,0.00016283638,0.00032507571,1.9963334,2.6515687e-08,1.0567422e-07,6.0046616,4.7499485,0.0013552938,0.015228118,weak,TestData/20251124_Testing/vib/Data/TestSetup_003.hdf5
003,13,14,8y,8y,9,cDAQ1Mod3/ai0,393A03,67866,g,0,103,0,0,-1,0,1651.6129,29.999766,1,7,17,30,9909,21471,1.47,0,1,0.00023603277,0.00056497331,2.3936223,5.5711469e-08,3.1919484e-07,7.5811125,6.748086,0.0017025444,0.031486933,weak,TestData/20251124_Testing/vib/Data/TestSetup_003.hdf5
003,13,14,8z,8z,10,cDAQ1Mod3/ai1,393A03,68542,g,0,103,0,0,0,-1,1651.6129,29.999766,1,7,17,30,9909,21471,1.47,0,1,0.0002171575,0.00054637572,2.5160344,4.7157379e-08,2.9852643e-07,8.0143313,7.2676215,0.0017125525,0.024840821,weak,TestData/20251124_Testing/vib/Data/TestSetup_003.hdf5
003,13,14,9x,9x,11,cDAQ1Mod3/ai2,393A03,68578,g,443,1105,0,-1,0,0,1651.6129,29.999766,1,7,17,30,9909,21471,1.47,0,1,0.00016827654,0.00017478895,1.0387007,2.8316994e-08,3.0551178e-08,0.32980819,-11.029281,0.0013067375,0.0017141947,noisy,TestData/20251124_Testing/vib/Data/TestSetup_003.hdf5
003,13,14,9y,9y,12,cDAQ1Mod3/ai3,393A03,68588,g,443,1105,0,0,-1,0,1651.6129,29.999766,1,7,17,30,9909,21471,1.47,0,1,0.00026446553,0.00027421499,1.0368648,6.9942018e-08,7.5193863e-08,0.31444234,-11.244263,0.0017213369,0.0019475521,noisy,TestData/20251124_Testing/vib/Data/TestSetup_003.hdf5
003,13,14,9z,9z,13,cDAQ1Mod4/ai0,393A03,68595,g,443,1105,0,0,0,-1,1651.6129,29.999766,1,7,17,30,9909,21471,1.47,0,1,0.00043770224,0.00046075405,1.0526655,1.9158325e-07,2.1229429e-07,0.44580785,-9.6615555,0.0023650912,0.0025956504,noisy,TestData/20251124_Testing/vib/Data/TestSetup_003.hdf5
003,13,14,10,10,14,cDAQ1Mod4/ai1,393A03,61596,g,311,1010,0,0,0,-1,1651.6129,29.999766,1,7,17,30,9909,21471,1.47,0,1,0.0010913641,0.001126758,1.0324309,1.1910755e-06,1.2695837e-06,0.27722027,-11.810246,0.0052801192,0.0058288627,noisy,TestData/20251124_Testing/vib/Data/TestSetup_003.hdf5
003,13,14,11,11,15,cDAQ1Mod4/ai2,393B31,61603,g,311,973,0,0,0,-1,1651.6129,29.999766,1,7,17,30,9909,21471,1.47,0,1,0.0003651643,0.00031911302,0.87388889,1.3334496e-07,1.0183312e-07,-1.1708757,,0.0035338925,0.0032656393,noisy,TestData/20251124_Testing/vib/Data/TestSetup_003.hdf5
003,13,14,12,12,16,cDAQ1Mod4/ai3,393B31,61605,g,141,905,0,0,0,-1,1651.6129,29.999766,1,7,17,30,9909,21471,1.47,0,1,0.00033014613,0.00038696663,1.1721071,1.0899647e-07,1.4974318e-07,1.3793462,-4.2731988,0.0023355654,0.0087714504,noisy,TestData/20251124_Testing/vib/Data/TestSetup_003.hdf5
003,13,14,13,13,17,cDAQ1Mod5/ai0,393B31,72955,g,167,733,0,0,0,-1,1651.6129,29.999766,1,7,17,30,9909,21471,1.47,0,1,0.00031493649,0.00037075193,1.1772276,9.9184994e-08,1.3745699e-07,1.4172086,-4.1356485,0.0021865074,0.0081900281,noisy,TestData/20251124_Testing/vib/Data/TestSetup_003.hdf5
003,13,14,14,14,18,cDAQ1Mod5/ai1,393B31,72956,g,264,469,0,0,0,-1,1651.6129,29.999766,1,7,17,30,9909,21471,1.47,0,1,0.00033723983,0.00037241881,1.1043145,1.137307e-07,1.3869577e-07,0.86185514,-6.5854487,0.0026671452,0.0054502725,noisy,TestData/20251124_Testing/vib/Data/TestSetup_003.hdf5
003,13,14,15,15,19,cDAQ1Mod5/ai2,393B31,61462,g,192,267,0,0,0,-1,1651.6129,29.999766,1,7,17,30,9909,21471,1.47,0,1,0.00031351993,0.00040596628,1.294866,9.8294745e-08,1.6480862e-07,2.2444963,-1.6961804,0.0021980218,0.010701131,noisy,TestData/20251124_Testing/vib/Data/TestSetup_003.hdf5
003,13,14,16,16,20,cDAQ1Mod5/ai3,393B31,61593,g,408,181,0,0,0,-1,1651.6129,29.999766,1,7,17,30,9909,21471,1.47,0,1,0.00038609338,0.00040163953,1.0402653,1.490681e-07,1.6131432e-07,0.34288207,-10.853826,0.0023621603,0.0034119953,noisy,TestData/20251124_Testing/vib/Data/TestSetup_003.hdf5
003,14,15,1,1,1,cDAQ1Mod1/ai0,393B31,51815,g,83,991,0,0,0,-1,1651.6129,29.999766,1,7,17,30,9909,21471,1.48,0,1,0.00047791167,0.00098045723,2.0515448,2.2839957e-07,9.6129638e-07,6.2416203,5.0634756,0.0036444115,0.06302318,weak,TestData/20251124_Testing/vib/Data/TestSetup_003.hdf5
003,14,15,2,2,2,cDAQ1Mod1/ai1,393B31,51819,g,0.3,886,0,0,0,-1,1651.6129,29.999766,1,7,17,30,9909,21471,1.48,0,1,0.00057057536,0.0010448,1.8311341,3.2555625e-07,1.091607e-06,5.2544029,3.7163153,0.0039397682,0.048406288,weak,TestData/20251124_Testing/vib/Data/TestSetup_003.hdf5
003,14,15,3,3,3,cDAQ1Mod1/ai2,393B31,72538,g,84,905,0,0,0,-1,1651.6129,29.999766,1,7,17,30,9909,21471,1.48,0,1,0.00068917231,0.0010249722,1.487251,4.7495848e-07,1.050568e-06,3.4476853,0.83472329,0.0064519258,0.044469874,weak,TestData/20251124_Testing/vib/Data/TestSetup_003.hdf5
003,14,15,4,4,4,cDAQ1Mod1/ai3,393B31,51835,g,0.3,739,0,0,0,-1,1651.6129,29.999766,1,7,17,30,9909,21471,1.48,0,1,0.00033964413,0.00069919999,2.0586253,1.1535813e-07,4.8888062e-07,6.2715461,5.1026854,0.003703929,0.026538294,weak,TestData/20251124_Testing/vib/Data/TestSetup_003.hdf5
003,14,15,5,5,5,cDAQ1Mod2/ai0,393B31,51836,g,83,553,0,0,0,-1,1651.6129,29.999766,1,7,17,30,9909,21471,1.48,0,1,0.00040678697,0.00093272623,2.2929108,1.6547564e-07,8.6997822e-07,7.2077431,6.2914852,0.0059465923,0.031424863,weak,TestData/20251124_Testing/vib/Data/TestSetup_003.hdf5
003,14,15,6,6,6,cDAQ1Mod2/ai1,393B31,61292,g,30,372,0,0,0,-1,1651.6129,29.999766,1,7,17,30,9909,21471,1.48,0,1,0.00031020535,0.00078589579,2.5334695,9.6227357e-08,6.1763219e-07,8.0743137,7.338765,0.0028237194,0.023776002,weak,TestData/20251124_Testing/vib/Data/TestSetup_003.hdf5
003,14,15,7,7,7,cDAQ1Mod2/ai2,393B31,61321,g,84,234,0,0,0,-1,1651.6129,29.999766,1,7,17,30,9909,21471,1.48,0,1,0.0002427955,0.00034380827,1.4160405,5.8949656e-08,1.1820413e-07,3.0215136,0.022398485,0.0021322328,0.0067804186,weak,TestData/20251124_Testing/vib/Data/TestSetup_003.hdf5
003,14,15,8x,8x,8,cDAQ1Mod2/ai3,393A03,67865,g,0,103,0,-1,0,0,1651.6129,29.999766,1,7,17,30,9909,21471,1.48,0,1,0.00018344851,0.00021060028,1.1480076,3.3653357e-08,4.4352479e-08,1.1988951,-4.9768025,0.0031212447,0.0073091963,noisy,TestData/20251124_Testing/vib/Data/TestSetup_003.hdf5
003,14,15,8y,8y,9,cDAQ1Mod3/ai0,393A03,67866,g,0,103,0,0,-1,0,1651.6129,29.999766,1,7,17,30,9909,21471,1.48,0,1,0.00027549951,0.00030714666,1.1148719,7.5899979e-08,9.4339069e-08,0.94449929,-6.1450218,0.0041319419,0.010671162,noisy,TestData/20251124_Testing/vib/Data/TestSetup_003.hdf5
003,14,15,8z,8z,10,cDAQ1Mod3/ai1,393A03,68542,g,0,103,0,0,0,-1,1651.6129,29.999766,1,7,17,30,9909,21471,1.48,0,1,0.00022147629,0.00031672578,1.4300663,4.9051749e-08,1.0031522e-07,3.1071234,0.19153527,0.0017769479,0.0056953459,weak,TestData/20251124_Testing/vib/Data/TestSetup_003.hdf5
003,14,15,9x,9x,11,cDAQ1Mod3/ai2,393A03,68578,g,443,1105,0,-1,0,0,1651.6129,29.999766,1,7,17,30,9909,21471,1.48,0,1,0.00018365798,0.00020238729,1.1019793,3.3730252e-08,4.0960616e-08,0.84346889,-6.6885945,0.0021141526,0.0028415761,noisy,TestData/20251124_Testing/vib/Data/TestSetup_003.hdf5
003,14,15,9y,9y,12,cDAQ1Mod3/ai3,393A03,68588,g,443,1105,0,0,-1,0,1651.6129,29.999766,1,7,17,30,9909,21471,1.48,0,1,0.00028541682,0.00030609662,1.0724547,8.1462761e-08,9.3695142e-08,0.60757949,-8.2344812,0.0025922036,0.0044853653,noisy,TestData/20251124_Testing/vib/Data/TestSetup_003.hdf5
003,14,15,9z,9z,13,cDAQ1Mod4/ai0,393A03,68595,g,443,1105,0,0,0,-1,1651.6129,29.999766,1,7,17,30,9909,21471,1.48,0,1,0.00047067152,0.0004996259,1.0615172,2.2153168e-07,2.4962604e-07,0.51854031,-8.9681683,0.002565281,0.0046471315,noisy,TestData/20251124_Testing/vib/Data/TestSetup_003.hdf5
003,14,15,10,10,14,cDAQ1Mod4/ai1,393A03,61596,g,311,1010,0,0,0,-1,1651.6129,29.999766,1,7,17,30,9909,21471,1.48,0,1,0.0011417023,0.0012595649,1.1032341,1.3034842e-06,1.5865038e-06,0.85335335,-6.6328932,0.0053516118,0.010723759,noisy,TestData/20251124_Testing/vib/Data/TestSetup_003.hdf5
003,14,15,11,11,15,cDAQ1Mod4/ai2,393B31,61603,g,311,973,0,0,0,-1,1651.6129,29.999766,1,7,17,30,9909,21471,1.48,0,1,0.00033046534,0.00072466215,2.1928537,1.0920734e-07,5.2513523e-07,6.8201932,5.807662,0.0027430948,0.0085925401,weak,TestData/20251124_Testing/vib/Data/TestSetup_003.hdf5
003,14,15,12,12,16,cDAQ1Mod4/ai3,393B31,61605,g,141,905,0,0,0,-1,1651.6129,29.999766,1,7,17,30,9909,21471,1.48,0,1,0.00035225576,0.00049551335,1.4066863,1.2408412e-07,2.4553348e-07,2.963945,-0.09320994,0.0024713304,0.010834722,noisy,TestData/20251124_Testing/vib/Data/TestSetup_003.hdf5
003,14,15,13,13,17,cDAQ1Mod5/ai0,393B31,72955,g,167,733,0,0,0,-1,1651.6129,29.999766,1,7,17,30,9909,21471,1.48,0,1,0.00032692139,0.0004880423,1.492843,1.0687759e-07,2.3818529e-07,3.4802828,0.89403529,0.0031805219,0.012614831,weak,TestData/20251124_Testing/vib/Data/TestSetup_003.hdf5
003,14,15,14,14,18,cDAQ1Mod5/ai1,393B31,72956,g,264,469,0,0,0,-1,1651.6129,29.999766,1,7,17,30,9909,21471,1.48,0,1,0.00036035877,0.0004473035,1.2412727,1.2985844e-07,2.0008042e-07,1.877344,-2.6699713,0.00283916,0.0048311962,noisy,TestData/20251124_Testing/vib/Data/TestSetup_003.hdf5
003,14,15,15,15,19,cDAQ1Mod5/ai2,393B31,61462,g,192,267,0,0,0,-1,1651.6129,29.999766,1,7,17,30,9909,21471,1.48,0,1,0.00033136998,0.00045543656,1.374405,1.0980606e-07,2.0742246e-07,2.7622946,-0.51103541,0.0022665052,0.0064969278,noisy,TestData/20251124_Testing/vib/Data/TestSetup_003.hdf5
003,14,15,16,16,20,cDAQ1Mod5/ai3,393B31,61593,g,408,181,0,0,0,-1,1651.6129,29.999766,1,7,17,30,9909,21471,1.48,0,1,0.00038621765,0.00045142663,1.16884,1.4916407e-07,2.03786e-07,1.3551013,-4.3629715,0.0021221039,0.0035488807,noisy,TestData/20251124_Testing/vib/Data/TestSetup_003.hdf5
004,0,1,1,1,1,cDAQ1Mod1/ai0,393B31,51815,g,83,991,0,0,0,-1,1651.6129,29.999766,1,7,17,30,9909,21471,1.455,0,1,0.00031478753,0.0006284921,1.9965597,9.9091191e-08,3.9500232e-07,6.005646,4.7512625,0.0021252931,0.014139458,weak,TestData/20251124_Testing/vib/Data/TestSetup_004.hdf5
004,0,1,2,2,2,cDAQ1Mod1/ai1,393B31,51819,g,0.3,886,0,0,0,-1,1651.6129,29.999766,1,7,17,30,9909,21471,1.455,0,1,0.00038200417,0.0010182493,2.6655451,1.4592718e-07,1.0368317e-06,8.5157207,7.8569497,0.0022571968,0.022211036,weak,TestData/20251124_Testing/vib/Data/TestSetup_004.hdf5
004,0,1,3,3,3,cDAQ1Mod1/ai2,393B31,72538,g,84,905,0,0,0,-1,1651.6129,29.999766,1,7,17,30,9909,21471,1.455,0,1,0.00035774772,0.00086693043,2.423301,1.2798343e-07,7.5156837e-07,7.6881474,6.8774186,0.0023881469,0.020138156,weak,TestData/20251124_Testing/vib/Data/TestSetup_004.hdf5
004,0,1,4,4,4,cDAQ1Mod1/ai3,393B31,51835,g,0.3,739,0,0,0,-1,1651.6129,29.999766,1,7,17,30,9909,21471,1.455,0,1,0.0002080904,0.00066930072,3.216394,4.3301616e-08,4.4796345e-07,10.147385,9.7058814,0.001470322,0.015232639,good,TestData/20251124_Testing/vib/Data/TestSetup_004.hdf5
004,0,1,5,5,5,cDAQ1Mod2/ai0,393B31,51836,g,83,553,0,0,0,-1,1651.6129,29.999766,1,7,17,30,9909,21471,1.455,0,1,0.00025183616,0.0010791774,4.2852359,6.3421453e-08,1.1646238e-06,12.639495,12.396309,0.001776531,0.026669609,good,TestData/20251124_Testing/vib/Data/TestSetup_004.hdf5
004,0,1,6,6,6,cDAQ1Mod2/ai1,393B31,61292,g,30,372,0,0,0,-1,1651.6129,29.999766,1,7,17,30,9909,21471,1.455,0,1,0.00021099142,0.00067710915,3.2091786,4.4517378e-08,4.5847679e-07,10.127878,9.6842819,0.0015654613,0.016798725,good,TestData/20251124_Testing/vib/Data/TestSetup_004.hdf5
004,0,1,7,7,7,cDAQ1Mod2/ai2,393B31,61321,g,84,234,0,0,0,-1,1651.6129,29.999766,1,7,17,30,9909,21471,1.455,0,1,0.00020557484,0.00023387678,1.1376722,4.2261016e-08,5.469835e-08,1.1203429,-5.3121263,0.0014885672,0.0030885127,noisy,TestData/20251124_Testing/vib/Data/TestSetup_004.hdf5
004,0,1,8x,8x,8,cDAQ1Mod2/ai3,393A03,67865,g,0,103,0,-1,0,0,1651.6129,29.999766,1,7,17,30,9909,21471,1.455,0,1,0.00010864755,0.00012578971,1.1577777,1.180429e-08,1.5823052e-08,1.272504,-4.6794753,0.00081192425,0.0031644388,noisy,TestData/20251124_Testing/vib/Data/TestSetup_004.hdf5
004,0,1,8y,8y,9,cDAQ1Mod3/ai0,393A03,67866,g,0,103,0,0,-1,0,1651.6129,29.999766,1,7,17,30,9909,21471,1.455,0,1,0.0001258876,0.00015534706,1.234014,1.5847689e-08,2.413271e-08,1.8264017,-2.8167227,0.00095541555,0.003352249,noisy,TestData/20251124_Testing/vib/Data/TestSetup_004.hdf5
004,0,1,8z,8z,10,cDAQ1Mod3/ai1,393A03,68542,g,0,103,0,0,0,-1,1651.6129,29.999766,1,7,17,30,9909,21471,1.455,0,1,0.00019698257,0.00025612404,1.300237,3.8802134e-08,6.5599522e-08,2.2804507,-1.6076313,0.0013857156,0.0038132998,noisy,TestData/20251124_Testing/vib/Data/TestSetup_004.hdf5
004,0,1,9x,9x,11,cDAQ1Mod3/ai2,393A03,68578,g,443,1105,0,-1,0,0,1651.6129,29.999766,1,7,17,30,9909,21471,1.455,0,1,0.00016984518,0.00016835428,0.991222,2.8847384e-08,2.8343163e-08,-0.076581336,,0.0012179969,0.0012948638,noisy,TestData/20251124_Testing/vib/Data/TestSetup_004.hdf5
004,0,1,9y,9y,12,cDAQ1Mod3/ai3,393A03,68588,g,443,1105,0,0,-1,0,1651.6129,29.999766,1,7,17,30,9909,21471,1.455,0,1,0.00026690999,0.00026928633,1.0089031,7.1240942e-08,7.2515125e-08,0.076989451,-17.474979,0.0017435876,0.0020513886,noisy,TestData/20251124_Testing/vib/Data/TestSetup_004.hdf5
004,0,1,9z,9z,13,cDAQ1Mod4/ai0,393A03,68595,g,443,1105,0,0,0,-1,1651.6129,29.999766,1,7,17,30,9909,21471,1.455,0,1,0.00045080177,0.00044984128,0.99786937,2.0322224e-07,2.0235718e-07,-0.018526131,,0.0024270695,0.0025342919,noisy,TestData/20251124_Testing/vib/Data/TestSetup_004.hdf5
004,0,1,10,10,14,cDAQ1Mod4/ai1,393A03,61596,g,311,1010,0,0,0,-1,1651.6129,29.999766,1,7,17,30,9909,21471,1.455,0,1,0.0011353203,0.0011346568,0.99941559,1.2889522e-06,1.2874461e-06,-0.0050775699,,0.005185493,0.0052791685,noisy,TestData/20251124_Testing/vib/Data/TestSetup_004.hdf5
004,0,1,11,11,15,cDAQ1Mod4/ai2,393B31,61603,g,311,973,0,0,0,-1,1651.6129,29.999766,1,7,17,30,9909,21471,1.455,0,1,0.00030485526,0.00031351276,1.0283987,9.2936732e-08,9.8290253e-08,0.24323054,-12.395479,0.0022515766,0.0029481785,noisy,TestData/20251124_Testing/vib/Data/TestSetup_004.hdf5
004,0,1,12,12,16,cDAQ1Mod4/ai3,393B31,61605,g,141,905,0,0,0,-1,1651.6129,29.999766,1,7,17,30,9909,21471,1.455,0,1,0.00029575032,0.00034786447,1.17621,8.7468252e-08,1.2100969e-07,1.409697,-4.1626878,0.0019344445,0.0049254754,noisy,TestData/20251124_Testing/vib/Data/TestSetup_004.hdf5
004,0,1,13,13,17,cDAQ1Mod5/ai0,393B31,72955,g,167,733,0,0,0,-1,1651.6129,29.999766,1,7,17,30,9909,21471,1.455,0,1,0.00029208928,0.00032758318,1.1215173,8.5316146e-08,1.0731074e-07,0.99611966,-5.8871525,0.0020222215,0.003363776,noisy,TestData/20251124_Testing/vib/Data/TestSetup_004.hdf5
004,0,1,14,14,18,cDAQ1Mod5/ai1,393B31,72956,g,264,469,0,0,0,-1,1651.6129,29.999766,1,7,17,30,9909,21471,1.455,0,1,0.00031225239,0.00034920157,1.1183311,9.7501553e-08,1.2194173e-07,0.97140831,-6.0090712,0.0021747268,0.0027927925,noisy,TestData/20251124_Testing/vib/Data/TestSetup_004.hdf5
004,0,1,15,15,19,cDAQ1Mod5/ai2,393B31,61462,g,192,267,0,0,0,-1,1651.6129,29.999766,1,7,17,30,9909,21471,1.455,0,1,0.00030007931,0.0003210891,1.0700141,9.0047594e-08,1.0309821e-07,0.58779006,-8.3884115,0.0018236421,0.0023786256,noisy,TestData/20251124_Testing/vib/Data/TestSetup_004.hdf5
004,0,1,16,16,20,cDAQ1Mod5/ai3,393B31,61593,g,408,181,0,0,0,-1,1651.6129,29.999766,1,7,17,30,9909,21471,1.455,0,1,0.00037586183,0.00036427326,0.96916801,1.4127211e-07,1.3269501e-07,-0.27201861,,0.0020260306,0.0021288214,noisy,TestData/20251124_Testing/vib/Data/TestSetup_004.hdf5
004,1,2,1,1,1,cDAQ1Mod1/ai0,393B31,51815,g,83,991,0,0,0,-1,1651.6129,29.999766,1,7,18,30,9909,19819,1.44,0,1,0.00038463145,0.00039035511,1.0148809,1.4794135e-07,1.5237711e-07,0.12830148,-15.231218,0.0024476541,0.0029455503,noisy,TestData/20251124_Testing/vib/Data/TestSetup_004.hdf5
004,1,2,2,2,2,cDAQ1Mod1/ai1,393B31,51819,g,0.3,886,0,0,0,-1,1651.6129,29.999766,1,7,18,30,9909,19819,1.44,0,1,0.00044572007,0.00065049516,1.4594253,1.9866638e-07,4.2314395e-07,3.2836376,0.53048571,0.0030871975,0.011325089,weak,TestData/20251124_Testing/vib/Data/TestSetup_004.hdf5
004,1,2,3,3,3,cDAQ1Mod1/ai2,393B31,72538,g,84,905,0,0,0,-1,1651.6129,29.999766,1,7,18,30,9909,19819,1.44,0,1,0.00038324953,0.00078768626,2.055283,1.468802e-07,6.2044964e-07,6.2574328,5.0842041,0.0026122889,0.023449638,weak,TestData/20251124_Testing/vib/Data/TestSetup_004.hdf5
004,1,2,4,4,4,cDAQ1Mod1/ai3,393B31,51835,g,0.3,739,0,0,0,-1,1651.6129,29.999766,1,7,18,30,9909,19819,1.44,0,1,0.00024778995,0.00065989592,2.6631262,6.1399862e-08,4.3546262e-07,8.5078349,7.8477708,0.0015827555,0.014814591,weak,TestData/20251124_Testing/vib/Data/TestSetup_004.hdf5
004,1,2,5,5,5,cDAQ1Mod2/ai0,393B31,51836,g,83,553,0,0,0,-1,1651.6129,29.999766,1,7,18,30,9909,19819,1.44,0,1,0.00030894821,0.0010665794,3.452292,9.5448995e-08,1.1375917e-06,10.76215,10.381558,0.0024176832,0.023639381,good,TestData/20251124_Testing/vib/Data/TestSetup_004.hdf5
004,1,2,6,6,6,cDAQ1Mod2/ai1,393B31,61292,g,30,372,0,0,0,-1,1651.6129,29.999766,1,7,18,30,9909,19819,1.44,0,1,0.00030778752,0.00085803544,2.7877525,9.4733159e-08,7.3622482e-07,8.9050843,8.3068899,0.0027608866,0.017593006,weak,TestData/20251124_Testing/vib/Data/TestSetup_004.hdf5
004,1,2,7,7,7,cDAQ1Mod2/ai2,393B31,61321,g,84,234,0,0,0,-1,1651.6129,29.999766,1,7,18,30,9909,19819,1.44,0,1,0.0002554295,0.00061760327,2.4179012,6.5244227e-08,3.814338e-07,7.6687708,6.8540545,0.0020708175,0.016300491,weak,TestData/20251124_Testing/vib/Data/TestSetup_004.hdf5
004,1,2,8x,8x,8,cDAQ1Mod2/ai3,393A03,67865,g,0,103,0,-1,0,0,1651.6129,29.999766,1,7,18,30,9909,19819,1.44,0,1,0.00014367402,0.00020667694,1.438513,2.0642225e-08,4.2715359e-08,3.1582756,0.29107513,0.0022974264,0.0049347717,weak,TestData/20251124_Testing/vib/Data/TestSetup_004.hdf5
004,1,2,8y,8y,9,cDAQ1Mod3/ai0,393A03,67866,g,0,103,0,0,-1,0,1651.6129,29.999766,1,7,18,30,9909,19819,1.44,0,1,0.00018808834,0.00029834111,1.5861755,3.5377222e-08,8.9007421e-08,4.0070249,1.8068568,0.0041964554,0.010434612,weak,TestData/20251124_Testing/vib/Data/TestSetup_004.hdf5
004,1,2,8z,8z,10,cDAQ1Mod3/ai1,393A03,68542,g,0,103,0,0,0,-1,1651.6129,29.999766,1,7,18,30,9909,19819,1.44,0,1,0.00023397708,0.00057530257,2.4587988,5.4745276e-08,3.3097304e-07,7.8144597,7.0292068,0.0017411052,0.015681489,weak,TestData/20251124_Testing/vib/Data/TestSetup_004.hdf5
004,1,2,9x,9x,11,cDAQ1Mod3/ai2,393A03,68578,g,443,1105,0,-1,0,0,1651.6129,29.999766,1,7,18,30,9909,19819,1.44,0,1,0.00018316429,0.00018462262,1.0079619,3.3549156e-08,3.4085513e-08,0.068882288,-17.962281,0.0026665945,0.0013511079,noisy,TestData/20251124_Testing/vib/Data/TestSetup_004.hdf5
004,1,2,9y,9y,12,cDAQ1Mod3/ai3,393A03,68588,g,443,1105,0,0,-1,0,1651.6129,29.999766,1,7,18,30,9909,19819,1.44,0,1,0.00028311908,0.00027596547,0.97473288,8.0156412e-08,7.6156942e-08,-0.22228771,,0.0020866189,0.0017911793,noisy,TestData/20251124_Testing/vib/Data/TestSetup_004.hdf5
004,1,2,9z,9z,13,cDAQ1Mod4/ai0,393A03,68595,g,443,1105,0,0,0,-1,1651.6129,29.999766,1,7,18,30,9909,19819,1.44,0,1,0.00046913578,0.00046756915,0.99666059,2.2008838e-07,2.1862091e-07,-0.029054283,,0.0030642062,0.0026644463,noisy,TestData/20251124_Testing/vib/Data/TestSetup_004.hdf5
004,1,2,10,10,14,cDAQ1Mod4/ai1,393A03,61596,g,311,1010,0,0,0,-1,1651.6129,29.999766,1,7,18,30,9909,19819,1.44,0,1,0.0011722689,0.0011421613,0.97431681,1.3742145e-06,1.3045325e-06,-0.22599607,,0.0070282013,0.0052981191,noisy,TestData/20251124_Testing/vib/Data/TestSetup_004.hdf5
004,1,2,11,11,15,cDAQ1Mod4/ai2,393B31,61603,g,311,973,0,0,0,-1,1651.6129,29.999766,1,7,18,30,9909,19819,1.44,0,1,0.00053190336,0.00033806866,0.63558287,2.8292118e-07,1.1429042e-07,-3.9365563,,0.0053422898,0.0025613429,noisy,TestData/20251124_Testing/vib/Data/TestSetup_004.hdf5
004,1,2,12,12,16,cDAQ1Mod4/ai3,393B31,61605,g,141,905,0,0,0,-1,1651.6129,29.999766,1,7,18,30,9909,19819,1.44,0,1,0.00034723808,0.00032456385,0.93470119,1.2057428e-07,1.0534169e-07,-0.58654408,,0.002626254,0.0036250466,noisy,TestData/20251124_Testing/vib/Data/TestSetup_004.hdf5
004,1,2,13,13,17,cDAQ1Mod5/ai0,393B31,72955,g,167,733,0,0,0,-1,1651.6129,29.999766,1,7,18,30,9909,19819,1.44,0,1,0.00035987501,0.00035926365,0.9983012,1.2951002e-07,1.2907037e-07,-0.014768175,,0.0025202582,0.0042595184,noisy,TestData/20251124_Testing/vib/Data/TestSetup_004.hdf5
004,1,2,14,14,18,cDAQ1Mod5/ai1,393B31,72956,g,264,469,0,0,0,-1,1651.6129,29.999766,1,7,18,30,9909,19819,1.44,0,1,0.0003750431,0.00039105183,1.042685,1.4065733e-07,1.5292153e-07,0.36306282,-10.595229,0.0027910237,0.0033962656,noisy,TestData/20251124_Testing/vib/Data/TestSetup_004.hdf5
004,1,2,15,15,19,cDAQ1Mod5/ai2,393B31,61462,g,192,267,0,0,0,-1,1651.6129,29.999766,1,7,18,30,9909,19819,1.44,0,1,0.00038376561,0.00036117362,0.94113078,1.4727604e-07,1.3044639e-07,-0.52700049,,0.0034628723,0.0034697394,noisy,TestData/20251124_Testing/vib/Data/TestSetup_004.hdf5
004,1,2,16,16,20,cDAQ1Mod5/ai3,393B31,61593,g,408,181,0,0,0,-1,1651.6129,29.999766,1,7,18,30,9909,19819,1.44,0,1,0.00040386455,0.00041942841,1.0385373,1.6310658e-07,1.7592019e-07,0.32844217,-11.047998,0.0030013391,0.0034664959,noisy,TestData/20251124_Testing/vib/Data/TestSetup_004.hdf5
004,2,3,1,1,1,cDAQ1Mod1/ai0,393B31,51815,g,83,991,0,0,0,-1,1651.6129,29.999766,1,7,18,30,9909,19819,1.5,0,1,0.00036035007,0.00073736331,2.0462416,1.2985217e-07,5.4370465e-07,6.2191383,5.0339635,0.0024852113,0.019091628,weak,TestData/20251124_Testing/vib/Data/TestSetup_004.hdf5
004,2,3,2,2,2,cDAQ1Mod1/ai1,393B31,51819,g,0.3,886,0,0,0,-1,1651.6129,29.999766,1,7,18,30,9909,19819,1.5,0,1,0.00043440821,0.0012451597,2.8663356,1.8871049e-07,1.5504226e-06,9.1465406,8.5828928,0.0030166581,0.03181646,weak,TestData/20251124_Testing/vib/Data/TestSetup_004.hdf5
004,2,3,3,3,3,cDAQ1Mod1/ai2,393B31,72538,g,84,905,0,0,0,-1,1651.6129,29.999766,1,7,18,30,9909,19819,1.5,0,1,0.00036426737,0.00097803931,2.684949,1.3269072e-07,9.5656089e-07,8.5787208,7.9301824,0.0023761141,0.023106212,weak,TestData/20251124_Testing/vib/Data/TestSetup_004.hdf5
004,2,3,4,4,4,cDAQ1Mod1/ai3,393B31,51835,g,0.3,739,0,0,0,-1,1651.6129,29.999766,1,7,18,30,9909,19819,1.5,0,1,0.00022757424,0.00073066776,3.2106787,5.1790034e-08,5.3387537e-07,10.131937,9.6887772,0.0016074421,0.015310448,good,TestData/20251124_Testing/vib/Data/TestSetup_004.hdf5
004,2,3,5,5,5,cDAQ1Mod2/ai0,393B31,51836,g,83,553,0,0,0,-1,1651.6129,29.999766,1,7,18,30,9909,19819,1.5,0,1,0.00026994441,0.0011915806,4.4141703,7.2869982e-08,1.4198642e-06,12.896982,12.668171,0.0019657399,0.030079698,good,TestData/20251124_Testing/vib/Data/TestSetup_004.hdf5
004,2,3,6,6,6,cDAQ1Mod2/ai1,393B31,61292,g,30,372,0,0,0,-1,1651.6129,29.999766,1,7,18,30,9909,19819,1.5,0,1,0.00025612327,0.00084219117,3.2882259,6.5599131e-08,7.0928597e-07,10.339233,9.9177654,0.0019783715,0.022914453,good,TestData/20251124_Testing/vib/Data/TestSetup_004.hdf5
004,2,3,7,7,7,cDAQ1Mod2/ai2,393B31,61321,g,84,234,0,0,0,-1,1651.6129,29.999766,1,7,18,30,9909,19819,1.5,0,1,0.00022790985,0.00028961903,1.2707613,5.1942902e-08,8.3879182e-08,2.0812798,-2.1124187,0.0016261854,0.0028301403,noisy,TestData/20251124_Testing/vib/Data/TestSetup_004.hdf5
004,2,3,8x,8x,8,cDAQ1Mod2/ai3,393A03,67865,g,0,103,0,-1,0,0,1651.6129,29.999766,1,7,18,30,9909,19819,1.5,0,1,0.00013581812,0.00027966962,2.059148,1.8446562e-08,7.8215096e-08,6.2737514,5.1055716,0.0012069313,0.0029678742,weak,TestData/20251124_Testing/vib/Data/TestSetup_004.hdf5
004,2,3,8y,8y,9,cDAQ1Mod3/ai0,393A03,67866,g,0,103,0,0,-1,0,1651.6129,29.999766,1,7,18,30,9909,19819,1.5,0,1,0.00016650209,0.00036434672,2.1882411,2.7722946e-08,1.3274853e-07,6.8019034,5.7845572,0.0016890272,0.0042437654,weak,TestData/20251124_Testing/vib/Data/TestSetup_004.hdf5
004,2,3,8z,8z,10,cDAQ1Mod3/ai1,393A03,68542,g,0,103,0,0,0,-1,1651.6129,29.999766,1,7,18,30,9909,19819,1.5,0,1,0.00021134158,0.00028042873,1.326898,4.4665263e-08,7.8640271e-08,2.4567511,-1.1881032,0.0015151139,0.0031875712,noisy,TestData/20251124_Testing/vib/Data/TestSetup_004.hdf5
004,2,3,9x,9x,11,cDAQ1Mod3/ai2,393A03,68578,g,443,1105,0,-1,0,0,1651.6129,29.999766,1,7,18,30,9909,19819,1.5,0,1,0.00019347997,0.00017962286,0.92837959,3.7434498e-08,3.226437e-08,-0.64548827,,0.0019304219,0.0028034551,noisy,TestData/20251124_Testing/vib/Data/TestSetup_004.hdf5
004,2,3,9y,9y,12,cDAQ1Mod3/ai3,393A03,68588,g,443,1105,0,0,-1,0,1651.6129,29.999766,1,7,18,30,9909,19819,1.5,0,1,0.00030596368,0.00027185204,0.88851082,9.3613771e-08,7.3903529e-08,-1.0267456,,0.003293718,0.001772019,noisy,TestData/20251124_Testing/vib/Data/TestSetup_004.hdf5
004,2,3,9z,9z,13,cDAQ1Mod4/ai0,393A03,68595,g,443,1105,0,0,0,-1,1651.6129,29.999766,1,7,18,30,9909,19819,1.5,0,1,0.00046163961,0.00046313054,1.0032296,2.1311113e-07,2.144899e-07,0.028007077,-21.891154,0.0027065915,0.0027983194,noisy,TestData/20251124_Testing/vib/Data/TestSetup_004.hdf5
004,2,3,10,10,14,cDAQ1Mod4/ai1,393A03,61596,g,311,1010,0,0,0,-1,1651.6129,29.999766,1,7,18,30,9909,19819,1.5,0,1,0.0011661424,0.0011460542,0.98277377,1.3598881e-06,1.3134401e-06,-0.1509289,,0.006594429,0.0061292836,noisy,TestData/20251124_Testing/vib/Data/TestSetup_004.hdf5
004,2,3,11,11,15,cDAQ1Mod4/ai2,393B31,61603,g,311,973,0,0,0,-1,1651.6129,29.999766,1,7,18,30,9909,19819,1.5,0,1,0.00035033003,0.00035991975,1.0273734,1.2273113e-07,1.2954223e-07,0.23456626,-12.557377,0.0027584218,0.0034285273,noisy,TestData/20251124_Testing/vib/Data/TestSetup_004.hdf5
004,2,3,12,12,16,cDAQ1Mod4/ai3,393B31,61605,g,141,905,0,0,0,-1,1651.6129,29.999766,1,7,18,30,9909,19819,1.5,0,1,0.00031642551,0.00038216324,1.207751,1.0012511e-07,1.4604875e-07,1.6395485,-3.3850668,0.0022898649,0.0059103923,noisy,TestData/20251124_Testing/vib/Data/TestSetup_004.hdf5
004,2,3,13,13,17,cDAQ1Mod5/ai0,393B31,72955,g,167,733,0,0,0,-1,1651.6129,29.999766,1,7,18,30,9909,19819,1.5,0,1,0.00032512958,0.00035195192,1.0824974,1.0570924e-07,1.2387015e-07,0.6885372,-7.649753,0.0024384584,0.0036539127,noisy,TestData/20251124_Testing/vib/Data/TestSetup_004.hdf5
004,2,3,14,14,18,cDAQ1Mod5/ai1,393B31,72956,g,264,469,0,0,0,-1,1651.6129,29.999766,1,7,18,30,9909,19819,1.5,0,1,0.00035019553,0.0003799209,1.0848822,1.2263691e-07,1.4433989e-07,0.70765188,-7.5210171,0.00255628,0.0037823671,noisy,TestData/20251124_Testing/vib/Data/TestSetup_004.hdf5
004,2,3,15,15,19,cDAQ1Mod5/ai2,393B31,61462,g,192,267,0,0,0,-1,1651.6129,29.999766,1,7,18,30,9909,19819,1.5,0,1,0.00032981379,0.0003620097,1.0976184,1.0877714e-07,1.3105103e-07,0.80902793,-6.8874162,0.0022994671,0.0028592575,noisy,TestData/20251124_Testing/vib/Data/TestSetup_004.hdf5
004,2,3,16,16,20,cDAQ1Mod5/ai3,393B31,61593,g,408,181,0,0,0,-1,1651.6129,29.999766,1,7,18,30,9909,19819,1.5,0,1,0.00038163162,0.00039059373,1.0234837,1.4564269e-07,1.5256346e-07,0.20161836,-13.231343,0.0021814209,0.0030508967,noisy,TestData/20251124_Testing/vib/Data/TestSetup_004.hdf5
004,3,4,1,1,1,cDAQ1Mod1/ai0,393B31,51815,g,83,991,0,0,0,-1,1651.6129,29.999766,1,7,18,30,9909,19819,1.455,0,1,0.00035626035,0.00039714428,1.1147586,1.2692144e-07,1.5772358e-07,0.94361641,-6.1495407,0.0024959773,0.0039954199,noisy,TestData/20251124_Testing/vib/Data/TestSetup_004.hdf5
004,3,4,2,2,2,cDAQ1Mod1/ai1,393B31,51819,g,0.3,886,0,0,0,-1,1651.6129,29.999766,1,7,18,30,9909,19819,1.455,0,1,0.00042282927,0.00074022013,1.750636,1.7878459e-07,5.4792584e-07,4.863917,3.148625,0.0027621003,0.017334703,weak,TestData/20251124_Testing/vib/Data/TestSetup_004.hdf5
004,3,4,3,3,3,cDAQ1Mod1/ai2,393B31,72538,g,84,905,0,0,0,-1,1651.6129,29.999766,1,7,18,30,9909,19819,1.455,0,1,0.00035925345,0.00091267869,2.5404869,1.2906304e-07,8.3298239e-07,8.0983392,7.36721,0.0025308832,0.030171811,weak,TestData/20251124_Testing/vib/Data/TestSetup_004.hdf5
004,3,4,4,4,4,cDAQ1Mod1/ai3,393B31,51835,g,0.3,739,0,0,0,-1,1651.6129,29.999766,1,7,18,30,9909,19819,1.455,0,1,0.00022358336,0.00071898954,3.2157561,4.9989519e-08,5.1694596e-07,10.145662,9.7039742,0.0015285699,0.015683435,good,TestData/20251124_Testing/vib/Data/TestSetup_004.hdf5
004,3,4,5,5,5,cDAQ1Mod2/ai0,393B31,51836,g,83,553,0,0,0,-1,1651.6129,29.999766,1,7,18,30,9909,19819,1.455,0,1,0.00026875654,0.0011378464,4.2337442,7.2230076e-08,1.2946945e-06,12.534492,12.285182,0.0022815482,0.028667281,good,TestData/20251124_Testing/vib/Data/TestSetup_004.hdf5
004,3,4,6,6,6,cDAQ1Mod2/ai1,393B31,61292,g,30,372,0,0,0,-1,1651.6129,29.999766,1,7,18,30,9909,19819,1.455,0,1,0.00025738114,0.00082348512,3.1994774,6.6245049e-08,6.7812774e-07,10.101581,9.6551474,0.001828004,0.016183826,good,TestData/20251124_Testing/vib/Data/TestSetup_004.hdf5
004,3,4,7,7,7,cDAQ1Mod2/ai2,393B31,61321,g,84,234,0,0,0,-1,1651.6129,29.999766,1,7,18,30,9909,19819,1.455,0,1,0.00024311345,0.00064758891,2.6637313,5.910415e-08,4.193714e-07,8.5098083,7.8500681,0.0017061009,0.016637142,weak,TestData/20251124_Testing/vib/Data/TestSetup_004.hdf5
004,3,4,8x,8x,8,cDAQ1Mod2/ai3,393A03,67865,g,0,103,0,-1,0,0,1651.6129,29.999766,1,7,18,30,9909,19819,1.455,0,1,0.000191465,0.00022746236,1.1880102,3.6658845e-08,5.1739127e-08,1.4964031,-3.8576934,0.001451698,0.0043876462,noisy,TestData/20251124_Testing/vib/Data/TestSetup_004.hdf5
004,3,4,8y,8y,9,cDAQ1Mod3/ai0,393A03,67866,g,0,103,0,0,-1,0,1651.6129,29.999766,1,7,18,30,9909,19819,1.455,0,1,0.00024311417,0.00033627759,1.3832085,5.9104501e-08,1.1308262e-07,2.817753,-0.39402826,0.0019532257,0.0084199452,noisy,TestData/20251124_Testing/vib/Data/TestSetup_004.hdf5
004,3,4,8z,8z,10,cDAQ1Mod3/ai1,393A03,68542,g,0,103,0,0,0,-1,1651.6129,29.999766,1,7,18,30,9909,19819,1.455,0,1,0.00021637187,0.00058554356,2.7061908,4.6816786e-08,3.4286126e-07,8.6471682,8.0095536,0.0016967574,0.012880898,weak,TestData/20251124_Testing/vib/Data/TestSetup_004.hdf5
004,3,4,9x,9x,11,cDAQ1Mod3/ai2,393A03,68578,g,443,1105,0,-1,0,0,1651.6129,29.999766,1,7,18,30,9909,19819,1.455,0,1,0.00016634767,0.00016862053,1.0136633,2.7671549e-08,2.8432883e-08,0.11787432,-15.604581,0.001188,0.0012798654,noisy,TestData/20251124_Testing/vib/Data/TestSetup_004.hdf5
004,3,4,9y,9y,12,cDAQ1Mod3/ai3,393A03,68588,g,443,1105,0,0,-1,0,1651.6129,29.999766,1,7,18,30,9909,19819,1.455,0,1,0.00026628362,0.00026811845,1.0068905,7.0906968e-08,7.1887502e-08,0.059644776,-18.592262,0.0015618738,0.001796742,noisy,TestData/20251124_Testing/vib/Data/TestSetup_004.hdf5
004,3,4,9z,9z,13,cDAQ1Mod4/ai0,393A03,68595,g,443,1105,0,0,0,-1,1651.6129,29.999766,1,7,18,30,9909,19819,1.455,0,1,0.00043968978,0.00045395263,1.0324384,1.9332711e-07,2.0607299e-07,0.27728317,-11.809229,0.0024066166,0.0023911221,noisy,TestData/20251124_Testing/vib/Data/TestSetup_004.hdf5
004,3,4,10,10,14,cDAQ1Mod4/ai1,393A03,61596,g,311,1010,0,0,0,-1,1651.6129,29.999766,1,7,18,30,9909,19819,1.455,0,1,0.0011334767,0.0011236969,0.99137183,1.2847694e-06,1.2626946e-06,-0.075268487,,0.0055498642,0.0052671897,noisy,TestData/20251124_Testing/vib/Data/TestSetup_004.hdf5
004,3,4,11,11,15,cDAQ1Mod4/ai2,393B31,61603,g,311,973,0,0,0,-1,1651.6129,29.999766,1,7,18,30,9909,19819,1.455,0,1,0.00032857883,0.00029267646,0.8907344,1.0796404e-07,8.5659513e-08,-1.0050355,,0.0034710333,0.0023509848,noisy,TestData/20251124_Testing/vib/Data/TestSetup_004.hdf5
004,3,4,12,12,16,cDAQ1Mod4/ai3,393B31,61605,g,141,905,0,0,0,-1,1651.6129,29.999766,1,7,18,30,9909,19819,1.455,0,1,0.00031131233,0.00033574526,1.0784837,9.6915369e-08,1.1272488e-07,0.65627135,-7.8747417,0.0021997368,0.0034317421,noisy,TestData/20251124_Testing/vib/Data/TestSetup_004.hdf5
004,3,4,13,13,17,cDAQ1Mod5/ai0,393B31,72955,g,167,733,0,0,0,-1,1651.6129,29.999766,1,7,18,30,9909,19819,1.455,0,1,0.00029985387,0.0003357735,1.1197904,8.9912345e-08,1.1274384e-07,0.98273509,-5.9528492,0.002199548,0.0035711146,noisy,TestData/20251124_Testing/vib/Data/TestSetup_004.hdf5
004,3,4,14,14,18,cDAQ1Mod5/ai1,393B31,72956,g,264,469,0,0,0,-1,1651.6129,29.999766,1,7,18,30,9909,19819,1.455,0,1,0.00033161155,0.00036060507,1.0874322,1.0996622e-07,1.3003602e-07,0.72804355,-7.3871636,0.0022097236,0.0033016985,noisy,TestData/20251124_Testing/vib/Data/TestSetup_004.hdf5
004,3,4,15,15,19,cDAQ1Mod5/ai2,393B31,61462,g,192,267,0,0,0,-1,1651.6129,29.999766,1,7,18,30,9909,19819,1.455,0,1,0.00032956547,0.00034824278,1.0566725,1.086134e-07,1.2127304e-07,0.47880842,-9.3346218,0.0022098207,0.0029748114,noisy,TestData/20251124_Testing/vib/Data/TestSetup_004.hdf5
004,3,4,16,16,20,cDAQ1Mod5/ai3,393B31,61593,g,408,181,0,0,0,-1,1651.6129,29.999766,1,7,18,30,9909,19819,1.455,0,1,0.00036850904,0.00038869637,1.0547811,1.3579891e-07,1.5108487e-07,0.46324676,-9.4860372,0.0022523985,0.0032726383,noisy,TestData/20251124_Testing/vib/Data/TestSetup_004.hdf5
004,4,5,1,1,1,cDAQ1Mod1/ai0,393B31,51815,g,83,991,0,0,0,-1,1651.6129,29.999766,1,7,18,30,9909,19819,1.54,0,1,0.00035578156,0.00074975285,2.1073404,1.2658052e-07,5.6212934e-07,6.4746938,5.3666997,0.0025032165,0.022904707,weak,TestData/20251124_Testing/vib/Data/TestSetup_004.hdf5
004,4,5,2,2,2,cDAQ1Mod1/ai1,393B31,51819,g,0.3,886,0,0,0,-1,1651.6129,29.999766,1,7,18,30,9909,19819,1.54,0,1,0.00045224909,0.0012843178,2.8398461,2.0452924e-07,1.6494722e-06,9.065896,8.4909531,0.0028523806,0.033289174,weak,TestData/20251124_Testing/vib/Data/TestSetup_004.hdf5
004,4,5,3,3,3,cDAQ1Mod1/ai2,393B31,72538,g,84,905,0,0,0,-1,1651.6129,29.999766,1,7,18,30,9909,19819,1.54,0,1,0.00037309954,0.0010123252,2.7132845,1.3920327e-07,1.0248023e-06,8.6699066,8.035877,0.0024356643,0.024668146,weak,TestData/20251124_Testing/vib/Data/TestSetup_004.hdf5
004,4,5,4,4,4,cDAQ1Mod1/ai3,393B31,51835,g,0.3,739,0,0,0,-1,1651.6129,29.999766,1,7,18,30,9909,19819,1.54,0,1,0.00023437283,0.00084947157,3.6244457,5.4930622e-08,7.2160196e-07,11.184832,10.840973,0.0016398784,0.021014555,good,TestData/20251124_Testing/vib/Data/TestSetup_004.hdf5
004,4,5,5,5,5,cDAQ1Mod2/ai0,393B31,51836,g,83,553,0,0,0,-1,1651.6129,29.999766,1,7,18,30,9909,19819,1.54,0,1,0.00029093103,0.0013271616,4.5617738,8.4640867e-08,1.7613578e-06,13.182675,12.968797,0.0024136054,0.039487446,good,TestData/20251124_Testing/vib/Data/TestSetup_004.hdf5
004,4,5,6,6,6,cDAQ1Mod2/ai1,393B31,61292,g,30,372,0,0,0,-1,1651.6129,29.999766,1,7,18,30,9909,19819,1.54,0,1,0.00028488915,0.00078563524,2.7576875,8.1161829e-08,6.1722274e-07,8.8109009,8.1986231,0.0022505239,0.024120289,weak,TestData/20251124_Testing/vib/Data/TestSetup_004.hdf5
004,4,5,7,7,7,cDAQ1Mod2/ai2,393B31,61321,g,84,234,0,0,0,-1,1651.6129,29.999766,1,7,18,30,9909,19819,1.54,0,1,0.00026880103,0.00026878102,0.99992556,7.2253994e-08,7.2243237e-08,-0.00064662145,,0.0020880591,0.0029135796,noisy,TestData/20251124_Testing/vib/Data/TestSetup_004.hdf5
004,4,5,8x,8x,8,cDAQ1Mod2/ai3,393A03,67865,g,0,103,0,-1,0,0,1651.6129,29.999766,1,7,18,30,9909,19819,1.54,0,1,0.00021833068,0.00026726602,1.2241341,4.7668284e-08,7.1431123e-08,1.7565796,-3.023312,0.0016144585,0.0042624458,noisy,TestData/20251124_Testing/vib/Data/TestSetup_004.hdf5
004,4,5,8y,8y,9,cDAQ1Mod3/ai0,393A03,67866,g,0,103,0,0,-1,0,1651.6129,29.999766,1,7,18,30,9909,19819,1.54,0,1,0.00028525045,0.0003342936,1.1719301,8.136782e-08,1.1175221e-07,1.3780345,-4.2780211,0.0020791809,0.0054768966,noisy,TestData/20251124_Testing/vib/Data/TestSetup_004.hdf5
004,4,5,8z,8z,10,cDAQ1Mod3/ai1,393A03,68542,g,0,103,0,0,0,-1,1651.6129,29.999766,1,7,18,30,9909,19819,1.54,0,1,0.0002708591,0.00026634568,0.98333665,7.3364654e-08,7.0940024e-08,-0.14595548,,0.0020223793,0.0030636404,noisy,TestData/20251124_Testing/vib/Data/TestSetup_004.hdf5
004,4,5,9x,9x,11,cDAQ1Mod3/ai2,393A03,68578,g,443,1105,0,-1,0,0,1651.6129,29.999766,1,7,18,30,9909,19819,1.54,0,1,0.00018969982,0.0001732111,0.91307994,3.5986023e-08,3.0002086e-08,-0.78982396,,0.0014760947,0.0014554719,noisy,TestData/20251124_Testing/vib/Data/TestSetup_004.hdf5
004,4,5,9y,9y,12,cDAQ1Mod3/ai3,393A03,68588,g,443,1105,0,0,-1,0,1651.6129,29.999766,1,7,18,30,9909,19819,1.54,0,1,0.00032156922,0.00027337397,0.85012481,1.0340676e-07,7.4733328e-08,-1.4103461,,0.0024994925,0.0019419895,noisy,TestData/20251124_Testing/vib/Data/TestSetup_004.hdf5
004,4,5,9z,9z,13,cDAQ1Mod4/ai0,393A03,68595,g,443,1105,0,0,0,-1,1651.6129,29.999766,1,7,18,30,9909,19819,1.54,0,1,0.00049272316,0.00045657524,0.92663645,2.4277612e-07,2.0846095e-07,-0.66181245,,0.0033034424,0.0027815852,noisy,TestData/20251124_Testing/vib/Data/TestSetup_004.hdf5
004,4,5,10,10,14,cDAQ1Mod4/ai1,393A03,61596,g,311,1010,0,0,0,-1,1651.6129,29.999766,1,7,18,30,9909,19819,1.54,0,1,0.0012078083,0.0011613598,0.96154313,1.458801e-06,1.3487566e-06,-0.34062459,,0.0063450289,0.0058623273,noisy,TestData/20251124_Testing/vib/Data/TestSetup_004.hdf5
004,4,5,11,11,15,cDAQ1Mod4/ai2,393B31,61603,g,311,973,0,0,0,-1,1651.6129,29.999766,1,7,18,30,9909,19819,1.54,0,1,0.00047659625,0.00038373673,0.80516102,2.2714399e-07,1.4725387e-07,-1.8823452,,0.0042868381,0.0042112581,noisy,TestData/20251124_Testing/vib/Data/TestSetup_004.hdf5
004,4,5,12,12,16,cDAQ1Mod4/ai3,393B31,61605,g,141,905,0,0,0,-1,1651.6129,29.999766,1,7,18,30,9909,19819,1.54,0,1,0.00034397275,0.00035640469,1.0361422,1.1831725e-07,1.270243e-07,0.30838736,-11.331771,0.0028667866,0.0052338587,noisy,TestData/20251124_Testing/vib/Data/TestSetup_004.hdf5
004,4,5,13,13,17,cDAQ1Mod5/ai0,393B31,72955,g,167,733,0,0,0,-1,1651.6129,29.999766,1,7,18,30,9909,19819,1.54,0,1,0.00036368783,0.00034444882,0.9471002,1.3226884e-07,1.1864499e-07,-0.47208144,,0.0025712973,0.0050254792,noisy,TestData/20251124_Testing/vib/Data/TestSetup_004.hdf5
004,4,5,14,14,18,cDAQ1Mod5/ai1,393B31,72956,g,264,469,0,0,0,-1,1651.6129,29.999766,1,7,18,30,9909,19819,1.54,0,1,0.00039516864,0.00036844376,0.93237094,1.5615825e-07,1.357508e-07,-0.60822539,,0.0030634805,0.0035643006,noisy,TestData/20251124_Testing/vib/Data/TestSetup_004.hdf5
004,4,5,15,15,19,cDAQ1Mod5/ai2,393B31,61462,g,192,267,0,0,0,-1,1651.6129,29.999766,1,7,18,30,9909,19819,1.54,0,1,0.00037377507,0.00034100598,0.9123294,1.397078e-07,1.1628508e-07,-0.79696663,,0.0023591481,0.0026048016,noisy,TestData/20251124_Testing/vib/Data/TestSetup_004.hdf5
004,4,5,16,16,20,cDAQ1Mod5/ai3,393B31,61593,g,408,181,0,0,0,-1,1651.6129,29.999766,1,7,18,30,9909,19819,1.54,0,1,0.00040384877,0.00037809047,0.93621798,1.6309383e-07,1.4295241e-07,-0.57246049,,0.00265545,0.0021619654,noisy,TestData/20251124_Testing/vib/Data/TestSetup_004.hdf5
004,5,6,1,1,1,cDAQ1Mod1/ai0,393B31,51815,g,83,991,0,0,0,-1,1651.6129,29.999766,1,7,17,30,9909,21471,1.49,0,1,0.00031130342,0.00037352527,1.1998753,9.690982e-08,1.3952113e-07,1.582722,-3.568429,0.0021073498,0.0048445101,noisy,TestData/20251124_Testing/vib/Data/TestSetup_004.hdf5
004,5,6,2,2,2,cDAQ1Mod1/ai1,393B31,51819,g,0.3,886,0,0,0,-1,1651.6129,29.999766,1,7,17,30,9909,21471,1.49,0,1,0.00037251583,0.00071352471,1.9154212,1.3876804e-07,5.0911751e-07,5.6452856,4.2632225,0.0024505828,0.014749392,weak,TestData/20251124_Testing/vib/Data/TestSetup_004.hdf5
004,5,6,3,3,3,cDAQ1Mod1/ai2,393B31,72538,g,84,905,0,0,0,-1,1651.6129,29.999766,1,7,17,30,9909,21471,1.49,0,1,0.00034128656,0.00079933075,2.3421102,1.1647652e-07,6.3892965e-07,7.3921466,6.5180895,0.0022723617,0.022399099,weak,TestData/20251124_Testing/vib/Data/TestSetup_004.hdf5
004,5,6,4,4,4,cDAQ1Mod1/ai3,393B31,51835,g,0.3,739,0,0,0,-1,1651.6129,29.999766,1,7,17,30,9909,21471,1.49,0,1,0.00020043439,0.00070338147,3.5092854,4.0173944e-08,4.9474549e-07,10.904374,10.536578,0.0015263825,0.016523655,good,TestData/20251124_Testing/vib/Data/TestSetup_004.hdf5
004,5,6,5,5,5,cDAQ1Mod2/ai0,393B31,51836,g,83,553,0,0,0,-1,1651.6129,29.999766,1,7,17,30,9909,21471,1.49,0,1,0.0002638585,0.0010779494,4.0853312,6.9621307e-08,1.1619748e-06,12.224545,11.95621,0.001978977,0.030712757,good,TestData/20251124_Testing/vib/Data/TestSetup_004.hdf5
004,5,6,6,6,6,cDAQ1Mod2/ai1,393B31,61292,g,30,372,0,0,0,-1,1651.6129,29.999766,1,7,17,30,9909,21471,1.49,0,1,0.00021366607,0.00093375348,4.3701532,4.565319e-08,8.7189556e-07,12.809933,12.576363,0.0015180903,0.019124279,good,TestData/20251124_Testing/vib/Data/TestSetup_004.hdf5
004,5,6,7,7,7,cDAQ1Mod2/ai2,393B31,61321,g,84,234,0,0,0,-1,1651.6129,29.999766,1,7,17,30,9909,21471,1.49,0,1,0.00020344499,0.00062711459,3.0824774,4.1389864e-08,3.9327271e-07,9.7779981,9.295041,0.0013987724,0.017493937,weak,TestData/20251124_Testing/vib/Data/TestSetup_004.hdf5
004,5,6,8x,8x,8,cDAQ1Mod2/ai3,393A03,67865,g,0,103,0,-1,0,0,1651.6129,29.999766,1,7,17,30,9909,21471,1.49,0,1,0.00010720224,0.00016776145,1.5649063,1.149232e-08,2.8143906e-08,3.8897667,1.610479,0.00087765444,0.003955705,weak,TestData/20251124_Testing/vib/Data/TestSetup_004.hdf5
004,5,6,8y,8y,9,cDAQ1Mod3/ai0,393A03,67866,g,0,103,0,0,-1,0,1651.6129,29.999766,1,7,17,30,9909,21471,1.49,0,1,0.00012446233,0.00027667443,2.2229572,1.549087e-08,7.6548738e-08,6.9386222,5.9566581,0.00094312725,0.0082018278,weak,TestData/20251124_Testing/vib/Data/TestSetup_004.hdf5
004,5,6,8z,8z,10,cDAQ1Mod3/ai1,393A03,68542,g,0,103,0,0,0,-1,1651.6129,29.999766,1,7,17,30,9909,21471,1.49,0,1,0.00019185768,0.00059756917,3.1146482,3.6809368e-08,3.5708891e-07,9.8681801,9.3957085,0.0014920287,0.017025895,weak,TestData/20251124_Testing/vib/Data/TestSetup_004.hdf5
004,5,6,9x,9x,11,cDAQ1Mod3/ai2,393A03,68578,g,443,1105,0,-1,0,0,1651.6129,29.999766,1,7,17,30,9909,21471,1.49,0,1,0.00017365812,0.00018398835,1.059486,3.0157142e-08,3.3851713e-08,0.50190475,-9.1182611,0.0011948743,0.0021685219,noisy,TestData/20251124_Testing/vib/Data/TestSetup_004.hdf5
004,5,6,9y,9y,12,cDAQ1Mod3/ai3,393A03,68588,g,443,1105,0,0,-1,0,1651.6129,29.999766,1,7,17,30,9909,21471,1.49,0,1,0.00027438341,0.0002802664,1.0214408,7.5286256e-08,7.8549255e-08,0.18426368,-13.630988,0.0018072493,0.0020767297,noisy,TestData/20251124_Testing/vib/Data/TestSetup_004.hdf5
004,5,6,9z,9z,13,cDAQ1Mod4/ai0,393A03,68595,g,443,1105,0,0,0,-1,1651.6129,29.999766,1,7,17,30,9909,21471,1.49,0,1,0.00046949372,0.00047818885,1.0185202,2.2042435e-07,2.2866457e-07,0.15939316,-14.273206,0.0024834697,0.0028094755,noisy,TestData/20251124_Testing/vib/Data/TestSetup_004.hdf5
004,5,6,10,10,14,cDAQ1Mod4/ai1,393A03,61596,g,311,1010,0,0,0,-1,1651.6129,29.999766,1,7,17,30,9909,21471,1.49,0,1,0.0011661451,0.0012134446,1.0405606,1.3598943e-06,1.4724477e-06,0.34534735,-10.821464,0.005377344,0.0067858364,noisy,TestData/20251124_Testing/vib/Data/TestSetup_004.hdf5
004,5,6,11,11,15,cDAQ1Mod4/ai2,393B31,61603,g,311,973,0,0,0,-1,1651.6129,29.999766,1,7,17,30,9909,21471,1.49,0,1,0.00028226881,0.0005413221,1.9177538,7.9675683e-08,2.9302961e-07,5.6558571,4.2777485,0.0021250515,0.0040223701,weak,TestData/20251124_Testing/vib/Data/TestSetup_004.hdf5
004,5,6,12,12,16,cDAQ1Mod4/ai3,393B31,61605,g,141,905,0,0,0,-1,1651.6129,29.999766,1,7,17,30,9909,21471,1.49,0,1,0.00028320283,0.0003349059,1.1825655,8.020384e-08,1.1216196e-07,1.4565042,-3.9961396,0.00200395,0.0034590479,noisy,TestData/20251124_Testing/vib/Data/TestSetup_004.hdf5
004,5,6,13,13,17,cDAQ1Mod5/ai0,393B31,72955,g,167,733,0,0,0,-1,1651.6129,29.999766,1,7,17,30,9909,21471,1.49,0,1,0.00029044435,0.00035157661,1.2104784,8.4357921e-08,1.2360611e-07,1.6591407,-3.3230625,0.0019490321,0.0043614718,noisy,TestData/20251124_Testing/vib/Data/TestSetup_004.hdf5
004,5,6,14,14,18,cDAQ1Mod5/ai1,393B31,72956,g,264,469,0,0,0,-1,1651.6129,29.999766,1,7,17,30,9909,21471,1.49,0,1,0.00032317402,0.0003935324,1.2177105,1.0444145e-07,1.5486775e-07,1.710881,-3.1621579,0.0021489531,0.0043215953,noisy,TestData/20251124_Testing/vib/Data/TestSetup_004.hdf5
004,5,6,15,15,19,cDAQ1Mod5/ai2,393B31,61462,g,192,267,0,0,0,-1,1651.6129,29.999766,1,7,17,30,9909,21471,1.49,0,1,0.00031953054,0.00038070668,1.1914563,1.0209977e-07,1.4493757e-07,1.5215625,-3.7719749,0.0018446803,0.0031763285,noisy,TestData/20251124_Testing/vib/Data/TestSetup_004.hdf5
004,5,6,16,16,20,cDAQ1Mod5/ai3,393B31,61593,g,408,181,0,0,0,-1,1651.6129,29.999766,1,7,17,30,9909,21471,1.49,0,1,0.00036489669,0.00040528263,1.1106777,1.3314959e-07,1.6425401e-07,0.91176135,-6.3151779,0.0019337597,0.0032619917,noisy,TestData/20251124_Testing/vib/Data/TestSetup_004.hdf5
004,6,7,1,1,1,cDAQ1Mod1/ai0,393B31,51815,g,83,991,0,0,0,-1,1651.6129,29.999766,1,7,17,30,9909,21471,1.495,0,1,0.00034369012,0.00060697068,1.7660405,1.181229e-07,3.6841341e-07,4.9400133,3.2611028,0.0024156655,0.012460335,weak,TestData/20251124_Testing/vib/Data/TestSetup_004.hdf5
004,6,7,2,2,2,cDAQ1Mod1/ai1,393B31,51819,g,0.3,886,0,0,0,-1,1651.6129,29.999766,1,7,17,30,9909,21471,1.495,0,1,0.00043962305,0.0011013531,2.5052215,1.9326843e-07,1.2129787e-06,7.9769227,7.2231589,0.0027786978,0.031494947,weak,TestData/20251124_Testing/vib/Data/TestSetup_004.hdf5
004,6,7,3,3,3,cDAQ1Mod1/ai2,393B31,72538,g,84,905,0,0,0,-1,1651.6129,29.999766,1,7,17,30,9909,21471,1.495,0,1,0.00037144635,0.00089565099,2.4112526,1.3797239e-07,8.0219069e-07,7.6448543,6.8251865,0.002430139,0.019339324,weak,TestData/20251124_Testing/vib/Data/TestSetup_004.hdf5
004,6,7,4,4,4,cDAQ1Mod1/ai3,393B31,51835,g,0.3,739,0,0,0,-1,1651.6129,29.999766,1,7,17,30,9909,21471,1.495,0,1,0.00022481402,0.00075799555,3.371656,5.0541344e-08,5.7455725e-07,10.556865,10.156977,0.0016190042,0.017244441,good,TestData/20251124_Testing/vib/Data/TestSetup_004.hdf5
004,6,7,5,5,5,cDAQ1Mod2/ai0,393B31,51836,g,83,553,0,0,0,-1,1651.6129,29.999766,1,7,17,30,9909,21471,1.495,0,1,0.0002622999,0.0011413714,4.3513984,6.8801238e-08,1.3027286e-06,12.772577,12.536933,0.0019091529,0.029853036,good,TestData/20251124_Testing/vib/Data/TestSetup_004.hdf5
004,6,7,6,6,6,cDAQ1Mod2/ai1,393B31,61292,g,30,372,0,0,0,-1,1651.6129,29.999766,1,7,17,30,9909,21471,1.495,0,1,0.00022514806,0.00087103811,3.8687347,5.0691648e-08,7.5870739e-07,11.751379,11.451065,0.0017557462,0.025127955,good,TestData/20251124_Testing/vib/Data/TestSetup_004.hdf5
004,6,7,7,7,7,cDAQ1Mod2/ai2,393B31,61321,g,84,234,0,0,0,-1,1651.6129,29.999766,1,7,17,30,9909,21471,1.495,0,1,0.00021994283,0.00025181517,1.1449119,4.8374848e-08,6.3410878e-08,1.1754415,-5.0748643,0.0014197896,0.0034896632,noisy,TestData/20251124_Testing/vib/Data/TestSetup_004.hdf5
004,6,7,8x,8x,8,cDAQ1Mod2/ai3,393A03,67865,g,0,103,0,-1,0,0,1651.6129,29.999766,1,7,17,30,9909,21471,1.495,0,1,0.00010840613,0.00013166414,1.2145451,1.175189e-08,1.7335445e-08,1.6882728,-3.231969,0.00084948436,0.0030830586,noisy,TestData/20251124_Testing/vib/Data/TestSetup_004.hdf5
004,6,7,8y,8y,9,cDAQ1Mod3/ai0,393A03,67866,g,0,103,0,0,-1,0,1651.6129,29.999766,1,7,17,30,9909,21471,1.495,0,1,0.0001262394,0.00016730904,1.3253315,1.5936385e-08,2.7992315e-08,2.4464901,-1.2118908,0.0010359039,0.0038357938,noisy,TestData/20251124_Testing/vib/Data/TestSetup_004.hdf5
004,6,7,8z,8z,10,cDAQ1Mod3/ai1,393A03,68542,g,0,103,0,0,0,-1,1651.6129,29.999766,1,7,17,30,9909,21471,1.495,0,1,0.00020582869,0.00025944205,1.2604757,4.2365448e-08,6.731018e-08,2.0106895,-2.3003297,0.0015795093,0.0031383634,noisy,TestData/20251124_Testing/vib/Data/TestSetup_004.hdf5
004,6,7,9x,9x,11,cDAQ1Mod3/ai2,393A03,68578,g,443,1105,0,-1,0,0,1651.6129,29.999766,1,7,17,30,9909,21471,1.495,0,1,0.00018672489,0.00018814556,1.0076083,3.4866186e-08,3.539875e-08,0.065834865,-18.160325,0.0014560968,0.0018548049,noisy,TestData/20251124_Testing/vib/Data/TestSetup_004.hdf5
004,6,7,9y,9y,12,cDAQ1Mod3/ai3,393A03,68588,g,443,1105,0,0,-1,0,1651.6129,29.999766,1,7,17,30,9909,21471,1.495,0,1,0.00028925151,0.00028976475,1.0017744,8.3666436e-08,8.3963609e-08,0.015398305,-24.495413,0.0019432256,0.0020136861,noisy,TestData/20251124_Testing/vib/Data/TestSetup_004.hdf5
004,6,7,9z,9z,13,cDAQ1Mod4/ai0,393A03,68595,g,443,1105,0,0,0,-1,1651.6129,29.999766,1,7,17,30,9909,21471,1.495,0,1,0.00047327362,0.00047165842,0.99658717,2.2398792e-07,2.2246166e-07,-0.029694148,,0.0026154834,0.0025417293,noisy,TestData/20251124_Testing/vib/Data/TestSetup_004.hdf5
004,6,7,10,10,14,cDAQ1Mod4/ai1,393A03,61596,g,311,1010,0,0,0,-1,1651.6129,29.999766,1,7,17,30,9909,21471,1.495,0,1,0.0011836945,0.0011820951,0.99864878,1.4011327e-06,1.3973488e-06,-0.0117445,,0.0058303838,0.0055508149,noisy,TestData/20251124_Testing/vib/Data/TestSetup_004.hdf5
004,6,7,11,11,15,cDAQ1Mod4/ai2,393B31,61603,g,311,973,0,0,0,-1,1651.6129,29.999766,1,7,17,30,9909,21471,1.495,0,1,0.00032985402,0.00033634905,1.0196906,1.0880367e-07,1.1313068e-07,0.16936837,-14.004561,0.0026933908,0.0031535104,noisy,TestData/20251124_Testing/vib/Data/TestSetup_004.hdf5
004,6,7,12,12,16,cDAQ1Mod4/ai3,393B31,61605,g,141,905,0,0,0,-1,1651.6129,29.999766,1,7,17,30,9909,21471,1.495,0,1,0.00031921062,0.00035709745,1.1186891,1.0189542e-07,1.2751859e-07,0.97418842,-5.9952179,0.0022758619,0.004219472,noisy,TestData/20251124_Testing/vib/Data/TestSetup_004.hdf5
004,6,7,13,13,17,cDAQ1Mod5/ai0,393B31,72955,g,167,733,0,0,0,-1,1651.6129,29.999766,1,7,17,30,9909,21471,1.495,0,1,0.00030428534,0.00034300349,1.1272429,9.2589568e-08,1.176514e-07,1.0403503,-5.6754929,0.0021318494,0.0065094816,noisy,TestData/20251124_Testing/vib/Data/TestSetup_004.hdf5
004,6,7,14,14,18,cDAQ1Mod5/ai1,393B31,72956,g,264,469,0,0,0,-1,1651.6129,29.999766,1,7,17,30,9909,21471,1.495,0,1,0.00033552643,0.00035785181,1.0665383,1.1257799e-07,1.2805791e-07,0.55952946,-8.6168456,0.0024545115,0.0032670176,noisy,TestData/20251124_Testing/vib/Data/TestSetup_004.hdf5
004,6,7,15,15,19,cDAQ1Mod5/ai2,393B31,61462,g,192,267,0,0,0,-1,1651.6129,29.999766,1,7,17,30,9909,21471,1.495,0,1,0.00031748517,0.00033516931,1.0557007,1.0079684e-07,1.1233847e-07,0.47081589,-9.4117975,0.0019780261,0.0032934431,noisy,TestData/20251124_Testing/vib/Data/TestSetup_004.hdf5
004,6,7,16,16,20,cDAQ1Mod5/ai3,393B31,61593,g,408,181,0,0,0,-1,1651.6129,29.999766,1,7,17,30,9909,21471,1.495,0,1,0.00038044345,0.00037789092,0.99329065,1.4473722e-07,1.4280155e-07,-0.058473039,,0.0021150695,0.002425153,noisy,TestData/20251124_Testing/vib/Data/TestSetup_004.hdf5
004,7,8,1,1,1,cDAQ1Mod1/ai0,393B31,51815,g,83,991,0,0,0,-1,1651.6129,29.999766,1,7,17,30,9909,21471,1.505,0,1,0.00034452094,0.00038619763,1.12097,1.1869468e-07,1.4914861e-07,0.99187956,-5.9078791,0.0022691491,0.0053959268,noisy,TestData/20251124_Testing/vib/Data/TestSetup_004.hdf5
004,7,8,2,2,2,cDAQ1Mod1/ai1,393B31,51819,g,0.3,886,0,0,0,-1,1651.6129,29.999766,1,7,17,30,9909,21471,1.505,0,1,0.00043272114,0.00092255414,2.131983,1.8724759e-07,8.5110614e-07,6.5756749,5.4965932,0.0028841925,0.032052849,weak,TestData/20251124_Testing/vib/Data/TestSetup_004.hdf5
004,7,8,3,3,3,cDAQ1Mod1/ai2,393B31,72538,g,84,905,0,0,0,-1,1651.6129,29.999766,1,7,17,30,9909,21471,1.505,0,1,0.00039050879,0.0009043269,2.3157658,1.5249711e-07,8.1780714e-07,7.2938928,6.3976245,0.0027122964,0.02371743,weak,TestData/20251124_Testing/vib/Data/TestSetup_004.hdf5
004,7,8,4,4,4,cDAQ1Mod1/ai3,393B31,51835,g,0.3,739,0,0,0,-1,1651.6129,29.999766,1,7,17,30,9909,21471,1.505,0,1,0.00022296773,0.00064245639,2.8813873,4.971461e-08,4.1275022e-07,9.1920328,8.6346519,0.0015221327,0.017266503,weak,TestData/20251124_Testing/vib/Data/TestSetup_004.hdf5
004,7,8,5,5,5,cDAQ1Mod2/ai0,393B31,51836,g,83,553,0,0,0,-1,1651.6129,29.999766,1,7,17,30,9909,21471,1.505,0,1,0.00028043456,0.0010272701,3.6631365,7.8643545e-08,1.0552838e-06,11.277062,10.940716,0.0025675572,0.028075376,good,TestData/20251124_Testing/vib/Data/TestSetup_004.hdf5
004,7,8,6,6,6,cDAQ1Mod2/ai1,393B31,61292,g,30,372,0,0,0,-1,1651.6129,29.999766,1,7,17,30,9909,21471,1.505,0,1,0.00025804725,0.00090444952,3.5049764,6.6588384e-08,8.1802894e-07,10.893702,10.524962,0.0020543253,0.019715092,good,TestData/20251124_Testing/vib/Data/TestSetup_004.hdf5
004,7,8,7,7,7,cDAQ1Mod2/ai2,393B31,61321,g,84,234,0,0,0,-1,1651.6129,29.999766,1,7,17,30,9909,21471,1.505,0,1,0.00025753456,0.00060883207,2.3640792,6.6324047e-08,3.7067649e-07,7.4732403,6.6170578,0.0017745639,0.016260218,weak,TestData/20251124_Testing/vib/Data/TestSetup_004.hdf5
004,7,8,8x,8x,8,cDAQ1Mod2/ai3,393A03,67865,g,0,103,0,-1,0,0,1651.6129,29.999766,1,7,17,30,9909,21471,1.505,0,1,0.00011662555,0.00017458614,1.4969803,1.3601518e-08,3.048032e-08,3.5043215,0.93754247,0.00083633832,0.005040566,weak,TestData/20251124_Testing/vib/Data/TestSetup_004.hdf5
004,7,8,8y,8y,9,cDAQ1Mod3/ai0,393A03,67866,g,0,103,0,0,-1,0,1651.6129,29.999766,1,7,17,30,9909,21471,1.505,0,1,0.00014662865,0.00028930549,1.9730488,2.1499962e-08,8.3697665e-08,5.9027566,4.6133666,0.0010924301,0.0095756601,weak,TestData/20251124_Testing/vib/Data/TestSetup_004.hdf5
004,7,8,8z,8z,10,cDAQ1Mod3/ai1,393A03,68542,g,0,103,0,0,0,-1,1651.6129,29.999766,1,7,17,30,9909,21471,1.505,0,1,0.00022770443,0.00057117382,2.5084001,5.1849308e-08,3.2623953e-07,7.9879362,7.2362567,0.0015697892,0.016472459,weak,TestData/20251124_Testing/vib/Data/TestSetup_004.hdf5
004,7,8,9x,9x,11,cDAQ1Mod3/ai2,393A03,68578,g,443,1105,0,-1,0,0,1651.6129,29.999766,1,7,17,30,9909,21471,1.505,0,1,0.00018681427,0.00017948328,0.96075788,3.4899572e-08,3.2214249e-08,-0.34772089,,0.0022591374,0.0015648354,noisy,TestData/20251124_Testing/vib/Data/TestSetup_004.hdf5
004,7,8,9y,9y,12,cDAQ1Mod3/ai3,393A03,68588,g,443,1105,0,0,-1,0,1651.6129,29.999766,1,7,17,30,9909,21471,1.505,0,1,0.00029522339,0.00028533223,0.96649602,8.7156848e-08,8.141448e-08,-0.29599864,,0.0019685667,0.002004415,noisy,TestData/20251124_Testing/vib/Data/TestSetup_004.hdf5
004,7,8,9z,9z,13,cDAQ1Mod4/ai0,393A03,68595,g,443,1105,0,0,0,-1,1651.6129,29.999766,1,7,17,30,9909,21471,1.505,0,1,0.00047205501,0.0004663386,0.98789037,2.2283593e-07,2.1747169e-07,-0.10582496,,0.0026656859,0.0025875932,noisy,TestData/20251124_Testing/vib/Data/TestSetup_004.hdf5
004,7,8,10,10,14,cDAQ1Mod4/ai1,393A03,61596,g,311,1010,0,0,0,-1,1651.6129,29.999766,1,7,17,30,9909,21471,1.505,0,1,0.0011628266,0.0011168217,0.96043703,1.3521657e-06,1.2472908e-06,-0.35062204,,0.0071789188,0.0053642878,noisy,TestData/20251124_Testing/vib/Data/TestSetup_004.hdf5
004,7,8,11,11,15,cDAQ1Mod4/ai2,393B31,61603,g,311,973,0,0,0,-1,1651.6129,29.999766,1,7,17,30,9909,21471,1.505,0,1,0.00049921874,0.00030050586,0.60195228,2.4921935e-07,9.030377e-08,-4.4087587,,0.0045011055,0.0026503883,noisy,TestData/20251124_Testing/vib/Data/TestSetup_004.hdf5
004,7,8,12,12,16,cDAQ1Mod4/ai3,393B31,61605,g,141,905,0,0,0,-1,1651.6129,29.999766,1,7,17,30,9909,21471,1.505,0,1,0.00033029228,0.0003265286,0.988605,1.0909299e-07,1.0662093e-07,-0.099543943,,0.0026195708,0.0050293519,noisy,TestData/20251124_Testing/vib/Data/TestSetup_004.hdf5
004,7,8,13,13,17,cDAQ1Mod5/ai0,393B31,72955,g,167,733,0,0,0,-1,1651.6129,29.999766,1,7,17,30,9909,21471,1.505,0,1,0.00032810366,0.00032714578,0.99708058,1.0765201e-07,1.0702436e-07,-0.025394838,,0.0026504766,0.0050015196,noisy,TestData/20251124_Testing/vib/Data/TestSetup_004.hdf5
004,7,8,14,14,18,cDAQ1Mod5/ai1,393B31,72956,g,264,469,0,0,0,-1,1651.6129,29.999766,1,7,17,30,9909,21471,1.505,0,1,0.00035960553,0.00036739446,1.0216596,1.2931614e-07,1.3497869e-07,0.18612473,-13.586408,0.0028540052,0.0036479391,noisy,TestData/20251124_Testing/vib/Data/TestSetup_004.hdf5
004,7,8,15,15,19,cDAQ1Mod5/ai2,393B31,61462,g,192,267,0,0,0,-1,1651.6129,29.999766,1,7,17,30,9909,21471,1.505,0,1,0.00033311579,0.00033943587,1.0189726,1.1096613e-07,1.1521671e-07,0.16325032,-14.167422,0.002497613,0.0036354229,noisy,TestData/20251124_Testing/vib/Data/TestSetup_004.hdf5
004,7,8,16,16,20,cDAQ1Mod5/ai3,393B31,61593,g,408,181,0,0,0,-1,1651.6129,29.999766,1,7,17,30,9909,21471,1.505,0,1,0.00039215648,0.00039783307,1.0144753,1.5378671e-07,1.5827115e-07,0.12482955,-15.352105,0.0028566588,0.0028093827,noisy,TestData/20251124_Testing/vib/Data/TestSetup_004.hdf5
004,8,9,1,1,1,cDAQ1Mod1/ai0,393B31,51815,g,83,991,0,0,0,-1,1651.6129,29.999766,1,7,18,30,9909,19819,1.48,0,1,0.000348698,0.00062042378,1.7792582,1.2159029e-07,3.8492567e-07,5.0047797,3.3561031,0.0023756334,0.016341289,weak,TestData/20251124_Testing/vib/Data/TestSetup_004.hdf5
004,8,9,2,2,2,cDAQ1Mod1/ai1,393B31,51819,g,0.3,886,0,0,0,-1,1651.6129,29.999766,1,7,18,30,9909,19819,1.48,0,1,0.00044377246,0.0011011664,2.4813762,1.96934e-07,1.2125675e-06,7.8938521,7.1241631,0.0029329162,0.029784776,weak,TestData/20251124_Testing/vib/Data/TestSetup_004.hdf5
004,8,9,3,3,3,cDAQ1Mod1/ai2,393B31,72538,g,84,905,0,0,0,-1,1651.6129,29.999766,1,7,18,30,9909,19819,1.48,0,1,0.00039807124,0.00092437972,2.3221464,1.5846071e-07,8.5447786e-07,7.3177921,6.4269834,0.0026762594,0.024301022,weak,TestData/20251124_Testing/vib/Data/TestSetup_004.hdf5
004,8,9,4,4,4,cDAQ1Mod1/ai3,393B31,51835,g,0.3,739,0,0,0,-1,1651.6129,29.999766,1,7,18,30,9909,19819,1.48,0,1,0.00022254045,0.00069178892,3.1085986,4.9524251e-08,4.7857192e-07,9.8512929,9.3768763,0.0016078171,0.017583991,weak,TestData/20251124_Testing/vib/Data/TestSetup_004.hdf5
004,8,9,5,5,5,cDAQ1Mod2/ai0,393B31,51836,g,83,553,0,0,0,-1,1651.6129,29.999766,1,7,18,30,9909,19819,1.48,0,1,0.00027148918,0.0010604927,3.906206,7.3706374e-08,1.1246447e-06,11.835103,11.540722,0.0019522519,0.026481592,good,TestData/20251124_Testing/vib/Data/TestSetup_004.hdf5
004,8,9,6,6,6,cDAQ1Mod2/ai1,393B31,61292,g,30,372,0,0,0,-1,1651.6129,29.999766,1,7,18,30,9909,19819,1.48,0,1,0.00024069683,0.00073296182,3.0451661,5.7934962e-08,5.3723303e-07,9.6722198,9.1766496,0.0020434836,0.017072664,weak,TestData/20251124_Testing/vib/Data/TestSetup_004.hdf5
004,8,9,7,7,7,cDAQ1Mod2/ai2,393B31,61321,g,84,234,0,0,0,-1,1651.6129,29.999766,1,7,18,30,9909,19819,1.48,0,1,0.00026016813,0.00027459553,1.0554541,6.7687457e-08,7.5402704e-08,0.46878718,-9.431584,0.0018449776,0.0031554026,noisy,TestData/20251124_Testing/vib/Data/TestSetup_004.hdf5
004,8,9,8x,8x,8,cDAQ1Mod2/ai3,393A03,67865,g,0,103,0,-1,0,0,1651.6129,29.999766,1,7,18,30,9909,19819,1.48,0,1,0.00011801258,0.00013845478,1.1732205,1.3926969e-08,1.9169726e-08,1.3875932,-4.2429681,0.00089455648,0.0029778903,noisy,TestData/20251124_Testing/vib/Data/TestSetup_004.hdf5
004,8,9,8y,8y,9,cDAQ1Mod3/ai0,393A03,67866,g,0,103,0,0,-1,0,1651.6129,29.999766,1,7,18,30,9909,19819,1.48,0,1,0.00015206698,0.00018474434,1.214888,2.3124366e-08,3.4130473e-08,1.6907246,-3.2243613,0.0011600158,0.0037694369,noisy,TestData/20251124_Testing/vib/Data/TestSetup_004.hdf5
004,8,9,8z,8z,10,cDAQ1Mod3/ai1,393A03,68542,g,0,103,0,0,0,-1,1651.6129,29.999766,1,7,18,30,9909,19819,1.48,0,1,0.00020865625,0.00024740969,1.1857287,4.3537429e-08,6.1211557e-08,1.4797065,-3.9152477,0.0014282409,0.0025035222,noisy,TestData/20251124_Testing/vib/Data/TestSetup_004.hdf5
004,8,9,9x,9x,11,cDAQ1Mod3/ai2,393A03,68578,g,443,1105,0,-1,0,0,1651.6129,29.999766,1,7,18,30,9909,19819,1.48,0,1,0.0001810925,0.00018237191,1.0070649,3.2794494e-08,3.3259513e-08,0.061149571,-18.483298,0.0012954887,0.0014873435,noisy,TestData/20251124_Testing/vib/Data/TestSetup_004.hdf5
004,8,9,9y,9y,12,cDAQ1Mod3/ai3,393A03,68588,g,443,1105,0,0,-1,0,1651.6129,29.999766,1,7,18,30,9909,19819,1.48,0,1,0.00029474642,0.00029386699,0.99701629,8.6875454e-08,8.6357805e-08,-0.025954929,,0.0018894532,0.0019562052,noisy,TestData/20251124_Testing/vib/Data/TestSetup_004.hdf5
004,8,9,9z,9z,13,cDAQ1Mod4/ai0,393A03,68595,g,443,1105,0,0,0,-1,1651.6129,29.999766,1,7,18,30,9909,19819,1.48,0,1,0.00048665199,0.00047997282,0.98627527,2.3683016e-07,2.3037391e-07,-0.12003714,,0.0025950306,0.0027660907,noisy,TestData/20251124_Testing/vib/Data/TestSetup_004.hdf5
004,8,9,10,10,14,cDAQ1Mod4/ai1,393A03,61596,g,311,1010,0,0,0,-1,1651.6129,29.999766,1,7,18,30,9909,19819,1.48,0,1,0.0011753747,0.0011481545,0.97684128,1.3815057e-06,1.3182588e-06,-0.20351996,,0.0054453507,0.0061409455,noisy,TestData/20251124_Testing/vib/Data/TestSetup_004.hdf5
004,8,9,11,11,15,cDAQ1Mod4/ai2,393B31,61603,g,311,973,0,0,0,-1,1651.6129,29.999766,1,7,18,30,9909,19819,1.48,0,1,0.00036006799,0.00036855203,1.0235623,1.2964896e-07,1.358306e-07,0.20228572,-13.216655,0.0027667369,0.0035844033,noisy,TestData/20251124_Testing/vib/Data/TestSetup_004.hdf5
004,8,9,12,12,16,cDAQ1Mod4/ai3,393B31,61605,g,141,905,0,0,0,-1,1651.6129,29.999766,1,7,18,30,9909,19819,1.48,0,1,0.00033197793,0.00037573896,1.1318191,1.1020935e-07,1.4117976e-07,1.0755403,-5.5127135,0.0025603765,0.0049289125,noisy,TestData/20251124_Testing/vib/Data/TestSetup_004.hdf5
004,8,9,13,13,17,cDAQ1Mod5/ai0,393B31,72955,g,167,733,0,0,0,-1,1651.6129,29.999766,1,7,18,30,9909,19819,1.48,0,1,0.00030718027,0.00034962632,1.1381796,9.4359717e-08,1.2223856e-07,1.124216,-5.2951185,0.0023781224,0.0041261803,noisy,TestData/20251124_Testing/vib/Data/TestSetup_004.hdf5
004,8,9,14,14,18,cDAQ1Mod5/ai1,393B31,72956,g,264,469,0,0,0,-1,1651.6129,29.999766,1,7,18,30,9909,19819,1.48,0,1,0.00033842052,0.00037021649,1.093954,1.1452845e-07,1.3706025e-07,0.77998139,-7.0611748,0.0022730842,0.0035522981,noisy,TestData/20251124_Testing/vib/Data/TestSetup_004.hdf5
004,8,9,15,15,19,cDAQ1Mod5/ai2,393B31,61462,g,192,267,0,0,0,-1,1651.6129,29.999766,1,7,18,30,9909,19819,1.48,0,1,0.00031665032,0.00033238865,1.0497026,1.0026743e-07,1.1048221e-07,0.42132506,-9.9193047,0.0021179893,0.0026808387,noisy,TestData/20251124_Testing/vib/Data/TestSetup_004.hdf5
004,8,9,16,16,20,cDAQ1Mod5/ai3,393B31,61593,g,408,181,0,0,0,-1,1651.6129,29.999766,1,7,18,30,9909,19819,1.48,0,1,0.00038808317,0.00039181321,1.0096114,1.5060854e-07,1.5351759e-07,0.083085314,-17.140992,0.0021523328,0.0023629208,noisy,TestData/20251124_Testing/vib/Data/TestSetup_004.hdf5
004,9,10,1,1,1,cDAQ1Mod1/ai0,393B31,51815,g,83,991,0,0,0,-1,1651.6129,29.999766,1,7,17,30,9909,21471,1.5,0,1,0.00033911929,0.00038107171,1.1237099,1.1500189e-07,1.4521565e-07,1.0130843,-5.8050028,0.0023394992,0.004948272,noisy,TestData/20251124_Testing/vib/Data/TestSetup_004.hdf5
004,9,10,2,2,2,cDAQ1Mod1/ai1,393B31,51819,g,0.3,886,0,0,0,-1,1651.6129,29.999766,1,7,17,30,9909,21471,1.5,0,1,0.00040973908,0.00069003056,1.6840731,1.6788611e-07,4.7614217e-07,4.5272188,2.6389685,0.0026730145,0.014295224,weak,TestData/20251124_Testing/vib/Data/TestSetup_004.hdf5
004,9,10,3,3,3,cDAQ1Mod1/ai2,393B31,72538,g,84,905,0,0,0,-1,1651.6129,29.999766,1,7,17,30,9909,21471,1.5,0,1,0.00038507055,0.00079394953,2.0618287,1.4827933e-07,6.3035586e-07,6.2850518,5.1203537,0.0023867349,0.020122931,weak,TestData/20251124_Testing/vib/Data/TestSetup_004.hdf5
004,9,10,4,4,4,cDAQ1Mod1/ai3,393B31,51835,g,0.3,739,0,0,0,-1,1651.6129,29.999766,1,7,17,30,9909,21471,1.5,0,1,0.00020193385,0.00063597759,3.1494352,4.0777281e-08,4.0446749e-07,9.9646536,9.5031335,0.0015021959,0.019332241,weak,TestData/20251124_Testing/vib/Data/TestSetup_004.hdf5
004,9,10,5,5,5,cDAQ1Mod2/ai0,393B31,51836,g,83,553,0,0,0,-1,1651.6129,29.999766,1,7,17,30,9909,21471,1.5,0,1,0.00025239735,0.0011540856,4.572495,6.3704424e-08,1.3319136e-06,13.203065,12.990213,0.0020403319,0.03317837,good,TestData/20251124_Testing/vib/Data/TestSetup_004.hdf5
004,9,10,6,6,6,cDAQ1Mod2/ai1,393B31,61292,g,30,372,0,0,0,-1,1651.6129,29.999766,1,7,17,30,9909,21471,1.5,0,1,0.00022932216,0.00095927944,4.1831082,5.2588655e-08,9.2021704e-07,12.429982,12.174417,0.0017667112,0.021438498,good,TestData/20251124_Testing/vib/Data/TestSetup_004.hdf5
004,9,10,7,7,7,cDAQ1Mod2/ai2,393B31,61321,g,84,234,0,0,0,-1,1651.6129,29.999766,1,7,17,30,9909,21471,1.5,0,1,0.000256197,0.0006510688,2.5412819,6.5636904e-08,4.2389059e-07,8.1010568,7.3704258,0.0016859647,0.017381048,weak,TestData/20251124_Testing/vib/Data/TestSetup_004.hdf5
004,9,10,8x,8x,8,cDAQ1Mod2/ai3,393A03,67865,g,0,103,0,-1,0,0,1651.6129,29.999766,1,7,17,30,9909,21471,1.5,0,1,0.00013555097,0.00018567225,1.3697597,1.8374066e-08,3.4474186e-08,2.7328874,-0.57376173,0.0010491789,0.005060598,noisy,TestData/20251124_Testing/vib/Data/TestSetup_004.hdf5
004,9,10,8y,8y,9,cDAQ1Mod3/ai0,393A03,67866,g,0,103,0,0,-1,0,1651.6129,29.999766,1,7,17,30,9909,21471,1.5,0,1,0.00019490333,0.0003143661,1.6129335,3.7987308e-08,9.8826046e-08,4.152329,2.0454168,0.0015698307,0.010520016,weak,TestData/20251124_Testing/vib/Data/TestSetup_004.hdf5
004,9,10,8z,8z,10,cDAQ1Mod3/ai1,393A03,68542,g,0,103,0,0,0,-1,1651.6129,29.999766,1,7,17,30,9909,21471,1.5,0,1,0.00022016214,0.0006132806,2.7855862,4.8471367e-08,3.761131e-07,8.8983319,8.2991395,0.0015290865,0.01714132,weak,TestData/20251124_Testing/vib/Data/TestSetup_004.hdf5
004,9,10,9x,9x,11,cDAQ1Mod3/ai2,393A03,68578,g,443,1105,0,-1,0,0,1651.6129,29.999766,1,7,17,30,9909,21471,1.5,0,1,0.00017817613,0.0001718517,0.9645046,3.1746733e-08,2.9533006e-08,-0.31391394,,0.0016210795,0.0014267249,noisy,TestData/20251124_Testing/vib/Data/TestSetup_004.hdf5
004,9,10,9y,9y,12,cDAQ1Mod3/ai3,393A03,68588,g,443,1105,0,0,-1,0,1651.6129,29.999766,1,7,17,30,9909,21471,1.5,0,1,0.00029174528,0.00027405544,0.93936545,8.5115309e-08,7.5106382e-08,-0.54330837,,0.0018678206,0.0019191207,noisy,TestData/20251124_Testing/vib/Data/TestSetup_004.hdf5
004,9,10,9z,9z,13,cDAQ1Mod4/ai0,393A03,68595,g,443,1105,0,0,0,-1,1651.6129,29.999766,1,7,17,30,9909,21471,1.5,0,1,0.00047234961,0.00045167646,0.95623336,2.2311415e-07,2.0401162e-07,-0.38872218,,0.0025386304,0.0024363662,noisy,TestData/20251124_Testing/vib/Data/TestSetup_004.hdf5
004,9,10,10,10,14,cDAQ1Mod4/ai1,393A03,61596,g,311,1010,0,0,0,-1,1651.6129,29.999766,1,7,17,30,9909,21471,1.5,0,1,0.0011719461,0.0011185031,0.95439807,1.3734578e-06,1.2510493e-06,-0.40540894,,0.0054685478,0.0056602087,noisy,TestData/20251124_Testing/vib/Data/TestSetup_004.hdf5
004,9,10,11,11,15,cDAQ1Mod4/ai2,393B31,61603,g,311,973,0,0,0,-1,1651.6129,29.999766,1,7,17,30,9909,21471,1.5,0,1,0.0003069946,0.00034134658,1.1118977,9.4245687e-08,1.1651749e-07,0.92129636,-6.2650611,0.0021709083,0.0028886081,noisy,TestData/20251124_Testing/vib/Data/TestSetup_004.hdf5
004,9,10,12,12,16,cDAQ1Mod4/ai3,393B31,61605,g,141,905,0,0,0,-1,1651.6129,29.999766,1,7,17,30,9909,21471,1.5,0,1,0.00029456736,0.00033294176,1.1302738,8.676993e-08,1.1085021e-07,1.0636728,-5.5670766,0.0019112759,0.0039714287,noisy,TestData/20251124_Testing/vib/Data/TestSetup_004.hdf5
004,9,10,13,13,17,cDAQ1Mod5/ai0,393B31,72955,g,167,733,0,0,0,-1,1651.6129,29.999766,1,7,17,30,9909,21471,1.5,0,1,0.000296945,0.00034705026,1.1687358,8.8176334e-08,1.2044388e-07,1.3543272,-4.3658604,0.0020660851,0.0038268092,noisy,TestData/20251124_Testing/vib/Data/TestSetup_004.hdf5
004,9,10,14,14,18,cDAQ1Mod5/ai1,393B31,72956,g,264,469,0,0,0,-1,1651.6129,29.999766,1,7,17,30,9909,21471,1.5,0,1,0.00032079225,0.00036813769,1.1475891,1.0290767e-07,1.3552536e-07,1.1957284,-4.9899449,0.002186224,0.0033932334,noisy,TestData/20251124_Testing/vib/Data/TestSetup_004.hdf5
004,9,10,15,15,19,cDAQ1Mod5/ai2,393B31,61462,g,192,267,0,0,0,-1,1651.6129,29.999766,1,7,17,30,9909,21471,1.5,0,1,0.00031005723,0.00034834796,1.1234957,9.6135487e-08,1.213463e-07,1.0114283,-5.8129679,0.0017724512,0.003522366,noisy,TestData/20251124_Testing/vib/Data/TestSetup_004.hdf5
004,9,10,16,16,20,cDAQ1Mod5/ai3,393B31,61593,g,408,181,0,0,0,-1,1651.6129,29.999766,1,7,17,30,9909,21471,1.5,0,1,0.00038130889,0.00039946941,1.0476268,1.4539647e-07,1.5957581e-07,0.4041319,-10.108979,0.0022103189,0.002854314,noisy,TestData/20251124_Testing/vib/Data/TestSetup_004.hdf5
004,10,11,1,1,1,cDAQ1Mod1/ai0,393B31,51815,g,83,991,0,0,0,-1,1651.6129,29.999766,1,7,18,30,9909,19819,1.505,0,1,0.00036315617,0.00065656057,1.807929,1.318824e-07,4.3107179e-07,5.1436275,3.5575933,0.0024988235,0.018322602,weak,TestData/20251124_Testing/vib/Data/TestSetup_004.hdf5
004,10,11,2,2,2,cDAQ1Mod1/ai1,393B31,51819,g,0.3,886,0,0,0,-1,1651.6129,29.999766,1,7,18,30,9909,19819,1.505,0,1,0.00040209887,0.0012016202,2.9883699,1.616835e-07,1.443891e-06,9.5086871,8.9929262,0.0026417684,0.03129848,weak,TestData/20251124_Testing/vib/Data/TestSetup_004.hdf5
004,10,11,3,3,3,cDAQ1Mod1/ai2,393B31,72538,g,84,905,0,0,0,-1,1651.6129,29.999766,1,7,18,30,9909,19819,1.505,0,1,0.00037832324,0.00091438005,2.416928,1.4312848e-07,8.3609087e-07,7.6652744,6.8498362,0.0024706577,0.020571277,weak,TestData/20251124_Testing/vib/Data/TestSetup_004.hdf5
004,10,11,4,4,4,cDAQ1Mod1/ai3,393B31,51835,g,0.3,739,0,0,0,-1,1651.6129,29.999766,1,7,18,30,9909,19819,1.505,0,1,0.00020621402,0.00072332384,3.5076366,4.2524221e-08,5.2319738e-07,10.900292,10.532135,0.0015105706,0.019715415,good,TestData/20251124_Testing/vib/Data/TestSetup_004.hdf5
004,10,11,5,5,5,cDAQ1Mod2/ai0,393B31,51836,g,83,553,0,0,0,-1,1651.6129,29.999766,1,7,18,30,9909,19819,1.505,0,1,0.0002782727,0.0010679008,3.8376054,7.7435697e-08,1.1404122e-06,11.681206,11.375824,0.0020757145,0.027243572,good,TestData/20251124_Testing/vib/Data/TestSetup_004.hdf5
004,10,11,6,6,6,cDAQ1Mod2/ai1,393B31,61292,g,30,372,0,0,0,-1,1651.6129,29.999766,1,7,18,30,9909,19819,1.505,0,1,0.00026578658,0.00079149021,2.9779164,7.0642506e-08,6.2645676e-07,9.47825,8.9586358,0.0022268692,0.018401332,weak,TestData/20251124_Testing/vib/Data/TestSetup_004.hdf5
004,10,11,7,7,7,cDAQ1Mod2/ai2,393B31,61321,g,84,234,0,0,0,-1,1651.6129,29.999766,1,7,18,30,9909,19819,1.505,0,1,0.00025762319,0.00025313228,0.98256791,6.636971e-08,6.4075953e-08,-0.1527485,,0.0017792833,0.0034079858,noisy,TestData/20251124_Testing/vib/Data/TestSetup_004.hdf5
004,10,11,8x,8x,8,cDAQ1Mod2/ai3,393A03,67865,g,0,103,0,-1,0,0,1651.6129,29.999766,1,7,18,30,9909,19819,1.505,0,1,0.00012668024,0.00014018653,1.1066172,1.6047883e-08,1.9652264e-08,0.8799483,-6.4858712,0.00098219673,0.0033735234,noisy,TestData/20251124_Testing/vib/Data/TestSetup_004.hdf5
004,10,11,8y,8y,9,cDAQ1Mod3/ai0,393A03,67866,g,0,103,0,0,-1,0,1651.6129,29.999766,1,7,18,30,9909,19819,1.505,0,1,0.00016977591,0.00018484871,1.0887806,2.8823859e-08,3.4169044e-08,0.73880711,-7.3178933,0.0013277511,0.0045380703,noisy,TestData/20251124_Testing/vib/Data/TestSetup_004.hdf5
004,10,11,8z,8z,10,cDAQ1Mod3/ai1,393A03,68542,g,0,103,0,0,0,-1,1651.6129,29.999766,1,7,18,30,9909,19819,1.505,0,1,0.00021971546,0.00025432384,1.1575145,4.8274882e-08,6.4680614e-08,1.2705292,-4.687256,0.0016682048,0.0026766607,noisy,TestData/20251124_Testing/vib/Data/TestSetup_004.hdf5
004,10,11,9x,9x,11,cDAQ1Mod3/ai2,393A03,68578,g,443,1105,0,-1,0,0,1651.6129,29.999766,1,7,18,30,9909,19819,1.505,0,1,0.00017230437,0.00017770099,1.0313203,2.9688795e-08,3.1577643e-08,0.2678714,-11.963955,0.0013842294,0.0013523577,noisy,TestData/20251124_Testing/vib/Data/TestSetup_004.hdf5
004,10,11,9y,9y,12,cDAQ1Mod3/ai3,393A03,68588,g,443,1105,0,0,-1,0,1651.6129,29.999766,1,7,18,30,9909,19819,1.505,0,1,0.00027934909,0.00028260238,1.0116459,7.8035917e-08,7.9864105e-08,0.10057092,-16.302736,0.0017738733,0.0019679486,noisy,TestData/20251124_Testing/vib/Data/TestSetup_004.hdf5
004,10,11,9z,9z,13,cDAQ1Mod4/ai0,393A03,68595,g,443,1105,0,0,0,-1,1651.6129,29.999766,1,7,18,30,9909,19819,1.505,0,1,0.00045343042,0.00047897203,1.0563297,2.0559914e-07,2.2941421e-07,0.47599014,-9.3616949,0.0024537201,0.0025925515,noisy,TestData/20251124_Testing/vib/Data/TestSetup_004.hdf5
004,10,11,10,10,14,cDAQ1Mod4/ai1,393A03,61596,g,311,1010,0,0,0,-1,1651.6129,29.999766,1,7,18,30,9909,19819,1.505,0,1,0.0011227034,0.001216103,1.0831917,1.2604629e-06,1.4789064e-06,0.69410624,-7.6119092,0.0058737991,0.005966207,noisy,TestData/20251124_Testing/vib/Data/TestSetup_004.hdf5
004,10,11,11,11,15,cDAQ1Mod4/ai2,393B31,61603,g,311,973,0,0,0,-1,1651.6129,29.999766,1,7,18,30,9909,19819,1.505,0,1,0.00035238927,0.00035235531,0.99990363,1.241782e-07,1.2415426e-07,-0.00083705743,,0.00282246,0.0037414583,noisy,TestData/20251124_Testing/vib/Data/TestSetup_004.hdf5
004,10,11,12,12,16,cDAQ1Mod4/ai3,393B31,61605,g,141,905,0,0,0,-1,1651.6129,29.999766,1,7,18,30,9909,19819,1.505,0,1,0.00031343923,0.00036074499,1.1509248,9.8244154e-08,1.3013695e-07,1.220939,-4.8861415,0.0019711704,0.0053034279,noisy,TestData/20251124_Testing/vib/Data/TestSetup_004.hdf5
004,10,11,13,13,17,cDAQ1Mod5/ai0,393B31,72955,g,167,733,0,0,0,-1,1651.6129,29.999766,1,7,18,30,9909,19819,1.505,0,1,0.00031158772,0.0003486972,1.119098,9.708691e-08,1.2158974e-07,0.97736243,-5.9794447,0.0023083649,0.0049350689,noisy,TestData/20251124_Testing/vib/Data/TestSetup_004.hdf5
004,10,11,14,14,18,cDAQ1Mod5/ai1,393B31,72956,g,264,469,0,0,0,-1,1651.6129,29.999766,1,7,18,30,9909,19819,1.505,0,1,0.00034568274,0.00035440339,1.0252273,1.1949656e-07,1.2560176e-07,0.21640353,-12.916549,0.0024334755,0.0028144602,noisy,TestData/20251124_Testing/vib/Data/TestSetup_004.hdf5
004,10,11,15,15,19,cDAQ1Mod5/ai2,393B31,61462,g,192,267,0,0,0,-1,1651.6129,29.999766,1,7,18,30,9909,19819,1.505,0,1,0.00033194849,0.00033492489,1.0089664,1.101898e-07,1.1217468e-07,0.077534429,-17.444072,0.0022781167,0.0035673141,noisy,TestData/20251124_Testing/vib/Data/TestSetup_004.hdf5
004,10,11,16,16,20,cDAQ1Mod5/ai3,393B31,61593,g,408,181,0,0,0,-1,1651.6129,29.999766,1,7,18,30,9909,19819,1.505,0,1,0.00039411532,0.00037797904,0.95905696,1.5532688e-07,1.4286815e-07,-0.36311199,,0.0022308517,0.0023873193,noisy,TestData/20251124_Testing/vib/Data/TestSetup_004.hdf5
004,11,12,1,1,1,cDAQ1Mod1/ai0,393B31,51815,g,83,991,0,0,0,-1,1651.6129,29.999766,1,7,17,30,9909,21471,1.485,0,1,0.00037816724,0.00040167404,1.0621598,1.4301046e-07,1.6134203e-07,0.52379722,-8.9216806,0.0025285847,0.0041956426,noisy,TestData/20251124_Testing/vib/Data/TestSetup_004.hdf5
004,11,12,2,2,2,cDAQ1Mod1/ai1,393B31,51819,g,0.3,886,0,0,0,-1,1651.6129,29.999766,1,7,17,30,9909,21471,1.485,0,1,0.00044968162,0.0007216046,1.6047011,2.0221356e-07,5.207132e-07,4.1078832,1.9729868,0.0030961878,0.015277431,weak,TestData/20251124_Testing/vib/Data/TestSetup_004.hdf5
004,11,12,3,3,3,cDAQ1Mod1/ai2,393B31,72538,g,84,905,0,0,0,-1,1651.6129,29.999766,1,7,17,30,9909,21471,1.485,0,1,0.00037736818,0.00082796304,2.1940457,1.4240674e-07,6.855228e-07,6.8249136,5.813621,0.0025270155,0.024295497,weak,TestData/20251124_Testing/vib/Data/TestSetup_004.hdf5
004,11,12,4,4,4,cDAQ1Mod1/ai3,393B31,51835,g,0.3,739,0,0,0,-1,1651.6129,29.999766,1,7,17,30,9909,21471,1.485,0,1,0.00024087048,0.0006713743,2.7872834,5.8018589e-08,4.5074345e-07,8.9036226,8.3052123,0.0018574956,0.016641025,weak,TestData/20251124_Testing/vib/Data/TestSetup_004.hdf5
004,11,12,5,5,5,cDAQ1Mod2/ai0,393B31,51836,g,83,553,0,0,0,-1,1651.6129,29.999766,1,7,17,30,9909,21471,1.485,0,1,0.0002822255,0.0010404658,3.6866471,7.9651232e-08,1.0825691e-06,11.332631,11.000729,0.0018675596,0.026940311,good,TestData/20251124_Testing/vib/Data/TestSetup_004.hdf5
004,11,12,6,6,6,cDAQ1Mod2/ai1,393B31,61292,g,30,372,0,0,0,-1,1651.6129,29.999766,1,7,17,30,9909,21471,1.485,0,1,0.00029712861,0.00093769245,3.1558471,8.828541e-08,8.7926713e-07,9.982319,9.5227751,0.0024347103,0.023519496,weak,TestData/20251124_Testing/vib/Data/TestSetup_004.hdf5
004,11,12,7,7,7,cDAQ1Mod2/ai2,393B31,61321,g,84,234,0,0,0,-1,1651.6129,29.999766,1,7,17,30,9909,21471,1.485,0,1,0.00023554629,0.00058602807,2.4879528,5.5482057e-08,3.434289e-07,7.9168429,7.1515977,0.0017733054,0.017831721,weak,TestData/20251124_Testing/vib/Data/TestSetup_004.hdf5
004,11,12,8x,8x,8,cDAQ1Mod2/ai3,393A03,67865,g,0,103,0,-1,0,0,1651.6129,29.999766,1,7,17,30,9909,21471,1.485,0,1,0.00011429587,0.00017285317,1.5123309,1.3063545e-08,2.987822e-08,3.5929367,1.0962743,0.0009020685,0.0052909667,weak,TestData/20251124_Testing/vib/Data/TestSetup_004.hdf5
004,11,12,8y,8y,9,cDAQ1Mod3/ai0,393A03,67866,g,0,103,0,0,-1,0,1651.6129,29.999766,1,7,17,30,9909,21471,1.485,0,1,0.00014293086,0.00029083716,2.0348101,2.0429232e-08,8.4586255e-08,6.1704776,4.9699217,0.0010156282,0.011795542,weak,TestData/20251124_Testing/vib/Data/TestSetup_004.hdf5
004,11,12,8z,8z,10,cDAQ1Mod3/ai1,393A03,68542,g,0,103,0,0,0,-1,1651.6129,29.999766,1,7,17,30,9909,21471,1.485,0,1,0.00022782749,0.00057989442,2.5453224,5.1905365e-08,3.3627754e-07,8.1148561,7.3867484,0.0017228801,0.01543545,weak,TestData/20251124_Testing/vib/Data/TestSetup_004.hdf5
004,11,12,9x,9x,11,cDAQ1Mod3/ai2,393A03,68578,g,443,1105,0,-1,0,0,1651.6129,29.999766,1,7,17,30,9909,21471,1.485,0,1,0.00017838847,0.00017869677,1.0017283,3.1822445e-08,3.1932536e-08,0.014998701,-24.609805,0.0015223399,0.0013567323,noisy,TestData/20251124_Testing/vib/Data/TestSetup_004.hdf5
004,11,12,9y,9y,12,cDAQ1Mod3/ai3,393A03,68588,g,443,1105,0,0,-1,0,1651.6129,29.999766,1,7,17,30,9909,21471,1.485,0,1,0.00028603045,0.00028120788,0.98313964,8.181342e-08,7.907787e-08,-0.14769588,,0.0019611498,0.0019562052,noisy,TestData/20251124_Testing/vib/Data/TestSetup_004.hdf5
004,11,12,9z,9z,13,cDAQ1Mod4/ai0,393A03,68595,g,443,1105,0,0,0,-1,1651.6129,29.999766,1,7,17,30,9909,21471,1.485,0,1,0.00048259641,0.00047350518,0.98116183,2.3289929e-07,2.2420715e-07,-0.16518709,,0.0028503811,0.002579536,noisy,TestData/20251124_Testing/vib/Data/TestSetup_004.hdf5
004,11,12,10,10,14,cDAQ1Mod4/ai1,393A03,61596,g,311,1010,0,0,0,-1,1651.6129,29.999766,1,7,17,30,9909,21471,1.485,0,1,0.0012606823,0.0011947469,0.94769864,1.5893199e-06,1.4274202e-06,-0.46659484,,0.0066769497,0.0055610825,noisy,TestData/20251124_Testing/vib/Data/TestSetup_004.hdf5
004,11,12,11,11,15,cDAQ1Mod4/ai2,393B31,61603,g,311,973,0,0,0,-1,1651.6129,29.999766,1,7,17,30,9909,21471,1.485,0,1,0.00056282612,0.00037394826,0.6644117,3.1677325e-07,1.398373e-07,-3.5512546,,0.0045403227,0.0030014816,noisy,TestData/20251124_Testing/vib/Data/TestSetup_004.hdf5
004,11,12,12,12,16,cDAQ1Mod4/ai3,393B31,61605,g,141,905,0,0,0,-1,1651.6129,29.999766,1,7,17,30,9909,21471,1.485,0,1,0.00034692738,0.00033909228,0.97741575,1.2035861e-07,1.1498358e-07,-0.1984133,,0.002293302,0.0036754572,noisy,TestData/20251124_Testing/vib/Data/TestSetup_004.hdf5
004,11,12,13,13,17,cDAQ1Mod5/ai0,393B31,72955,g,167,733,0,0,0,-1,1651.6129,29.999766,1,7,17,30,9909,21471,1.485,0,1,0.00034265195,0.00036328822,1.0602252,1.1741036e-07,1.3197833e-07,0.50796212,-9.0630736,0.0023711966,0.0047261081,noisy,TestData/20251124_Testing/vib/Data/TestSetup_004.hdf5
004,11,12,14,14,18,cDAQ1Mod5/ai1,393B31,72956,g,264,469,0,0,0,-1,1651.6129,29.999766,1,7,17,30,9909,21471,1.485,0,1,0.00036537945,0.00039714797,1.0869467,1.3350214e-07,1.5772651e-07,0.72416457,-7.412358,0.0025501524,0.0037456647,noisy,TestData/20251124_Testing/vib/Data/TestSetup_004.hdf5
004,11,12,15,15,19,cDAQ1Mod5/ai2,393B31,61462,g,192,267,0,0,0,-1,1651.6129,29.999766,1,7,17,30,9909,21471,1.485,0,1,0.00035197163,0.00036786197,1.0451466,1.2388403e-07,1.3532243e-07,0.38354463,-10.3465,0.0023186324,0.0035327915,noisy,TestData/20251124_Testing/vib/Data/TestSetup_004.hdf5
004,11,12,16,16,20,cDAQ1Mod5/ai3,393B31,61593,g,408,181,0,0,0,-1,1651.6129,29.999766,1,7,17,30,9909,21471,1.485,0,1,0.00039204888,0.0004066737,1.0373035,1.5370233e-07,1.6538349e-07,0.3181172,-11.191942,0.0023894107,0.0027101407,noisy,TestData/20251124_Testing/vib/Data/TestSetup_004.hdf5
004,12,13,1,1,1,cDAQ1Mod1/ai0,393B31,51815,g,83,991,0,0,0,-1,1651.6129,29.999766,1,7,18,30,9909,19819,1.46,0,1,0.00035711196,0.00068538525,1.9192447,1.2752895e-07,4.6975294e-07,5.6626071,4.2870164,0.0026806698,0.020108519,weak,TestData/20251124_Testing/vib/Data/TestSetup_004.hdf5
004,12,13,2,2,2,cDAQ1Mod1/ai1,393B31,51819,g,0.3,886,0,0,0,-1,1651.6129,29.999766,1,7,18,30,9909,19819,1.46,0,1,0.0004337191,0.0011071865,2.5527732,1.8811225e-07,1.2258619e-06,8.1402446,7.4167551,0.0027438053,0.029691855,weak,TestData/20251124_Testing/vib/Data/TestSetup_004.hdf5
004,12,13,3,3,3,cDAQ1Mod1/ai2,393B31,72538,g,84,905,0,0,0,-1,1651.6129,29.999766,1,7,18,30,9909,19819,1.46,0,1,0.00037385341,0.00086991828,2.3268968,1.3976637e-07,7.5675782e-07,7.3355423,6.4487645,0.0023912165,0.021671236,weak,TestData/20251124_Testing/vib/Data/TestSetup_004.hdf5
004,12,13,4,4,4,cDAQ1Mod1/ai3,393B31,51835,g,0.3,739,0,0,0,-1,1651.6129,29.999766,1,7,18,30,9909,19819,1.46,0,1,0.00022236176,0.0006986123,3.1417825,4.9444754e-08,4.8805914e-07,9.9435223,9.4796265,0.0016735647,0.019595169,weak,TestData/20251124_Testing/vib/Data/TestSetup_004.hdf5
004,12,13,5,5,5,cDAQ1Mod2/ai0,393B31,51836,g,83,553,0,0,0,-1,1651.6129,29.999766,1,7,18,30,9909,19819,1.46,0,1,0.00025942886,0.0010976441,4.2310022,6.7303334e-08,1.2048225e-06,12.528865,12.279222,0.0020011852,0.031094187,good,TestData/20251124_Testing/vib/Data/TestSetup_004.hdf5
004,12,13,6,6,6,cDAQ1Mod2/ai1,393B31,61292,g,30,372,0,0,0,-1,1651.6129,29.999766,1,7,18,30,9909,19819,1.46,0,1,0.00025186864,0.00067774526,2.690868,6.3437812e-08,4.5933864e-07,8.5978478,7.9523821,0.0018688453,0.016228979,weak,TestData/20251124_Testing/vib/Data/TestSetup_004.hdf5
004,12,13,7,7,7,cDAQ1Mod2/ai2,393B31,61321,g,84,234,0,0,0,-1,1651.6129,29.999766,1,7,18,30,9909,19819,1.46,0,1,0.00022408519,0.00023453587,1.0466371,5.0214172e-08,5.5007073e-08,0.39592227,-10.202279,0.0015551425,0.002878593,noisy,TestData/20251124_Testing/vib/Data/TestSetup_004.hdf5
004,12,13,8x,8x,8,cDAQ1Mod2/ai3,393A03,67865,g,0,103,0,-1,0,0,1651.6129,29.999766,1,7,18,30,9909,19819,1.46,0,1,0.00011266887,0.00013398919,1.1892299,1.2694274e-08,1.7953103e-08,1.5053164,-3.8271887,0.00081067225,0.0033390933,noisy,TestData/20251124_Testing/vib/Data/TestSetup_004.hdf5
004,12,13,8y,8y,9,cDAQ1Mod3/ai0,393A03,67866,g,0,103,0,0,-1,0,1651.6129,29.999766,1,7,18,30,9909,19819,1.46,0,1,0.00013628973,0.00017261492,1.2665291,1.8574892e-08,2.9795911e-08,2.0523037,-2.1889399,0.0010150138,0.0039039938,noisy,TestData/20251124_Testing/vib/Data/TestSetup_004.hdf5
004,12,13,8z,8z,10,cDAQ1Mod3/ai1,393A03,68542,g,0,103,0,0,0,-1,1651.6129,29.999766,1,7,18,30,9909,19819,1.46,0,1,0.00020786139,0.00023091937,1.1109296,4.3206355e-08,5.3323756e-08,0.91373098,-6.3047869,0.0015618916,0.0020108368,noisy,TestData/20251124_Testing/vib/Data/TestSetup_004.hdf5
004,12,13,9x,9x,11,cDAQ1Mod3/ai2,393A03,68578,g,443,1105,0,-1,0,0,1651.6129,29.999766,1,7,18,30,9909,19819,1.46,0,1,0.00017413016,0.00017338573,0.99572487,3.0321313e-08,3.0062612e-08,-0.037212883,,0.0014767197,0.0012592425,noisy,TestData/20251124_Testing/vib/Data/TestSetup_004.hdf5
004,12,13,9y,9y,12,cDAQ1Mod3/ai3,393A03,68588,g,443,1105,0,0,-1,0,1651.6129,29.999766,1,7,18,30,9909,19819,1.46,0,1,0.00027761358,0.00027312689,0.98383834,7.7069301e-08,7.4598296e-08,-0.14152511,,0.0018369168,0.001763366,noisy,TestData/20251124_Testing/vib/Data/TestSetup_004.hdf5
004,12,13,9z,9z,13,cDAQ1Mod4/ai0,393A03,68595,g,443,1105,0,0,0,-1,1651.6129,29.999766,1,7,18,30,9909,19819,1.46,0,1,0.00046870189,0.00045283022,0.96613695,2.1968146e-07,2.050552e-07,-0.29922616,,0.0025088808,0.0028683548,noisy,TestData/20251124_Testing/vib/Data/TestSetup_004.hdf5
004,12,13,10,10,14,cDAQ1Mod4/ai1,393A03,61596,g,311,1010,0,0,0,-1,1651.6129,29.999766,1,7,18,30,9909,19819,1.46,0,1,0.0011820494,0.0011688778,0.98885704,1.3972407e-06,1.3662754e-06,-0.097329843,,0.0055934063,0.0059726084,noisy,TestData/20251124_Testing/vib/Data/TestSetup_004.hdf5
004,12,13,11,11,15,cDAQ1Mod4/ai2,393B31,61603,g,311,973,0,0,0,-1,1651.6129,29.999766,1,7,18,30,9909,19819,1.46,0,1,0.00030767759,0.00032704048,1.0629324,9.4665497e-08,1.0695547e-07,0.53011297,-8.8664066,0.0022707509,0.00344826,noisy,TestData/20251124_Testing/vib/Data/TestSetup_004.hdf5
004,12,13,12,12,16,cDAQ1Mod4/ai3,393B31,61605,g,141,905,0,0,0,-1,1651.6129,29.999766,1,7,18,30,9909,19819,1.46,0,1,0.00031677735,0.00035116346,1.1085498,1.0034789e-07,1.2331578e-07,0.89510411,-6.4038714,0.0030803953,0.0048082325,noisy,TestData/20251124_Testing/vib/Data/TestSetup_004.hdf5
004,12,13,13,13,17,cDAQ1Mod5/ai0,393B31,72955,g,167,733,0,0,0,-1,1651.6129,29.999766,1,7,18,30,9909,19819,1.46,0,1,0.00030505515,0.00033786846,1.1075652,9.3058646e-08,1.141551e-07,0.88738577,-6.4454733,0.0021572442,0.0038072796,noisy,TestData/20251124_Testing/vib/Data/TestSetup_004.hdf5
004,12,13,14,14,18,cDAQ1Mod5/ai1,393B31,72956,g,264,469,0,0,0,-1,1651.6129,29.999766,1,7,18,30,9909,19819,1.46,0,1,0.00033767594,0.0003575871,1.0589653,1.1402504e-07,1.2786853e-07,0.49763441,-9.1575462,0.0024715676,0.0032174915,noisy,TestData/20251124_Testing/vib/Data/TestSetup_004.hdf5
004,12,13,15,15,19,cDAQ1Mod5/ai2,393B31,61462,g,192,267,0,0,0,-1,1651.6129,29.999766,1,7,18,30,9909,19819,1.46,0,1,0.00032322896,0.0003335731,1.0320025,1.0447696e-07,1.1127101e-07,0.2736149,-11.86892,0.002084965,0.0025134073,noisy,TestData/20251124_Testing/vib/Data/TestSetup_004.hdf5
004,12,13,16,16,20,cDAQ1Mod5/ai3,393B31,61593,g,408,181,0,0,0,-1,1651.6129,29.999766,1,7,18,30,9909,19819,1.46,0,1,0.00037423434,0.00037569795,1.003911,1.4005134e-07,1.4114895e-07,0.033903903,-21.058383,0.0023683709,0.0021885187,noisy,TestData/20251124_Testing/vib/Data/TestSetup_004.hdf5
004,13,14,1,1,1,cDAQ1Mod1/ai0,393B31,51815,g,83,991,0,0,0,-1,1651.6129,29.999766,1,7,17,30,9909,21471,1.495,0,1,0.00035093056,0.00036834113,1.0496126,1.2315226e-07,1.3567519e-07,0.42058036,-9.9273661,0.0026757818,0.0029177072,noisy,TestData/20251124_Testing/vib/Data/TestSetup_004.hdf5
004,13,14,2,2,2,cDAQ1Mod1/ai1,393B31,51819,g,0.3,886,0,0,0,-1,1651.6129,29.999766,1,7,17,30,9909,21471,1.495,0,1,0.00039793914,0.00059165884,1.4868074,1.5835556e-07,3.5006019e-07,3.445094,0.82999274,0.0026554739,0.011787744,weak,TestData/20251124_Testing/vib/Data/TestSetup_004.hdf5
004,13,14,3,3,3,cDAQ1Mod1/ai2,393B31,72538,g,84,905,0,0,0,-1,1651.6129,29.999766,1,7,17,30,9909,21471,1.495,0,1,0.00035562102,0.00074064657,2.082685,1.2646631e-07,5.4855734e-07,6.3724719,5.2343129,0.0026364774,0.020660725,weak,TestData/20251124_Testing/vib/Data/TestSetup_004.hdf5
004,13,14,4,4,4,cDAQ1Mod1/ai3,393B31,51835,g,0.3,739,0,0,0,-1,1651.6129,29.999766,1,7,17,30,9909,21471,1.495,0,1,0.00022399531,0.00060007214,2.6789496,5.0173897e-08,3.6008658e-07,8.559291,7.9076151,0.0016991263,0.016238977,weak,TestData/20251124_Testing/vib/Data/TestSetup_004.hdf5
004,13,14,5,5,5,cDAQ1Mod2/ai0,393B31,51836,g,83,553,0,0,0,-1,1651.6129,29.999766,1,7,17,30,9909,21471,1.495,0,1,0.00028412563,0.0009943841,3.4998043,8.0727374e-08,9.8879975e-07,10.880875,10.510996,0.0026510576,0.024979339,good,TestData/20251124_Testing/vib/Data/TestSetup_004.hdf5
004,13,14,6,6,6,cDAQ1Mod2/ai1,393B31,61292,g,30,372,0,0,0,-1,1651.6129,29.999766,1,7,17,30,9909,21471,1.495,0,1,0.00026589247,0.00095059353,3.5751051,7.0698807e-08,9.0362806e-07,11.065776,10.71196,0.002581505,0.020847808,good,TestData/20251124_Testing/vib/Data/TestSetup_004.hdf5
004,13,14,7,7,7,cDAQ1Mod2/ai2,393B31,61321,g,84,234,0,0,0,-1,1651.6129,29.999766,1,7,17,30,9909,21471,1.495,0,1,0.00022372558,0.0005909235,2.6412871,5.0053135e-08,3.4919058e-07,8.4363124,7.764395,0.0016059863,0.017362045,weak,TestData/20251124_Testing/vib/Data/TestSetup_004.hdf5
004,13,14,8x,8x,8,cDAQ1Mod2/ai3,393A03,67865,g,0,103,0,-1,0,0,1651.6129,29.999766,1,7,17,30,9909,21471,1.495,0,1,0.00012229371,0.00019353123,1.5825117,1.4955751e-08,3.7454337e-08,3.9869388,1.7734698,0.0016870747,0.0066612845,weak,TestData/20251124_Testing/vib/Data/TestSetup_004.hdf5
004,13,14,8y,8y,9,cDAQ1Mod3/ai0,393A03,67866,g,0,103,0,0,-1,0,1651.6129,29.999766,1,7,17,30,9909,21471,1.495,0,1,0.00015206619,0.00033062103,2.1741916,2.3124126e-08,1.0931027e-07,6.7459564,5.7137212,0.002248145,0.017383648,weak,TestData/20251124_Testing/vib/Data/TestSetup_004.hdf5
004,13,14,8z,8z,10,cDAQ1Mod3/ai1,393A03,68542,g,0,103,0,0,0,-1,1651.6129,29.999766,1,7,17,30,9909,21471,1.495,0,1,0.00022318396,0.00058907367,2.6394087,4.9811078e-08,3.4700779e-07,8.4301329,7.7571807,0.0017483952,0.016529564,weak,TestData/20251124_Testing/vib/Data/TestSetup_004.hdf5
004,13,14,9x,9x,11,cDAQ1Mod3/ai2,393A03,68578,g,443,1105,0,-1,0,0,1651.6129,29.999766,1,7,17,30,9909,21471,1.495,0,1,0.00017944806,0.00017286302,0.96330391,3.2201607e-08,2.9881623e-08,-0.32473356,,0.0012892394,0.0017423167,noisy,TestData/20251124_Testing/vib/Data/TestSetup_004.hdf5
004,13,14,9y,9y,12,cDAQ1Mod3/ai3,393A03,68588,g,443,1105,0,0,-1,0,1651.6129,29.999766,1,7,17,30,9909,21471,1.495,0,1,0.00028209608,0.0002758226,0.97776119,7.95782e-08,7.6078108e-08,-0.19534407,,0.0019265376,0.002137919,noisy,TestData/20251124_Testing/vib/Data/TestSetup_004.hdf5
004,13,14,9z,9z,13,cDAQ1Mod4/ai0,393A03,68595,g,443,1105,0,0,0,-1,1651.6129,29.999766,1,7,17,30,9909,21471,1.495,0,1,0.00046320192,0.00045880099,0.99049889,2.1455602e-07,2.1049835e-07,-0.082920107,,0.0024475223,0.002554125,noisy,TestData/20251124_Testing/vib/Data/TestSetup_004.hdf5
004,13,14,10,10,14,cDAQ1Mod4/ai1,393A03,61596,g,311,1010,0,0,0,-1,1651.6129,29.999766,1,7,17,30,9909,21471,1.495,0,1,0.001204917,0.0012002107,0.99609412,1.4518249e-06,1.4405058e-06,-0.033992448,,0.0059698197,0.0053296823,noisy,TestData/20251124_Testing/vib/Data/TestSetup_004.hdf5
004,13,14,11,11,15,cDAQ1Mod4/ai2,393B31,61603,g,311,973,0,0,0,-1,1651.6129,29.999766,1,7,17,30,9909,21471,1.495,0,1,0.00034620853,0.00030355917,0.8768102,1.1986035e-07,9.214817e-08,-1.1418881,,0.0027542022,0.0029921117,noisy,TestData/20251124_Testing/vib/Data/TestSetup_004.hdf5
004,13,14,12,12,16,cDAQ1Mod4/ai3,393B31,61605,g,141,905,0,0,0,-1,1651.6129,29.999766,1,7,17,30,9909,21471,1.495,0,1,0.00029900869,0.00030368189,1.015629,8.9406195e-08,9.2222692e-08,0.13470181,-15.016584,0.002164793,0.0032654252,noisy,TestData/20251124_Testing/vib/Data/TestSetup_004.hdf5
004,13,14,13,13,17,cDAQ1Mod5/ai0,393B31,72955,g,167,733,0,0,0,-1,1651.6129,29.999766,1,7,17,30,9909,21471,1.495,0,1,0.00030855095,0.00033405669,1.082663,9.5203688e-08,1.1159387e-07,0.68986575,-7.6406994,0.0022027925,0.0047059545,noisy,TestData/20251124_Testing/vib/Data/TestSetup_004.hdf5
004,13,14,14,14,18,cDAQ1Mod5/ai1,393B31,72956,g,264,469,0,0,0,-1,1651.6129,29.999766,1,7,17,30,9909,21471,1.495,0,1,0.00034670481,0.00038332329,1.1056186,1.2020422e-07,1.4693675e-07,0.87210694,-6.5287977,0.0027214092,0.0044311339,noisy,TestData/20251124_Testing/vib/Data/TestSetup_004.hdf5
004,13,14,15,15,19,cDAQ1Mod5/ai2,393B31,61462,g,192,267,0,0,0,-1,1651.6129,29.999766,1,7,17,30,9909,21471,1.495,0,1,0.00033365547,0.00035046698,1.0503858,1.1132597e-07,1.228271e-07,0.42697703,-9.8585605,0.0021782322,0.0036801836,noisy,TestData/20251124_Testing/vib/Data/TestSetup_004.hdf5
004,13,14,16,16,20,cDAQ1Mod5/ai3,393B31,61593,g,408,181,0,0,0,-1,1651.6129,29.999766,1,7,17,30,9909,21471,1.495,0,1,0.00037900152,0.00038935198,1.0273098,1.4364215e-07,1.5159497e-07,0.23402871,-12.567612,0.0023383955,0.0027832097,noisy,TestData/20251124_Testing/vib/Data/TestSetup_004.hdf5
004,14,15,1,1,1,cDAQ1Mod1/ai0,393B31,51815,g,83,991,0,0,0,-1,1651.6129,29.999766,1,7,18,30,9909,19819,1.485,0,1,0.00038036346,0.00060421129,1.5885104,1.4467636e-07,3.6507129e-07,4.019801,1.8280402,0.0049209239,0.01348892,weak,TestData/20251124_Testing/vib/Data/TestSetup_004.hdf5
004,14,15,2,2,2,cDAQ1Mod1/ai1,393B31,51819,g,0.3,886,0,0,0,-1,1651.6129,29.999766,1,7,18,30,9909,19819,1.485,0,1,0.0004197576,0.0010494329,2.5000927,1.7619645e-07,1.1013094e-06,7.9591221,7.2019763,0.0040721081,0.024901276,weak,TestData/20251124_Testing/vib/Data/TestSetup_004.hdf5
004,14,15,3,3,3,cDAQ1Mod1/ai2,393B31,72538,g,84,905,0,0,0,-1,1651.6129,29.999766,1,7,18,30,9909,19819,1.485,0,1,0.00037696331,0.00091076479,2.4160568,1.4210134e-07,8.294925e-07,7.662143,6.8460578,0.0030734039,0.026469815,weak,TestData/20251124_Testing/vib/Data/TestSetup_004.hdf5
004,14,15,4,4,4,cDAQ1Mod1/ai3,393B31,51835,g,0.3,739,0,0,0,-1,1651.6129,29.999766,1,7,18,30,9909,19819,1.485,0,1,0.00023678552,0.00068113662,2.8765975,5.606738e-08,4.639471e-07,9.177582,8.6182185,0.0017840607,0.019484423,weak,TestData/20251124_Testing/vib/Data/TestSetup_004.hdf5
004,14,15,5,5,5,cDAQ1Mod2/ai0,393B31,51836,g,83,553,0,0,0,-1,1651.6129,29.999766,1,7,18,30,9909,19819,1.485,0,1,0.00028437882,0.0010372531,3.6474345,8.0871314e-08,1.075894e-06,11.23975,10.900385,0.0020688764,0.026787739,good,TestData/20251124_Testing/vib/Data/TestSetup_004.hdf5
004,14,15,6,6,6,cDAQ1Mod2/ai1,393B31,61292,g,30,372,0,0,0,-1,1651.6129,29.999766,1,7,18,30,9909,19819,1.485,0,1,0.00028329702,0.00082432696,2.9097621,8.0257204e-08,6.7951493e-07,9.2771498,8.7312962,0.0022869916,0.021451988,weak,TestData/20251124_Testing/vib/Data/TestSetup_004.hdf5
004,14,15,7,7,7,cDAQ1Mod2/ai2,393B31,61321,g,84,234,0,0,0,-1,1651.6129,29.999766,1,7,18,30,9909,19819,1.485,0,1,0.00024444456,0.00025215894,1.0315588,5.9753141e-08,6.358413e-08,0.26987992,-11.930499,0.0017144071,0.0038309714,noisy,TestData/20251124_Testing/vib/Data/TestSetup_004.hdf5
004,14,15,8x,8x,8,cDAQ1Mod2/ai3,393A03,67865,g,0,103,0,-1,0,0,1651.6129,29.999766,1,7,18,30,9909,19819,1.485,0,1,0.0001121518,0.0001504789,1.341743,1.2578026e-08,2.2643899e-08,2.5533871,-0.96761074,0.00088704446,0.0034317415,noisy,TestData/20251124_Testing/vib/Data/TestSetup_004.hdf5
004,14,15,8y,8y,9,cDAQ1Mod3/ai0,393A03,67866,g,0,103,0,0,-1,0,1651.6129,29.999766,1,7,18,30,9909,19819,1.485,0,1,0.00013705599,0.00021193096,1.5463094,1.8784345e-08,4.4914733e-08,3.7859277,1.4334981,0.0010930445,0.0046007406,weak,TestData/20251124_Testing/vib/Data/TestSetup_004.hdf5
004,14,15,8z,8z,10,cDAQ1Mod3/ai1,393A03,68542,g,0,103,0,0,0,-1,1651.6129,29.999766,1,7,18,30,9909,19819,1.485,0,1,0.00022975182,0.00025985247,1.1310138,5.2785898e-08,6.7523307e-08,1.0693579,-5.5409679,0.0018304082,0.0024093591,noisy,TestData/20251124_Testing/vib/Data/TestSetup_004.hdf5
004,14,15,9x,9x,11,cDAQ1Mod3/ai2,393A03,68578,g,443,1105,0,-1,0,0,1651.6129,29.999766,1,7,18,30,9909,19819,1.485,0,1,0.00018160529,0.00017812955,0.98086102,3.298048e-08,3.1730135e-08,-0.16785051,,0.0015267144,0.0025697297,noisy,TestData/20251124_Testing/vib/Data/TestSetup_004.hdf5
004,14,15,9y,9y,12,cDAQ1Mod3/ai3,393A03,68588,g,443,1105,0,0,-1,0,1651.6129,29.999766,1,7,18,30,9909,19819,1.485,0,1,0.00028116574,0.0002870208,1.0208242,7.9054176e-08,8.2380941e-08,0.17901934,-13.759027,0.0018338265,0.0020062692,noisy,TestData/20251124_Testing/vib/Data/TestSetup_004.hdf5
004,14,15,9z,9z,13,cDAQ1Mod4/ai0,393A03,68595,g,443,1105,0,0,0,-1,1651.6129,29.999766,1,7,18,30,9909,19819,1.485,0,1,0.0004742503,0.00046181409,0.97377713,2.2491334e-07,2.1327226e-07,-0.23080857,,0.0029452079,0.0026204417,noisy,TestData/20251124_Testing/vib/Data/TestSetup_004.hdf5
004,14,15,10,10,14,cDAQ1Mod4/ai1,393A03,61596,g,311,1010,0,0,0,-1,1651.6129,29.999766,1,7,18,30,9909,19819,1.485,0,1,0.0012316368,0.0012270598,0.99628377,1.5169293e-06,1.5056758e-06,-0.032338883,,0.0090277749,0.006097657,noisy,TestData/20251124_Testing/vib/Data/TestSetup_004.hdf5
004,14,15,11,11,15,cDAQ1Mod4/ai2,393B31,61603,g,311,973,0,0,0,-1,1651.6129,29.999766,1,7,18,30,9909,19819,1.485,0,1,0.00045121852,0.00040462341,0.89673494,2.0359815e-07,1.637201e-07,-0.94671816,,0.0058610491,0.0032896537,noisy,TestData/20251124_Testing/vib/Data/TestSetup_004.hdf5
004,14,15,12,12,16,cDAQ1Mod4/ai3,393B31,61605,g,141,905,0,0,0,-1,1651.6129,29.999766,1,7,18,30,9909,19819,1.485,0,1,0.00032660989,0.00034616216,1.0598643,1.0667402e-07,1.1982824e-07,0.50500503,-9.0899371,0.0029416388,0.0047762167,noisy,TestData/20251124_Testing/vib/Data/TestSetup_004.hdf5
004,14,15,13,13,17,cDAQ1Mod5/ai0,393B31,72955,g,167,733,0,0,0,-1,1651.6129,29.999766,1,7,18,30,9909,19819,1.485,0,1,0.00032565932,0.00037295408,1.1452277,1.0605399e-07,1.3909474e-07,1.177837,-5.064771,0.0023461138,0.0048478407,noisy,TestData/20251124_Testing/vib/Data/TestSetup_004.hdf5
004,14,15,14,14,18,cDAQ1Mod5/ai1,393B31,72956,g,264,469,0,0,0,-1,1651.6129,29.999766,1,7,18,30,9909,19819,1.485,0,1,0.00036649436,0.00038197958,1.0422523,1.3431812e-07,1.459084e-07,0.35945695,-10.640406,0.0027685348,0.003608394,noisy,TestData/20251124_Testing/vib/Data/TestSetup_004.hdf5
004,14,15,15,15,19,cDAQ1Mod5/ai2,393B31,61462,g,192,267,0,0,0,-1,1651.6129,29.999766,1,7,18,30,9909,19819,1.485,0,1,0.00035284122,0.00035389437,1.0029848,1.2449693e-07,1.2524123e-07,0.025886892,-22.234094,0.0025007969,0.0037602785,noisy,TestData/20251124_Testing/vib/Data/TestSetup_004.hdf5
004,14,15,16,16,20,cDAQ1Mod5/ai3,393B31,61593,g,408,181,0,0,0,-1,1651.6129,29.999766,1,7,18,30,9909,19819,1.485,0,1,0.00038864617,0.00038691497,0.99554556,1.5104585e-07,1.4970319e-07,-0.038777235,,0.0022897885,0.0027624867,noisy,TestData/20251124_Testing/vib/Data/TestSetup_004.hdf5
005,0,1,1,1,1,cDAQ1Mod1/ai0,393B31,51815,g,83,991,0,0,0,-1,1651.6129,29.999766,1,7,18,30,9909,19819,1.65,0,1,0.00034239158,0.00041659574,1.2167231,1.17232e-07,1.7355201e-07,1.703835,-3.1838337,0.0022761408,0.0083636278,noisy,TestData/20251124_Testing/vib/Data/TestSetup_005.hdf5
005,0,1,2,2,2,cDAQ1Mod1/ai1,393B31,51819,g,0.3,886,0,0,0,-1,1651.6129,29.999766,1,7,18,30,9909,19819,1.65,0,1,0.00042647746,0.00058399606,1.369348,1.8188303e-07,3.410514e-07,2.7302766,-0.57935397,0.0025032044,0.01073198,noisy,TestData/20251124_Testing/vib/Data/TestSetup_005.hdf5
005,0,1,3,3,3,cDAQ1Mod1/ai2,393B31,72538,g,84,905,0,0,0,-1,1651.6129,29.999766,1,7,18,30,9909,19819,1.65,0,1,0.00035599007,0.00047916084,1.345995,1.2672893e-07,2.2959511e-07,2.5808688,-0.90603114,0.0023476282,0.0098352362,noisy,TestData/20251124_Testing/vib/Data/TestSetup_005.hdf5
005,0,1,4,4,4,cDAQ1Mod1/ai3,393B31,51835,g,0.3,739,0,0,0,-1,1651.6129,29.999766,1,7,18,30,9909,19819,1.65,0,1,0.00022547056,0.00035775096,1.5866859,5.0836972e-08,1.2798575e-07,4.0098195,1.8114939,0.0016883767,0.0085666288,weak,TestData/20251124_Testing/vib/Data/TestSetup_005.hdf5
005,0,1,5,5,5,cDAQ1Mod2/ai0,393B31,51836,g,83,553,0,0,0,-1,1651.6129,29.999766,1,7,18,30,9909,19819,1.65,0,1,0.00026081815,0.00049084913,1.8819593,6.8026106e-08,2.4093287e-07,5.4922044,4.0513637,0.0018662422,0.013423355,weak,TestData/20251124_Testing/vib/Data/TestSetup_005.hdf5
005,0,1,6,6,6,cDAQ1Mod2/ai1,393B31,61292,g,30,372,0,0,0,-1,1651.6129,29.999766,1,7,18,30,9909,19819,1.65,0,1,0.00021382531,0.00042706482,1.9972604,4.5721262e-08,1.8238436e-07,6.0086939,4.7553306,0.0015826479,0.0078205305,weak,TestData/20251124_Testing/vib/Data/TestSetup_005.hdf5
005,0,1,7,7,7,cDAQ1Mod2/ai2,393B31,61321,g,84,234,0,0,0,-1,1651.6129,29.999766,1,7,18,30,9909,19819,1.65,0,1,0.00021262221,0.00032092648,1.5093742,4.5208205e-08,1.029938e-07,3.5759383,1.0660236,0.001459999,0.0094627468,weak,TestData/20251124_Testing/vib/Data/TestSetup_005.hdf5
005,0,1,8x,8x,8,cDAQ1Mod2/ai3,393A03,67865,g,0,103,0,-1,0,0,1651.6129,29.999766,1,7,18,30,9909,19819,1.65,0,1,0.00010873385,0.00011636085,1.0701437,1.182305e-08,1.3539846e-08,0.58884203,-8.380108,0.00084385034,0.0017596909,noisy,TestData/20251124_Testing/vib/Data/TestSetup_005.hdf5
005,0,1,8y,8y,9,cDAQ1Mod3/ai0,393A03,67866,g,0,103,0,0,-1,0,1651.6129,29.999766,1,7,18,30,9909,19819,1.65,0,1,0.00012332696,0.00014372621,1.1654078,1.5209539e-08,2.0657222e-08,1.3295587,-4.459042,0.0010143994,0.0025682553,noisy,TestData/20251124_Testing/vib/Data/TestSetup_005.hdf5
005,0,1,8z,8z,10,cDAQ1Mod3/ai1,393A03,68542,g,0,103,0,0,0,-1,1651.6129,29.999766,1,7,18,30,9909,19819,1.65,0,1,0.00019920467,0.00025538651,1.2820308,3.9682499e-08,6.5222271e-08,2.157969,-1.9138201,0.0015467041,0.0048503084,noisy,TestData/20251124_Testing/vib/Data/TestSetup_005.hdf5
005,0,1,9x,9x,11,cDAQ1Mod3/ai2,393A03,68578,g,443,1105,0,-1,0,0,1651.6129,29.999766,1,7,18,30,9909,19819,1.65,0,1,0.00017112245,0.00016939012,0.98987664,2.9282894e-08,2.8693013e-08,-0.08837849,,0.0013317349,0.0012523683,noisy,TestData/20251124_Testing/vib/Data/TestSetup_005.hdf5
005,0,1,9y,9y,12,cDAQ1Mod3/ai3,393A03,68588,g,443,1105,0,0,-1,0,1651.6129,29.999766,1,7,18,30,9909,19819,1.65,0,1,0.00028006585,0.00027402845,0.9784429,7.8436882e-08,7.5091589e-08,-0.18929025,,0.0016558211,0.0017924155,noisy,TestData/20251124_Testing/vib/Data/TestSetup_005.hdf5
005,0,1,9z,9z,13,cDAQ1Mod4/ai0,393A03,68595,g,443,1105,0,0,0,-1,1651.6129,29.999766,1,7,18,30,9909,19819,1.65,0,1,0.00047393878,0.00045739139,0.96508538,2.2461797e-07,2.0920688e-07,-0.30868529,,0.0025479271,0.0024394651,noisy,TestData/20251124_Testing/vib/Data/TestSetup_005.hdf5
005,0,1,10,10,14,cDAQ1Mod4/ai1,393A03,61596,g,311,1010,0,0,0,-1,1651.6129,29.999766,1,7,18,30,9909,19819,1.65,0,1,0.0012368702,0.0011970058,0.96776987,1.529848e-06,1.4328228e-06,-0.28455805,,0.0054025059,0.0056100118,noisy,TestData/20251124_Testing/vib/Data/TestSetup_005.hdf5
005,0,1,11,11,15,cDAQ1Mod4/ai2,393B31,61603,g,311,973,0,0,0,-1,1651.6129,29.999766,1,7,18,30,9909,19819,1.65,0,1,0.00032097982,0.00033072266,1.0303534,1.0302804e-07,1.0937748e-07,0.2597244,-12.102206,0.0022539967,0.0024395958,noisy,TestData/20251124_Testing/vib/Data/TestSetup_005.hdf5
005,0,1,12,12,16,cDAQ1Mod4/ai3,393B31,61605,g,141,905,0,0,0,-1,1651.6129,29.999766,1,7,18,30,9909,19819,1.65,0,1,0.00028745688,0.00031316782,1.0894428,8.2631458e-08,9.8074085e-08,0.74408849,-7.2842424,0.0019179592,0.0023310463,noisy,TestData/20251124_Testing/vib/Data/TestSetup_005.hdf5
005,0,1,13,13,17,cDAQ1Mod5/ai0,393B31,72955,g,167,733,0,0,0,-1,1651.6129,29.999766,1,7,18,30,9909,19819,1.65,0,1,0.00031909419,0.00033407538,1.0469491,1.018211e-07,1.1160636e-07,0.39851162,-10.172654,0.0022703039,0.0029628882,noisy,TestData/20251124_Testing/vib/Data/TestSetup_005.hdf5
005,0,1,14,14,18,cDAQ1Mod5/ai1,393B31,72956,g,264,469,0,0,0,-1,1651.6129,29.999766,1,7,18,30,9909,19819,1.65,0,1,0.00032139278,0.00032691418,1.0171796,1.0329332e-07,1.0687288e-07,0.14795285,-14.602423,0.0021727685,0.0025480046,noisy,TestData/20251124_Testing/vib/Data/TestSetup_005.hdf5
005,0,1,15,15,19,cDAQ1Mod5/ai2,393B31,61462,g,192,267,0,0,0,-1,1651.6129,29.999766,1,7,18,30,9909,19819,1.65,0,1,0.00031542655,0.00031954493,1.0130565,9.9493909e-08,1.0210896e-07,0.11267365,-15.803161,0.0018152767,0.0022335433,noisy,TestData/20251124_Testing/vib/Data/TestSetup_005.hdf5
005,0,1,16,16,20,cDAQ1Mod5/ai3,393B31,61593,g,408,181,0,0,0,-1,1651.6129,29.999766,1,7,18,30,9909,19819,1.65,0,1,0.00037996167,0.00037056492,0.97526923,1.4437087e-07,1.3731836e-07,-0.21750959,,0.0022038549,0.0023046811,noisy,TestData/20251124_Testing/vib/Data/TestSetup_005.hdf5
005,1,2,1,1,1,cDAQ1Mod1/ai0,393B31,51815,g,83,991,0,0,0,-1,1651.6129,29.999766,1,7,11,30,9909,31380,0,1,0,0.00037830699,0.00037167616,0.98247235,1.4311618e-07,1.3814316e-07,-0.15359327,,0.0038573801,0.0064544588,noisy,TestData/20251124_Testing/vib/Data/TestSetup_005.hdf5
005,1,2,2,2,2,cDAQ1Mod1/ai1,393B31,51819,g,0.3,886,0,0,0,-1,1651.6129,29.999766,1,7,11,30,9909,31380,0,1,0,0.00044888501,0.00052706788,1.1741713,2.0149775e-07,2.7780055e-07,1.394629,-4.2172971,0.0039538509,0.012227892,noisy,TestData/20251124_Testing/vib/Data/TestSetup_005.hdf5
005,1,2,3,3,3,cDAQ1Mod1/ai2,393B31,72538,g,84,905,0,0,0,-1,1651.6129,29.999766,1,7,11,30,9909,31380,0,1,0,0.00037603815,0.0004611575,1.2263583,1.4140469e-07,2.1266624e-07,1.7723474,-2.9760856,0.0029649857,0.010825243,noisy,TestData/20251124_Testing/vib/Data/TestSetup_005.hdf5
005,1,2,4,4,4,cDAQ1Mod1/ai3,393B31,51835,g,0.3,739,0,0,0,-1,1651.6129,29.999766,1,7,11,30,9909,31380,0,1,0,0.00022707983,0.00029932076,1.3181301,5.1565247e-08,8.9592917e-08,2.3991657,-1.3225739,0.0016386285,0.0066453856,noisy,TestData/20251124_Testing/vib/Data/TestSetup_005.hdf5
005,1,2,5,5,5,cDAQ1Mod2/ai0,393B31,51836,g,83,553,0,0,0,-1,1651.6129,29.999766,1,7,11,30,9909,31380,0,1,0,0.00027700671,0.00043356633,1.5651835,7.6732719e-08,1.8797976e-07,3.8913051,1.6130789,0.0022983612,0.015688906,weak,TestData/20251124_Testing/vib/Data/TestSetup_005.hdf5
005,1,2,6,6,6,cDAQ1Mod2/ai1,393B31,61292,g,30,372,0,0,0,-1,1651.6129,29.999766,1,7,11,30,9909,31380,0,1,0,0.00022165166,0.00036860299,1.6629832,4.9129461e-08,1.3586817e-07,4.4177572,2.4687094,0.0015360161,0.0085687339,weak,TestData/20251124_Testing/vib/Data/TestSetup_005.hdf5
005,1,2,7,7,7,cDAQ1Mod2/ai2,393B31,61321,g,84,234,0,0,0,-1,1651.6129,29.999766,1,7,11,30,9909,31380,0,1,0,0.00021347084,0.0002517388,1.1792655,4.5569799e-08,6.3372425e-08,1.4322322,-4.0819303,0.0014793172,0.0059314898,noisy,TestData/20251124_Testing/vib/Data/TestSetup_005.hdf5
005,1,2,8x,8x,8,cDAQ1Mod2/ai3,393A03,67865,g,0,103,0,-1,0,0,1651.6129,29.999766,1,7,11,30,9909,31380,0,1,0,0.00010895349,0.00012533964,1.1503958,1.1870864e-08,1.5710024e-08,1.2169454,-4.9024602,0.00094025461,0.0034761876,noisy,TestData/20251124_Testing/vib/Data/TestSetup_005.hdf5
005,1,2,8y,8y,9,cDAQ1Mod3/ai0,393A03,67866,g,0,103,0,0,-1,0,1651.6129,29.999766,1,7,11,30,9909,31380,0,1,0,0.00012541515,0.00017740021,1.4145038,1.5728959e-08,3.1470834e-08,3.0120827,0.0035646631,0.0010076408,0.0038548406,weak,TestData/20251124_Testing/vib/Data/TestSetup_005.hdf5
005,1,2,8z,8z,10,cDAQ1Mod3/ai1,393A03,68542,g,0,103,0,0,0,-1,1651.6129,29.999766,1,7,11,30,9909,31380,0,1,0,0.00021234018,0.00025359828,1.1943019,4.5088354e-08,6.431209e-08,1.5422824,-3.7022658,0.0017271326,0.0051400876,noisy,TestData/20251124_Testing/vib/Data/TestSetup_005.hdf5
005,1,2,9x,9x,11,cDAQ1Mod3/ai2,393A03,68578,g,443,1105,0,-1,0,0,1651.6129,29.999766,1,7,11,30,9909,31380,0,1,0,0.00017582487,0.00018338551,1.043001,3.0914383e-08,3.3630245e-08,0.36569443,-10.562529,0.0015560863,0.0023266303,noisy,TestData/20251124_Testing/vib/Data/TestSetup_005.hdf5
005,1,2,9y,9y,12,cDAQ1Mod3/ai3,393A03,68588,g,443,1105,0,0,-1,0,1651.6129,29.999766,1,7,11,30,9909,31380,0,1,0,0.00027439028,0.00028690851,1.045622,7.5290024e-08,8.2316493e-08,0.38749424,-10.300003,0.0017652202,0.0028011128,noisy,TestData/20251124_Testing/vib/Data/TestSetup_005.hdf5
005,1,2,9z,9z,13,cDAQ1Mod4/ai0,393A03,68595,g,443,1105,0,0,0,-1,1651.6129,29.999766,1,7,11,30,9909,31380,0,1,0,0.00046296867,0.00046670936,1.0080798,2.1433999e-07,2.1781762e-07,0.069898095,-17.898194,0.0036753121,0.0029947905,noisy,TestData/20251124_Testing/vib/Data/TestSetup_005.hdf5
005,1,2,10,10,14,cDAQ1Mod4/ai1,393A03,61596,g,311,1010,0,0,0,-1,1651.6129,29.999766,1,7,11,30,9909,31380,0,1,0,0.0011516447,0.0011587316,1.0061537,1.3262855e-06,1.3426588e-06,0.053286454,-19.085004,0.0058985807,0.0058971863,noisy,TestData/20251124_Testing/vib/Data/TestSetup_005.hdf5
005,1,2,11,11,15,cDAQ1Mod4/ai2,393B31,61603,g,311,973,0,0,0,-1,1651.6129,29.999766,1,7,11,30,9909,31380,0,1,0,0.00037914101,0.00032570067,0.85904892,1.4374791e-07,1.0608093e-07,-1.3196421,,0.0050881226,0.0027067941,noisy,TestData/20251124_Testing/vib/Data/TestSetup_005.hdf5
005,1,2,12,12,16,cDAQ1Mod4/ai3,393B31,61605,g,141,905,0,0,0,-1,1651.6129,29.999766,1,7,11,30,9909,31380,0,1,0,0.00034977035,0.00031940045,0.91317189,1.223393e-07,1.0201665e-07,-0.78894932,,0.0034818345,0.0026920679,noisy,TestData/20251124_Testing/vib/Data/TestSetup_005.hdf5
005,1,2,13,13,17,cDAQ1Mod5/ai0,393B31,72955,g,167,733,0,0,0,-1,1651.6129,29.999766,1,7,11,30,9909,31380,0,1,0,0.00033576116,0.00032851324,0.97841346,1.1273556e-07,1.0792095e-07,-0.18955159,,0.0024740235,0.0027047602,noisy,TestData/20251124_Testing/vib/Data/TestSetup_005.hdf5
005,1,2,14,14,18,cDAQ1Mod5/ai1,393B31,72956,g,264,469,0,0,0,-1,1651.6129,29.999766,1,7,11,30,9909,31380,0,1,0,0.0003412943,0.0003366335,0.98634375,1.164818e-07,1.1332212e-07,-0.11943407,,0.0024662613,0.0027586801,noisy,TestData/20251124_Testing/vib/Data/TestSetup_005.hdf5
005,1,2,15,15,19,cDAQ1Mod5/ai2,393B31,61462,g,192,267,0,0,0,-1,1651.6129,29.999766,1,7,11,30,9909,31380,0,1,0,0.00032723369,0.00032516246,0.99367047,1.0708189e-07,1.0573062e-07,-0.055152331,,0.0021541351,0.0023976661,noisy,TestData/20251124_Testing/vib/Data/TestSetup_005.hdf5
005,1,2,16,16,20,cDAQ1Mod5/ai3,393B31,61593,g,408,181,0,0,0,-1,1651.6129,29.999766,1,7,11,30,9909,31380,0,1,0,0.00038254901,0.00037762844,0.9871374,1.4634375e-07,1.4260324e-07,-0.11244785,,0.0021405454,0.0023176092,noisy,TestData/20251124_Testing/vib/Data/TestSetup_005.hdf5
005,2,3,1,1,1,cDAQ1Mod1/ai0,393B31,51815,g,83,991,0,0,0,-1,1651.6129,29.999766,1,7,17,30,9909,21471,1.605,0,1,0.00031875084,0.00039234986,1.2308983,1.0160209e-07,1.5393841e-07,1.8044433,-2.8809953,0.0021325323,0.0086566607,noisy,TestData/20251124_Testing/vib/Data/TestSetup_005.hdf5
005,2,3,2,2,2,cDAQ1Mod1/ai1,393B31,51819,g,0.3,886,0,0,0,-1,1651.6129,29.999766,1,7,17,30,9909,21471,1.605,0,1,0.00037362563,0.00052276641,1.3991717,1.3959611e-07,2.7328472e-07,2.9174202,-0.1877893,0.0024251208,0.011426057,noisy,TestData/20251124_Testing/vib/Data/TestSetup_005.hdf5
005,2,3,3,3,3,cDAQ1Mod1/ai2,393B31,72538,g,84,905,0,0,0,-1,1651.6129,29.999766,1,7,17,30,9909,21471,1.605,0,1,0.00034923964,0.0004824513,1.3814334,1.2196833e-07,2.3275926e-07,2.806599,-0.4174285,0.0022658542,0.010699696,noisy,TestData/20251124_Testing/vib/Data/TestSetup_005.hdf5
005,2,3,4,4,4,cDAQ1Mod1/ai3,393B31,51835,g,0.3,739,0,0,0,-1,1651.6129,29.999766,1,7,17,30,9909,21471,1.605,0,1,0.00021354594,0.00031515897,1.4758369,4.5601867e-08,9.9325179e-08,3.3807673,0.71180145,0.0015515691,0.0060670939,weak,TestData/20251124_Testing/vib/Data/TestSetup_005.hdf5
005,2,3,5,5,5,cDAQ1Mod2/ai0,393B31,51836,g,83,553,0,0,0,-1,1651.6129,29.999766,1,7,17,30,9909,21471,1.605,0,1,0.00027009815,0.00049181674,1.8208816,7.2953011e-08,2.4188371e-07,5.205634,3.6466536,0.0022004945,0.015603837,weak,TestData/20251124_Testing/vib/Data/TestSetup_005.hdf5
005,2,3,6,6,6,cDAQ1Mod2/ai1,393B31,61292,g,30,372,0,0,0,-1,1651.6129,29.999766,1,7,17,30,9909,21471,1.605,0,1,0.00024800609,0.00040150366,1.6189266,6.1507018e-08,1.6120519e-07,4.1845433,2.097625,0.0017184777,0.0086282403,weak,TestData/20251124_Testing/vib/Data/TestSetup_005.hdf5
005,2,3,7,7,7,cDAQ1Mod2/ai2,393B31,61321,g,84,234,0,0,0,-1,1651.6129,29.999766,1,7,17,30,9909,21471,1.605,0,1,0.00021980578,0.00026312531,1.1970809,4.8314583e-08,6.9234928e-08,1.5624701,-3.6350939,0.0015426832,0.0066993076,noisy,TestData/20251124_Testing/vib/Data/TestSetup_005.hdf5
005,2,3,8x,8x,8,cDAQ1Mod2/ai3,393A03,67865,g,0,103,0,-1,0,0,1651.6129,29.999766,1,7,17,30,9909,21471,1.605,0,1,0.00011161426,0.000143654,1.2870577,1.2457743e-08,2.0636471e-08,2.1919606,-1.8275361,0.00088767046,0.0015180542,noisy,TestData/20251124_Testing/vib/Data/TestSetup_005.hdf5
005,2,3,8y,8y,9,cDAQ1Mod3/ai0,393A03,67866,g,0,103,0,0,-1,0,1651.6129,29.999766,1,7,17,30,9909,21471,1.605,0,1,0.00013633494,0.00020072109,1.4722645,1.8587215e-08,4.0288955e-08,3.3597168,0.67280241,0.0012441907,0.0019452384,weak,TestData/20251124_Testing/vib/Data/TestSetup_005.hdf5
005,2,3,8z,8z,10,cDAQ1Mod3/ai1,393A03,68542,g,0,103,0,0,0,-1,1651.6129,29.999766,1,7,17,30,9909,21471,1.605,0,1,0.00020210578,0.00022939481,1.1350235,4.0846747e-08,5.2621977e-08,1.1000968,-5.4018809,0.0016511947,0.003592776,noisy,TestData/20251124_Testing/vib/Data/TestSetup_005.hdf5
005,2,3,9x,9x,11,cDAQ1Mod3/ai2,393A03,68578,g,443,1105,0,-1,0,0,1651.6129,29.999766,1,7,17,30,9909,21471,1.605,0,1,0.000172765,0.00017101952,0.98989675,2.9847747e-08,2.9247675e-08,-0.088202068,,0.001349858,0.001311737,noisy,TestData/20251124_Testing/vib/Data/TestSetup_005.hdf5
005,2,3,9y,9y,12,cDAQ1Mod3/ai3,393A03,68588,g,443,1105,0,0,-1,0,1651.6129,29.999766,1,7,17,30,9909,21471,1.605,0,1,0.00027567734,0.00027921673,1.0128389,7.5997994e-08,7.7961983e-08,0.11080744,-15.876632,0.0018332084,0.001705267,noisy,TestData/20251124_Testing/vib/Data/TestSetup_005.hdf5
005,2,3,9z,9z,13,cDAQ1Mod4/ai0,393A03,68595,g,443,1105,0,0,0,-1,1651.6129,29.999766,1,7,17,30,9909,21471,1.605,0,1,0.00045877333,0.00046817952,1.0205029,2.1047297e-07,2.1919207e-07,0.17628507,-13.827247,0.0027289037,0.0025844943,noisy,TestData/20251124_Testing/vib/Data/TestSetup_005.hdf5
005,2,3,10,10,14,cDAQ1Mod4/ai1,393A03,61596,g,311,1010,0,0,0,-1,1651.6129,29.999766,1,7,17,30,9909,21471,1.605,0,1,0.001166874,0.0011890123,1.0189724,1.3615948e-06,1.4137504e-06,0.16324827,-14.167477,0.0059515663,0.0056029766,noisy,TestData/20251124_Testing/vib/Data/TestSetup_005.hdf5
005,2,3,11,11,15,cDAQ1Mod4/ai2,393B31,61603,g,311,973,0,0,0,-1,1651.6129,29.999766,1,7,17,30,9909,21471,1.605,0,1,0.00041235987,0.00034616567,0.83947468,1.7004066e-07,1.1983067e-07,-1.519848,,0.0035366848,0.0027120686,noisy,TestData/20251124_Testing/vib/Data/TestSetup_005.hdf5
005,2,3,12,12,16,cDAQ1Mod4/ai3,393B31,61605,g,141,905,0,0,0,-1,1651.6129,29.999766,1,7,17,30,9909,21471,1.605,0,1,0.0003007546,0.00028902672,0.96100517,9.0453329e-08,8.3536447e-08,-0.34548554,,0.0024311038,0.0025743795,noisy,TestData/20251124_Testing/vib/Data/TestSetup_005.hdf5
005,2,3,13,13,17,cDAQ1Mod5/ai0,393B31,72955,g,167,733,0,0,0,-1,1651.6129,29.999766,1,7,17,30,9909,21471,1.605,0,1,0.0003392185,0.00033343976,0.98296454,1.1506919e-07,1.1118207e-07,-0.14924295,,0.0037064493,0.002639807,noisy,TestData/20251124_Testing/vib/Data/TestSetup_005.hdf5
005,2,3,14,14,18,cDAQ1Mod5/ai1,393B31,72956,g,264,469,0,0,0,-1,1651.6129,29.999766,1,7,17,30,9909,21471,1.605,0,1,0.00034258394,0.00033393249,0.97474649,1.1736375e-07,1.1151091e-07,-0.22216639,,0.0027818007,0.0023449728,noisy,TestData/20251124_Testing/vib/Data/TestSetup_005.hdf5
005,2,3,15,15,19,cDAQ1Mod5/ai2,393B31,61462,g,192,267,0,0,0,-1,1651.6129,29.999766,1,7,17,30,9909,21471,1.605,0,1,0.00034549485,0.00031811783,0.92075999,1.1936669e-07,1.0119896e-07,-0.71707123,,0.0025780825,0.0021362807,noisy,TestData/20251124_Testing/vib/Data/TestSetup_005.hdf5
005,2,3,16,16,20,cDAQ1Mod5/ai3,393B31,61593,g,408,181,0,0,0,-1,1651.6129,29.999766,1,7,17,30,9909,21471,1.605,0,1,0.00038344974,0.00038132292,0.99445347,1.470337e-07,1.4540717e-07,-0.048310682,,0.0023350367,0.002089657,noisy,TestData/20251124_Testing/vib/Data/TestSetup_005.hdf5
005,3,4,1,1,1,cDAQ1Mod1/ai0,393B31,51815,g,83,991,0,0,0,-1,1651.6129,29.999766,1,7,17,30,9909,21471,1.655,0,1,0.00032574046,0.00039263854,1.2053723,1.0610685e-07,1.5416502e-07,1.6224244,-3.4397614,0.0021095154,0.007271746,noisy,TestData/20251124_Testing/vib/Data/TestSetup_005.hdf5
005,3,4,2,2,2,cDAQ1Mod1/ai1,393B31,51819,g,0.3,886,0,0,0,-1,1651.6129,29.999766,1,7,17,30,9909,21471,1.655,0,1,0.00038057561,0.00059715613,1.5690867,1.448378e-07,3.5659545e-07,3.9129388,1.649572,0.0025983886,0.012088574,weak,TestData/20251124_Testing/vib/Data/TestSetup_005.hdf5
005,3,4,3,3,3,cDAQ1Mod1/ai2,393B31,72538,g,84,905,0,0,0,-1,1651.6129,29.999766,1,7,17,30,9909,21471,1.655,0,1,0.00034438372,0.00048701047,1.4141507,1.1860015e-07,2.371792e-07,3.0099137,-0.00077252602,0.0023353498,0.0098607139,weak,TestData/20251124_Testing/vib/Data/TestSetup_005.hdf5
005,3,4,4,4,4,cDAQ1Mod1/ai3,393B31,51835,g,0.3,739,0,0,0,-1,1651.6129,29.999766,1,7,17,30,9909,21471,1.655,0,1,0.00021578136,0.00033870204,1.5696538,4.6561597e-08,1.1471907e-07,3.9160776,1.6548563,0.0014632598,0.0074279824,weak,TestData/20251124_Testing/vib/Data/TestSetup_005.hdf5
005,3,4,5,5,5,cDAQ1Mod2/ai0,393B31,51836,g,83,553,0,0,0,-1,1651.6129,29.999766,1,7,17,30,9909,21471,1.655,0,1,0.0002660959,0.00053986397,2.0288323,7.080703e-08,2.9145311e-07,6.1449231,4.9361983,0.0018796047,0.013070659,weak,TestData/20251124_Testing/vib/Data/TestSetup_005.hdf5
005,3,4,6,6,6,cDAQ1Mod2/ai1,393B31,61292,g,30,372,0,0,0,-1,1651.6129,29.999766,1,7,17,30,9909,21471,1.655,0,1,0.00023219431,0.00051511164,2.2184507,5.3914199e-08,2.6534e-07,6.9209956,5.9345482,0.0016538585,0.012788944,weak,TestData/20251124_Testing/vib/Data/TestSetup_005.hdf5
005,3,4,7,7,7,cDAQ1Mod2/ai2,393B31,61321,g,84,234,0,0,0,-1,1651.6129,29.999766,1,7,17,30,9909,21471,1.655,0,1,0.00021690167,0.00032322506,1.4901917,4.7046334e-08,1.0447444e-07,3.4648426,0.86598698,0.0017198816,0.0081261448,weak,TestData/20251124_Testing/vib/Data/TestSetup_005.hdf5
005,3,4,8x,8x,8,cDAQ1Mod2/ai3,393A03,67865,g,0,103,0,-1,0,0,1651.6129,29.999766,1,7,17,30,9909,21471,1.655,0,1,0.00014267614,0.00016727677,1.1724229,2.0356481e-08,2.7981518e-08,1.3816857,-4.2646075,0.001078601,0.0027387576,noisy,TestData/20251124_Testing/vib/Data/TestSetup_005.hdf5
005,3,4,8y,8y,9,cDAQ1Mod3/ai0,393A03,67866,g,0,103,0,0,-1,0,1651.6129,29.999766,1,7,17,30,9909,21471,1.655,0,1,0.00019296664,0.00023173283,1.2008958,3.7236126e-08,5.3700106e-08,1.5901066,-3.5442964,0.0016662939,0.0038112172,noisy,TestData/20251124_Testing/vib/Data/TestSetup_005.hdf5
005,3,4,8z,8z,10,cDAQ1Mod3/ai1,393A03,68542,g,0,103,0,0,0,-1,1651.6129,29.999766,1,7,17,30,9909,21471,1.655,0,1,0.00021947317,0.00029736318,1.3548953,4.8168474e-08,8.8424859e-08,2.6381149,-0.77928111,0.0016469421,0.0071515319,noisy,TestData/20251124_Testing/vib/Data/TestSetup_005.hdf5
005,3,4,9x,9x,11,cDAQ1Mod3/ai2,393A03,68578,g,443,1105,0,-1,0,0,1651.6129,29.999766,1,7,17,30,9909,21471,1.655,0,1,0.00017540298,0.00017548759,1.0004824,3.0766204e-08,3.0795894e-08,0.004188991,-30.154654,0.0013148617,0.0013111121,noisy,TestData/20251124_Testing/vib/Data/TestSetup_005.hdf5
005,3,4,9y,9y,12,cDAQ1Mod3/ai3,393A03,68588,g,443,1105,0,0,-1,0,1651.6129,29.999766,1,7,17,30,9909,21471,1.655,0,1,0.00028145419,0.00028158309,1.000458,7.9216459e-08,7.9289038e-08,0.0039772369,-30.38004,0.0017423515,0.0019327184,noisy,TestData/20251124_Testing/vib/Data/TestSetup_005.hdf5
005,3,4,9z,9z,13,cDAQ1Mod4/ai0,393A03,68595,g,443,1105,0,0,0,-1,1651.6129,29.999766,1,7,17,30,9909,21471,1.655,0,1,0.00047700608,0.0004718196,0.98912702,2.275348e-07,2.2261374e-07,-0.094958697,,0.0025504063,0.0026303582,noisy,TestData/20251124_Testing/vib/Data/TestSetup_005.hdf5
005,3,4,10,10,14,cDAQ1Mod4/ai1,393A03,61596,g,311,1010,0,0,0,-1,1651.6129,29.999766,1,7,17,30,9909,21471,1.655,0,1,0.00120555,0.0012064873,1.0007775,1.4533508e-06,1.4556115e-06,0.0067504039,-28.08117,0.0055415615,0.0056558989,noisy,TestData/20251124_Testing/vib/Data/TestSetup_005.hdf5
005,3,4,11,11,15,cDAQ1Mod4/ai2,393B31,61603,g,311,973,0,0,0,-1,1651.6129,29.999766,1,7,17,30,9909,21471,1.655,0,1,0.00038955614,0.00036985654,0.94943066,1.5175399e-07,1.3679386e-07,-0.45073499,,0.002861367,0.002646479,noisy,TestData/20251124_Testing/vib/Data/TestSetup_005.hdf5
005,3,4,12,12,16,cDAQ1Mod4/ai3,393B31,61605,g,141,905,0,0,0,-1,1651.6129,29.999766,1,7,17,30,9909,21471,1.655,0,1,0.00029885681,0.00031057421,1.0392074,8.9315392e-08,9.6456339e-08,0.33404463,-10.971705,0.0020748559,0.0027876699,noisy,TestData/20251124_Testing/vib/Data/TestSetup_005.hdf5
005,3,4,13,13,17,cDAQ1Mod5/ai0,393B31,72955,g,167,733,0,0,0,-1,1651.6129,29.999766,1,7,17,30,9909,21471,1.655,0,1,0.00031904909,0.00034231574,1.072925,1.0179232e-07,1.1718007e-07,0.61138725,-8.2054001,0.0024817605,0.0028215636,noisy,TestData/20251124_Testing/vib/Data/TestSetup_005.hdf5
005,3,4,14,14,18,cDAQ1Mod5/ai1,393B31,72956,g,264,469,0,0,0,-1,1651.6129,29.999766,1,7,17,30,9909,21471,1.655,0,1,0.00034375502,0.00034532612,1.0045704,1.1816752e-07,1.1925013e-07,0.039607624,-20.380236,0.0024176196,0.0027948771,noisy,TestData/20251124_Testing/vib/Data/TestSetup_005.hdf5
005,3,4,15,15,19,cDAQ1Mod5/ai2,393B31,61462,g,192,267,0,0,0,-1,1651.6129,29.999766,1,7,17,30,9909,21471,1.655,0,1,0.00031549899,0.00033048184,1.0474894,9.9539615e-08,1.0921825e-07,0.4029925,-10.121819,0.0021464564,0.0024805078,noisy,TestData/20251124_Testing/vib/Data/TestSetup_005.hdf5
005,3,4,16,16,20,cDAQ1Mod5/ai3,393B31,61593,g,408,181,0,0,0,-1,1651.6129,29.999766,1,7,17,30,9909,21471,1.655,0,1,0.00037081465,0.00038490629,1.0380019,1.375035e-07,1.4815285e-07,0.32396259,-11.109906,0.002022355,0.0023468241,noisy,TestData/20251124_Testing/vib/Data/TestSetup_005.hdf5
005,4,5,1,1,1,cDAQ1Mod1/ai0,393B31,51815,g,83,991,0,0,0,-1,1651.6129,29.999766,1,7,18,30,9909,19819,1.65,0,1,0.00032251139,0.00041334789,1.2816536,1.040136e-07,1.7085648e-07,2.1554132,-1.9203499,0.0021296243,0.0069812498,noisy,TestData/20251124_Testing/vib/Data/TestSetup_005.hdf5
005,4,5,2,2,2,cDAQ1Mod1/ai1,393B31,51819,g,0.3,886,0,0,0,-1,1651.6129,29.999766,1,7,18,30,9909,19819,1.65,0,1,0.00038597419,0.00058978327,1.5280381,1.4897607e-07,3.478443e-07,3.6826837,1.2544888,0.0026206443,0.011422914,weak,TestData/20251124_Testing/vib/Data/TestSetup_005.hdf5
005,4,5,3,3,3,cDAQ1Mod1/ai2,393B31,72538,g,84,905,0,0,0,-1,1651.6129,29.999766,1,7,18,30,9909,19819,1.65,0,1,0.00033907948,0.0004879703,1.439103,1.1497489e-07,2.3811502e-07,3.1618377,0.29796567,0.0023713869,0.0098710891,weak,TestData/20251124_Testing/vib/Data/TestSetup_005.hdf5
005,4,5,4,4,4,cDAQ1Mod1/ai3,393B31,51835,g,0.3,739,0,0,0,-1,1651.6129,29.999766,1,7,18,30,9909,19819,1.65,0,1,0.00021124074,0.00033463621,1.5841462,4.4622651e-08,1.1198139e-07,3.995905,1.788386,0.001442698,0.0073100491,weak,TestData/20251124_Testing/vib/Data/TestSetup_005.hdf5
005,4,5,5,5,5,cDAQ1Mod2/ai0,393B31,51836,g,83,553,0,0,0,-1,1651.6129,29.999766,1,7,18,30,9909,19819,1.65,0,1,0.00027042652,0.00049044123,1.8135841,7.3130503e-08,2.405326e-07,5.1707538,3.5966233,0.0026067666,0.013661058,weak,TestData/20251124_Testing/vib/Data/TestSetup_005.hdf5
005,4,5,6,6,6,cDAQ1Mod2/ai1,393B31,61292,g,30,372,0,0,0,-1,1651.6129,29.999766,1,7,18,30,9909,19819,1.65,0,1,0.00023063304,0.0004326924,1.8761076,5.3191601e-08,1.8722271e-07,5.4651546,4.0136255,0.0016432631,0.0085542577,weak,TestData/20251124_Testing/vib/Data/TestSetup_005.hdf5
005,4,5,7,7,7,cDAQ1Mod2/ai2,393B31,61321,g,84,234,0,0,0,-1,1651.6129,29.999766,1,7,18,30,9909,19819,1.65,0,1,0.00022805124,0.00028310036,1.2413893,5.2007369e-08,8.0145814e-08,1.8781596,-2.6676478,0.0016720582,0.0074946238,noisy,TestData/20251124_Testing/vib/Data/TestSetup_005.hdf5
005,4,5,8x,8x,8,cDAQ1Mod2/ai3,393A03,67865,g,0,103,0,-1,0,0,1651.6129,29.999766,1,7,18,30,9909,19819,1.65,0,1,0.00015349241,0.00021451308,1.3975484,2.3559921e-08,4.6015861e-08,2.9073372,-0.20842586,0.001073593,0.0017315208,noisy,TestData/20251124_Testing/vib/Data/TestSetup_005.hdf5
005,4,5,8y,8y,9,cDAQ1Mod3/ai0,393A03,67866,g,0,103,0,0,-1,0,1651.6129,29.999766,1,7,18,30,9909,19819,1.65,0,1,0.00020804628,0.00026087748,1.2539397,4.3283255e-08,6.805706e-08,1.9655327,-2.4232719,0.001589492,0.0024773219,noisy,TestData/20251124_Testing/vib/Data/TestSetup_005.hdf5
005,4,5,8z,8z,10,cDAQ1Mod3/ai1,393A03,68542,g,0,103,0,0,0,-1,1651.6129,29.999766,1,7,18,30,9909,19819,1.65,0,1,0.00022180219,0.0002510788,1.1319942,4.9196211e-08,6.3040564e-08,1.0768844,-5.5065898,0.0018577459,0.0034785654,noisy,TestData/20251124_Testing/vib/Data/TestSetup_005.hdf5
005,4,5,9x,9x,11,cDAQ1Mod3/ai2,393A03,68578,g,443,1105,0,-1,0,0,1651.6129,29.999766,1,7,18,30,9909,19819,1.65,0,1,0.00017130304,0.00017517997,1.022632,2.9344732e-08,3.0688021e-08,0.19438726,-13.393609,0.001169252,0.001435474,noisy,TestData/20251124_Testing/vib/Data/TestSetup_005.hdf5
005,4,5,9y,9y,12,cDAQ1Mod3/ai3,393A03,68588,g,443,1105,0,0,-1,0,1651.6129,29.999766,1,7,18,30,9909,19819,1.65,0,1,0.00027574374,0.00028339015,1.0277301,7.6034611e-08,8.0309975e-08,0.23758161,-12.500382,0.0017120658,0.0021082515,noisy,TestData/20251124_Testing/vib/Data/TestSetup_005.hdf5
005,4,5,9z,9z,13,cDAQ1Mod4/ai0,393A03,68595,g,443,1105,0,0,0,-1,1651.6129,29.999766,1,7,18,30,9909,19819,1.65,0,1,0.0004635217,0.00046633443,1.0060682,2.1485236e-07,2.174678e-07,0.052548281,-19.145957,0.0027239454,0.0024469025,noisy,TestData/20251124_Testing/vib/Data/TestSetup_005.hdf5
005,4,5,10,10,14,cDAQ1Mod4/ai1,393A03,61596,g,311,1010,0,0,0,-1,1651.6129,29.999766,1,7,18,30,9909,19819,1.65,0,1,0.0011776266,0.0011925425,1.012666,1.3868045e-06,1.4221576e-06,0.10932496,-15.935873,0.0054519422,0.0058357711,noisy,TestData/20251124_Testing/vib/Data/TestSetup_005.hdf5
005,4,5,11,11,15,cDAQ1Mod4/ai2,393B31,61603,g,311,973,0,0,0,-1,1651.6129,29.999766,1,7,18,30,9909,19819,1.65,0,1,0.00030084243,0.00036942428,1.227966,9.0506168e-08,1.364743e-07,1.783727,-2.9422132,0.0019132661,0.0026493334,noisy,TestData/20251124_Testing/vib/Data/TestSetup_005.hdf5
005,4,5,12,12,16,cDAQ1Mod4/ai3,393B31,61605,g,141,905,0,0,0,-1,1651.6129,29.999766,1,7,18,30,9909,19819,1.65,0,1,0.00029250505,0.00031598335,1.0802663,8.5559204e-08,9.9845477e-08,0.67061659,-7.773478,0.0021978909,0.0027517714,noisy,TestData/20251124_Testing/vib/Data/TestSetup_005.hdf5
005,4,5,13,13,17,cDAQ1Mod5/ai0,393B31,72955,g,167,733,0,0,0,-1,1651.6129,29.999766,1,7,18,30,9909,19819,1.65,0,1,0.00033344743,0.00033789761,1.013346,1.1118719e-07,1.1417479e-07,0.11515491,-15.707314,0.0022769178,0.0026581511,noisy,TestData/20251124_Testing/vib/Data/TestSetup_005.hdf5
005,4,5,14,14,18,cDAQ1Mod5/ai1,393B31,72956,g,264,469,0,0,0,-1,1651.6129,29.999766,1,7,18,30,9909,19819,1.65,0,1,0.00033271378,0.00034141559,1.026154,1.1069846e-07,1.165646e-07,0.22425112,-12.757889,0.0023984156,0.0028665763,noisy,TestData/20251124_Testing/vib/Data/TestSetup_005.hdf5
005,4,5,15,15,19,cDAQ1Mod5/ai2,393B31,61462,g,192,267,0,0,0,-1,1651.6129,29.999766,1,7,18,30,9909,19819,1.65,0,1,0.00032689409,0.00033358288,1.0204616,1.0685975e-07,1.1127754e-07,0.17593361,-13.836091,0.0021430229,0.0022920382,noisy,TestData/20251124_Testing/vib/Data/TestSetup_005.hdf5
005,4,5,16,16,20,cDAQ1Mod5/ai3,393B31,61593,g,408,181,0,0,0,-1,1651.6129,29.999766,1,7,18,30,9909,19819,1.65,0,1,0.0003780217,0.00039773835,1.0521575,1.429004e-07,1.581958e-07,0.44161485,-9.704728,0.0022000525,0.0023132998,noisy,TestData/20251124_Testing/vib/Data/TestSetup_005.hdf5
005,5,6,1,1,1,cDAQ1Mod1/ai0,393B31,51815,g,83,991,0,0,0,-1,1651.6129,29.999766,1,7,17,30,9909,21471,1.61,0,1,0.00032414771,0.00037051863,1.1430549,1.0507174e-07,1.3728405e-07,1.1613418,-5.1346397,0.0021808556,0.004357875,noisy,TestData/20251124_Testing/vib/Data/TestSetup_005.hdf5
005,5,6,2,2,2,cDAQ1Mod1/ai1,393B31,51819,g,0.3,886,0,0,0,-1,1651.6129,29.999766,1,7,17,30,9909,21471,1.61,0,1,0.0003785511,0.00056868583,1.5022697,1.4330094e-07,3.2340358e-07,3.5349579,0.99271059,0.0022228702,0.013171183,weak,TestData/20251124_Testing/vib/Data/TestSetup_005.hdf5
005,5,6,3,3,3,cDAQ1Mod1/ai2,393B31,72538,g,84,905,0,0,0,-1,1651.6129,29.999766,1,7,17,30,9909,21471,1.61,0,1,0.00034194807,0.00046507434,1.360073,1.1692848e-07,2.1629414e-07,2.6712445,-0.70683988,0.0024400845,0.0095304252,noisy,TestData/20251124_Testing/vib/Data/TestSetup_005.hdf5
005,5,6,4,4,4,cDAQ1Mod1/ai3,393B31,51835,g,0.3,739,0,0,0,-1,1651.6129,29.999766,1,7,17,30,9909,21471,1.61,0,1,0.00020866459,0.00032628914,1.5637015,4.354091e-08,1.064646e-07,3.8830772,1.5991667,0.0015332573,0.0069260005,weak,TestData/20251124_Testing/vib/Data/TestSetup_005.hdf5
005,5,6,5,5,5,cDAQ1Mod2/ai0,393B31,51836,g,83,553,0,0,0,-1,1651.6129,29.999766,1,7,17,30,9909,21471,1.61,0,1,0.00025882173,0.0004774733,1.8447961,6.6988686e-08,2.2798076e-07,5.3189673,3.8080302,0.0018785382,0.011443751,weak,TestData/20251124_Testing/vib/Data/TestSetup_005.hdf5
005,5,6,6,6,6,cDAQ1Mod2/ai1,393B31,61292,g,30,372,0,0,0,-1,1651.6129,29.999766,1,7,17,30,9909,21471,1.61,0,1,0.00022660296,0.0004348368,1.918937,5.13489e-08,1.8908304e-07,5.6612143,4.2851045,0.0014982548,0.0083956972,weak,TestData/20251124_Testing/vib/Data/TestSetup_005.hdf5
005,5,6,7,7,7,cDAQ1Mod2/ai2,393B31,61321,g,84,234,0,0,0,-1,1651.6129,29.999766,1,7,17,30,9909,21471,1.61,0,1,0.00022012663,0.00037612524,1.7086767,4.8455734e-08,1.414702e-07,4.6531978,2.832053,0.0016500342,0.0087184002,weak,TestData/20251124_Testing/vib/Data/TestSetup_005.hdf5
005,5,6,8x,8x,8,cDAQ1Mod2/ai3,393A03,67865,g,0,103,0,-1,0,0,1651.6129,29.999766,1,7,17,30,9909,21471,1.61,0,1,0.00017102734,0.00033656076,1.9678769,2.9250351e-08,1.1327314e-07,5.8799587,4.5826603,0.0015512323,0.0029722562,weak,TestData/20251124_Testing/vib/Data/TestSetup_005.hdf5
005,5,6,8y,8y,9,cDAQ1Mod3/ai0,393A03,67866,g,0,103,0,0,-1,0,1651.6129,29.999766,1,7,17,30,9909,21471,1.61,0,1,0.00020795465,0.00042891478,2.06254,4.3245137e-08,1.8396789e-07,6.2880475,5.1242704,0.001767058,0.0053521703,weak,TestData/20251124_Testing/vib/Data/TestSetup_005.hdf5
005,5,6,8z,8z,10,cDAQ1Mod3/ai1,393A03,68542,g,0,103,0,0,0,-1,1651.6129,29.999766,1,7,17,30,9909,21471,1.61,0,1,0.00022060745,0.00032904266,1.4915301,4.8667646e-08,1.0826907e-07,3.4726406,0.88016286,0.0016894674,0.0077256228,weak,TestData/20251124_Testing/vib/Data/TestSetup_005.hdf5
005,5,6,9x,9x,11,cDAQ1Mod3/ai2,393A03,68578,g,443,1105,0,-1,0,0,1651.6129,29.999766,1,7,17,30,9909,21471,1.61,0,1,0.00017118286,0.00017195172,1.0044914,2.9303573e-08,2.9567394e-08,0.038924713,-20.456112,0.0012111226,0.0014773446,noisy,TestData/20251124_Testing/vib/Data/TestSetup_005.hdf5
005,5,6,9y,9y,12,cDAQ1Mod3/ai3,393A03,68588,g,443,1105,0,0,-1,0,1651.6129,29.999766,1,7,17,30,9909,21471,1.61,0,1,0.00027753428,0.00027904592,1.0054467,7.7025276e-08,7.7866625e-08,0.047180861,-19.616573,0.0017355527,0.0019957619,noisy,TestData/20251124_Testing/vib/Data/TestSetup_005.hdf5
005,5,6,9z,9z,13,cDAQ1Mod4/ai0,393A03,68595,g,443,1105,0,0,0,-1,1651.6129,29.999766,1,7,17,30,9909,21471,1.61,0,1,0.00046821099,0.00045847276,0.97920118,2.1922153e-07,2.1019727e-07,-0.18256142,,0.0026055669,0.0028113348,noisy,TestData/20251124_Testing/vib/Data/TestSetup_005.hdf5
005,5,6,10,10,14,cDAQ1Mod4/ai1,393A03,61596,g,311,1010,0,0,0,-1,1651.6129,29.999766,1,7,17,30,9909,21471,1.61,0,1,0.0012071873,0.0011719275,0.97079178,1.4573012e-06,1.3734141e-06,-0.25747816,,0.0058308909,0.0054755196,noisy,TestData/20251124_Testing/vib/Data/TestSetup_005.hdf5
005,5,6,11,11,15,cDAQ1Mod4/ai2,393B31,61603,g,311,973,0,0,0,-1,1651.6129,29.999766,1,7,17,30,9909,21471,1.61,0,1,0.00036020761,0.00033780464,0.93780538,1.2974952e-07,1.1411197e-07,-0.5577456,,0.0026300351,0.0025574336,noisy,TestData/20251124_Testing/vib/Data/TestSetup_005.hdf5
005,5,6,12,12,16,cDAQ1Mod4/ai3,393B31,61605,g,141,905,0,0,0,-1,1651.6129,29.999766,1,7,17,30,9909,21471,1.61,0,1,0.00030380336,0.00032098555,1.0565569,9.2296479e-08,1.0303172e-07,0.47785818,-9.3437332,0.0019482565,0.0024849515,noisy,TestData/20251124_Testing/vib/Data/TestSetup_005.hdf5
005,5,6,13,13,17,cDAQ1Mod5/ai0,393B31,72955,g,167,733,0,0,0,-1,1651.6129,29.999766,1,7,17,30,9909,21471,1.61,0,1,0.00033257683,0.00034295906,1.0312176,1.1060735e-07,1.1762092e-07,0.26700595,-11.978447,0.0023527277,0.0027828163,noisy,TestData/20251124_Testing/vib/Data/TestSetup_005.hdf5
005,5,6,14,14,18,cDAQ1Mod5/ai1,393B31,72956,g,264,469,0,0,0,-1,1651.6129,29.999766,1,7,17,30,9909,21471,1.61,0,1,0.00033669408,0.00033335457,0.99008146,1.1336291e-07,1.1112527e-07,-0.08658141,,0.0028814215,0.002577695,noisy,TestData/20251124_Testing/vib/Data/TestSetup_005.hdf5
005,5,6,15,15,19,cDAQ1Mod5/ai2,393B31,61462,g,192,267,0,0,0,-1,1651.6129,29.999766,1,7,17,30,9909,21471,1.61,0,1,0.00033598019,0.00032208497,0.95864272,1.1288269e-07,1.0373873e-07,-0.36686443,,0.0022134415,0.0021583177,noisy,TestData/20251124_Testing/vib/Data/TestSetup_005.hdf5
005,5,6,16,16,20,cDAQ1Mod5/ai3,393B31,61593,g,408,181,0,0,0,-1,1651.6129,29.999766,1,7,17,30,9909,21471,1.61,0,1,0.00037515228,0.00038700428,1.0315925,1.4073924e-07,1.4977231e-07,0.27016348,-11.925795,0.0021529031,0.002409183,noisy,TestData/20251124_Testing/vib/Data/TestSetup_005.hdf5
005,6,7,1,1,1,cDAQ1Mod1/ai0,393B31,51815,g,83,991,0,0,0,-1,1651.6129,29.999766,1,7,18,30,9909,19819,1.66,0,1,0.00032092178,0.00043407468,1.3525872,1.0299079e-07,1.8842083e-07,2.6233053,-0.81187767,0.0021986751,0.0088857164,noisy,TestData/20251124_Testing/vib/Data/TestSetup_005.hdf5
005,6,7,2,2,2,cDAQ1Mod1/ai1,393B31,51819,g,0.3,886,0,0,0,-1,1651.6129,29.999766,1,7,18,30,9909,19819,1.66,0,1,0.00039815032,0.00061465194,1.5437685,1.5852368e-07,3.7779701e-07,3.7716437,1.4089167,0.0024999981,0.013407823,weak,TestData/20251124_Testing/vib/Data/TestSetup_005.hdf5
005,6,7,3,3,3,cDAQ1Mod1/ai2,393B31,72538,g,84,905,0,0,0,-1,1651.6129,29.999766,1,7,18,30,9909,19819,1.66,0,1,0.00036922717,0.00052347644,1.4177625,1.363287e-07,2.7402759e-07,3.0320699,0.043431233,0.0024677109,0.010524913,weak,TestData/20251124_Testing/vib/Data/TestSetup_005.hdf5
005,6,7,4,4,4,cDAQ1Mod1/ai3,393B31,51835,g,0.3,739,0,0,0,-1,1651.6129,29.999766,1,7,18,30,9909,19819,1.66,0,1,0.00019871887,0.00031766097,1.5985446,3.9489189e-08,1.0090849e-07,4.074495,1.9182667,0.0013933873,0.0066726971,weak,TestData/20251124_Testing/vib/Data/TestSetup_005.hdf5
005,6,7,5,5,5,cDAQ1Mod2/ai0,393B31,51836,g,83,553,0,0,0,-1,1651.6129,29.999766,1,7,18,30,9909,19819,1.66,0,1,0.00025528496,0.00050398115,1.9741905,6.5170413e-08,2.53997e-07,5.9077812,4.6201268,0.0020291023,0.012272292,weak,TestData/20251124_Testing/vib/Data/TestSetup_005.hdf5
005,6,7,6,6,6,cDAQ1Mod2/ai1,393B31,61292,g,30,372,0,0,0,-1,1651.6129,29.999766,1,7,18,30,9909,19819,1.66,0,1,0.0002283916,0.00040017178,1.75213,5.2162724e-08,1.6013745e-07,4.8713264,3.1596184,0.0016574929,0.0070603765,weak,TestData/20251124_Testing/vib/Data/TestSetup_005.hdf5
005,6,7,7,7,7,cDAQ1Mod2/ai2,393B31,61321,g,84,234,0,0,0,-1,1651.6129,29.999766,1,7,18,30,9909,19819,1.66,0,1,0.00026748215,0.00038065948,1.423121,7.1546703e-08,1.4490164e-07,3.0648368,0.1083974,0.0018631002,0.0097654817,weak,TestData/20251124_Testing/vib/Data/TestSetup_005.hdf5
005,6,7,8x,8x,8,cDAQ1Mod2/ai3,393A03,67865,g,0,103,0,-1,0,0,1651.6129,29.999766,1,7,18,30,9909,19819,1.66,0,1,0.00022086138,0.00041274824,1.8688113,4.877975e-08,1.7036111e-07,5.4313089,3.9662742,0.0019237033,0.026240115,weak,TestData/20251124_Testing/vib/Data/TestSetup_005.hdf5
005,6,7,8y,8y,9,cDAQ1Mod3/ai0,393A03,67866,g,0,103,0,0,-1,0,1651.6129,29.999766,1,7,18,30,9909,19819,1.66,0,1,0.00028374068,0.00057748783,2.0352663,8.0508773e-08,3.334922e-07,6.1724247,4.9724886,0.0022272549,0.02619006,weak,TestData/20251124_Testing/vib/Data/TestSetup_005.hdf5
005,6,7,8z,8z,10,cDAQ1Mod3/ai1,393A03,68542,g,0,103,0,0,0,-1,1651.6129,29.999766,1,7,18,30,9909,19819,1.66,0,1,0.00023111303,0.00046415504,2.0083465,5.3413232e-08,2.154399e-07,6.0567728,4.8193764,0.0016056319,0.0273085,weak,TestData/20251124_Testing/vib/Data/TestSetup_005.hdf5
005,6,7,9x,9x,11,cDAQ1Mod3/ai2,393A03,68578,g,443,1105,0,-1,0,0,1651.6129,29.999766,1,7,18,30,9909,19819,1.66,0,1,0.00016869627,0.00017061175,1.0113546,2.8458432e-08,2.9108368e-08,0.098068919,-16.413402,0.001216747,0.0012398696,noisy,TestData/20251124_Testing/vib/Data/TestSetup_005.hdf5
005,6,7,9y,9y,12,cDAQ1Mod3/ai3,393A03,68588,g,443,1105,0,0,-1,0,1651.6129,29.999766,1,7,18,30,9909,19819,1.66,0,1,0.00028362885,0.00028390222,1.0009638,8.0445324e-08,8.0600468e-08,0.0083676,-27.14765,0.0018758555,0.001963004,noisy,TestData/20251124_Testing/vib/Data/TestSetup_005.hdf5
005,6,7,9z,9z,13,cDAQ1Mod4/ai0,393A03,68595,g,443,1105,0,0,0,-1,1651.6129,29.999766,1,7,18,30,9909,19819,1.66,0,1,0.0004667299,0.00046357944,0.99324991,2.178368e-07,2.1490589e-07,-0.058829303,,0.0025181775,0.002551026,noisy,TestData/20251124_Testing/vib/Data/TestSetup_005.hdf5
005,6,7,10,10,14,cDAQ1Mod4/ai1,393A03,61596,g,311,1010,0,0,0,-1,1651.6129,29.999766,1,7,18,30,9909,19819,1.66,0,1,0.0011864254,0.0011637276,0.98086876,1.4076052e-06,1.3542619e-06,-0.16778195,,0.0053815905,0.0055465051,noisy,TestData/20251124_Testing/vib/Data/TestSetup_005.hdf5
005,6,7,11,11,15,cDAQ1Mod4/ai2,393B31,61603,g,311,973,0,0,0,-1,1651.6129,29.999766,1,7,18,30,9909,19819,1.66,0,1,0.00034446402,0.00037374941,1.0850173,1.1865546e-07,1.3968862e-07,0.70873286,-7.5138329,0.0023968416,0.0027882691,noisy,TestData/20251124_Testing/vib/Data/TestSetup_005.hdf5
005,6,7,12,12,16,cDAQ1Mod4/ai3,393B31,61605,g,141,905,0,0,0,-1,1651.6129,29.999766,1,7,18,30,9909,19819,1.66,0,1,0.0002813543,0.00032004187,1.1375048,7.9160244e-08,1.024268e-07,1.1190646,-5.317751,0.0020376208,0.0029947227,noisy,TestData/20251124_Testing/vib/Data/TestSetup_005.hdf5
005,6,7,13,13,17,cDAQ1Mod5/ai0,393B31,72955,g,167,733,0,0,0,-1,1651.6129,29.999766,1,7,18,30,9909,19819,1.66,0,1,0.00033152651,0.00033333777,1.0054634,1.0990983e-07,1.1111407e-07,0.04732513,-19.603241,0.0023318254,0.0029291949,noisy,TestData/20251124_Testing/vib/Data/TestSetup_005.hdf5
005,6,7,14,14,18,cDAQ1Mod5/ai1,393B31,72956,g,264,469,0,0,0,-1,1651.6129,29.999766,1,7,18,30,9909,19819,1.66,0,1,0.00033132136,0.00035341411,1.0666807,1.0977384e-07,1.2490154e-07,0.56068913,-8.6072615,0.0024520478,0.0025119971,noisy,TestData/20251124_Testing/vib/Data/TestSetup_005.hdf5
005,6,7,15,15,19,cDAQ1Mod5/ai2,393B31,61462,g,192,267,0,0,0,-1,1651.6129,29.999766,1,7,18,30,9909,19819,1.66,0,1,0.00031741655,0.00033365391,1.0511547,1.0075327e-07,1.1132493e-07,0.43333299,-9.7911576,0.0019107913,0.0026021797,noisy,TestData/20251124_Testing/vib/Data/TestSetup_005.hdf5
005,6,7,16,16,20,cDAQ1Mod5/ai3,393B31,61593,g,408,181,0,0,0,-1,1651.6129,29.999766,1,7,18,30,9909,19819,1.66,0,1,0.00039201823,0.00039602623,1.010224,1.5367829e-07,1.5683678e-07,0.088353885,-16.871335,0.0022185574,0.0024832659,noisy,TestData/20251124_Testing/vib/Data/TestSetup_005.hdf5
005,7,8,1,1,1,cDAQ1Mod1/ai0,393B31,51815,g,83,991,0,0,0,-1,1651.6129,29.999766,1,7,17,30,9909,21471,1.665,0,1,0.00033376741,0.00035970905,1.0777237,1.1140068e-07,1.293906e-07,0.65014869,-7.9185872,0.0022515151,0.0059694324,noisy,TestData/20251124_Testing/vib/Data/TestSetup_005.hdf5
005,7,8,2,2,2,cDAQ1Mod1/ai1,393B31,51819,g,0.3,886,0,0,0,-1,1651.6129,29.999766,1,7,17,30,9909,21471,1.665,0,1,0.00039938566,0.00054579167,1.366578,1.5950891e-07,2.9788855e-07,2.7126888,-0.61712722,0.0026354815,0.01149427,noisy,TestData/20251124_Testing/vib/Data/TestSetup_005.hdf5
005,7,8,3,3,3,cDAQ1Mod1/ai2,393B31,72538,g,84,905,0,0,0,-1,1651.6129,29.999766,1,7,17,30,9909,21471,1.665,0,1,0.0003650765,0.00045702248,1.251854,1.3328085e-07,2.0886955e-07,1.9510738,-2.4631086,0.0024147296,0.0089230746,noisy,TestData/20251124_Testing/vib/Data/TestSetup_005.hdf5
005,7,8,4,4,4,cDAQ1Mod1/ai3,393B31,51835,g,0.3,739,0,0,0,-1,1651.6129,29.999766,1,7,17,30,9909,21471,1.665,0,1,0.00020094823,0.00030473288,1.5164746,4.0380191e-08,9.2862129e-08,3.6167027,1.138415,0.0013551387,0.0056523588,weak,TestData/20251124_Testing/vib/Data/TestSetup_005.hdf5
005,7,8,5,5,5,cDAQ1Mod2/ai0,393B31,51836,g,83,553,0,0,0,-1,1651.6129,29.999766,1,7,17,30,9909,21471,1.665,0,1,0.00025869307,0.00050942596,1.9692293,6.6922103e-08,2.5951481e-07,5.8859257,4.5907026,0.001762102,0.012250335,weak,TestData/20251124_Testing/vib/Data/TestSetup_005.hdf5
005,7,8,6,6,6,cDAQ1Mod2/ai1,393B31,61292,g,30,372,0,0,0,-1,1651.6129,29.999766,1,7,17,30,9909,21471,1.665,0,1,0.0002390248,0.00051504765,2.1547875,5.7132853e-08,2.6527408e-07,6.6680891,5.6147221,0.0017569782,0.010400064,weak,TestData/20251124_Testing/vib/Data/TestSetup_005.hdf5
005,7,8,7,7,7,cDAQ1Mod2/ai2,393B31,61321,g,84,234,0,0,0,-1,1651.6129,29.999766,1,7,17,30,9909,21471,1.665,0,1,0.00025598592,0.00036841899,1.4392159,6.5528789e-08,1.3573255e-07,3.1625188,0.29928258,0.0019414425,0.0096641086,weak,TestData/20251124_Testing/vib/Data/TestSetup_005.hdf5
005,7,8,8x,8x,8,cDAQ1Mod2/ai3,393A03,67865,g,0,103,0,-1,0,0,1651.6129,29.999766,1,7,17,30,9909,21471,1.665,0,1,0.0001428849,0.00013230069,0.92592495,2.0416094e-08,1.7503473e-08,-0.6684843,,0.001096755,0.0021359179,noisy,TestData/20251124_Testing/vib/Data/TestSetup_005.hdf5
005,7,8,8y,8y,9,cDAQ1Mod3/ai0,393A03,67866,g,0,103,0,0,-1,0,1651.6129,29.999766,1,7,17,30,9909,21471,1.665,0,1,0.00017724134,0.00018842881,1.06312,3.1414494e-08,3.5505417e-08,0.53164549,-8.8530876,0.0018530761,0.0047586453,noisy,TestData/20251124_Testing/vib/Data/TestSetup_005.hdf5
005,7,8,8z,8z,10,cDAQ1Mod3/ai1,393A03,68542,g,0,103,0,0,0,-1,1651.6129,29.999766,1,7,17,30,9909,21471,1.665,0,1,0.00023183749,0.00033811993,1.4584351,5.374862e-08,1.1432509e-07,3.2777422,0.51936618,0.0015315165,0.0085147699,weak,TestData/20251124_Testing/vib/Data/TestSetup_005.hdf5
005,7,8,9x,9x,11,cDAQ1Mod3/ai2,393A03,68578,g,443,1105,0,-1,0,0,1651.6129,29.999766,1,7,17,30,9909,21471,1.665,0,1,0.00016742423,0.00017359797,1.0368749,2.8030871e-08,3.0136256e-08,0.31452701,-11.243051,0.0013029879,0.001330485,noisy,TestData/20251124_Testing/vib/Data/TestSetup_005.hdf5
005,7,8,9y,9y,12,cDAQ1Mod3/ai3,393A03,68588,g,443,1105,0,0,-1,0,1651.6129,29.999766,1,7,17,30,9909,21471,1.665,0,1,0.00028113341,0.00028473581,1.0128138,7.9035995e-08,8.1074483e-08,0.11059263,-15.885168,0.0019555871,0.0018264096,noisy,TestData/20251124_Testing/vib/Data/TestSetup_005.hdf5
005,7,8,9z,9z,13,cDAQ1Mod4/ai0,393A03,68595,g,443,1105,0,0,0,-1,1651.6129,29.999766,1,7,17,30,9909,21471,1.665,0,1,0.00046736477,0.00047432421,1.0148908,2.1842983e-07,2.2498346e-07,0.12838645,-15.2283,0.0025906921,0.0028788911,noisy,TestData/20251124_Testing/vib/Data/TestSetup_005.hdf5
005,7,8,10,10,14,cDAQ1Mod4/ai1,393A03,61596,g,311,1010,0,0,0,-1,1651.6129,29.999766,1,7,17,30,9909,21471,1.665,0,1,0.0011586416,0.0011567677,0.99838265,1.3424503e-06,1.3381114e-06,-0.014059532,,0.0052129365,0.0056521595,noisy,TestData/20251124_Testing/vib/Data/TestSetup_005.hdf5
005,7,8,11,11,15,cDAQ1Mod4/ai2,393B31,61603,g,311,973,0,0,0,-1,1651.6129,29.999766,1,7,17,30,9909,21471,1.665,0,1,0.00035440869,0.00038549981,1.0877267,1.2560552e-07,1.486101e-07,0.73039601,-7.3719441,0.0025408656,0.003419964,noisy,TestData/20251124_Testing/vib/Data/TestSetup_005.hdf5
005,7,8,12,12,16,cDAQ1Mod4/ai3,393B31,61605,g,141,905,0,0,0,-1,1651.6129,29.999766,1,7,17,30,9909,21471,1.665,0,1,0.00029475355,0.00029974962,1.01695,8.6879653e-08,8.9849834e-08,0.14599201,-14.661352,0.0021512993,0.0022306069,noisy,TestData/20251124_Testing/vib/Data/TestSetup_005.hdf5
005,7,8,13,13,17,cDAQ1Mod5/ai0,393B31,72955,g,167,733,0,0,0,-1,1651.6129,29.999766,1,7,17,30,9909,21471,1.665,0,1,0.00032826559,0.00034706176,1.057259,1.077583e-07,1.2045186e-07,0.48362803,-9.2886706,0.0023039348,0.0031702892,noisy,TestData/20251124_Testing/vib/Data/TestSetup_005.hdf5
005,7,8,14,14,18,cDAQ1Mod5/ai1,393B31,72956,g,264,469,0,0,0,-1,1651.6129,29.999766,1,7,17,30,9909,21471,1.665,0,1,0.00033910559,0.00035524954,1.0476074,1.149926e-07,1.2620224e-07,0.40397147,-10.110785,0.0024085229,0.0027075747,noisy,TestData/20251124_Testing/vib/Data/TestSetup_005.hdf5
005,7,8,15,15,19,cDAQ1Mod5/ai2,393B31,61462,g,192,267,0,0,0,-1,1651.6129,29.999766,1,7,17,30,9909,21471,1.665,0,1,0.00031707091,0.00033135368,1.045046,1.0053396e-07,1.0979526e-07,0.38270789,-10.35641,0.0019844562,0.0023179457,noisy,TestData/20251124_Testing/vib/Data/TestSetup_005.hdf5
005,7,8,16,16,20,cDAQ1Mod5/ai3,393B31,61593,g,408,181,0,0,0,-1,1651.6129,29.999766,1,7,17,30,9909,21471,1.665,0,1,0.00039063298,0.00039850999,1.0201647,1.5259412e-07,1.5881021e-07,0.17340611,-13.900208,0.0021793296,0.0025965132,noisy,TestData/20251124_Testing/vib/Data/TestSetup_005.hdf5
005,8,9,1,1,1,cDAQ1Mod1/ai0,393B31,51815,g,83,991,0,0,0,-1,1651.6129,29.999766,1,7,18,30,9909,19819,1.635,0,1,0.00033189063,0.00039676378,1.1954654,1.1015139e-07,1.574215e-07,1.5507405,-3.6740343,0.0022585068,0.0091606204,noisy,TestData/20251124_Testing/vib/Data/TestSetup_005.hdf5
005,8,9,2,2,2,cDAQ1Mod1/ai1,393B31,51819,g,0.3,886,0,0,0,-1,1651.6129,29.999766,1,7,18,30,9909,19819,1.635,0,1,0.00039710898,0.00055078538,1.386988,1.5769554e-07,3.0336454e-07,2.841454,-0.34452291,0.0024461191,0.0096974025,noisy,TestData/20251124_Testing/vib/Data/TestSetup_005.hdf5
005,8,9,3,3,3,cDAQ1Mod1/ai2,393B31,72538,g,84,905,0,0,0,-1,1651.6129,29.999766,1,7,18,30,9909,19819,1.635,0,1,0.00036508447,0.00048705434,1.3340867,1.3328667e-07,2.3722193e-07,2.5036811,-1.0802383,0.0024243682,0.01035983,noisy,TestData/20251124_Testing/vib/Data/TestSetup_005.hdf5
005,8,9,4,4,4,cDAQ1Mod1/ai3,393B31,51835,g,0.3,739,0,0,0,-1,1651.6129,29.999766,1,7,18,30,9909,19819,1.635,0,1,0.00020379152,0.00031930092,1.5668018,4.1530982e-08,1.0195308e-07,3.9002814,1.6282358,0.0013592635,0.0079504635,weak,TestData/20251124_Testing/vib/Data/TestSetup_005.hdf5
005,8,9,5,5,5,cDAQ1Mod2/ai0,393B31,51836,g,83,553,0,0,0,-1,1651.6129,29.999766,1,7,18,30,9909,19819,1.635,0,1,0.00026136396,0.00048819263,1.8678652,6.8311119e-08,2.3833205e-07,5.4269105,3.9601099,0.001870069,0.01341589,weak,TestData/20251124_Testing/vib/Data/TestSetup_005.hdf5
005,8,9,6,6,6,cDAQ1Mod2/ai1,393B31,61292,g,30,372,0,0,0,-1,1651.6129,29.999766,1,7,18,30,9909,19819,1.635,0,1,0.00023886068,0.00041137052,1.7222195,5.7054424e-08,1.6922571e-07,4.7217701,2.9359235,0.0017182929,0.0090473106,weak,TestData/20251124_Testing/vib/Data/TestSetup_005.hdf5
005,8,9,7,7,7,cDAQ1Mod2/ai2,393B31,61321,g,84,234,0,0,0,-1,1651.6129,29.999766,1,7,18,30,9909,19819,1.635,0,1,0.00025527664,0.00028386174,1.111977,6.5166161e-08,8.057749e-08,0.92191595,-6.2618206,0.0016556346,0.006469818,noisy,TestData/20251124_Testing/vib/Data/TestSetup_005.hdf5
005,8,9,8x,8x,8,cDAQ1Mod2/ai3,393A03,67865,g,0,103,0,-1,0,0,1651.6129,29.999766,1,7,18,30,9909,19819,1.635,0,1,0.00011864435,0.00014730429,1.2415618,1.4076482e-08,2.1698554e-08,1.8793665,-2.6642111,0.00099596876,0.0018999153,noisy,TestData/20251124_Testing/vib/Data/TestSetup_005.hdf5
005,8,9,8y,8y,9,cDAQ1Mod3/ai0,393A03,67866,g,0,103,0,0,-1,0,1651.6129,29.999766,1,7,18,30,9909,19819,1.635,0,1,0.00015116846,0.00020782282,1.3747764,2.2851902e-08,4.3190326e-08,2.7646412,-0.50605067,0.0012337456,0.0022174243,noisy,TestData/20251124_Testing/vib/Data/TestSetup_005.hdf5
005,8,9,8z,8z,10,cDAQ1Mod3/ai1,393A03,68542,g,0,103,0,0,0,-1,1651.6129,29.999766,1,7,18,30,9909,19819,1.635,0,1,0.00020888346,0.00024377222,1.167025,4.36323e-08,5.9424893e-08,1.341603,-4.4135466,0.0016809623,0.0042841151,noisy,TestData/20251124_Testing/vib/Data/TestSetup_005.hdf5
005,8,9,9x,9x,11,cDAQ1Mod3/ai2,393A03,68578,g,443,1105,0,-1,0,0,1651.6129,29.999766,1,7,18,30,9909,19819,1.635,0,1,0.00016810418,0.00017438058,1.0373363,2.8259017e-08,3.0408586e-08,0.31839175,-11.188057,0.0014985924,0.0012811152,noisy,TestData/20251124_Testing/vib/Data/TestSetup_005.hdf5
005,8,9,9y,9y,12,cDAQ1Mod3/ai3,393A03,68588,g,443,1105,0,0,-1,0,1651.6129,29.999766,1,7,18,30,9909,19819,1.635,0,1,0.00027871392,0.00028111486,1.0086143,7.7681451e-08,7.9025562e-08,0.074502672,-17.61882,0.0016558211,0.0017856167,noisy,TestData/20251124_Testing/vib/Data/TestSetup_005.hdf5
005,8,9,9z,9z,13,cDAQ1Mod4/ai0,393A03,68595,g,443,1105,0,0,0,-1,1651.6129,29.999766,1,7,18,30,9909,19819,1.635,0,1,0.00045814698,0.00048135276,1.0506514,2.0989866e-07,2.3170048e-07,0.42917266,-9.8351694,0.0022622072,0.0026607276,noisy,TestData/20251124_Testing/vib/Data/TestSetup_005.hdf5
005,8,9,10,10,14,cDAQ1Mod4/ai1,393A03,61596,g,311,1010,0,0,0,-1,1651.6129,29.999766,1,7,18,30,9909,19819,1.635,0,1,0.0011422763,0.0012219624,1.0697608,1.3047951e-06,1.4931921e-06,0.58573374,-8.4046827,0.0052708658,0.0058242994,noisy,TestData/20251124_Testing/vib/Data/TestSetup_005.hdf5
005,8,9,11,11,15,cDAQ1Mod4/ai2,393B31,61603,g,311,973,0,0,0,-1,1651.6129,29.999766,1,7,18,30,9909,19819,1.635,0,1,0.00031457051,0.00033312095,1.0589707,9.8954608e-08,1.1096957e-07,0.49767868,-9.1571374,0.0026176866,0.0024041018,noisy,TestData/20251124_Testing/vib/Data/TestSetup_005.hdf5
005,8,9,12,12,16,cDAQ1Mod4/ai3,393B31,61605,g,141,905,0,0,0,-1,1651.6129,29.999766,1,7,18,30,9909,19819,1.635,0,1,0.00029156921,0.00029784063,1.0215092,8.5012602e-08,8.8709041e-08,0.18484578,-13.616997,0.0019420824,0.0023971148,noisy,TestData/20251124_Testing/vib/Data/TestSetup_005.hdf5
005,8,9,13,13,17,cDAQ1Mod5/ai0,393B31,72955,g,167,733,0,0,0,-1,1651.6129,29.999766,1,7,18,30,9909,19819,1.635,0,1,0.00033907233,0.00032694593,0.96423654,1.1497005e-07,1.0689364e-07,-0.31632827,,0.002481199,0.0023637716,noisy,TestData/20251124_Testing/vib/Data/TestSetup_005.hdf5
005,8,9,14,14,18,cDAQ1Mod5/ai1,393B31,72956,g,264,469,0,0,0,-1,1651.6129,29.999766,1,7,18,30,9909,19819,1.635,0,1,0.00032547732,0.00031863886,0.97898944,1.0593549e-07,1.0153073e-07,-0.18443983,,0.0022923514,0.0023641137,noisy,TestData/20251124_Testing/vib/Data/TestSetup_005.hdf5
005,8,9,15,15,19,cDAQ1Mod5/ai2,393B31,61462,g,192,267,0,0,0,-1,1651.6129,29.999766,1,7,18,30,9909,19819,1.635,0,1,0.00032115431,0.00031336216,0.97573704,1.0314009e-07,9.8195844e-08,-0.21334417,,0.0019446897,0.0021336587,noisy,TestData/20251124_Testing/vib/Data/TestSetup_005.hdf5
005,8,9,16,16,20,cDAQ1Mod5/ai3,393B31,61593,g,408,181,0,0,0,-1,1651.6129,29.999766,1,7,18,30,9909,19819,1.635,0,1,0.00037799624,0.00037307637,0.98698435,1.4288115e-07,1.3918598e-07,-0.11379468,,0.0020623433,0.0022352878,noisy,TestData/20251124_Testing/vib/Data/TestSetup_005.hdf5
005,9,10,1,1,1,cDAQ1Mod1/ai0,393B31,51815,g,83,991,0,0,0,-1,1651.6129,29.999766,1,7,17,30,9909,21471,1.62,1,0,0.00034131923,0.00040895872,1.1981708,1.1649882e-07,1.6724724e-07,1.5703743,-3.60899,0.0024010634,0.0074896026,noisy,TestData/20251124_Testing/vib/Data/TestSetup_005.hdf5
005,9,10,2,2,2,cDAQ1Mod1/ai1,393B31,51819,g,0.3,886,0,0,0,-1,1651.6129,29.999766,1,7,17,30,9909,21471,1.62,1,0,0.00042011629,0.00059948023,1.4269388,1.764977e-07,3.5937654e-07,3.0881068,0.15424423,0.0028921769,0.012754045,weak,TestData/20251124_Testing/vib/Data/TestSetup_005.hdf5
005,9,10,3,3,3,cDAQ1Mod1/ai2,393B31,72538,g,84,905,0,0,0,-1,1651.6129,29.999766,1,7,17,30,9909,21471,1.62,1,0,0.00036232569,0.00045877903,1.2662062,1.312799e-07,2.1047819e-07,2.0500886,-2.1948243,0.0022130571,0.0077783603,noisy,TestData/20251124_Testing/vib/Data/TestSetup_005.hdf5
005,9,10,4,4,4,cDAQ1Mod1/ai3,393B31,51835,g,0.3,739,0,0,0,-1,1651.6129,29.999766,1,7,17,30,9909,21471,1.62,1,0,0.00021511173,0.00031829201,1.479659,4.6273055e-08,1.013098e-07,3.4032329,0.75324572,0.0015616937,0.0076294126,weak,TestData/20251124_Testing/vib/Data/TestSetup_005.hdf5
005,9,10,5,5,5,cDAQ1Mod2/ai0,393B31,51836,g,83,553,0,0,0,-1,1651.6129,29.999766,1,7,17,30,9909,21471,1.62,1,0,0.00026099427,0.00046388744,1.7773856,6.8118007e-08,2.1519155e-07,4.9956329,3.3427264,0.0021242714,0.012891738,weak,TestData/20251124_Testing/vib/Data/TestSetup_005.hdf5
005,9,10,6,6,6,cDAQ1Mod2/ai1,393B31,61292,g,30,372,0,0,0,-1,1651.6129,29.999766,1,7,17,30,9909,21471,1.62,1,0,0.00021510931,0.000411298,1.9120418,4.6272017e-08,1.6916604e-07,5.6299476,4.2421235,0.0016186844,0.0073033301,weak,TestData/20251124_Testing/vib/Data/TestSetup_005.hdf5
005,9,10,7,7,7,cDAQ1Mod2/ai2,393B31,61321,g,84,234,0,0,0,-1,1651.6129,29.999766,1,7,17,30,9909,21471,1.62,1,0,0.00021742334,0.00029904173,1.3753892,4.7272911e-08,8.9425956e-08,2.7685125,-0.4978339,0.0015187086,0.0078323453,noisy,TestData/20251124_Testing/vib/Data/TestSetup_005.hdf5
005,9,10,8x,8x,8,cDAQ1Mod2/ai3,393A03,67865,g,0,103,0,-1,0,0,1651.6129,29.999766,1,7,17,30,9909,21471,1.62,1,0,0.00015903235,0.00012739714,0.80107692,2.5291287e-08,1.6230032e-08,-1.9265156,,0.0012776695,0.0024007167,noisy,TestData/20251124_Testing/vib/Data/TestSetup_005.hdf5
005,9,10,8y,8y,9,cDAQ1Mod3/ai0,393A03,67866,g,0,103,0,0,-1,0,1651.6129,29.999766,1,7,17,30,9909,21471,1.62,1,0,0.00022364936,0.00016444768,0.73529242,5.0019035e-08,2.7043039e-08,-2.6707982,,0.002140008,0.0033663806,noisy,TestData/20251124_Testing/vib/Data/TestSetup_005.hdf5
005,9,10,8z,8z,10,cDAQ1Mod3/ai1,393A03,68542,g,0,103,0,0,0,-1,1651.6129,29.999766,1,7,17,30,9909,21471,1.62,1,0,0.00022228718,0.00028373994,1.2764566,4.9411592e-08,8.0508352e-08,2.1201209,-2.0111371,0.0016876449,0.0067135218,noisy,TestData/20251124_Testing/vib/Data/TestSetup_005.hdf5
005,9,10,9x,9x,11,cDAQ1Mod3/ai2,393A03,68578,g,443,1105,0,-1,0,0,1651.6129,29.999766,1,7,17,30,9909,21471,1.62,1,0,0.00017892322,0.00018937454,1.0584123,3.2013519e-08,3.5862717e-08,0.49309782,-9.1996309,0.0013479832,0.0023803746,noisy,TestData/20251124_Testing/vib/Data/TestSetup_005.hdf5
005,9,10,9y,9y,12,cDAQ1Mod3/ai3,393A03,68588,g,443,1105,0,0,-1,0,1651.6129,29.999766,1,7,17,30,9909,21471,1.62,1,0,0.00028939803,0.00029198527,1.0089401,8.3751218e-08,8.5255396e-08,0.077307458,-17.456918,0.0018091035,0.0020112138,noisy,TestData/20251124_Testing/vib/Data/TestSetup_005.hdf5
005,9,10,9z,9z,13,cDAQ1Mod4/ai0,393A03,68595,g,443,1105,0,0,0,-1,1651.6129,29.999766,1,7,17,30,9909,21471,1.62,1,0,0.00049801715,0.00051562724,1.0353604,2.4802108e-07,2.6587145e-07,0.30183104,-11.428415,0.0026458528,0.0029854938,noisy,TestData/20251124_Testing/vib/Data/TestSetup_005.hdf5
005,9,10,10,10,14,cDAQ1Mod4/ai1,393A03,61596,g,311,1010,0,0,0,-1,1651.6129,29.999766,1,7,17,30,9909,21471,1.62,1,0,0.0012457032,0.0012564858,1.0086558,1.5517764e-06,1.5787566e-06,0.074860201,-17.597849,0.0055305334,0.0060235025,noisy,TestData/20251124_Testing/vib/Data/TestSetup_005.hdf5
005,9,10,11,11,15,cDAQ1Mod4/ai2,393B31,61603,g,311,973,0,0,0,-1,1651.6129,29.999766,1,7,17,30,9909,21471,1.62,1,0,0.00034718584,0.00036416968,1.0489186,1.2053801e-07,1.3261956e-07,0.41483567,-9.9900135,0.0024724837,0.0027615244,noisy,TestData/20251124_Testing/vib/Data/TestSetup_005.hdf5
005,9,10,12,12,16,cDAQ1Mod4/ai3,393B31,61605,g,141,905,0,0,0,-1,1651.6129,29.999766,1,7,17,30,9909,21471,1.62,1,0,0.00030540569,0.00031981911,1.0471943,9.3272635e-08,1.0228426e-07,0.40054564,-10.149511,0.0019849187,0.0029718088,noisy,TestData/20251124_Testing/vib/Data/TestSetup_005.hdf5
005,9,10,13,13,17,cDAQ1Mod5/ai0,393B31,72955,g,167,733,0,0,0,-1,1651.6129,29.999766,1,7,17,30,9909,21471,1.62,1,0,0.00033648152,0.00034162503,1.0152862,1.1321981e-07,1.1670766e-07,0.13176951,-15.113642,0.0026359385,0.0025182616,noisy,TestData/20251124_Testing/vib/Data/TestSetup_005.hdf5
005,9,10,14,14,18,cDAQ1Mod5/ai1,393B31,72956,g,264,469,0,0,0,-1,1651.6129,29.999766,1,7,17,30,9909,21471,1.62,1,0,0.00034644988,0.00035792829,1.0331315,1.2002752e-07,1.2811266e-07,0.28311229,-11.715931,0.0022828125,0.0030609536,noisy,TestData/20251124_Testing/vib/Data/TestSetup_005.hdf5
005,9,10,15,15,19,cDAQ1Mod5/ai2,393B31,61462,g,192,267,0,0,0,-1,1651.6129,29.999766,1,7,17,30,9909,21471,1.62,1,0,0.00033299399,0.0003201051,0.96129393,1.10885e-07,1.0246727e-07,-0.342876,,0.0020056192,0.0021341581,noisy,TestData/20251124_Testing/vib/Data/TestSetup_005.hdf5
005,9,10,16,16,20,cDAQ1Mod5/ai3,393B31,61593,g,408,181,0,0,0,-1,1651.6129,29.999766,1,7,17,30,9909,21471,1.62,1,0,0.00038665155,0.00038186193,0.98761257,1.4949942e-07,1.4581853e-07,-0.10826784,,0.0021668451,0.0023235662,noisy,TestData/20251124_Testing/vib/Data/TestSetup_005.hdf5
005,10,11,1,1,1,cDAQ1Mod1/ai0,393B31,51815,g,83,991,0,0,0,-1,1651.6129,29.999766,1,7,18,30,9909,19819,1.635,0,1,0.00035574109,0.00044830522,1.2602009,1.2655172e-07,2.0097757e-07,2.0087954,-2.3054425,0.0024372594,0.0093101687,noisy,TestData/20251124_Testing/vib/Data/TestSetup_005.hdf5
005,10,11,2,2,2,cDAQ1Mod1/ai1,393B31,51819,g,0.3,886,0,0,0,-1,1651.6129,29.999766,1,7,18,30,9909,19819,1.635,0,1,0.00041091729,0.00060110243,1.4628307,1.6885302e-07,3.6132413e-07,3.3038813,0.56856705,0.0025879523,0.01390097,weak,TestData/20251124_Testing/vib/Data/TestSetup_005.hdf5
005,10,11,3,3,3,cDAQ1Mod1/ai2,393B31,72538,g,84,905,0,0,0,-1,1651.6129,29.999766,1,7,18,30,9909,19819,1.635,0,1,0.00035948978,0.00046769619,1.301,1.292329e-07,2.1873973e-07,2.2855457,-1.5951695,0.0024025126,0.0091051631,noisy,TestData/20251124_Testing/vib/Data/TestSetup_005.hdf5
005,10,11,4,4,4,cDAQ1Mod1/ai3,393B31,51835,g,0.3,739,0,0,0,-1,1651.6129,29.999766,1,7,18,30,9909,19819,1.635,0,1,0.00022466276,0.000316451,1.4085601,5.0473354e-08,1.0014123e-07,2.9755076,-0.069865595,0.0015373196,0.0059777221,noisy,TestData/20251124_Testing/vib/Data/TestSetup_005.hdf5
005,10,11,5,5,5,cDAQ1Mod2/ai0,393B31,51836,g,83,553,0,0,0,-1,1651.6129,29.999766,1,7,18,30,9909,19819,1.635,0,1,0.00026324059,0.00049738532,1.8894705,6.929561e-08,2.4739216e-07,5.5268022,4.0994979,0.0020378852,0.011236662,weak,TestData/20251124_Testing/vib/Data/TestSetup_005.hdf5
005,10,11,6,6,6,cDAQ1Mod2/ai1,393B31,61292,g,30,372,0,0,0,-1,1651.6129,29.999766,1,7,18,30,9909,19819,1.635,0,1,0.00026729713,0.00042990477,1.6083404,7.1447756e-08,1.8481811e-07,4.1275594,2.0051092,0.0019404254,0.0070587749,weak,TestData/20251124_Testing/vib/Data/TestSetup_005.hdf5
005,10,11,7,7,7,cDAQ1Mod2/ai2,393B31,61321,g,84,234,0,0,0,-1,1651.6129,29.999766,1,7,18,30,9909,19819,1.635,0,1,0.00023529314,0.00025788231,1.0960044,5.5362862e-08,6.6503284e-08,0.79624559,-6.9631689,0.0015211627,0.003342669,noisy,TestData/20251124_Testing/vib/Data/TestSetup_005.hdf5
005,10,11,8x,8x,8,cDAQ1Mod2/ai3,393A03,67865,g,0,103,0,-1,0,0,1651.6129,29.999766,1,7,18,30,9909,19819,1.635,0,1,0.00011523598,0.00012608908,1.0941815,1.3279332e-08,1.5898457e-08,0.78178741,-7.0502004,0.00090332051,0.001454202,noisy,TestData/20251124_Testing/vib/Data/TestSetup_005.hdf5
005,10,11,8y,8y,9,cDAQ1Mod3/ai0,393A03,67866,g,0,103,0,0,-1,0,1651.6129,29.999766,1,7,18,30,9909,19819,1.635,0,1,0.00013788785,0.00015859338,1.1501621,1.901306e-08,2.5151861e-08,1.215181,-4.9096848,0.0011311383,0.0025338481,noisy,TestData/20251124_Testing/vib/Data/TestSetup_005.hdf5
005,10,11,8z,8z,10,cDAQ1Mod3/ai1,393A03,68542,g,0,103,0,0,0,-1,1651.6129,29.999766,1,7,18,30,9909,19819,1.635,0,1,0.00020835577,0.00024763219,1.1885065,4.3412125e-08,6.1321702e-08,1.5000315,-3.8452572,0.0014239883,0.0019622365,noisy,TestData/20251124_Testing/vib/Data/TestSetup_005.hdf5
005,10,11,9x,9x,11,cDAQ1Mod3/ai2,393A03,68578,g,443,1105,0,-1,0,0,1651.6129,29.999766,1,7,18,30,9909,19819,1.635,0,1,0.00017927393,0.00018186251,1.0144392,3.2139142e-08,3.3073973e-08,0.12452088,-15.363012,0.0012779906,0.0015242147,noisy,TestData/20251124_Testing/vib/Data/TestSetup_005.hdf5
005,10,11,9y,9y,12,cDAQ1Mod3/ai3,393A03,68588,g,443,1105,0,0,-1,0,1651.6129,29.999766,1,7,18,30,9909,19819,1.635,0,1,0.00028919853,0.00028877094,0.99852146,8.3635792e-08,8.3388656e-08,-0.012851979,,0.0019784559,0.0019005785,noisy,TestData/20251124_Testing/vib/Data/TestSetup_005.hdf5
005,10,11,9z,9z,13,cDAQ1Mod4/ai0,393A03,68595,g,443,1105,0,0,0,-1,1651.6129,29.999766,1,7,18,30,9909,19819,1.635,0,1,0.00049992997,0.00049150475,0.9831472,2.4992998e-07,2.4157692e-07,-0.14762907,,0.0028268294,0.0028131942,noisy,TestData/20251124_Testing/vib/Data/TestSetup_005.hdf5
005,10,11,10,10,14,cDAQ1Mod4/ai1,393A03,61596,g,311,1010,0,0,0,-1,1651.6129,29.999766,1,7,18,30,9909,19819,1.635,0,1,0.0012770068,0.0012520714,0.98047358,1.6307463e-06,1.5676828e-06,-0.17128211,,0.0062620012,0.0068897161,noisy,TestData/20251124_Testing/vib/Data/TestSetup_005.hdf5
005,10,11,11,11,15,cDAQ1Mod4/ai2,393B31,61603,g,311,973,0,0,0,-1,1651.6129,29.999766,1,7,18,30,9909,19819,1.635,0,1,0.00041137692,0.00043450841,1.0562294,1.6923097e-07,1.8879756e-07,0.47516527,-9.3696476,0.0033245272,0.0039406469,noisy,TestData/20251124_Testing/vib/Data/TestSetup_005.hdf5
005,10,11,12,12,16,cDAQ1Mod4/ai3,393B31,61605,g,141,905,0,0,0,-1,1651.6129,29.999766,1,7,18,30,9909,19819,1.635,0,1,0.00030210064,0.00033335862,1.1034688,9.1264799e-08,1.1112797e-07,0.85520077,-6.6225473,0.0019796358,0.002866532,noisy,TestData/20251124_Testing/vib/Data/TestSetup_005.hdf5
005,10,11,13,13,17,cDAQ1Mod5/ai0,393B31,72955,g,167,733,0,0,0,-1,1651.6129,29.999766,1,7,18,30,9909,19819,1.635,0,1,0.00033921951,0.00034747321,1.0243314,1.1506988e-07,1.2073763e-07,0.2088101,-13.075505,0.0024355882,0.0024746475,noisy,TestData/20251124_Testing/vib/Data/TestSetup_005.hdf5
005,10,11,14,14,18,cDAQ1Mod5/ai1,393B31,72956,g,264,469,0,0,0,-1,1651.6129,29.999766,1,7,18,30,9909,19819,1.635,0,1,0.00034946553,0.00037635702,1.0769503,1.2212616e-07,1.4164461e-07,0.64391339,-7.9636347,0.0025729572,0.0035043513,noisy,TestData/20251124_Testing/vib/Data/TestSetup_005.hdf5
005,10,11,15,15,19,cDAQ1Mod5/ai2,393B31,61462,g,192,267,0,0,0,-1,1651.6129,29.999766,1,7,18,30,9909,19819,1.635,0,1,0.00033817892,0.00034933856,1.0329992,1.1436498e-07,1.2203743e-07,0.28199982,-11.733592,0.0021114344,0.002650811,noisy,TestData/20251124_Testing/vib/Data/TestSetup_005.hdf5
005,10,11,16,16,20,cDAQ1Mod5/ai3,393B31,61593,g,408,181,0,0,0,-1,1651.6129,29.999766,1,7,18,30,9909,19819,1.635,0,1,0.00039252006,0.00039177567,0.99810357,1.54072e-07,1.5348818e-07,-0.016487793,,0.002297013,0.0029147084,noisy,TestData/20251124_Testing/vib/Data/TestSetup_005.hdf5
005,11,12,1,1,1,cDAQ1Mod1/ai0,393B31,51815,g,83,991,0,0,0,-1,1651.6129,29.999766,1,7,18,30,9909,19819,1.665,0,1,0.00037703907,0.00039332963,1.0432065,1.4215846e-07,1.5470819e-07,0.367406,-10.541383,0.0036636542,0.0042861017,noisy,TestData/20251124_Testing/vib/Data/TestSetup_005.hdf5
005,11,12,2,2,2,cDAQ1Mod1/ai1,393B31,51819,g,0.3,886,0,0,0,-1,1651.6129,29.999766,1,7,18,30,9909,19819,1.665,0,1,0.00045077524,0.00058480434,1.2973302,2.0319831e-07,3.4199611e-07,2.2610107,-1.6553751,0.0030944274,0.010302457,noisy,TestData/20251124_Testing/vib/Data/TestSetup_005.hdf5
005,11,12,3,3,3,cDAQ1Mod1/ai2,393B31,72538,g,84,905,0,0,0,-1,1651.6129,29.999766,1,7,18,30,9909,19819,1.665,0,1,0.00038648446,0.00049038198,1.2688272,1.4937024e-07,2.4047448e-07,2.0680493,-2.1472546,0.0026272072,0.0091943043,noisy,TestData/20251124_Testing/vib/Data/TestSetup_005.hdf5
005,11,12,4,4,4,cDAQ1Mod1/ai3,393B31,51835,g,0.3,739,0,0,0,-1,1651.6129,29.999766,1,7,18,30,9909,19819,1.665,0,1,0.00022485081,0.00033276239,1.4799253,5.0557887e-08,1.1073081e-07,3.4047957,0.75612201,0.0016700648,0.0070524959,weak,TestData/20251124_Testing/vib/Data/TestSetup_005.hdf5
005,11,12,5,5,5,cDAQ1Mod2/ai0,393B31,51836,g,83,553,0,0,0,-1,1651.6129,29.999766,1,7,18,30,9909,19819,1.665,0,1,0.00027853634,0.00054603351,1.9603672,7.7582493e-08,2.9815259e-07,5.8467486,4.537829,0.0021656138,0.013331072,weak,TestData/20251124_Testing/vib/Data/TestSetup_005.hdf5
005,11,12,6,6,6,cDAQ1Mod2/ai1,393B31,61292,g,30,372,0,0,0,-1,1651.6129,29.999766,1,7,18,30,9909,19819,1.665,0,1,0.00026773537,0.0004907635,1.8330171,7.1682227e-08,2.4084881e-07,5.2633301,3.7290308,0.0022871148,0.0090821766,weak,TestData/20251124_Testing/vib/Data/TestSetup_005.hdf5
005,11,12,7,7,7,cDAQ1Mod2/ai2,393B31,61321,g,84,234,0,0,0,-1,1651.6129,29.999766,1,7,18,30,9909,19819,1.665,0,1,0.00022457857,0.00036514399,1.6259075,5.0435535e-08,1.3333013e-07,4.2219167,2.1578958,0.0015795576,0.0099124129,weak,TestData/20251124_Testing/vib/Data/TestSetup_005.hdf5
005,11,12,8x,8x,8,cDAQ1Mod2/ai3,393A03,67865,g,0,103,0,-1,0,0,1651.6129,29.999766,1,7,18,30,9909,19819,1.665,0,1,0.00011614005,0.00016112994,1.3873762,1.348851e-08,2.5962858e-08,2.843885,-0.33946154,0.00087828044,0.0022179242,noisy,TestData/20251124_Testing/vib/Data/TestSetup_005.hdf5
005,11,12,8y,8y,9,cDAQ1Mod3/ai0,393A03,67866,g,0,103,0,0,-1,0,1651.6129,29.999766,1,7,18,30,9909,19819,1.665,0,1,0.00013888897,0.00020915557,1.5059193,1.9290145e-08,4.3746053e-08,3.5560338,1.0304829,0.0011415833,0.0042800159,weak,TestData/20251124_Testing/vib/Data/TestSetup_005.hdf5
005,11,12,8z,8z,10,cDAQ1Mod3/ai1,393A03,68542,g,0,103,0,0,0,-1,1651.6129,29.999766,1,7,18,30,9909,19819,1.665,0,1,0.00021248223,0.00034910601,1.6429892,4.51487e-08,1.2187501e-07,4.3126941,2.3029906,0.0016305396,0.0075779994,weak,TestData/20251124_Testing/vib/Data/TestSetup_005.hdf5
005,11,12,9x,9x,11,cDAQ1Mod3/ai2,393A03,68578,g,443,1105,0,-1,0,0,1651.6129,29.999766,1,7,18,30,9909,19819,1.665,0,1,0.00018117069,0.00018394411,1.0153084,3.2822818e-08,3.3835437e-08,0.13195928,-15.107297,0.0015798338,0.0013236108,noisy,TestData/20251124_Testing/vib/Data/TestSetup_005.hdf5
005,11,12,9y,9y,12,cDAQ1Mod3/ai3,393A03,68588,g,443,1105,0,0,-1,0,1651.6129,29.999766,1,7,18,30,9909,19819,1.665,0,1,0.00028390983,0.00030677355,1.0805316,8.0604793e-08,9.4110008e-08,0.67274943,-7.7585936,0.0017658383,0.002611364,noisy,TestData/20251124_Testing/vib/Data/TestSetup_005.hdf5
005,11,12,9z,9z,13,cDAQ1Mod4/ai0,393A03,68595,g,443,1105,0,0,0,-1,1651.6129,29.999766,1,7,18,30,9909,19819,1.665,0,1,0.00048500519,0.00050836155,1.0481569,2.3523003e-07,2.5843147e-07,0.40852624,-10.059779,0.0026340769,0.0029532651,noisy,TestData/20251124_Testing/vib/Data/TestSetup_005.hdf5
005,11,12,10,10,14,cDAQ1Mod4/ai1,393A03,61596,g,311,1010,0,0,0,-1,1651.6129,29.999766,1,7,18,30,9909,19819,1.665,0,1,0.0012229294,0.0012569385,1.0278095,1.4955563e-06,1.5798944e-06,0.2382529,-12.48779,0.0060674882,0.0062290437,noisy,TestData/20251124_Testing/vib/Data/TestSetup_005.hdf5
005,11,12,11,11,15,cDAQ1Mod4/ai2,393B31,61603,g,311,973,0,0,0,-1,1651.6129,29.999766,1,7,18,30,9909,19819,1.665,0,1,0.00035527788,0.00038718082,1.0897971,1.2622237e-07,1.4990899e-07,0.74691334,-7.2663333,0.0023628989,0.0030377824,noisy,TestData/20251124_Testing/vib/Data/TestSetup_005.hdf5
005,11,12,12,12,16,cDAQ1Mod4/ai3,393B31,61605,g,141,905,0,0,0,-1,1651.6129,29.999766,1,7,18,30,9909,19819,1.665,0,1,0.00033297136,0.00035019622,1.0517308,1.1086992e-07,1.2263739e-07,0.43809164,-9.7413065,0.0023670721,0.0028359164,noisy,TestData/20251124_Testing/vib/Data/TestSetup_005.hdf5
005,11,12,13,13,17,cDAQ1Mod5/ai0,393B31,72955,g,167,733,0,0,0,-1,1651.6129,29.999766,1,7,18,30,9909,19819,1.665,0,1,0.00033249543,0.00035114236,1.0560818,1.1055321e-07,1.2330096e-07,0.47395085,-9.3813797,0.0023897279,0.0031123242,noisy,TestData/20251124_Testing/vib/Data/TestSetup_005.hdf5
005,11,12,14,14,18,cDAQ1Mod5/ai1,393B31,72956,g,264,469,0,0,0,-1,1651.6129,29.999766,1,7,18,30,9909,19819,1.665,0,1,0.00035327181,0.00036349039,1.0289256,1.2480097e-07,1.3212527e-07,0.24767913,-12.314521,0.0025530583,0.0027950666,noisy,TestData/20251124_Testing/vib/Data/TestSetup_005.hdf5
005,11,12,15,15,19,cDAQ1Mod5/ai2,393B31,61462,g,192,267,0,0,0,-1,1651.6129,29.999766,1,7,18,30,9909,19819,1.665,0,1,0.00033076162,0.0003504462,1.0595129,1.0940325e-07,1.2281254e-07,0.50212488,-9.1162446,0.0020181048,0.0025007969,noisy,TestData/20251124_Testing/vib/Data/TestSetup_005.hdf5
005,11,12,16,16,20,cDAQ1Mod5/ai3,393B31,61593,g,408,181,0,0,0,-1,1651.6129,29.999766,1,7,18,30,9909,19819,1.665,0,1,0.00038943704,0.00039897138,1.0244824,1.5166121e-07,1.5917816e-07,0.21008972,-13.048327,0.0022157056,0.0026858056,noisy,TestData/20251124_Testing/vib/Data/TestSetup_005.hdf5
005,12,13,1,1,1,cDAQ1Mod1/ai0,393B31,51815,g,83,991,0,0,0,-1,1651.6129,29.999766,1,7,18,30,9909,19819,1.685,0,1,0.00037522324,0.0004866255,1.2968959,1.4079248e-07,2.3680438e-07,2.2581027,-1.6625441,0.0025661419,0.0098499532,noisy,TestData/20251124_Testing/vib/Data/TestSetup_005.hdf5
005,12,13,2,2,2,cDAQ1Mod1/ai1,393B31,51819,g,0.3,886,0,0,0,-1,1651.6129,29.999766,1,7,18,30,9909,19819,1.685,0,1,0.00044498456,0.00064708949,1.4541841,1.9801126e-07,4.1872481e-07,3.2523881,0.47139116,0.0028001991,0.012317167,weak,TestData/20251124_Testing/vib/Data/TestSetup_005.hdf5
005,12,13,3,3,3,cDAQ1Mod1/ai2,393B31,72538,g,84,905,0,0,0,-1,1651.6129,29.999766,1,7,18,30,9909,19819,1.685,0,1,0.00037287977,0.00052732262,1.4141894,1.3903933e-07,2.7806914e-07,3.0101515,-0.00029699813,0.0025408287,0.010644137,weak,TestData/20251124_Testing/vib/Data/TestSetup_005.hdf5
005,12,13,4,4,4,cDAQ1Mod1/ai3,393B31,51835,g,0.3,739,0,0,0,-1,1651.6129,29.999766,1,7,18,30,9909,19819,1.685,0,1,0.00023152944,0.00033242171,1.4357643,5.3605881e-08,1.1050419e-07,3.1416632,0.25886954,0.0015488192,0.0060962179,weak,TestData/20251124_Testing/vib/Data/TestSetup_005.hdf5
005,12,13,5,5,5,cDAQ1Mod2/ai0,393B31,51836,g,83,553,0,0,0,-1,1651.6129,29.999766,1,7,18,30,9909,19819,1.685,0,1,0.00027324489,0.00049104848,1.7971003,7.466277e-08,2.4112861e-07,5.0914464,3.4822102,0.0020478601,0.011950524,weak,TestData/20251124_Testing/vib/Data/TestSetup_005.hdf5
005,12,13,6,6,6,cDAQ1Mod2/ai1,393B31,61292,g,30,372,0,0,0,-1,1651.6129,29.999766,1,7,18,30,9909,19819,1.685,0,1,0.00029175108,0.00043883371,1.5041374,8.5118695e-08,1.9257502e-07,3.54575,1.0120704,0.0020646127,0.0080151274,weak,TestData/20251124_Testing/vib/Data/TestSetup_005.hdf5
005,12,13,7,7,7,cDAQ1Mod2/ai2,393B31,61321,g,84,234,0,0,0,-1,1651.6129,29.999766,1,7,18,30,9909,19819,1.685,0,1,0.00023922069,0.00028792586,1.2035993,5.7226538e-08,8.2901303e-08,1.6096388,-3.48091,0.0017003117,0.007779362,noisy,TestData/20251124_Testing/vib/Data/TestSetup_005.hdf5
005,12,13,8x,8x,8,cDAQ1Mod2/ai3,393A03,67865,g,0,103,0,-1,0,0,1651.6129,29.999766,1,7,18,30,9909,19819,1.685,0,1,0.00020255436,0.00012139673,0.59932912,4.102827e-08,1.4737166e-08,-4.4466924,,0.0016125805,0.0013584238,noisy,TestData/20251124_Testing/vib/Data/TestSetup_005.hdf5
005,12,13,8y,8y,9,cDAQ1Mod3/ai0,393A03,67866,g,0,103,0,0,-1,0,1651.6129,29.999766,1,7,18,30,9909,19819,1.685,0,1,0.00020156236,0.00015480791,0.76803978,4.0627385e-08,2.396549e-08,-2.2923257,,0.0015772037,0.0020085231,noisy,TestData/20251124_Testing/vib/Data/TestSetup_005.hdf5
005,12,13,8z,8z,10,cDAQ1Mod3/ai1,393A03,68542,g,0,103,0,0,0,-1,1651.6129,29.999766,1,7,18,30,9909,19819,1.685,0,1,0.00028446532,0.00023223483,0.81639065,8.0920519e-08,5.3933016e-08,-1.7620396,,0.0019834991,0.0033467371,noisy,TestData/20251124_Testing/vib/Data/TestSetup_005.hdf5
005,12,13,9x,9x,11,cDAQ1Mod3/ai2,393A03,68578,g,443,1105,0,-1,0,0,1651.6129,29.999766,1,7,18,30,9909,19819,1.685,0,1,0.00017726431,0.00018044464,1.0179412,3.1422634e-08,3.2560268e-08,0.15445376,-14.412403,0.0013873541,0.001397353,noisy,TestData/20251124_Testing/vib/Data/TestSetup_005.hdf5
005,12,13,9y,9y,12,cDAQ1Mod3/ai3,393A03,68588,g,443,1105,0,0,-1,0,1651.6129,29.999766,1,7,18,30,9909,19819,1.685,0,1,0.00028250476,0.00029075536,1.0292052,7.9808942e-08,8.4538679e-08,0.25003903,-12.272146,0.0019698028,0.0020328464,noisy,TestData/20251124_Testing/vib/Data/TestSetup_005.hdf5
005,12,13,9z,9z,13,cDAQ1Mod4/ai0,393A03,68595,g,443,1105,0,0,0,-1,1651.6129,29.999766,1,7,18,30,9909,19819,1.685,0,1,0.0004865732,0.00049256963,1.0123238,2.3675348e-07,2.4262484e-07,0.10638889,-16.055577,0.0024221112,0.0030660656,noisy,TestData/20251124_Testing/vib/Data/TestSetup_005.hdf5
005,12,13,10,10,14,cDAQ1Mod4/ai1,393A03,61596,g,311,1010,0,0,0,-1,1651.6129,29.999766,1,7,18,30,9909,19819,1.685,0,1,0.0012376598,0.0012302328,0.99399921,1.5318017e-06,1.5134728e-06,-0.0522792,,0.0058654329,0.0059310312,noisy,TestData/20251124_Testing/vib/Data/TestSetup_005.hdf5
005,12,13,11,11,15,cDAQ1Mod4/ai2,393B31,61603,g,311,973,0,0,0,-1,1651.6129,29.999766,1,7,18,30,9909,19819,1.685,0,1,0.00030958944,0.00036458249,1.1776322,9.584562e-08,1.3292039e-07,1.4201934,-4.1249379,0.002260326,0.0039000646,noisy,TestData/20251124_Testing/vib/Data/TestSetup_005.hdf5
005,12,13,12,12,16,cDAQ1Mod4/ai3,393B31,61605,g,141,905,0,0,0,-1,1651.6129,29.999766,1,7,18,30,9909,19819,1.685,0,1,0.00030745933,0.00035112741,1.1420288,9.4531238e-08,1.2329046e-07,1.1535413,-5.1679822,0.0020994884,0.0034265865,noisy,TestData/20251124_Testing/vib/Data/TestSetup_005.hdf5
005,12,13,13,13,17,cDAQ1Mod5/ai0,393B31,72955,g,167,733,0,0,0,-1,1651.6129,29.999766,1,7,18,30,9909,19819,1.685,0,1,0.00031859347,0.00033415945,1.0488584,1.015018e-07,1.1166254e-07,0.41433751,-9.9954849,0.0021256099,0.0028237474,noisy,TestData/20251124_Testing/vib/Data/TestSetup_005.hdf5
005,12,13,14,14,18,cDAQ1Mod5/ai1,393B31,72956,g,264,469,0,0,0,-1,1651.6129,29.999766,1,7,18,30,9909,19819,1.685,0,1,0.00033002152,0.00034016949,1.0307494,1.0891421e-07,1.1571528e-07,0.26306183,-12.04507,0.0022211576,0.0025094703,noisy,TestData/20251124_Testing/vib/Data/TestSetup_005.hdf5
005,12,13,15,15,19,cDAQ1Mod5/ai2,393B31,61462,g,192,267,0,0,0,-1,1651.6129,29.999766,1,7,18,30,9909,19819,1.685,0,1,0.00033635617,0.00032555382,0.96788421,1.1313547e-07,1.0598529e-07,-0.28353187,,0.0021154922,0.0022171247,noisy,TestData/20251124_Testing/vib/Data/TestSetup_005.hdf5
005,12,13,16,16,20,cDAQ1Mod5/ai3,393B31,61593,g,408,181,0,0,0,-1,1651.6129,29.999766,1,7,18,30,9909,19819,1.685,0,1,0.00038918901,0.0003827998,0.98358325,1.5146809e-07,1.4653568e-07,-0.14377752,,0.0022529055,0.0024751541,noisy,TestData/20251124_Testing/vib/Data/TestSetup_005.hdf5
005,13,14,1,1,1,cDAQ1Mod1/ai0,393B31,51815,g,83,991,0,0,0,-1,1651.6129,29.999766,1,7,17,30,9909,21471,1.655,0,1,0.0003827231,0.00049549906,1.2946672,1.4647697e-07,2.4551932e-07,2.2431632,-1.6994843,0.0025903963,0.0074302659,noisy,TestData/20251124_Testing/vib/Data/TestSetup_005.hdf5
005,13,14,2,2,2,cDAQ1Mod1/ai1,393B31,51819,g,0.3,886,0,0,0,-1,1651.6129,29.999766,1,7,17,30,9909,21471,1.655,0,1,0.00043998258,0.00061016907,1.3868028,1.9358467e-07,3.723063e-07,2.8402942,-0.3469386,0.003003707,0.010778755,noisy,TestData/20251124_Testing/vib/Data/TestSetup_005.hdf5
005,13,14,3,3,3,cDAQ1Mod1/ai2,393B31,72538,g,84,905,0,0,0,-1,1651.6129,29.999766,1,7,17,30,9909,21471,1.655,0,1,0.00037103336,0.00049642883,1.3379628,1.3766576e-07,2.4644158e-07,2.5288806,-1.0229354,0.0025580185,0.01079117,noisy,TestData/20251124_Testing/vib/Data/TestSetup_005.hdf5
005,13,14,4,4,4,cDAQ1Mod1/ai3,393B31,51835,g,0.3,739,0,0,0,-1,1651.6129,29.999766,1,7,17,30,9909,21471,1.655,0,1,0.00023568046,0.00035137659,1.4909025,5.5545279e-08,1.2346551e-07,3.468985,0.87352,0.001833059,0.0065119529,weak,TestData/20251124_Testing/vib/Data/TestSetup_005.hdf5
005,13,14,5,5,5,cDAQ1Mod2/ai0,393B31,51836,g,83,553,0,0,0,-1,1651.6129,29.999766,1,7,17,30,9909,21471,1.655,0,1,0.0002831588,0.00049621011,1.7524093,8.0178904e-08,2.4622447e-07,4.872711,3.1616718,0.002148989,0.012187286,weak,TestData/20251124_Testing/vib/Data/TestSetup_005.hdf5
005,13,14,6,6,6,cDAQ1Mod2/ai1,393B31,61292,g,30,372,0,0,0,-1,1651.6129,29.999766,1,7,17,30,9909,21471,1.655,0,1,0.00028033232,0.00050237176,1.7920579,7.8586208e-08,2.5237738e-07,5.0670409,3.4468138,0.0022988805,0.0097058232,weak,TestData/20251124_Testing/vib/Data/TestSetup_005.hdf5
005,13,14,7,7,7,cDAQ1Mod2/ai2,393B31,61321,g,84,234,0,0,0,-1,1651.6129,29.999766,1,7,17,30,9909,21471,1.655,0,1,0.00023750917,0.00032485373,1.3677523,5.6410608e-08,1.0552995e-07,2.7201493,-0.60108277,0.0017443596,0.0061717396,noisy,TestData/20251124_Testing/vib/Data/TestSetup_005.hdf5
005,13,14,8x,8x,8,cDAQ1Mod2/ai3,393A03,67865,g,0,103,0,-1,0,0,1651.6129,29.999766,1,7,17,30,9909,21471,1.655,0,1,0.00016415042,0.00014424675,0.87874732,2.6945362e-08,2.0807124e-08,-1.1227197,,0.0011962893,0.0024069767,noisy,TestData/20251124_Testing/vib/Data/TestSetup_005.hdf5
005,13,14,8y,8y,9,cDAQ1Mod3/ai0,393A03,67866,g,0,103,0,0,-1,0,1651.6129,29.999766,1,7,17,30,9909,21471,1.655,0,1,0.00023653088,0.00020032808,0.84694261,5.5946858e-08,4.0131341e-08,-1.4429203,,0.0017467823,0.0035126114,noisy,TestData/20251124_Testing/vib/Data/TestSetup_005.hdf5
005,13,14,8z,8z,10,cDAQ1Mod3/ai1,393A03,68542,g,0,103,0,0,0,-1,1651.6129,29.999766,1,7,17,30,9909,21471,1.655,0,1,0.00023585622,0.00031316112,1.3277628,5.5628158e-08,9.806989e-08,2.4624101,-1.1750158,0.0018212957,0.007595617,noisy,TestData/20251124_Testing/vib/Data/TestSetup_005.hdf5
005,13,14,9x,9x,11,cDAQ1Mod3/ai2,393A03,68578,g,443,1105,0,-1,0,0,1651.6129,29.999766,1,7,17,30,9909,21471,1.655,0,1,0.0001859921,0.00018466419,0.99286042,3.4593062e-08,3.4100865e-08,-0.062236081,,0.0013242357,0.0025078612,noisy,TestData/20251124_Testing/vib/Data/TestSetup_005.hdf5
005,13,14,9y,9y,12,cDAQ1Mod3/ai3,393A03,68588,g,443,1105,0,0,-1,0,1651.6129,29.999766,1,7,17,30,9909,21471,1.655,0,1,0.00029057894,0.00028917393,0.99516481,8.443612e-08,8.3621564e-08,-0.042099804,,0.0018746194,0.0021224672,noisy,TestData/20251124_Testing/vib/Data/TestSetup_005.hdf5
005,13,14,9z,9z,13,cDAQ1Mod4/ai0,393A03,68595,g,443,1105,0,0,0,-1,1651.6129,29.999766,1,7,17,30,9909,21471,1.655,0,1,0.00049506275,0.00049756993,1.0050644,2.4508712e-07,2.4757583e-07,0.043877562,-19.933461,0.0027003937,0.0027177476,noisy,TestData/20251124_Testing/vib/Data/TestSetup_005.hdf5
005,13,14,10,10,14,cDAQ1Mod4/ai1,393A03,61596,g,311,1010,0,0,0,-1,1651.6129,29.999766,1,7,17,30,9909,21471,1.655,0,1,0.0012271825,0.0012522485,1.0204256,1.5059769e-06,1.5681263e-06,0.17562722,-13.843815,0.0057735954,0.0080429141,noisy,TestData/20251124_Testing/vib/Data/TestSetup_005.hdf5
005,13,14,11,11,15,cDAQ1Mod4/ai2,393B31,61603,g,311,973,0,0,0,-1,1651.6129,29.999766,1,7,17,30,9909,21471,1.655,0,1,0.00035158971,0.00033147123,0.94277852,1.2361533e-07,1.0987318e-07,-0.51180641,,0.0026602547,0.0029036248,noisy,TestData/20251124_Testing/vib/Data/TestSetup_005.hdf5
005,13,14,12,12,16,cDAQ1Mod4/ai3,393B31,61605,g,141,905,0,0,0,-1,1651.6129,29.999766,1,7,17,30,9909,21471,1.655,0,1,0.00031482884,0.00033540612,1.0653602,9.9117197e-08,1.1249726e-07,0.54992946,-8.6969075,0.0020998703,0.0038214698,noisy,TestData/20251124_Testing/vib/Data/TestSetup_005.hdf5
005,13,14,13,13,17,cDAQ1Mod5/ai0,393B31,72955,g,167,733,0,0,0,-1,1651.6129,29.999766,1,7,17,30,9909,21471,1.655,0,1,0.00033943239,0.00035152453,1.0356246,1.1521435e-07,1.235695e-07,0.30404709,-11.395524,0.0025505822,0.0028205029,noisy,TestData/20251124_Testing/vib/Data/TestSetup_005.hdf5
005,13,14,14,14,18,cDAQ1Mod5/ai1,393B31,72956,g,264,469,0,0,0,-1,1651.6129,29.999766,1,7,17,30,9909,21471,1.655,0,1,0.00035744995,0.00034831488,0.97444379,1.2777046e-07,1.2132326e-07,-0.22486415,,0.0027323378,0.002670367,noisy,TestData/20251124_Testing/vib/Data/TestSetup_005.hdf5
005,13,14,15,15,19,cDAQ1Mod5/ai2,393B31,61462,g,192,267,0,0,0,-1,1651.6129,29.999766,1,7,17,30,9909,21471,1.655,0,1,0.00035838623,0.00034911175,0.97412155,1.2844069e-07,1.2187902e-07,-0.227737,,0.0024377447,0.0023318671,noisy,TestData/20251124_Testing/vib/Data/TestSetup_005.hdf5
005,13,14,16,16,20,cDAQ1Mod5/ai3,393B31,61593,g,408,181,0,0,0,-1,1651.6129,29.999766,1,7,17,30,9909,21471,1.655,0,1,0.00039974506,0.00038588125,0.96531837,1.5979611e-07,1.4890434e-07,-0.30658854,,0.0024357996,0.0040588421,noisy,TestData/20251124_Testing/vib/Data/TestSetup_005.hdf5
005,14,15,1,1,1,cDAQ1Mod1/ai0,393B31,51815,g,83,991,0,0,0,-1,1651.6129,29.999766,1,7,18,30,9909,19819,1.61,0,1,0.00037567161,0.00043271282,1.1518379,1.4112916e-07,1.8724038e-07,1.2278277,-4.8581011,0.0033257011,0.0074648532,noisy,TestData/20251124_Testing/vib/Data/TestSetup_005.hdf5
005,14,15,2,2,2,cDAQ1Mod1/ai1,393B31,51819,g,0.3,886,0,0,0,-1,1651.6129,29.999766,1,7,18,30,9909,19819,1.61,0,1,0.00045163807,0.00058145624,1.2874385,2.0397695e-07,3.3809136e-07,2.1945299,-1.8210563,0.0044942126,0.0091836345,noisy,TestData/20251124_Testing/vib/Data/TestSetup_005.hdf5
005,14,15,3,3,3,cDAQ1Mod1/ai2,393B31,72538,g,84,905,0,0,0,-1,1651.6129,29.999766,1,7,18,30,9909,19819,1.61,0,1,0.00037543242,0.00047307263,1.260074,1.409495e-07,2.2379771e-07,2.0079209,-2.3078042,0.0045280862,0.0076703718,noisy,TestData/20251124_Testing/vib/Data/TestSetup_005.hdf5
005,14,15,4,4,4,cDAQ1Mod1/ai3,393B31,51835,g,0.3,739,0,0,0,-1,1651.6129,29.999766,1,7,18,30,9909,19819,1.61,0,1,0.00023312447,0.00032709957,1.4031113,5.4347018e-08,1.0699413e-07,2.9418423,-0.13801166,0.0017711237,0.0070799949,noisy,TestData/20251124_Testing/vib/Data/TestSetup_005.hdf5
005,14,15,5,5,5,cDAQ1Mod2/ai0,393B31,51836,g,83,553,0,0,0,-1,1651.6129,29.999766,1,7,18,30,9909,19819,1.61,0,1,0.00028319404,0.00047442379,1.6752605,8.0198864e-08,2.2507793e-07,4.481647,2.5683743,0.0022054506,0.01190523,weak,TestData/20251124_Testing/vib/Data/TestSetup_005.hdf5
005,14,15,6,6,6,cDAQ1Mod2/ai1,393B31,61292,g,30,372,0,0,0,-1,1651.6129,29.999766,1,7,18,30,9909,19819,1.61,0,1,0.00026385162,0.00040169194,1.5224161,6.9617677e-08,1.6135642e-07,3.6506672,1.1983325,0.0021028668,0.0063482096,weak,TestData/20251124_Testing/vib/Data/TestSetup_005.hdf5
005,14,15,7,7,7,cDAQ1Mod2/ai2,393B31,61321,g,84,234,0,0,0,-1,1651.6129,29.999766,1,7,18,30,9909,19819,1.61,0,1,0.00023582963,0.00024873175,1.0547095,5.5615612e-08,6.1867485e-08,0.46265737,-9.4918661,0.001910609,0.0040543572,noisy,TestData/20251124_Testing/vib/Data/TestSetup_005.hdf5
005,14,15,8x,8x,8,cDAQ1Mod2/ai3,393A03,67865,g,0,103,0,-1,0,0,1651.6129,29.999766,1,7,18,30,9909,19819,1.61,0,1,0.00013888194,0.00014277997,1.0280672,1.9288194e-08,2.0386119e-08,0.24042978,-12.447191,0.0011249251,0.0018266731,noisy,TestData/20251124_Testing/vib/Data/TestSetup_005.hdf5
005,14,15,8y,8y,9,cDAQ1Mod3/ai0,393A03,67866,g,0,103,0,0,-1,0,1651.6129,29.999766,1,7,18,30,9909,19819,1.61,0,1,0.00018930274,0.00019203742,1.0144461,3.5835527e-08,3.6878372e-08,0.12457943,-15.360941,0.001419299,0.0030505712,noisy,TestData/20251124_Testing/vib/Data/TestSetup_005.hdf5
005,14,15,8z,8z,10,cDAQ1Mod3/ai1,393A03,68542,g,0,103,0,0,0,-1,1651.6129,29.999766,1,7,18,30,9909,19819,1.61,0,1,0.00021973425,0.00023093619,1.0509795,4.8283139e-08,5.3331523e-08,0.43188486,-9.8064315,0.001614137,0.0019434039,noisy,TestData/20251124_Testing/vib/Data/TestSetup_005.hdf5
005,14,15,9x,9x,11,cDAQ1Mod3/ai2,393A03,68578,g,443,1105,0,-1,0,0,1651.6129,29.999766,1,7,18,30,9909,19819,1.61,0,1,0.00019232581,0.00017894106,0.93040586,3.6989218e-08,3.2019904e-08,-0.62655129,,0.0040526987,0.0014017276,noisy,TestData/20251124_Testing/vib/Data/TestSetup_005.hdf5
005,14,15,9y,9y,12,cDAQ1Mod3/ai3,393A03,68588,g,443,1105,0,0,-1,0,1651.6129,29.999766,1,7,18,30,9909,19819,1.61,0,1,0.00028343888,0.00028537089,1.0068163,8.0337598e-08,8.1436543e-08,0.059004844,-18.639431,0.0027226173,0.001921593,noisy,TestData/20251124_Testing/vib/Data/TestSetup_005.hdf5
005,14,15,9z,9z,13,cDAQ1Mod4/ai0,393A03,68595,g,443,1105,0,0,0,-1,1651.6129,29.999766,1,7,18,30,9909,19819,1.61,0,1,0.00049749068,0.00049684526,0.99870266,2.4749697e-07,2.4685522e-07,-0.011275882,,0.002536771,0.0026439935,noisy,TestData/20251124_Testing/vib/Data/TestSetup_005.hdf5
005,14,15,10,10,14,cDAQ1Mod4/ai1,393A03,61596,g,311,1010,0,0,0,-1,1651.6129,29.999766,1,7,18,30,9909,19819,1.61,0,1,0.0012423159,0.0012589033,1.013352,1.5433488e-06,1.5848374e-06,0.11520625,-15.705352,0.0058670174,0.0057204197,noisy,TestData/20251124_Testing/vib/Data/TestSetup_005.hdf5
005,14,15,11,11,15,cDAQ1Mod4/ai2,393B31,61603,g,311,973,0,0,0,-1,1651.6129,29.999766,1,7,18,30,9909,19819,1.61,0,1,0.00033027043,0.00035603362,1.0780063,1.0907856e-07,1.2675994e-07,0.65242631,-7.9022323,0.0038890813,0.0035587135,noisy,TestData/20251124_Testing/vib/Data/TestSetup_005.hdf5
005,14,15,12,12,16,cDAQ1Mod4/ai3,393B31,61605,g,141,905,0,0,0,-1,1651.6129,29.999766,1,7,18,30,9909,19819,1.61,0,1,0.00031740184,0.00032862307,1.0353534,1.0074393e-07,1.0799312e-07,0.3017723,-11.42929,0.0036165811,0.0030683655,noisy,TestData/20251124_Testing/vib/Data/TestSetup_005.hdf5
005,14,15,13,13,17,cDAQ1Mod5/ai0,393B31,72955,g,167,733,0,0,0,-1,1651.6129,29.999766,1,7,18,30,9909,19819,1.61,0,1,0.00039610888,0.00035208256,0.88885297,1.5690225e-07,1.2396213e-07,-1.0234014,,0.0072907292,0.0026407429,noisy,TestData/20251124_Testing/vib/Data/TestSetup_005.hdf5
005,14,15,14,14,18,cDAQ1Mod5/ai1,393B31,72956,g,264,469,0,0,0,-1,1651.6129,29.999766,1,7,18,30,9909,19819,1.61,0,1,0.00035086896,0.00035197887,1.0031633,1.2310903e-07,1.2388912e-07,0.027432772,-21.981423,0.0029027101,0.0028014469,noisy,TestData/20251124_Testing/vib/Data/TestSetup_005.hdf5
005,14,15,15,15,19,cDAQ1Mod5/ai2,393B31,61462,g,192,267,0,0,0,-1,1651.6129,29.999766,1,7,18,30,9909,19819,1.61,0,1,0.0003499361,0.00035865677,1.0249207,1.2245528e-07,1.2863468e-07,0.21380556,-12.970312,0.0022179987,0.0023364244,noisy,TestData/20251124_Testing/vib/Data/TestSetup_005.hdf5
005,14,15,16,16,20,cDAQ1Mod5/ai3,393B31,61593,g,408,181,0,0,0,-1,1651.6129,29.999766,1,7,18,30,9909,19819,1.61,0,1,0.00038904901,0.00039224128,1.0082053,1.5135913e-07,1.5385322e-07,0.07097965,-17.830966,0.0023304105,0.002208291,noisy,TestData/20251124_Testing/vib/Data/TestSetup_005.hdf5
005,15,16,1,1,1,cDAQ1Mod1/ai0,393B31,51815,g,83,991,0,0,0,-1,1651.6129,29.999766,1,7,17,30,9909,21471,1.65,0,1,0.0003977655,0.00039906261,1.003261,1.5821739e-07,1.5925097e-07,0.02827846,-21.849139,0.0028169771,0.0080864963,noisy,TestData/20251124_Testing/vib/Data/TestSetup_005.hdf5
005,15,16,2,2,2,cDAQ1Mod1/ai1,393B31,51819,g,0.3,886,0,0,0,-1,1651.6129,29.999766,1,7,17,30,9909,21471,1.65,0,1,0.00046878539,0.00059539715,1.2700847,2.1975974e-07,3.5449776e-07,2.0766536,-2.1245798,0.0030849342,0.011884563,noisy,TestData/20251124_Testing/vib/Data/TestSetup_005.hdf5
005,15,16,3,3,3,cDAQ1Mod1/ai2,393B31,72538,g,84,905,0,0,0,-1,1651.6129,29.999766,1,7,17,30,9909,21471,1.65,0,1,0.00038885963,0.00049544645,1.274101,1.5121181e-07,2.4546718e-07,2.1040773,-2.052796,0.0025107466,0.0096992531,noisy,TestData/20251124_Testing/vib/Data/TestSetup_005.hdf5
005,15,16,4,4,4,cDAQ1Mod1/ai3,393B31,51835,g,0.3,739,0,0,0,-1,1651.6129,29.999766,1,7,17,30,9909,21471,1.65,0,1,0.00024188216,0.00034294699,1.4178267,5.850698e-08,1.1761264e-07,3.032463,0.044213601,0.0016745022,0.006218401,weak,TestData/20251124_Testing/vib/Data/TestSetup_005.hdf5
005,15,16,5,5,5,cDAQ1Mod2/ai0,393B31,51836,g,83,553,0,0,0,-1,1651.6129,29.999766,1,7,17,30,9909,21471,1.65,0,1,0.00027895663,0.0004821162,1.7282838,7.7816799e-08,2.3243603e-07,4.752301,2.9819016,0.0020534435,0.010214834,weak,TestData/20251124_Testing/vib/Data/TestSetup_005.hdf5
005,15,16,6,6,6,cDAQ1Mod2/ai1,393B31,61292,g,30,372,0,0,0,-1,1651.6129,29.999766,1,7,17,30,9909,21471,1.65,0,1,0.00025176841,0.00048837096,1.9397626,6.3387334e-08,2.3850619e-07,5.7549717,4.4133043,0.0019305693,0.011165886,weak,TestData/20251124_Testing/vib/Data/TestSetup_005.hdf5
005,15,16,7,7,7,cDAQ1Mod2/ai2,393B31,61321,g,84,234,0,0,0,-1,1651.6129,29.999766,1,7,17,30,9909,21471,1.65,0,1,0.00021474173,0.0003361648,1.5654377,4.6114009e-08,1.1300677e-07,3.892716,1.6154627,0.0016528659,0.0083672756,weak,TestData/20251124_Testing/vib/Data/TestSetup_005.hdf5
005,15,16,8x,8x,8,cDAQ1Mod2/ai3,393A03,67865,g,0,103,0,-1,0,0,1651.6129,29.999766,1,7,17,30,9909,21471,1.65,0,1,0.00011675782,0.00012811292,1.0972534,1.3632389e-08,1.6412921e-08,0.80613892,-6.9044417,0.00092898658,0.0018974113,noisy,TestData/20251124_Testing/vib/Data/TestSetup_005.hdf5
005,15,16,8y,8y,9,cDAQ1Mod3/ai0,393A03,67866,g,0,103,0,0,-1,0,1651.6129,29.999766,1,7,17,30,9909,21471,1.65,0,1,0.00013848875,0.00016800724,1.2131472,1.9179134e-08,2.8226433e-08,1.6782702,-3.2631002,0.0013375818,0.0034401104,noisy,TestData/20251124_Testing/vib/Data/TestSetup_005.hdf5
005,15,16,8z,8z,10,cDAQ1Mod3/ai1,393A03,68542,g,0,103,0,0,0,-1,1651.6129,29.999766,1,7,17,30,9909,21471,1.65,0,1,0.00020560268,0.00033789149,1.6434197,4.2272462e-08,1.1417066e-07,4.3149697,2.3066046,0.0015157214,0.0074200485,weak,TestData/20251124_Testing/vib/Data/TestSetup_005.hdf5
005,15,16,9x,9x,11,cDAQ1Mod3/ai2,393A03,68578,g,443,1105,0,-1,0,0,1651.6129,29.999766,1,7,17,30,9909,21471,1.65,0,1,0.0001812596,0.00017980046,0.99195002,3.2855042e-08,3.2328207e-08,-0.070204165,,0.0012779906,0.0014192257,noisy,TestData/20251124_Testing/vib/Data/TestSetup_005.hdf5
005,15,16,9y,9y,12,cDAQ1Mod3/ai3,393A03,68588,g,443,1105,0,0,-1,0,1651.6129,29.999766,1,7,17,30,9909,21471,1.65,0,1,0.00028434237,0.00028216349,0.9923371,8.0850585e-08,7.9616233e-08,-0.066815389,,0.0018016866,0.0018647302,noisy,TestData/20251124_Testing/vib/Data/TestSetup_005.hdf5
005,15,16,9z,9z,13,cDAQ1Mod4/ai0,393A03,68595,g,443,1105,0,0,0,-1,1651.6129,29.999766,1,7,17,30,9909,21471,1.65,0,1,0.00049361016,0.00049520545,1.0032319,2.4365099e-07,2.4522844e-07,0.028026534,-21.888128,0.0025559843,0.0029055418,noisy,TestData/20251124_Testing/vib/Data/TestSetup_005.hdf5
005,15,16,10,10,14,cDAQ1Mod4/ai1,393A03,61596,g,311,1010,0,0,0,-1,1651.6129,29.999766,1,7,17,30,9909,21471,1.65,0,1,0.0012567179,0.0012616333,1.0039113,1.5793399e-06,1.5917185e-06,0.03390652,-21.058047,0.0056811875,0.0059743197,noisy,TestData/20251124_Testing/vib/Data/TestSetup_005.hdf5
005,15,16,11,11,15,cDAQ1Mod4/ai2,393B31,61603,g,311,973,0,0,0,-1,1651.6129,29.999766,1,7,17,30,9909,21471,1.65,0,1,0.00035449179,0.00041871818,1.1811788,1.2566443e-07,1.7532491e-07,1.4463126,-4.0320145,0.0030946225,0.0030345556,noisy,TestData/20251124_Testing/vib/Data/TestSetup_005.hdf5
005,15,16,12,12,16,cDAQ1Mod4/ai3,393B31,61605,g,141,905,0,0,0,-1,1651.6129,29.999766,1,7,17,30,9909,21471,1.65,0,1,0.00037388555,0.000344965,0.92264865,1.3979041e-07,1.1900085e-07,-0.69927298,,0.0033580993,0.0030218375,noisy,TestData/20251124_Testing/vib/Data/TestSetup_005.hdf5
005,15,16,13,13,17,cDAQ1Mod5/ai0,393B31,72955,g,167,733,0,0,0,-1,1651.6129,29.999766,1,7,17,30,9909,21471,1.65,0,1,0.00032972408,0.00035103509,1.0646329,1.0871797e-07,1.2322563e-07,0.5439973,-8.7470382,0.0022062867,0.0031196868,noisy,TestData/20251124_Testing/vib/Data/TestSetup_005.hdf5
005,15,16,14,14,18,cDAQ1Mod5/ai1,393B31,72956,g,264,469,0,0,0,-1,1651.6129,29.999766,1,7,17,30,9909,21471,1.65,0,1,0.00034173276,0.0003711321,1.0860302,1.1678128e-07,1.3773904e-07,0.716838,-7.460285,0.0023338547,0.0031864113,noisy,TestData/20251124_Testing/vib/Data/TestSetup_005.hdf5
005,15,16,15,15,19,cDAQ1Mod5/ai2,393B31,61462,g,192,267,0,0,0,-1,1651.6129,29.999766,1,7,17,30,9909,21471,1.65,0,1,0.0003021192,0.00035400899,1.1717527,9.1276014e-08,1.2532236e-07,1.3767191,-4.2828611,0.0020504424,0.002611419,noisy,TestData/20251124_Testing/vib/Data/TestSetup_005.hdf5
005,15,16,16,16,20,cDAQ1Mod5/ai3,393B31,61593,g,408,181,0,0,0,-1,1651.6129,29.999766,1,7,17,30,9909,21471,1.65,0,1,0.0003680362,0.00039540598,1.0743671,1.3545064e-07,1.5634589e-07,0.62305387,-8.1173364,0.0020461832,0.0025738257,noisy,TestData/20251124_Testing/vib/Data/TestSetup_005.hdf5
005,16,17,1,1,1,cDAQ1Mod1/ai0,393B31,51815,g,83,991,0,0,0,-1,1651.6129,29.999766,1,7,18,30,9909,19819,1.65,0,1,0.00034566171,0.00044542839,1.2886252,1.1948202e-07,1.9840645e-07,2.2025325,-1.8009104,0.0026647683,0.0082788611,noisy,TestData/20251124_Testing/vib/Data/TestSetup_005.hdf5
005,16,17,2,2,2,cDAQ1Mod1/ai1,393B31,51819,g,0.3,886,0,0,0,-1,1651.6129,29.999766,1,7,18,30,9909,19819,1.65,0,1,0.00038649108,0.00058828247,1.5221114,1.4937536e-07,3.4607626e-07,3.6489285,1.195274,0.0025044618,0.011095742,weak,TestData/20251124_Testing/vib/Data/TestSetup_005.hdf5
005,16,17,3,3,3,cDAQ1Mod1/ai2,393B31,72538,g,84,905,0,0,0,-1,1651.6129,29.999766,1,7,18,30,9909,19819,1.65,0,1,0.0003619638,0.00049518595,1.3680538,1.310178e-07,2.4520913e-07,2.7220634,-0.59697161,0.0024574584,0.011546046,noisy,TestData/20251124_Testing/vib/Data/TestSetup_005.hdf5
005,16,17,4,4,4,cDAQ1Mod1/ai3,393B31,51835,g,0.3,739,0,0,0,-1,1651.6129,29.999766,1,7,18,30,9909,19819,1.65,0,1,0.00021097342,0.00033109379,1.5693626,4.4509783e-08,1.096231e-07,3.9144659,1.6521432,0.0015046958,0.0071119313,weak,TestData/20251124_Testing/vib/Data/TestSetup_005.hdf5
005,16,17,5,5,5,cDAQ1Mod2/ai0,393B31,51836,g,83,553,0,0,0,-1,1651.6129,29.999766,1,7,18,30,9909,19819,1.65,0,1,0.0002688387,0.00047735723,1.7756269,7.2274247e-08,2.2786992e-07,4.9870343,3.3301395,0.0019774087,0.013002654,weak,TestData/20251124_Testing/vib/Data/TestSetup_005.hdf5
005,16,17,6,6,6,cDAQ1Mod2/ai1,393B31,61292,g,30,372,0,0,0,-1,1651.6129,29.999766,1,7,18,30,9909,19819,1.65,0,1,0.00024731172,0.00042023832,1.6992253,6.1163085e-08,1.7660024e-07,4.6050192,2.7585625,0.0018814735,0.0082954727,weak,TestData/20251124_Testing/vib/Data/TestSetup_005.hdf5
005,16,17,7,7,7,cDAQ1Mod2/ai2,393B31,61321,g,84,234,0,0,0,-1,1651.6129,29.999766,1,7,18,30,9909,19819,1.65,0,1,0.0002283994,0.00024845622,1.0878147,5.2166287e-08,6.1730491e-08,0.73109809,-7.3674107,0.0016626193,0.0056322787,noisy,TestData/20251124_Testing/vib/Data/TestSetup_005.hdf5
005,16,17,8x,8x,8,cDAQ1Mod2/ai3,393A03,67865,g,0,103,0,-1,0,0,1651.6129,29.999766,1,7,18,30,9909,19819,1.65,0,1,0.0001294629,0.00011591558,0.89535751,1.6760643e-08,1.3436422e-08,-0.96007035,,0.001076097,0.0012651495,noisy,TestData/20251124_Testing/vib/Data/TestSetup_005.hdf5
005,16,17,8y,8y,9,cDAQ1Mod3/ai0,393A03,67866,g,0,103,0,0,-1,0,1651.6129,29.999766,1,7,18,30,9909,19819,1.65,0,1,0.00014554328,0.00013490999,0.92694074,2.1182845e-08,1.8200706e-08,-0.65896062,,0.0012632375,0.0017934778,noisy,TestData/20251124_Testing/vib/Data/TestSetup_005.hdf5
005,16,17,8z,8z,10,cDAQ1Mod3/ai1,393A03,68542,g,0,103,0,0,0,-1,1651.6129,29.999766,1,7,18,30,9909,19819,1.65,0,1,0.00021443505,0.00021657691,1.0099884,4.598239e-08,4.6905559e-08,0.086327707,-16.973106,0.0015789017,0.0022131355,noisy,TestData/20251124_Testing/vib/Data/TestSetup_005.hdf5
005,16,17,9x,9x,11,cDAQ1Mod3/ai2,393A03,68578,g,443,1105,0,-1,0,0,1651.6129,29.999766,1,7,18,30,9909,19819,1.65,0,1,0.00018055373,0.00017364672,0.9617454,3.2599649e-08,3.0153183e-08,-0.33879765,,0.0013779801,0.0013342347,noisy,TestData/20251124_Testing/vib/Data/TestSetup_005.hdf5
005,16,17,9y,9y,12,cDAQ1Mod3/ai3,393A03,68588,g,443,1105,0,0,-1,0,1651.6129,29.999766,1,7,18,30,9909,19819,1.65,0,1,0.00028259061,0.00028245922,0.99953506,7.9857452e-08,7.9783212e-08,-0.0040393235,,0.001838153,0.0017856167,noisy,TestData/20251124_Testing/vib/Data/TestSetup_005.hdf5
005,16,17,9z,9z,13,cDAQ1Mod4/ai0,393A03,68595,g,443,1105,0,0,0,-1,1651.6129,29.999766,1,7,18,30,9909,19819,1.65,0,1,0.00049370054,0.000487585,0.98761286,2.4374022e-07,2.3773913e-07,-0.10826523,,0.0024766521,0.0026210615,noisy,TestData/20251124_Testing/vib/Data/TestSetup_005.hdf5
005,16,17,10,10,14,cDAQ1Mod4/ai1,393A03,61596,g,311,1010,0,0,0,-1,1651.6129,29.999766,1,7,18,30,9909,19819,1.65,0,1,0.0012551128,0.0012585357,1.0027272,1.5753081e-06,1.5839122e-06,0.023656107,-22.626577,0.005416196,0.0056519059,noisy,TestData/20251124_Testing/vib/Data/TestSetup_005.hdf5
005,16,17,11,11,15,cDAQ1Mod4/ai2,393B31,61603,g,311,973,0,0,0,-1,1651.6129,29.999766,1,7,18,30,9909,19819,1.65,0,1,0.0003395449,0.00033896143,0.99828163,1.1529074e-07,1.1489485e-07,-0.014938408,,0.0023929323,0.003042002,noisy,TestData/20251124_Testing/vib/Data/TestSetup_005.hdf5
005,16,17,12,12,16,cDAQ1Mod4/ai3,393B31,61605,g,141,905,0,0,0,-1,1651.6129,29.999766,1,7,18,30,9909,19819,1.65,0,1,0.0003027549,0.00032982255,1.0894045,9.1660531e-08,1.0878291e-07,0.74378311,-7.2861821,0.0019336807,0.0033562535,noisy,TestData/20251124_Testing/vib/Data/TestSetup_005.hdf5
005,16,17,13,13,17,cDAQ1Mod5/ai0,393B31,72955,g,167,733,0,0,0,-1,1651.6129,29.999766,1,7,18,30,9909,19819,1.65,0,1,0.00032969721,0.00034102927,1.0343711,1.0870025e-07,1.1630097e-07,0.29352775,-11.553761,0.0024735244,0.0026928427,noisy,TestData/20251124_Testing/vib/Data/TestSetup_005.hdf5
005,16,17,14,14,18,cDAQ1Mod5/ai1,393B31,72956,g,264,469,0,0,0,-1,1651.6129,29.999766,1,7,18,30,9909,19819,1.65,0,1,0.00033377097,0.00033214598,0.99513143,1.1140306e-07,1.1032095e-07,-0.04239113,,0.0024994893,0.002362029,noisy,TestData/20251124_Testing/vib/Data/TestSetup_005.hdf5
005,16,17,15,15,19,cDAQ1Mod5/ai2,393B31,61462,g,192,267,0,0,0,-1,1651.6129,29.999766,1,7,18,30,9909,19819,1.65,0,1,0.00031692214,0.00031185164,0.98400079,1.0043964e-07,9.7251444e-08,-0.14009107,,0.0021475801,0.0022135039,noisy,TestData/20251124_Testing/vib/Data/TestSetup_005.hdf5
005,16,17,16,16,20,cDAQ1Mod5/ai3,393B31,61593,g,408,181,0,0,0,-1,1651.6129,29.999766,1,7,18,30,9909,19819,1.65,0,1,0.00037124263,0.00037143769,1.0005254,1.3782109e-07,1.3796595e-07,0.0045624729,-29.783559,0.0020107578,0.0021846529,noisy,TestData/20251124_Testing/vib/Data/TestSetup_005.hdf5
005,17,18,1,1,1,cDAQ1Mod1/ai0,393B31,51815,g,83,991,0,0,0,-1,1651.6129,29.999766,1,7,18,30,9909,19819,1.675,0,1,0.00049857887,0.000363235,0.7285407,2.4858089e-07,1.3193966e-07,-2.7509236,,0.0074233979,0.0053721055,noisy,TestData/20251124_Testing/vib/Data/TestSetup_005.hdf5
005,17,18,2,2,2,cDAQ1Mod1/ai1,393B31,51819,g,0.3,886,0,0,0,-1,1651.6129,29.999766,1,7,18,30,9909,19819,1.675,0,1,0.0004875811,0.0005900465,1.2101505,2.3773533e-07,3.4815488e-07,1.6567875,-3.3304778,0.0037289674,0.012695388,noisy,TestData/20251124_Testing/vib/Data/TestSetup_005.hdf5
005,17,18,3,3,3,cDAQ1Mod1/ai2,393B31,72538,g,84,905,0,0,0,-1,1651.6129,29.999766,1,7,18,30,9909,19819,1.675,0,1,0.00042822548,0.00048085483,1.122901,1.8337706e-07,2.3122136e-07,1.0068295,-5.8351479,0.003510269,0.010227838,noisy,TestData/20251124_Testing/vib/Data/TestSetup_005.hdf5
005,17,18,4,4,4,cDAQ1Mod1/ai3,393B31,51835,g,0.3,739,0,0,0,-1,1651.6129,29.999766,1,7,18,30,9909,19819,1.675,0,1,0.00029067583,0.00033809389,1.1631304,8.4492439e-08,1.1430748e-07,1.3125681,-4.5238243,0.002732589,0.0083240126,noisy,TestData/20251124_Testing/vib/Data/TestSetup_005.hdf5
005,17,18,5,5,5,cDAQ1Mod2/ai0,393B31,51836,g,83,553,0,0,0,-1,1651.6129,29.999766,1,7,18,30,9909,19819,1.675,0,1,0.00030834796,0.00053019047,1.7194551,9.5078464e-08,2.8110193e-07,4.7078167,2.9148558,0.0024504936,0.013650331,weak,TestData/20251124_Testing/vib/Data/TestSetup_005.hdf5
005,17,18,6,6,6,cDAQ1Mod2/ai1,393B31,61292,g,30,372,0,0,0,-1,1651.6129,29.999766,1,7,18,30,9909,19819,1.675,0,1,0.00025038643,0.00045941787,1.8348353,6.2693367e-08,2.1106478e-07,5.2719417,3.7412863,0.00207644,0.009221764,weak,TestData/20251124_Testing/vib/Data/TestSetup_005.hdf5
005,17,18,7,7,7,cDAQ1Mod2/ai2,393B31,61321,g,84,234,0,0,0,-1,1651.6129,29.999766,1,7,18,30,9909,19819,1.675,0,1,0.00023411749,0.00032351639,1.3818549,5.4810998e-08,1.0466285e-07,2.8092486,-0.41186381,0.0019073998,0.0073953902,noisy,TestData/20251124_Testing/vib/Data/TestSetup_005.hdf5
005,17,18,8x,8x,8,cDAQ1Mod2/ai3,393A03,67865,g,0,103,0,-1,0,0,1651.6129,29.999766,1,7,18,30,9909,19819,1.675,0,1,0.00011560277,0.00012636956,1.0931361,1.3364001e-08,1.5969267e-08,0.77348459,-7.1008458,0.0010441709,0.0030060603,noisy,TestData/20251124_Testing/vib/Data/TestSetup_005.hdf5
005,17,18,8y,8y,9,cDAQ1Mod3/ai0,393A03,67866,g,0,103,0,0,-1,0,1651.6129,29.999766,1,7,18,30,9909,19819,1.675,0,1,0.00013361731,0.00016964494,1.2696329,1.7853587e-08,2.8779405e-08,2.0735633,-2.1327151,0.0010254589,0.0048286886,noisy,TestData/20251124_Testing/vib/Data/TestSetup_005.hdf5
005,17,18,8z,8z,10,cDAQ1Mod3/ai1,393A03,68542,g,0,103,0,0,0,-1,1651.6129,29.999766,1,7,18,30,9909,19819,1.675,0,1,0.0002206293,0.00030782569,1.3952168,4.8677287e-08,9.4756658e-08,2.8928337,-0.2381982,0.0015412365,0.007420656,noisy,TestData/20251124_Testing/vib/Data/TestSetup_005.hdf5
005,17,18,9x,9x,11,cDAQ1Mod3/ai2,393A03,68578,g,443,1105,0,-1,0,0,1651.6129,29.999766,1,7,18,30,9909,19819,1.675,0,1,0.0001917024,0.00017818943,0.9295107,3.674981e-08,3.1751474e-08,-0.63491209,,0.0022522631,0.0013198612,noisy,TestData/20251124_Testing/vib/Data/TestSetup_005.hdf5
005,17,18,9y,9y,12,cDAQ1Mod3/ai3,393A03,68588,g,443,1105,0,0,-1,0,1651.6129,29.999766,1,7,18,30,9909,19819,1.675,0,1,0.00028612079,0.00028093308,0.98186881,8.1865108e-08,7.8923397e-08,-0.15893067,,0.0022361928,0.0018146662,noisy,TestData/20251124_Testing/vib/Data/TestSetup_005.hdf5
005,17,18,9z,9z,13,cDAQ1Mod4/ai0,393A03,68595,g,443,1105,0,0,0,-1,1651.6129,29.999766,1,7,18,30,9909,19819,1.675,0,1,0.00049796883,0.00047813073,0.96016195,2.4797296e-07,2.2860899e-07,-0.35311021,,0.0030902371,0.0026377956,noisy,TestData/20251124_Testing/vib/Data/TestSetup_005.hdf5
005,17,18,10,10,14,cDAQ1Mod4/ai1,393A03,61596,g,311,1010,0,0,0,-1,1651.6129,29.999766,1,7,18,30,9909,19819,1.675,0,1,0.0012349157,0.0012072527,0.97759928,1.5250169e-06,1.4574592e-06,-0.19678252,,0.0062402619,0.0060108265,noisy,TestData/20251124_Testing/vib/Data/TestSetup_005.hdf5
005,17,18,11,11,15,cDAQ1Mod4/ai2,393B31,61603,g,311,973,0,0,0,-1,1651.6129,29.999766,1,7,18,30,9909,19819,1.675,0,1,0.00041935427,0.00038857552,0.9266044,1.7585801e-07,1.5099093e-07,-0.66211282,,0.0046262655,0.0031366321,noisy,TestData/20251124_Testing/vib/Data/TestSetup_005.hdf5
005,17,18,12,12,16,cDAQ1Mod4/ai3,393B31,61605,g,141,905,0,0,0,-1,1651.6129,29.999766,1,7,18,30,9909,19819,1.675,0,1,0.00039094066,0.00033237863,0.85020225,1.528346e-07,1.1047555e-07,-1.409555,,0.0053441638,0.0023437763,noisy,TestData/20251124_Testing/vib/Data/TestSetup_005.hdf5
005,17,18,13,13,17,cDAQ1Mod5/ai0,393B31,72955,g,167,733,0,0,0,-1,1651.6129,29.999766,1,7,18,30,9909,19819,1.675,0,1,0.00035706759,0.00034800851,0.97462924,1.2749726e-07,1.2110992e-07,-0.22321125,,0.0028749113,0.0027995382,noisy,TestData/20251124_Testing/vib/Data/TestSetup_005.hdf5
005,17,18,14,14,18,cDAQ1Mod5/ai1,393B31,72956,g,264,469,0,0,0,-1,1651.6129,29.999766,1,7,18,30,9909,19819,1.675,0,1,0.00035933385,0.00035644931,0.99197254,1.2912082e-07,1.2705611e-07,-0.070007025,,0.0027744729,0.0028411183,noisy,TestData/20251124_Testing/vib/Data/TestSetup_005.hdf5
005,17,18,15,15,19,cDAQ1Mod5/ai2,393B31,61462,g,192,267,0,0,0,-1,1651.6129,29.999766,1,7,18,30,9909,19819,1.675,0,1,0.00032917809,0.00034125105,1.0366761,1.0835821e-07,1.1645228e-07,0.31286149,-11.266952,0.0019955683,0.0022509606,noisy,TestData/20251124_Testing/vib/Data/TestSetup_005.hdf5
005,17,18,16,16,20,cDAQ1Mod5/ai3,393B31,61593,g,408,181,0,0,0,-1,1651.6129,29.999766,1,7,18,30,9909,19819,1.675,0,1,0.00039374654,0.00038766784,0.98456191,1.5503634e-07,1.5028636e-07,-0.13513941,,0.0022724243,0.0023526544,noisy,TestData/20251124_Testing/vib/Data/TestSetup_005.hdf5
006,0,1,1,1,1,cDAQ1Mod1/ai0,393B31,51815,g,83,991,0,0,0,-1,1651.6129,29.999766,1,7,18,30,9909,19819,1.235,1,0,0.00035672078,0.00038726004,1.0856111,1.2724972e-07,1.4997034e-07,0.71348545,-7.4823663,0.0043669704,0.0067567728,noisy,TestData/20251124_Testing/vib/Data/TestSetup_006.hdf5
006,0,1,2,2,2,cDAQ1Mod1/ai1,393B31,51819,g,0.3,886,0,0,0,-1,1651.6129,29.999766,1,7,18,30,9909,19819,1.235,1,0,0.00042041281,0.00048637256,1.1568928,1.7674693e-07,2.3655826e-07,1.2658623,-4.7056844,0.0039459294,0.007143211,noisy,TestData/20251124_Testing/vib/Data/TestSetup_006.hdf5
006,0,1,3,3,3,cDAQ1Mod1/ai2,393B31,72538,g,84,905,0,0,0,-1,1651.6129,29.999766,1,7,18,30,9909,19819,1.235,1,0,0.00037534738,0.00042607582,1.1351506,1.4088566e-07,1.8154061e-07,1.1010699,-5.3975339,0.0033108066,0.0052342778,noisy,TestData/20251124_Testing/vib/Data/TestSetup_006.hdf5
006,0,1,4,4,4,cDAQ1Mod1/ai3,393B31,51835,g,0.3,739,0,0,0,-1,1651.6129,29.999766,1,7,18,30,9909,19819,1.235,1,0,0.00021467824,0.0002814466,1.311016,4.6086747e-08,7.921219e-08,2.3521597,-1.4341435,0.0017419997,0.0078819035,noisy,TestData/20251124_Testing/vib/Data/TestSetup_006.hdf5
006,0,1,5,5,5,cDAQ1Mod2/ai0,393B31,51836,g,83,553,0,0,0,-1,1651.6129,29.999766,1,7,18,30,9909,19819,1.235,1,0,0.00029158754,0.0004262267,1.4617452,8.5023295e-08,1.816692e-07,3.2974337,0.55645524,0.0030721352,0.010266026,weak,TestData/20251124_Testing/vib/Data/TestSetup_006.hdf5
006,0,1,6,6,6,cDAQ1Mod2/ai1,393B31,61292,g,30,372,0,0,0,-1,1651.6129,29.999766,1,7,18,30,9909,19819,1.235,1,0,0.00024027552,0.00024887849,1.0358046,5.7732324e-08,6.19405e-08,0.30555672,-11.373251,0.0020470564,0.0038037882,noisy,TestData/20251124_Testing/vib/Data/TestSetup_006.hdf5
006,0,1,7,7,7,cDAQ1Mod2/ai2,393B31,61321,g,84,234,0,0,0,-1,1651.6129,29.999766,1,7,18,30,9909,19819,1.235,1,0,0.00024085221,0.00024225714,1.0058332,5.8009787e-08,5.868852e-08,0.050518934,-19.318017,0.0018948776,0.0018256595,noisy,TestData/20251124_Testing/vib/Data/TestSetup_006.hdf5
006,0,1,8x,8x,8,cDAQ1Mod2/ai3,393A03,67865,g,0,103,0,-1,0,0,1651.6129,29.999766,1,7,18,30,9909,19819,1.235,1,0,0.00013176853,0.00015062268,1.1430854,1.7362947e-08,2.2687193e-08,1.1615734,-5.1336527,0.0011668672,0.0012357274,noisy,TestData/20251124_Testing/vib/Data/TestSetup_006.hdf5
006,0,1,8y,8y,9,cDAQ1Mod3/ai0,393A03,67866,g,0,103,0,0,-1,0,1651.6129,29.999766,1,7,18,30,9909,19819,1.235,1,0,0.00017467879,0.00020646433,1.1819657,3.0512681e-08,4.2627521e-08,1.4520972,-4.0116266,0.0014881135,0.0018057661,noisy,TestData/20251124_Testing/vib/Data/TestSetup_006.hdf5
006,0,1,8z,8z,10,cDAQ1Mod3/ai1,393A03,68542,g,0,103,0,0,0,-1,1651.6129,29.999766,1,7,18,30,9909,19819,1.235,1,0,0.00021396312,0.00020880124,0.97587489,4.5780217e-08,4.3597957e-08,-0.2121171,,0.0016833924,0.0016451196,noisy,TestData/20251124_Testing/vib/Data/TestSetup_006.hdf5
006,0,1,9x,9x,11,cDAQ1Mod3/ai2,393A03,68578,g,443,1105,0,-1,0,0,1651.6129,29.999766,1,7,18,30,9909,19819,1.235,1,0,0.00020350566,0.00017600663,0.86487338,4.1414553e-08,3.0978332e-08,-1.2609494,,0.0047132542,0.0026603452,noisy,TestData/20251124_Testing/vib/Data/TestSetup_006.hdf5
006,0,1,9y,9y,12,cDAQ1Mod3/ai3,393A03,68588,g,443,1105,0,0,-1,0,1651.6129,29.999766,1,7,18,30,9909,19819,1.235,1,0,0.00029888951,0.0002820691,0.94372362,8.9334942e-08,7.9562975e-08,-0.50310347,,0.0050218538,0.002387003,noisy,TestData/20251124_Testing/vib/Data/TestSetup_006.hdf5
006,0,1,9z,9z,13,cDAQ1Mod4/ai0,393A03,68595,g,443,1105,0,0,0,-1,1651.6129,29.999766,1,7,18,30,9909,19819,1.235,1,0,0.00046511693,0.00046113656,0.99144222,2.1633376e-07,2.1264693e-07,-0.074651795,,0.0034311176,0.0027976996,noisy,TestData/20251124_Testing/vib/Data/TestSetup_006.hdf5
006,0,1,10,10,14,cDAQ1Mod4/ai1,393A03,61596,g,311,1010,0,0,0,-1,1651.6129,29.999766,1,7,18,30,9909,19819,1.235,1,0,0.0011552304,0.0011467973,0.99270011,1.3345572e-06,1.3151441e-06,-0.063638643,,0.0069032794,0.0055746458,noisy,TestData/20251124_Testing/vib/Data/TestSetup_006.hdf5
006,0,1,11,11,15,cDAQ1Mod4/ai2,393B31,61603,g,311,973,0,0,0,-1,1651.6129,29.999766,1,7,18,30,9909,19819,1.235,1,0,0.00047175978,0.00035098623,0.74399355,2.2255729e-07,1.2319134e-07,-2.5686166,,0.011932705,0.0052124138,noisy,TestData/20251124_Testing/vib/Data/TestSetup_006.hdf5
006,0,1,12,12,16,cDAQ1Mod4/ai3,393B31,61605,g,141,905,0,0,0,-1,1651.6129,29.999766,1,7,18,30,9909,19819,1.235,1,0,0.00035872751,0.0003161928,0.88142892,1.2868542e-07,9.9977886e-08,-1.0962541,,0.0079333736,0.0051717365,noisy,TestData/20251124_Testing/vib/Data/TestSetup_006.hdf5
006,0,1,13,13,17,cDAQ1Mod5/ai0,393B31,72955,g,167,733,0,0,0,-1,1651.6129,29.999766,1,7,18,30,9909,19819,1.235,1,0,0.00035569531,0.00032138437,0.90353839,1.2651915e-07,1.0328791e-07,-0.88106776,,0.0049887286,0.0027534907,noisy,TestData/20251124_Testing/vib/Data/TestSetup_006.hdf5
006,0,1,14,14,18,cDAQ1Mod5/ai1,393B31,72956,g,264,469,0,0,0,-1,1651.6129,29.999766,1,7,18,30,9909,19819,1.235,1,0,0.00034294758,0.00032259905,0.94066578,1.1761304e-07,1.0407015e-07,-0.5312931,,0.0027469303,0.0029845166,noisy,TestData/20251124_Testing/vib/Data/TestSetup_006.hdf5
006,0,1,15,15,19,cDAQ1Mod5/ai2,393B31,61462,g,192,267,0,0,0,-1,1651.6129,29.999766,1,7,18,30,9909,19819,1.235,1,0,0.0003666557,0.00033296914,0.9081248,1.344364e-07,1.1086845e-07,-0.83708928,,0.0024454858,0.0020782228,noisy,TestData/20251124_Testing/vib/Data/TestSetup_006.hdf5
006,0,1,16,16,20,cDAQ1Mod5/ai3,393B31,61593,g,408,181,0,0,0,-1,1651.6129,29.999766,1,7,18,30,9909,19819,1.235,1,0,0.00038395463,0.00037650575,0.98059958,1.4742116e-07,1.4175658e-07,-0.1701659,,0.0023564568,0.0021777453,noisy,TestData/20251124_Testing/vib/Data/TestSetup_006.hdf5
006,1,2,1,1,1,cDAQ1Mod1/ai0,393B31,51815,g,83,991,0,0,0,-1,1651.6129,29.999766,1,7,17,30,9909,21471,1.24,0,1,0.00038906882,0.00036460555,0.93712355,1.5137455e-07,1.3293721e-07,-0.564063,,0.0027766974,0.0028235357,noisy,TestData/20251124_Testing/vib/Data/TestSetup_006.hdf5
006,1,2,2,2,2,cDAQ1Mod1/ai1,393B31,51819,g,0.3,886,0,0,0,-1,1651.6129,29.999766,1,7,17,30,9909,21471,1.24,0,1,0.00047058896,0.00045835706,0.97400725,2.2145396e-07,2.1009119e-07,-0.22875617,,0.0028730017,0.0030827966,noisy,TestData/20251124_Testing/vib/Data/TestSetup_006.hdf5
006,1,2,3,3,3,cDAQ1Mod1/ai2,393B31,72538,g,84,905,0,0,0,-1,1651.6129,29.999766,1,7,17,30,9909,21471,1.24,0,1,0.00039984479,0.00039151476,0.97916684,1.5987586e-07,1.5328381e-07,-0.18286605,,0.0027200932,0.0032437666,noisy,TestData/20251124_Testing/vib/Data/TestSetup_006.hdf5
006,1,2,4,4,4,cDAQ1Mod1/ai3,393B31,51835,g,0.3,739,0,0,0,-1,1651.6129,29.999766,1,7,17,30,9909,21471,1.24,0,1,0.00023269913,0.00026869597,1.1546926,5.4148885e-08,7.2197525e-08,1.2493279,-4.7714503,0.0016290663,0.0054143674,noisy,TestData/20251124_Testing/vib/Data/TestSetup_006.hdf5
006,1,2,5,5,5,cDAQ1Mod2/ai0,393B31,51836,g,83,553,0,0,0,-1,1651.6129,29.999766,1,7,17,30,9909,21471,1.24,0,1,0.00029856458,0.00039867764,1.3353146,8.9140806e-08,1.5894386e-07,2.511672,-1.0620212,0.0046028076,0.010542499,noisy,TestData/20251124_Testing/vib/Data/TestSetup_006.hdf5
006,1,2,6,6,6,cDAQ1Mod2/ai1,393B31,61292,g,30,372,0,0,0,-1,1651.6129,29.999766,1,7,17,30,9909,21471,1.24,0,1,0.00025716915,0.00032766286,1.2741142,6.613597e-08,1.0736295e-07,2.104167,-2.0525622,0.0022366637,0.0077852332,noisy,TestData/20251124_Testing/vib/Data/TestSetup_006.hdf5
006,1,2,7,7,7,cDAQ1Mod2/ai2,393B31,61321,g,84,234,0,0,0,-1,1651.6129,29.999766,1,7,17,30,9909,21471,1.24,0,1,0.00029162882,0.00038404802,1.3169069,8.5047368e-08,1.4749288e-07,2.3911017,-1.3415966,0.0020925268,0.006584783,noisy,TestData/20251124_Testing/vib/Data/TestSetup_006.hdf5
006,1,2,8x,8x,8,cDAQ1Mod2/ai3,393A03,67865,g,0,103,0,-1,0,0,1651.6129,29.999766,1,7,17,30,9909,21471,1.24,0,1,0.00024229107,0.0004115098,1.6984109,5.8704964e-08,1.6934031e-07,4.6008554,2.7521909,0.0022485982,0.003617664,weak,TestData/20251124_Testing/vib/Data/TestSetup_006.hdf5
006,1,2,8y,8y,9,cDAQ1Mod3/ai0,393A03,67866,g,0,103,0,0,-1,0,1651.6129,29.999766,1,7,17,30,9909,21471,1.24,0,1,0.00029997447,0.00051131025,1.7045126,8.998468e-08,2.6143818e-07,4.6320043,2.7997777,0.0023986767,0.0065373772,weak,TestData/20251124_Testing/vib/Data/TestSetup_006.hdf5
006,1,2,8z,8z,10,cDAQ1Mod3/ai1,393A03,68542,g,0,103,0,0,0,-1,1651.6129,29.999766,1,7,17,30,9909,21471,1.24,0,1,0.0002486294,0.00032044902,1.2888622,6.1816578e-08,1.0268758e-07,2.2041294,-1.7968972,0.0018328382,0.0074261235,noisy,TestData/20251124_Testing/vib/Data/TestSetup_006.hdf5
006,1,2,9x,9x,11,cDAQ1Mod3/ai2,393A03,68578,g,443,1105,0,-1,0,0,1651.6129,29.999766,1,7,17,30,9909,21471,1.24,0,1,0.00017180547,0.00017151569,0.99831328,2.9517121e-08,2.941763e-08,-0.014663042,,0.0012098727,0.0013636066,noisy,TestData/20251124_Testing/vib/Data/TestSetup_006.hdf5
006,1,2,9y,9y,12,cDAQ1Mod3/ai3,393A03,68588,g,443,1105,0,0,-1,0,1651.6129,29.999766,1,7,17,30,9909,21471,1.24,0,1,0.00027808315,0.00027830784,1.000808,7.7330239e-08,7.7455253e-08,0.0070152361,-27.913912,0.0017472961,0.0017726371,noisy,TestData/20251124_Testing/vib/Data/TestSetup_006.hdf5
006,1,2,9z,9z,13,cDAQ1Mod4/ai0,393A03,68595,g,443,1105,0,0,0,-1,1651.6129,29.999766,1,7,17,30,9909,21471,1.24,0,1,0.00046975289,0.00045903763,0.97718957,2.2066778e-07,2.1071555e-07,-0.20042351,,0.0027258048,0.0025045423,noisy,TestData/20251124_Testing/vib/Data/TestSetup_006.hdf5
006,1,2,10,10,14,cDAQ1Mod4/ai1,393A03,61596,g,311,1010,0,0,0,-1,1651.6129,29.999766,1,7,17,30,9909,21471,1.24,0,1,0.0011346263,0.001129369,0.99536653,1.2873768e-06,1.2754744e-06,-0.040339314,,0.0053746821,0.0051196412,noisy,TestData/20251124_Testing/vib/Data/TestSetup_006.hdf5
006,1,2,11,11,15,cDAQ1Mod4/ai2,393B31,61603,g,311,973,0,0,0,-1,1651.6129,29.999766,1,7,17,30,9909,21471,1.24,0,1,0.0003520374,0.00030337441,0.86176755,1.2393033e-07,9.2036033e-08,-1.2921973,,0.002661806,0.0023230612,noisy,TestData/20251124_Testing/vib/Data/TestSetup_006.hdf5
006,1,2,12,12,16,cDAQ1Mod4/ai3,393B31,61605,g,141,905,0,0,0,-1,1651.6129,29.999766,1,7,17,30,9909,21471,1.24,0,1,0.00033601581,0.00030299386,0.901725,1.1290663e-07,9.1805278e-08,-0.89851777,,0.0021897438,0.0020178257,noisy,TestData/20251124_Testing/vib/Data/TestSetup_006.hdf5
006,1,2,13,13,17,cDAQ1Mod5/ai0,393B31,72955,g,167,733,0,0,0,-1,1651.6129,29.999766,1,7,17,30,9909,21471,1.24,0,1,0.00032628901,0.00031396572,0.962232,1.0646452e-07,9.8574476e-08,-0.33440412,,0.0021743404,0.0024558666,noisy,TestData/20251124_Testing/vib/Data/TestSetup_006.hdf5
006,1,2,14,14,18,cDAQ1Mod5/ai1,393B31,72956,g,264,469,0,0,0,-1,1651.6129,29.999766,1,7,17,30,9909,21471,1.24,0,1,0.00036538058,0.0003372835,0.92310188,1.3350297e-07,1.1376016e-07,-0.69500729,,0.0028203982,0.0025163559,noisy,TestData/20251124_Testing/vib/Data/TestSetup_006.hdf5
006,1,2,15,15,19,cDAQ1Mod5/ai2,393B31,61462,g,192,267,0,0,0,-1,1651.6129,29.999766,1,7,17,30,9909,21471,1.24,0,1,0.00032867578,0.00032540789,0.99005741,1.0802777e-07,1.0589029e-07,-0.086792404,,0.0021997698,0.0022720612,noisy,TestData/20251124_Testing/vib/Data/TestSetup_006.hdf5
006,1,2,16,16,20,cDAQ1Mod5/ai3,393B31,61593,g,408,181,0,0,0,-1,1651.6129,29.999766,1,7,17,30,9909,21471,1.24,0,1,0.00039949124,0.00038889127,0.97346634,1.5959325e-07,1.5123642e-07,-0.23358123,,0.0022776209,0.0023560132,noisy,TestData/20251124_Testing/vib/Data/TestSetup_006.hdf5
006,2,3,1,1,1,cDAQ1Mod1/ai0,393B31,51815,g,83,991,0,0,0,-1,1651.6129,29.999766,1,7,18,30,9909,19819,1.695,0,1,0.00040412727,0.00039761316,0.98388106,1.6331885e-07,1.5809623e-07,-0.14114799,,0.002730911,0.0086205885,noisy,TestData/20251124_Testing/vib/Data/TestSetup_006.hdf5
006,2,3,2,2,2,cDAQ1Mod1/ai1,393B31,51819,g,0.3,886,0,0,0,-1,1651.6129,29.999766,1,7,18,30,9909,19819,1.695,0,1,0.00047795137,0.00055416999,1.1594694,2.2843751e-07,3.0710438e-07,1.2851858,-4.629756,0.0032094783,0.012055442,noisy,TestData/20251124_Testing/vib/Data/TestSetup_006.hdf5
006,2,3,3,3,3,cDAQ1Mod1/ai2,393B31,72538,g,84,905,0,0,0,-1,1651.6129,29.999766,1,7,18,30,9909,19819,1.695,0,1,0.00040554388,0.00046033178,1.1350973,1.6446584e-07,2.1190535e-07,1.100662,-5.3993556,0.0031180972,0.0093055465,noisy,TestData/20251124_Testing/vib/Data/TestSetup_006.hdf5
006,2,3,4,4,4,cDAQ1Mod1/ai3,393B31,51835,g,0.3,739,0,0,0,-1,1651.6129,29.999766,1,7,18,30,9909,19819,1.695,0,1,0.00023662741,0.00032082128,1.3558078,5.599253e-08,1.029263e-07,2.6439625,-0.76644684,0.0016895641,0.0085910655,noisy,TestData/20251124_Testing/vib/Data/TestSetup_006.hdf5
006,2,3,5,5,5,cDAQ1Mod2/ai0,393B31,51836,g,83,553,0,0,0,-1,1651.6129,29.999766,1,7,18,30,9909,19819,1.695,0,1,0.00028806279,0.00041778367,1.4503215,8.2980173e-08,1.7454319e-07,3.2292858,0.42745773,0.0022961654,0.010703728,weak,TestData/20251124_Testing/vib/Data/TestSetup_006.hdf5
006,2,3,6,6,6,cDAQ1Mod2/ai1,393B31,61292,g,30,372,0,0,0,-1,1651.6129,29.999766,1,7,18,30,9909,19819,1.695,0,1,0.00024912405,0.00034839688,1.3984875,6.2062793e-08,1.2138039e-07,2.913172,-0.19647786,0.0018771614,0.0070600069,noisy,TestData/20251124_Testing/vib/Data/TestSetup_006.hdf5
006,2,3,7,7,7,cDAQ1Mod2/ai2,393B31,61321,g,84,234,0,0,0,-1,1651.6129,29.999766,1,7,18,30,9909,19819,1.695,0,1,0.00030367793,0.00028943519,0.95309919,9.2220285e-08,8.3772729e-08,-0.41723796,,0.0020774247,0.0081715141,noisy,TestData/20251124_Testing/vib/Data/TestSetup_006.hdf5
006,2,3,8x,8x,8,cDAQ1Mod2/ai3,393A03,67865,g,0,103,0,-1,0,0,1651.6129,29.999766,1,7,18,30,9909,19819,1.695,0,1,0.00029976214,0.00027909355,0.93105003,8.9857343e-08,7.7893212e-08,-0.6205396,,0.0028639579,0.0026842954,noisy,TestData/20251124_Testing/vib/Data/TestSetup_006.hdf5
006,2,3,8y,8y,9,cDAQ1Mod3/ai0,393A03,67866,g,0,103,0,0,-1,0,1651.6129,29.999766,1,7,18,30,9909,19819,1.695,0,1,0.00037864067,0.00036129469,0.95418881,1.4336875e-07,1.3053385e-07,-0.40731359,,0.003113856,0.0039629777,noisy,TestData/20251124_Testing/vib/Data/TestSetup_006.hdf5
006,2,3,8z,8z,10,cDAQ1Mod3/ai1,393A03,68542,g,0,103,0,0,0,-1,1651.6129,29.999766,1,7,18,30,9909,19819,1.695,0,1,0.00024426943,0.00024989468,1.0230289,5.9667553e-08,6.2447353e-08,0.19775808,-13.317247,0.0017496102,0.0029378872,noisy,TestData/20251124_Testing/vib/Data/TestSetup_006.hdf5
006,2,3,9x,9x,11,cDAQ1Mod3/ai2,393A03,68578,g,443,1105,0,-1,0,0,1651.6129,29.999766,1,7,18,30,9909,19819,1.695,0,1,0.00018605665,0.00017977144,0.96621883,3.4617078e-08,3.2317772e-08,-0.29849003,,0.0020079138,0.0013179864,noisy,TestData/20251124_Testing/vib/Data/TestSetup_006.hdf5
006,2,3,9y,9y,12,cDAQ1Mod3/ai3,393A03,68588,g,443,1105,0,0,-1,0,1651.6129,29.999766,1,7,18,30,9909,19819,1.695,0,1,0.00029306358,0.00028282507,0.96506386,8.5886264e-08,7.9990022e-08,-0.30887894,,0.0024247055,0.0020649863,noisy,TestData/20251124_Testing/vib/Data/TestSetup_006.hdf5
006,2,3,9z,9z,13,cDAQ1Mod4/ai0,393A03,68595,g,443,1105,0,0,0,-1,1651.6129,29.999766,1,7,18,30,9909,19819,1.695,0,1,0.00045551349,0.00048514541,1.0650517,2.0749254e-07,2.3536607e-07,0.54741362,-8.7181057,0.0025132193,0.0026954354,noisy,TestData/20251124_Testing/vib/Data/TestSetup_006.hdf5
006,2,3,10,10,14,cDAQ1Mod4/ai1,393A03,61596,g,311,1010,0,0,0,-1,1651.6129,29.999766,1,7,18,30,9909,19819,1.695,0,1,0.0011277535,0.0012157528,1.0780306,1.2718279e-06,1.4780549e-06,0.6526221,-7.9008288,0.0054923786,0.0056133076,noisy,TestData/20251124_Testing/vib/Data/TestSetup_006.hdf5
006,2,3,11,11,15,cDAQ1Mod4/ai2,393B31,61603,g,311,973,0,0,0,-1,1651.6129,29.999766,1,7,18,30,9909,19819,1.695,0,1,0.00037255418,0.00034049297,0.91394215,1.3879662e-07,1.1593546e-07,-0.78162586,,0.0035932768,0.0027169707,noisy,TestData/20251124_Testing/vib/Data/TestSetup_006.hdf5
006,2,3,12,12,16,cDAQ1Mod4/ai3,393B31,61605,g,141,905,0,0,0,-1,1651.6129,29.999766,1,7,18,30,9909,19819,1.695,0,1,0.00036547255,0.0003174796,0.86868248,1.3357018e-07,1.007933e-07,-1.2227788,,0.0030493342,0.003302724,noisy,TestData/20251124_Testing/vib/Data/TestSetup_006.hdf5
006,2,3,13,13,17,cDAQ1Mod5/ai0,393B31,72955,g,167,733,0,0,0,-1,1651.6129,29.999766,1,7,18,30,9909,19819,1.695,0,1,0.00036164776,0.00033661067,0.9307694,1.307891e-07,1.1330674e-07,-0.62315807,,0.0025547626,0.0048216972,noisy,TestData/20251124_Testing/vib/Data/TestSetup_006.hdf5
006,2,3,14,14,18,cDAQ1Mod5/ai1,393B31,72956,g,264,469,0,0,0,-1,1651.6129,29.999766,1,7,18,30,9909,19819,1.695,0,1,0.00035947513,0.00036135611,1.0052326,1.2922237e-07,1.3057824e-07,0.045330919,-19.791213,0.0026749153,0.0031505302,noisy,TestData/20251124_Testing/vib/Data/TestSetup_006.hdf5
006,2,3,15,15,19,cDAQ1Mod5/ai2,393B31,61462,g,192,267,0,0,0,-1,1651.6129,29.999766,1,7,18,30,9909,19819,1.695,0,1,0.00034044136,0.00033770578,0.99196459,1.1590032e-07,1.1404519e-07,-0.070076567,,0.0022427826,0.0029655097,noisy,TestData/20251124_Testing/vib/Data/TestSetup_006.hdf5
006,2,3,16,16,20,cDAQ1Mod5/ai3,393B31,61593,g,408,181,0,0,0,-1,1651.6129,29.999766,1,7,18,30,9909,19819,1.695,0,1,0.00039187494,0.00038507124,0.98263808,1.5356597e-07,1.4827986e-07,-0.15212819,,0.0026711664,0.0022623481,noisy,TestData/20251124_Testing/vib/Data/TestSetup_006.hdf5
006,3,4,1,1,1,cDAQ1Mod1/ai0,393B31,51815,g,83,991,0,0,0,-1,1651.6129,29.999766,1,7,17,30,9909,21471,1.755,0,1,0.00035188198,0.00039938772,1.1350048,1.2382093e-07,1.5951055e-07,1.0999537,-5.4025203,0.0023412936,0.0085046994,noisy,TestData/20251124_Testing/vib/Data/TestSetup_006.hdf5
006,3,4,2,2,2,cDAQ1Mod1/ai1,393B31,51819,g,0.3,886,0,0,0,-1,1651.6129,29.999766,1,7,17,30,9909,21471,1.755,0,1,0.00038196275,0.00053999702,1.4137426,1.4589554e-07,2.9159678e-07,3.0074071,-0.0057875572,0.0025139551,0.014174955,weak,TestData/20251124_Testing/vib/Data/TestSetup_006.hdf5
006,3,4,3,3,3,cDAQ1Mod1/ai2,393B31,72538,g,84,905,0,0,0,-1,1651.6129,29.999766,1,7,17,30,9909,21471,1.755,0,1,0.00035245127,0.000465499,1.3207471,1.242219e-07,2.1668932e-07,2.4163934,-1.2820944,0.0024399003,0.012071929,noisy,TestData/20251124_Testing/vib/Data/TestSetup_006.hdf5
006,3,4,4,4,4,cDAQ1Mod1/ai3,393B31,51835,g,0.3,739,0,0,0,-1,1651.6129,29.999766,1,7,17,30,9909,21471,1.755,0,1,0.00020639795,0.00028791122,1.3949326,4.2600114e-08,8.2892872e-08,2.8910643,-0.2418376,0.0016823144,0.0067851305,noisy,TestData/20251124_Testing/vib/Data/TestSetup_006.hdf5
006,3,4,5,5,5,cDAQ1Mod2/ai0,393B31,51836,g,83,553,0,0,0,-1,1651.6129,29.999766,1,7,17,30,9909,21471,1.755,0,1,0.00027042601,0.00044697432,1.6528525,7.3130228e-08,1.9978604e-07,4.3646822,2.3852821,0.0028364396,0.017308599,weak,TestData/20251124_Testing/vib/Data/TestSetup_006.hdf5
006,3,4,6,6,6,cDAQ1Mod2/ai1,393B31,61292,g,30,372,0,0,0,-1,1651.6129,29.999766,1,7,17,30,9909,21471,1.755,0,1,0.00023206962,0.000334517,1.4414511,5.3856307e-08,1.1190162e-07,3.1759981,0.32530604,0.0024144436,0.0093174301,weak,TestData/20251124_Testing/vib/Data/TestSetup_006.hdf5
006,3,4,7,7,7,cDAQ1Mod2/ai2,393B31,61321,g,84,234,0,0,0,-1,1651.6129,29.999766,1,7,17,30,9909,21471,1.755,0,1,0.00021512441,0.00029833292,1.3867925,4.6278512e-08,8.9002532e-08,2.8402298,-0.34707277,0.0015959812,0.0089880363,noisy,TestData/20251124_Testing/vib/Data/TestSetup_006.hdf5
006,3,4,8x,8x,8,cDAQ1Mod2/ai3,393A03,67865,g,0,103,0,-1,0,0,1651.6129,29.999766,1,7,17,30,9909,21471,1.755,0,1,0.00011317128,0.00013559549,1.198144,1.2807739e-08,1.8386138e-08,1.5701805,-3.6096288,0.0013941059,0.0033228172,noisy,TestData/20251124_Testing/vib/Data/TestSetup_006.hdf5
006,3,4,8y,8y,9,cDAQ1Mod3/ai0,393A03,67866,g,0,103,0,0,-1,0,1651.6129,29.999766,1,7,17,30,9909,21471,1.755,0,1,0.00014447475,0.00018556789,1.2844313,2.0872955e-08,3.4435443e-08,2.1742175,-1.8724455,0.0021479954,0.005199181,noisy,TestData/20251124_Testing/vib/Data/TestSetup_006.hdf5
006,3,4,8z,8z,10,cDAQ1Mod3/ai1,393A03,68542,g,0,103,0,0,0,-1,1651.6129,29.999766,1,7,17,30,9909,21471,1.755,0,1,0.00020371514,0.00033852625,1.6617629,4.1499857e-08,1.1460003e-07,4.4113811,2.4587177,0.0017028325,0.010384058,weak,TestData/20251124_Testing/vib/Data/TestSetup_006.hdf5
006,3,4,9x,9x,11,cDAQ1Mod3/ai2,393A03,68578,g,443,1105,0,-1,0,0,1651.6129,29.999766,1,7,17,30,9909,21471,1.755,0,1,0.00017254499,0.0001751187,1.0149162,2.9771774e-08,3.066656e-08,0.12860354,-15.220854,0.0013048627,0.0013654814,noisy,TestData/20251124_Testing/vib/Data/TestSetup_006.hdf5
006,3,4,9y,9y,12,cDAQ1Mod3/ai3,393A03,68588,g,443,1105,0,0,-1,0,1651.6129,29.999766,1,7,17,30,9909,21471,1.755,0,1,0.00028364973,0.00028462518,1.0034389,8.0457168e-08,8.1011492e-08,0.029818917,-21.618006,0.0019079954,0.0018758555,noisy,TestData/20251124_Testing/vib/Data/TestSetup_006.hdf5
006,3,4,9z,9z,13,cDAQ1Mod4/ai0,393A03,68595,g,443,1105,0,0,0,-1,1651.6129,29.999766,1,7,17,30,9909,21471,1.755,0,1,0.00047919542,0.0004859563,1.0141088,2.2962825e-07,2.3615353e-07,0.12169113,-15.464266,0.0027152685,0.0025776767,noisy,TestData/20251124_Testing/vib/Data/TestSetup_006.hdf5
006,3,4,10,10,14,cDAQ1Mod4/ai1,393A03,61596,g,311,1010,0,0,0,-1,1651.6129,29.999766,1,7,17,30,9909,21471,1.755,0,1,0.0012065968,0.0012209597,1.0119036,1.455876e-06,1.4907425e-06,0.10278259,-16.207155,0.004979318,0.0057210535,noisy,TestData/20251124_Testing/vib/Data/TestSetup_006.hdf5
006,3,4,11,11,15,cDAQ1Mod4/ai2,393B31,61603,g,311,973,0,0,0,-1,1651.6129,29.999766,1,7,17,30,9909,21471,1.755,0,1,0.00029864642,0.00032263189,1.0803139,8.9189684e-08,1.0409134e-07,0.67099958,-7.7708021,0.0019769321,0.0026979826,noisy,TestData/20251124_Testing/vib/Data/TestSetup_006.hdf5
006,3,4,12,12,16,cDAQ1Mod4/ai3,393B31,61605,g,141,905,0,0,0,-1,1651.6129,29.999766,1,7,17,30,9909,21471,1.755,0,1,0.00030214576,0.00030639588,1.0140664,9.1292061e-08,9.3878434e-08,0.12132824,-15.477419,0.0018570463,0.0031891091,noisy,TestData/20251124_Testing/vib/Data/TestSetup_006.hdf5
006,3,4,13,13,17,cDAQ1Mod5/ai0,393B31,72955,g,167,733,0,0,0,-1,1651.6129,29.999766,1,7,17,30,9909,21471,1.755,0,1,0.00031620393,0.00031422071,0.99372804,9.9984923e-08,9.8734653e-08,-0.054649144,,0.0022314942,0.0027620388,noisy,TestData/20251124_Testing/vib/Data/TestSetup_006.hdf5
006,3,4,14,14,18,cDAQ1Mod5/ai1,393B31,72956,g,264,469,0,0,0,-1,1651.6129,29.999766,1,7,17,30,9909,21471,1.755,0,1,0.00034046833,0.00034322426,1.0080945,1.1591868e-07,1.1780289e-07,0.070025148,-17.890243,0.0028388442,0.0025941827,noisy,TestData/20251124_Testing/vib/Data/TestSetup_006.hdf5
006,3,4,15,15,19,cDAQ1Mod5/ai2,393B31,61462,g,192,267,0,0,0,-1,1651.6129,29.999766,1,7,17,30,9909,21471,1.755,0,1,0.00030938238,0.00031732034,1.0256575,9.5717457e-08,1.006922e-07,0.22004682,-12.842204,0.0020922691,0.0022456543,noisy,TestData/20251124_Testing/vib/Data/TestSetup_006.hdf5
006,3,4,16,16,20,cDAQ1Mod5/ai3,393B31,61593,g,408,181,0,0,0,-1,1651.6129,29.999766,1,7,17,30,9909,21471,1.755,0,1,0.00036847333,0.00038089129,1.0337011,1.3577259e-07,1.4507818e-07,0.28789975,-11.640685,0.0021604445,0.0023262913,noisy,TestData/20251124_Testing/vib/Data/TestSetup_006.hdf5
006,4,5,1,1,1,cDAQ1Mod1/ai0,393B31,51815,g,83,991,0,0,0,-1,1651.6129,29.999766,1,7,18,30,9909,19819,1.875,0,1,0.0003495552,0.00045782834,1.3097455,1.2218884e-07,2.0960679e-07,2.343738,-1.4543093,0.0023405511,0.011337145,noisy,TestData/20251124_Testing/vib/Data/TestSetup_006.hdf5
006,4,5,2,2,2,cDAQ1Mod1/ai1,393B31,51819,g,0.3,886,0,0,0,-1,1651.6129,29.999766,1,7,18,30,9909,19819,1.875,0,1,0.00040574588,0.00069245514,1.7066227,1.6462972e-07,4.7949413e-07,4.6427504,2.8161532,0.0026410768,0.01875423,weak,TestData/20251124_Testing/vib/Data/TestSetup_006.hdf5
006,4,5,3,3,3,cDAQ1Mod1/ai2,393B31,72538,g,84,905,0,0,0,-1,1651.6129,29.999766,1,7,18,30,9909,19819,1.875,0,1,0.00036065025,0.00058015966,1.608649,1.300686e-07,3.3658523e-07,4.1292259,2.0078257,0.0024720697,0.015143676,weak,TestData/20251124_Testing/vib/Data/TestSetup_006.hdf5
006,4,5,4,4,4,cDAQ1Mod1/ai3,393B31,51835,g,0.3,739,0,0,0,-1,1651.6129,29.999766,1,7,18,30,9909,19819,1.875,0,1,0.00021271087,0.00035524632,1.6700901,4.5245916e-08,1.2619995e-07,4.4547979,2.5265909,0.0016303788,0.0099340171,weak,TestData/20251124_Testing/vib/Data/TestSetup_006.hdf5
006,4,5,5,5,5,cDAQ1Mod2/ai0,393B31,51836,g,83,553,0,0,0,-1,1651.6129,29.999766,1,7,18,30,9909,19819,1.875,0,1,0.00027046498,0.00057800211,2.1370682,7.3151305e-08,3.3408644e-07,6.5963678,5.5231049,0.0019334314,0.015580562,weak,TestData/20251124_Testing/vib/Data/TestSetup_006.hdf5
006,4,5,6,6,6,cDAQ1Mod2/ai1,393B31,61292,g,30,372,0,0,0,-1,1651.6129,29.999766,1,7,18,30,9909,19819,1.875,0,1,0.00021862904,0.00053306093,2.4381982,4.7798655e-08,2.8415395e-07,7.7413802,6.9414966,0.001523388,0.013114504,weak,TestData/20251124_Testing/vib/Data/TestSetup_006.hdf5
006,4,5,7,7,7,cDAQ1Mod2/ai2,393B31,61321,g,84,234,0,0,0,-1,1651.6129,29.999766,1,7,18,30,9909,19819,1.875,0,1,0.00020795021,0.00042970984,2.0664073,4.324329e-08,1.8465055e-07,6.3043187,5.1455297,0.0014886301,0.014201231,weak,TestData/20251124_Testing/vib/Data/TestSetup_006.hdf5
006,4,5,8x,8x,8,cDAQ1Mod2/ai3,393A03,67865,g,0,103,0,-1,0,0,1651.6129,29.999766,1,7,18,30,9909,19819,1.875,0,1,0.00011344712,0.00018976484,1.6727163,1.2870248e-08,3.6010694e-08,4.4684457,2.5478479,0.0011687452,0.0040865393,weak,TestData/20251124_Testing/vib/Data/TestSetup_006.hdf5
006,4,5,8y,8y,9,cDAQ1Mod3/ai0,393A03,67866,g,0,103,0,0,-1,0,1651.6129,29.999766,1,7,18,30,9909,19819,1.875,0,1,0.00015801226,0.00022664992,1.4343819,2.4967874e-08,5.1370185e-08,3.1332957,0.24260379,0.0024595038,0.00615091,weak,TestData/20251124_Testing/vib/Data/TestSetup_006.hdf5
006,4,5,8z,8z,10,cDAQ1Mod3/ai1,393A03,68542,g,0,103,0,0,0,-1,1651.6129,29.999766,1,7,18,30,9909,19819,1.875,0,1,0.00019610265,0.00043193101,2.2025762,3.8456248e-08,1.865644e-07,6.8586187,5.8561206,0.0014823087,0.010785618,weak,TestData/20251124_Testing/vib/Data/TestSetup_006.hdf5
006,4,5,9x,9x,11,cDAQ1Mod3/ai2,393A03,68578,g,443,1105,0,-1,0,0,1651.6129,29.999766,1,7,18,30,9909,19819,1.875,0,1,0.00017296541,0.00017421924,1.007249,2.9917032e-08,3.0352344e-08,0.062737325,-18.371177,0.001226121,0.0013536076,noisy,TestData/20251124_Testing/vib/Data/TestSetup_006.hdf5
006,4,5,9y,9y,12,cDAQ1Mod3/ai3,393A03,68588,g,443,1105,0,0,-1,0,1651.6129,29.999766,1,7,18,30,9909,19819,1.875,0,1,0.00028189562,0.00028547006,1.01268,7.9465138e-08,8.1493154e-08,0.10944487,-15.931052,0.0019117038,0.0020890912,noisy,TestData/20251124_Testing/vib/Data/TestSetup_006.hdf5
006,4,5,9z,9z,13,cDAQ1Mod4/ai0,393A03,68595,g,443,1105,0,0,0,-1,1651.6129,29.999766,1,7,18,30,9909,19819,1.875,0,1,0.00047531113,0.0004689268,0.98656811,2.2592067e-07,2.1989234e-07,-0.11745852,,0.0027611324,0.0026886178,noisy,TestData/20251124_Testing/vib/Data/TestSetup_006.hdf5
006,4,5,10,10,14,cDAQ1Mod4/ai1,393A03,61596,g,311,1010,0,0,0,-1,1651.6129,29.999766,1,7,18,30,9909,19819,1.875,0,1,0.0011994299,0.0011678709,0.9736883,1.4386322e-06,1.3639224e-06,-0.23160101,,0.0053198584,0.0054426888,noisy,TestData/20251124_Testing/vib/Data/TestSetup_006.hdf5
006,4,5,11,11,15,cDAQ1Mod4/ai2,393B31,61603,g,311,973,0,0,0,-1,1651.6129,29.999766,1,7,18,30,9909,19819,1.875,0,1,0.00029286331,0.00031771798,1.0848678,8.5768918e-08,1.0094471e-07,0.70753652,-7.5217844,0.0022276243,0.0032415009,noisy,TestData/20251124_Testing/vib/Data/TestSetup_006.hdf5
006,4,5,12,12,16,cDAQ1Mod4/ai3,393B31,61605,g,141,905,0,0,0,-1,1651.6129,29.999766,1,7,18,30,9909,19819,1.875,0,1,0.00031431383,0.00033687494,1.0717789,9.8793184e-08,1.1348473e-07,0.60210429,-8.2765962,0.0023547877,0.0038335633,noisy,TestData/20251124_Testing/vib/Data/TestSetup_006.hdf5
006,4,5,13,13,17,cDAQ1Mod5/ai0,393B31,72955,g,167,733,0,0,0,-1,1651.6129,29.999766,1,7,18,30,9909,19819,1.875,0,1,0.00030853096,0.00033315768,1.0798193,9.5191355e-08,1.1099404e-07,0.66702155,-7.7986659,0.0022152715,0.0029046113,noisy,TestData/20251124_Testing/vib/Data/TestSetup_006.hdf5
006,4,5,14,14,18,cDAQ1Mod5/ai1,393B31,72956,g,264,469,0,0,0,-1,1651.6129,29.999766,1,7,18,30,9909,19819,1.875,0,1,0.00033125361,0.00034792092,1.0503159,1.0972895e-07,1.2104897e-07,0.4263986,-9.8647418,0.0024093442,0.0030040997,noisy,TestData/20251124_Testing/vib/Data/TestSetup_006.hdf5
006,4,5,15,15,19,cDAQ1Mod5/ai2,393B31,61462,g,192,267,0,0,0,-1,1651.6129,29.999766,1,7,18,30,9909,19819,1.875,0,1,0.00032136861,0.00033882775,1.0543275,1.0327778e-07,1.1480425e-07,0.45951052,-9.5231076,0.0020613049,0.0024138349,noisy,TestData/20251124_Testing/vib/Data/TestSetup_006.hdf5
006,4,5,16,16,20,cDAQ1Mod5/ai3,393B31,61593,g,408,181,0,0,0,-1,1651.6129,29.999766,1,7,18,30,9909,19819,1.875,0,1,0.00036823748,0.00037556278,1.0198929,1.3559884e-07,1.410474e-07,0.1710911,-13.959743,0.0020844604,0.0024898567,noisy,TestData/20251124_Testing/vib/Data/TestSetup_006.hdf5
006,5,6,1,1,1,cDAQ1Mod1/ai0,393B31,51815,g,83,991,0,0,0,-1,1651.6129,29.999766,1,7,17,30,9909,21471,0.875,0,1,0.00037959616,0.00036868553,0.97125726,1.4409325e-07,1.3592902e-07,-0.25331447,,0.0025725149,0.0026066072,noisy,TestData/20251124_Testing/vib/Data/TestSetup_006.hdf5
006,5,6,2,2,2,cDAQ1Mod1/ai1,393B31,51819,g,0.3,886,0,0,0,-1,1651.6129,29.999766,1,7,17,30,9909,21471,0.875,0,1,0.00044122733,0.0004422388,1.0022924,1.9468156e-07,1.9557516e-07,0.019888865,-23.381795,0.0029085229,0.0030320611,noisy,TestData/20251124_Testing/vib/Data/TestSetup_006.hdf5
006,5,6,3,3,3,cDAQ1Mod1/ai2,393B31,72538,g,84,905,0,0,0,-1,1651.6129,29.999766,1,7,17,30,9909,21471,0.875,0,1,0.00036741877,0.00037590571,1.0230988,1.3499655e-07,1.413051e-07,0.19835161,-13.303932,0.0024076696,0.002506879,noisy,TestData/20251124_Testing/vib/Data/TestSetup_006.hdf5
006,5,6,4,4,4,cDAQ1Mod1/ai3,393B31,51835,g,0.3,739,0,0,0,-1,1651.6129,29.999766,1,7,17,30,9909,21471,0.875,0,1,0.00022930481,0.00023571334,1.0279477,5.2580695e-08,5.5560779e-08,0.23942005,-12.465978,0.0015503191,0.0020765502,noisy,TestData/20251124_Testing/vib/Data/TestSetup_006.hdf5
006,5,6,5,5,5,cDAQ1Mod2/ai0,393B31,51836,g,83,553,0,0,0,-1,1651.6129,29.999766,1,7,17,30,9909,21471,0.875,0,1,0.00026843605,0.00037888988,1.4114716,7.2057915e-08,1.4355754e-07,2.9934431,-0.033779298,0.0027434036,0.0098840947,noisy,TestData/20251124_Testing/vib/Data/TestSetup_006.hdf5
006,5,6,6,6,6,cDAQ1Mod2/ai1,393B31,61292,g,30,372,0,0,0,-1,1651.6129,29.999766,1,7,17,30,9909,21471,0.875,0,1,0.00022038787,0.00032550722,1.4769743,4.8570815e-08,1.0595495e-07,3.3874586,0.72416447,0.0014222394,0.0077155627,weak,TestData/20251124_Testing/vib/Data/TestSetup_006.hdf5
006,5,6,7,7,7,cDAQ1Mod2/ai2,393B31,61321,g,84,234,0,0,0,-1,1651.6129,29.999766,1,7,17,30,9909,21471,0.875,0,1,0.0002168359,0.00026331088,1.2143325,4.7017809e-08,6.9332621e-08,1.6867524,-3.2366914,0.0016312824,0.0063104905,noisy,TestData/20251124_Testing/vib/Data/TestSetup_006.hdf5
006,5,6,8x,8x,8,cDAQ1Mod2/ai3,393A03,67865,g,0,103,0,-1,0,0,1651.6129,29.999766,1,7,17,30,9909,21471,0.875,0,1,0.00011987193,0.0001374717,1.1468214,1.4369281e-08,1.8898468e-08,1.1899159,-5.0141468,0.00089706049,0.0020507817,noisy,TestData/20251124_Testing/vib/Data/TestSetup_006.hdf5
006,5,6,8y,8y,9,cDAQ1Mod3/ai0,393A03,67866,g,0,103,0,0,-1,0,1651.6129,29.999766,1,7,17,30,9909,21471,0.875,0,1,0.00015792255,0.00018859727,1.194239,2.4939532e-08,3.5568931e-08,1.541825,-3.7037963,0.001176605,0.0032029462,noisy,TestData/20251124_Testing/vib/Data/TestSetup_006.hdf5
006,5,6,8z,8z,10,cDAQ1Mod3/ai1,393A03,68542,g,0,103,0,0,0,-1,1651.6129,29.999766,1,7,17,30,9909,21471,0.875,0,1,0.00020852353,0.00025155542,1.2063647,4.3482061e-08,6.3280129e-08,1.6295723,-3.4168731,0.0015066088,0.0043424354,noisy,TestData/20251124_Testing/vib/Data/TestSetup_006.hdf5
006,5,6,9x,9x,11,cDAQ1Mod3/ai2,393A03,68578,g,443,1105,0,-1,0,0,1651.6129,29.999766,1,7,17,30,9909,21471,0.875,0,1,0.00017485407,0.00017573411,1.005033,3.0573946e-08,3.0882479e-08,0.043606602,-19.960499,0.0013398591,0.0012873646,noisy,TestData/20251124_Testing/vib/Data/TestSetup_006.hdf5
006,5,6,9y,9y,12,cDAQ1Mod3/ai3,393A03,68588,g,443,1105,0,0,-1,0,1651.6129,29.999766,1,7,17,30,9909,21471,0.875,0,1,0.00028119959,0.00028379352,1.0092245,7.9073209e-08,8.0538764e-08,0.079755961,-17.320273,0.001938281,0.001879564,noisy,TestData/20251124_Testing/vib/Data/TestSetup_006.hdf5
006,5,6,9z,9z,13,cDAQ1Mod4/ai0,393A03,68595,g,443,1105,0,0,0,-1,1651.6129,29.999766,1,7,17,30,9909,21471,0.875,0,1,0.00046686758,0.00047521762,1.0178852,2.1796534e-07,2.2583179e-07,0.15397639,-14.426086,0.0029290935,0.0027202267,noisy,TestData/20251124_Testing/vib/Data/TestSetup_006.hdf5
006,5,6,10,10,14,cDAQ1Mod4/ai1,393A03,61596,g,311,1010,0,0,0,-1,1651.6129,29.999766,1,7,17,30,9909,21471,0.875,0,1,0.0011807629,0.0012023543,1.018286,1.3942011e-06,1.4456558e-06,0.15739505,-14.328997,0.0050492261,0.0052759995,noisy,TestData/20251124_Testing/vib/Data/TestSetup_006.hdf5
006,5,6,11,11,15,cDAQ1Mod4/ai2,393B31,61603,g,311,973,0,0,0,-1,1651.6129,29.999766,1,7,17,30,9909,21471,0.875,0,1,0.00028196293,0.0003139353,1.1133921,7.9503094e-08,9.8555373e-08,0.93296275,-6.204371,0.0021630897,0.0029120639,noisy,TestData/20251124_Testing/vib/Data/TestSetup_006.hdf5
006,5,6,12,12,16,cDAQ1Mod4/ai3,393B31,61605,g,141,905,0,0,0,-1,1651.6129,29.999766,1,7,17,30,9909,21471,0.875,0,1,0.00033135737,0.00032954685,0.99453606,1.097977e-07,1.0860113e-07,-0.047589272,,0.0023185073,0.0022382449,noisy,TestData/20251124_Testing/vib/Data/TestSetup_006.hdf5
006,5,6,13,13,17,cDAQ1Mod5/ai0,393B31,72955,g,167,733,0,0,0,-1,1651.6129,29.999766,1,7,17,30,9909,21471,0.875,0,1,0.00031437007,0.00031867953,1.0137083,9.8828539e-08,1.0155664e-07,0.11825968,-15.590212,0.0023444915,0.0022402919,noisy,TestData/20251124_Testing/vib/Data/TestSetup_006.hdf5
006,5,6,14,14,18,cDAQ1Mod5/ai1,393B31,72956,g,264,469,0,0,0,-1,1651.6129,29.999766,1,7,17,30,9909,21471,0.875,0,1,0.00033169929,0.00035991846,1.0850745,1.1002442e-07,1.295413e-07,0.70919146,-7.5107881,0.0022809174,0.002601321,noisy,TestData/20251124_Testing/vib/Data/TestSetup_006.hdf5
006,5,6,15,15,19,cDAQ1Mod5/ai2,393B31,61462,g,192,267,0,0,0,-1,1651.6129,29.999766,1,7,17,30,9909,21471,0.875,0,1,0.00031762753,0.00030793612,0.96948812,1.0088725e-07,9.4824653e-08,-0.26915018,,0.002147268,0.0025072894,noisy,TestData/20251124_Testing/vib/Data/TestSetup_006.hdf5
006,5,6,16,16,20,cDAQ1Mod5/ai3,393B31,61593,g,408,181,0,0,0,-1,1651.6129,29.999766,1,7,17,30,9909,21471,0.875,0,1,0.00036780458,0.00038134789,1.036822,1.3528021e-07,1.4542621e-07,0.31408443,-11.24939,0.0020596182,0.0022752761,noisy,TestData/20251124_Testing/vib/Data/TestSetup_006.hdf5
006,6,7,1,1,1,cDAQ1Mod1/ai0,393B31,51815,g,83,991,0,0,0,-1,1651.6129,29.999766,1,7,18,30,9909,19819,1.285,0,1,0.00035356061,0.00039366819,1.113439,1.250051e-07,1.5497464e-07,0.93332897,-6.2024769,0.002499071,0.009901432,noisy,TestData/20251124_Testing/vib/Data/TestSetup_006.hdf5
006,6,7,2,2,2,cDAQ1Mod1/ai1,393B31,51819,g,0.3,886,0,0,0,-1,1651.6129,29.999766,1,7,18,30,9909,19819,1.285,0,1,0.00044726629,0.00054995352,1.2295886,2.0004714e-07,3.0244888e-07,1.7951964,-2.9082499,0.0059227291,0.012276679,noisy,TestData/20251124_Testing/vib/Data/TestSetup_006.hdf5
006,6,7,3,3,3,cDAQ1Mod1/ai2,393B31,72538,g,84,905,0,0,0,-1,1651.6129,29.999766,1,7,18,30,9909,19819,1.285,0,1,0.00038030581,0.00044809984,1.1782619,1.4463251e-07,2.0079347e-07,1.4248366,-4.1083142,0.0045870225,0.008900421,noisy,TestData/20251124_Testing/vib/Data/TestSetup_006.hdf5
006,6,7,4,4,4,cDAQ1Mod1/ai3,393B31,51835,g,0.3,739,0,0,0,-1,1651.6129,29.999766,1,7,18,30,9909,19819,1.285,0,1,0.00023012616,0.00029267365,1.2717965,5.2958049e-08,8.5657864e-08,2.0883527,-2.0938668,0.0036596806,0.0063112726,noisy,TestData/20251124_Testing/vib/Data/TestSetup_006.hdf5
006,6,7,5,5,5,cDAQ1Mod2/ai0,393B31,51836,g,83,553,0,0,0,-1,1651.6129,29.999766,1,7,18,30,9909,19819,1.285,0,1,0.00027762047,0.00041815327,1.5062048,7.7073124e-08,1.7485216e-07,3.5576803,1.0334277,0.0021433429,0.011540551,weak,TestData/20251124_Testing/vib/Data/TestSetup_006.hdf5
006,6,7,6,6,6,cDAQ1Mod2/ai1,393B31,61292,g,30,372,0,0,0,-1,1651.6129,29.999766,1,7,18,30,9909,19819,1.285,0,1,0.00022496173,0.0002808585,1.2484723,5.0607781e-08,7.8881496e-08,1.9275784,-2.5283444,0.0016823796,0.0053955531,noisy,TestData/20251124_Testing/vib/Data/TestSetup_006.hdf5
006,6,7,7,7,7,cDAQ1Mod2/ai2,393B31,61321,g,84,234,0,0,0,-1,1651.6129,29.999766,1,7,18,30,9909,19819,1.285,0,1,0.00022134576,0.00022515277,1.0171994,4.8993945e-08,5.0693769e-08,0.1481217,-14.597385,0.0017086808,0.001671366,noisy,TestData/20251124_Testing/vib/Data/TestSetup_006.hdf5
006,6,7,8x,8x,8,cDAQ1Mod2/ai3,393A03,67865,g,0,103,0,-1,0,0,1651.6129,29.999766,1,7,18,30,9909,19819,1.285,0,1,0.00010636067,0.00011001961,1.0344012,1.1312592e-08,1.2104314e-08,0.29378039,-11.549897,0.00087327242,0.0013797078,noisy,TestData/20251124_Testing/vib/Data/TestSetup_006.hdf5
006,6,7,8y,8y,9,cDAQ1Mod3/ai0,393A03,67866,g,0,103,0,0,-1,0,1651.6129,29.999766,1,7,18,30,9909,19819,1.285,0,1,0.00012461352,0.00012865913,1.0324653,1.5528529e-08,1.6553172e-08,0.27750934,-11.805574,0.0009615597,0.0015827334,noisy,TestData/20251124_Testing/vib/Data/TestSetup_006.hdf5
006,6,7,8z,8z,10,cDAQ1Mod3/ai1,393A03,68542,g,0,103,0,0,0,-1,1651.6129,29.999766,1,7,18,30,9909,19819,1.285,0,1,0.00021662151,0.00020963396,0.96774305,4.6924879e-08,4.3946398e-08,-0.2847988,,0.0015631067,0.0015315165,noisy,TestData/20251124_Testing/vib/Data/TestSetup_006.hdf5
006,6,7,9x,9x,11,cDAQ1Mod3/ai2,393A03,68578,g,443,1105,0,-1,0,0,1651.6129,29.999766,1,7,18,30,9909,19819,1.285,0,1,0.00017946038,0.000172884,0.96335471,3.2206029e-08,2.9888879e-08,-0.32427551,,0.0014673457,0.0012817402,noisy,TestData/20251124_Testing/vib/Data/TestSetup_006.hdf5
006,6,7,9y,9y,12,cDAQ1Mod3/ai3,393A03,68588,g,443,1105,0,0,-1,0,1651.6129,29.999766,1,7,18,30,9909,19819,1.285,0,1,0.00028301712,0.00027406026,0.96835226,8.0098689e-08,7.5109029e-08,-0.27933261,,0.0018919255,0.0018400072,noisy,TestData/20251124_Testing/vib/Data/TestSetup_006.hdf5
006,6,7,9z,9z,13,cDAQ1Mod4/ai0,393A03,68595,g,443,1105,0,0,0,-1,1651.6129,29.999766,1,7,18,30,9909,19819,1.285,0,1,0.0004743639,0.00046158771,0.9730667,2.2502111e-07,2.1306322e-07,-0.23714779,,0.0026805606,0.002431408,noisy,TestData/20251124_Testing/vib/Data/TestSetup_006.hdf5
006,6,7,10,10,14,cDAQ1Mod4/ai1,393A03,61596,g,311,1010,0,0,0,-1,1651.6129,29.999766,1,7,18,30,9909,19819,1.285,0,1,0.0011767402,0.0011695325,0.9938748,1.3847176e-06,1.3678062e-06,-0.053366434,,0.0053394428,0.0054243086,noisy,TestData/20251124_Testing/vib/Data/TestSetup_006.hdf5
006,6,7,11,11,15,cDAQ1Mod4/ai2,393B31,61603,g,311,973,0,0,0,-1,1651.6129,29.999766,1,7,18,30,9909,19819,1.285,0,1,0.00032070569,0.00031195529,0.9727152,1.0285214e-07,9.7316106e-08,-0.24028596,,0.0037925275,0.0023318106,noisy,TestData/20251124_Testing/vib/Data/TestSetup_006.hdf5
006,6,7,12,12,16,cDAQ1Mod4/ai3,393B31,61605,g,141,905,0,0,0,-1,1651.6129,29.999766,1,7,18,30,9909,19819,1.285,0,1,0.00035277952,0.0003101457,0.87914883,1.2445339e-07,9.6190355e-08,-1.118752,,0.010149405,0.0031341157,noisy,TestData/20251124_Testing/vib/Data/TestSetup_006.hdf5
006,6,7,13,13,17,cDAQ1Mod5/ai0,393B31,72955,g,167,733,0,0,0,-1,1651.6129,29.999766,1,7,18,30,9909,19819,1.285,0,1,0.0003332885,0.00031369343,0.94120688,1.1108123e-07,9.8403568e-08,-0.52629817,,0.005914171,0.0022691808,noisy,TestData/20251124_Testing/vib/Data/TestSetup_006.hdf5
006,6,7,14,14,18,cDAQ1Mod5/ai1,393B31,72956,g,264,469,0,0,0,-1,1651.6129,29.999766,1,7,18,30,9909,19819,1.285,0,1,0.00033738496,0.00034469073,1.0216541,1.1382861e-07,1.188117e-07,0.18607755,-13.587532,0.0030178078,0.0025498366,noisy,TestData/20251124_Testing/vib/Data/TestSetup_006.hdf5
006,6,7,15,15,19,cDAQ1Mod5/ai2,393B31,61462,g,192,267,0,0,0,-1,1651.6129,29.999766,1,7,18,30,9909,19819,1.285,0,1,0.00033128869,0.00031554914,0.95248992,1.097522e-07,9.957126e-08,-0.42279224,,0.0020556864,0.0021130575,noisy,TestData/20251124_Testing/vib/Data/TestSetup_006.hdf5
006,6,7,16,16,20,cDAQ1Mod5/ai3,393B31,61593,g,408,181,0,0,0,-1,1651.6129,29.999766,1,7,18,30,9909,19819,1.285,0,1,0.00037981496,0.00036899309,0.97150753,1.442594e-07,1.361559e-07,-0.25107658,,0.0021019513,0.0021191887,noisy,TestData/20251124_Testing/vib/Data/TestSetup_006.hdf5
006,7,8,1,1,1,cDAQ1Mod1/ai0,393B31,51815,g,83,991,0,0,0,-1,1651.6129,29.999766,1,7,17,30,9909,21471,2.01,0,1,0.00034342086,0.00056425016,1.6430282,1.1793788e-07,3.1837825e-07,4.3129006,2.3033185,0.0021809793,0.013263453,weak,TestData/20251124_Testing/vib/Data/TestSetup_006.hdf5
006,7,8,2,2,2,cDAQ1Mod1/ai1,393B31,51819,g,0.3,886,0,0,0,-1,1651.6129,29.999766,1,7,17,30,9909,21471,2.01,0,1,0.00041764552,0.00081534395,1.9522392,1.7442778e-07,6.6478576e-07,5.8106606,4.488976,0.0027334319,0.021737755,weak,TestData/20251124_Testing/vib/Data/TestSetup_006.hdf5
006,7,8,3,3,3,cDAQ1Mod1/ai2,393B31,72538,g,84,905,0,0,0,-1,1651.6129,29.999766,1,7,17,30,9909,21471,2.01,0,1,0.00036035518,0.00073873828,2.0500282,1.2985586e-07,5.4573425e-07,6.2351966,5.0550481,0.0022673276,0.027127998,weak,TestData/20251124_Testing/vib/Data/TestSetup_006.hdf5
006,7,8,4,4,4,cDAQ1Mod1/ai3,393B31,51835,g,0.3,739,0,0,0,-1,1651.6129,29.999766,1,7,17,30,9909,21471,2.01,0,1,0.00022328302,0.00046066074,2.0631248,4.9855308e-08,2.1220832e-07,6.29051,5.1274894,0.001539757,0.010515059,weak,TestData/20251124_Testing/vib/Data/TestSetup_006.hdf5
006,7,8,5,5,5,cDAQ1Mod2/ai0,393B31,51836,g,83,553,0,0,0,-1,1651.6129,29.999766,1,7,17,30,9909,21471,2.01,0,1,0.00026771784,0.0009301806,3.4744811,7.1672844e-08,8.6523595e-07,10.817799,10.442268,0.0019195669,0.033149512,good,TestData/20251124_Testing/vib/Data/TestSetup_006.hdf5
006,7,8,6,6,6,cDAQ1Mod2/ai1,393B31,61292,g,30,372,0,0,0,-1,1651.6129,29.999766,1,7,17,30,9909,21471,2.01,0,1,0.00023047726,0.00058431526,2.5352404,5.3119768e-08,3.4142432e-07,8.0803829,7.3459533,0.0019427047,0.013100644,weak,TestData/20251124_Testing/vib/Data/TestSetup_006.hdf5
006,7,8,7,7,7,cDAQ1Mod2/ai2,393B31,61321,g,84,234,0,0,0,-1,1651.6129,29.999766,1,7,17,30,9909,21471,2.01,0,1,0.00022205048,0.00050710307,2.2837288,4.9306414e-08,2.5715352e-07,7.1728906,6.2484057,0.0016454407,0.016153685,weak,TestData/20251124_Testing/vib/Data/TestSetup_006.hdf5
006,7,8,8x,8x,8,cDAQ1Mod2/ai3,393A03,67865,g,0,103,0,-1,0,0,1651.6129,29.999766,1,7,17,30,9909,21471,2.01,0,1,0.00010644124,0.00013463964,1.2649199,1.1329737e-08,1.8127833e-08,2.0412608,-2.218325,0.0011455832,0.0040752713,noisy,TestData/20251124_Testing/vib/Data/TestSetup_006.hdf5
006,7,8,8y,8y,9,cDAQ1Mod3/ai0,393A03,67866,g,0,103,0,0,-1,0,1651.6129,29.999766,1,7,17,30,9909,21471,2.01,0,1,0.00012313092,0.00018879715,1.5333042,1.5161222e-08,3.5644363e-08,3.7125665,1.3066234,0.0011661599,0.0066553449,weak,TestData/20251124_Testing/vib/Data/TestSetup_006.hdf5
006,7,8,8z,8z,10,cDAQ1Mod3/ai1,393A03,68542,g,0,103,0,0,0,-1,1651.6129,29.999766,1,7,17,30,9909,21471,2.01,0,1,0.00022409043,0.00044347114,1.9789829,5.0216521e-08,1.9666665e-07,5.928841,4.6484315,0.0015880143,0.013205912,weak,TestData/20251124_Testing/vib/Data/TestSetup_006.hdf5
006,7,8,9x,9x,11,cDAQ1Mod3/ai2,393A03,68578,g,443,1105,0,-1,0,0,1651.6129,29.999766,1,7,17,30,9909,21471,2.01,0,1,0.00017552112,0.00017476423,0.99568778,3.0807662e-08,3.0542536e-08,-0.037536469,,0.0013767302,0.0017485661,noisy,TestData/20251124_Testing/vib/Data/TestSetup_006.hdf5
006,7,8,9y,9y,12,cDAQ1Mod3/ai3,393A03,68588,g,443,1105,0,0,-1,0,1651.6129,29.999766,1,7,17,30,9909,21471,2.01,0,1,0.00028142262,0.0002731656,0.97065974,7.919869e-08,7.4619447e-08,-0.25865969,,0.001663238,0.0017930336,noisy,TestData/20251124_Testing/vib/Data/TestSetup_006.hdf5
006,7,8,9z,9z,13,cDAQ1Mod4/ai0,393A03,68595,g,443,1105,0,0,0,-1,1651.6129,29.999766,1,7,17,30,9909,21471,2.01,0,1,0.00046279346,0.00045581237,0.98491531,2.1417779e-07,2.0776491e-07,-0.13202225,,0.0027685698,0.0028379855,noisy,TestData/20251124_Testing/vib/Data/TestSetup_006.hdf5
006,7,8,10,10,14,cDAQ1Mod4/ai1,393A03,61596,g,311,1010,0,0,0,-1,1651.6129,29.999766,1,7,17,30,9909,21471,2.01,0,1,0.0011854833,0.0011531097,0.97269168,1.4053706e-06,1.329662e-06,-0.24049602,,0.0059438339,0.005402189,noisy,TestData/20251124_Testing/vib/Data/TestSetup_006.hdf5
006,7,8,11,11,15,cDAQ1Mod4/ai2,393B31,61603,g,311,973,0,0,0,-1,1651.6129,29.999766,1,7,17,30,9909,21471,2.01,0,1,0.00041283879,0.00032971967,0.79866446,1.7043587e-07,1.0871506e-07,-1.9527128,,0.0033988041,0.0035477923,noisy,TestData/20251124_Testing/vib/Data/TestSetup_006.hdf5
006,7,8,12,12,16,cDAQ1Mod4/ai3,393B31,61605,g,141,905,0,0,0,-1,1651.6129,29.999766,1,7,17,30,9909,21471,2.01,0,1,0.00031107039,0.00034594118,1.1120993,9.6764788e-08,1.196753e-07,0.92287172,-6.2568257,0.0020817937,0.0062304235,noisy,TestData/20251124_Testing/vib/Data/TestSetup_006.hdf5
006,7,8,13,13,17,cDAQ1Mod5/ai0,393B31,72955,g,167,733,0,0,0,-1,1651.6129,29.999766,1,7,17,30,9909,21471,2.01,0,1,0.00031925552,0.00035236364,1.1037041,1.0192409e-07,1.2416013e-07,0.85705336,-6.6121928,0.0024543691,0.0052412411,noisy,TestData/20251124_Testing/vib/Data/TestSetup_006.hdf5
006,7,8,14,14,18,cDAQ1Mod5/ai1,393B31,72956,g,264,469,0,0,0,-1,1651.6129,29.999766,1,7,17,30,9909,21471,2.01,0,1,0.00034590588,0.0003513974,1.0158757,1.1965088e-07,1.2348013e-07,0.13681184,-14.948021,0.0025675877,0.0032850845,noisy,TestData/20251124_Testing/vib/Data/TestSetup_006.hdf5
006,7,8,15,15,19,cDAQ1Mod5/ai2,393B31,61462,g,192,267,0,0,0,-1,1651.6129,29.999766,1,7,17,30,9909,21471,2.01,0,1,0.00033143068,0.00033643289,1.0150928,1.0984629e-07,1.1318709e-07,0.13011499,-15.16935,0.0022354161,0.0029555837,noisy,TestData/20251124_Testing/vib/Data/TestSetup_006.hdf5
006,7,8,16,16,20,cDAQ1Mod5/ai3,393B31,61593,g,408,181,0,0,0,-1,1651.6129,29.999766,1,7,17,30,9909,21471,2.01,0,1,0.00038032307,0.00038839141,1.0212144,1.4464564e-07,1.5084789e-07,0.18233894,-13.67756,0.0025477161,0.0028129949,noisy,TestData/20251124_Testing/vib/Data/TestSetup_006.hdf5
006,8,9,1,1,1,cDAQ1Mod1/ai0,393B31,51815,g,83,991,0,0,0,-1,1651.6129,29.999766,1,7,18,30,9909,19819,1.38,0,1,0.00035021831,0.00036963698,1.0554474,1.2265286e-07,1.366315e-07,0.46873148,-9.4321284,0.0023838007,0.0092949478,noisy,TestData/20251124_Testing/vib/Data/TestSetup_006.hdf5
006,8,9,2,2,2,cDAQ1Mod1/ai1,393B31,51819,g,0.3,886,0,0,0,-1,1651.6129,29.999766,1,7,18,30,9909,19819,1.38,0,1,0.00043074602,0.00046089599,1.0699948,1.8554213e-07,2.1242511e-07,0.5876331,-8.3896516,0.0031455402,0.0092577574,noisy,TestData/20251124_Testing/vib/Data/TestSetup_006.hdf5
006,8,9,3,3,3,cDAQ1Mod1/ai2,393B31,72538,g,84,905,0,0,0,-1,1651.6129,29.999766,1,7,18,30,9909,19819,1.38,0,1,0.0003553994,0.00042378032,1.1924058,1.2630873e-07,1.7958976e-07,1.5284819,-3.748608,0.0022822458,0.0075771175,noisy,TestData/20251124_Testing/vib/Data/TestSetup_006.hdf5
006,8,9,4,4,4,cDAQ1Mod1/ai3,393B31,51835,g,0.3,739,0,0,0,-1,1651.6129,29.999766,1,7,18,30,9909,19819,1.38,0,1,0.00022031013,0.00026942531,1.2229365,4.8536554e-08,7.2589998e-08,1.7480785,-3.0489167,0.0016598777,0.0059107245,noisy,TestData/20251124_Testing/vib/Data/TestSetup_006.hdf5
006,8,9,5,5,5,cDAQ1Mod2/ai0,393B31,51836,g,83,553,0,0,0,-1,1651.6129,29.999766,1,7,18,30,9909,19819,1.38,0,1,0.00027217094,0.00040470155,1.4869389,7.4077022e-08,1.6378335e-07,3.4458623,0.83139548,0.0020361287,0.009965964,weak,TestData/20251124_Testing/vib/Data/TestSetup_006.hdf5
006,8,9,6,6,6,cDAQ1Mod2/ai1,393B31,61292,g,30,372,0,0,0,-1,1651.6129,29.999766,1,7,18,30,9909,19819,1.38,0,1,0.00022351794,0.00030763658,1.3763395,4.996027e-08,9.4640265e-08,2.7745117,-0.48511654,0.0017407156,0.0062741654,noisy,TestData/20251124_Testing/vib/Data/TestSetup_006.hdf5
006,8,9,7,7,7,cDAQ1Mod2/ai2,393B31,61321,g,84,234,0,0,0,-1,1651.6129,29.999766,1,7,18,30,9909,19819,1.38,0,1,0.00021760604,0.00021285887,0.97818457,4.735239e-08,4.53089e-08,-0.19158383,,0.0014209852,0.0020026062,noisy,TestData/20251124_Testing/vib/Data/TestSetup_006.hdf5
006,8,9,8x,8x,8,cDAQ1Mod2/ai3,393A03,67865,g,0,103,0,-1,0,0,1651.6129,29.999766,1,7,18,30,9909,19819,1.38,0,1,0.00010978358,0.00011424535,1.0406416,1.2052433e-08,1.3052e-08,0.34602341,-10.812628,0.00088328845,0.0015743944,noisy,TestData/20251124_Testing/vib/Data/TestSetup_006.hdf5
006,8,9,8y,8y,9,cDAQ1Mod3/ai0,393A03,67866,g,0,103,0,0,-1,0,1651.6129,29.999766,1,7,18,30,9909,19819,1.38,0,1,0.00012472016,0.00013472825,1.0802443,1.5555119e-08,1.8151701e-08,0.67043997,-7.7747126,0.00097200476,0.001599937,noisy,TestData/20251124_Testing/vib/Data/TestSetup_006.hdf5
006,8,9,8z,8z,10,cDAQ1Mod3/ai1,393A03,68542,g,0,103,0,0,0,-1,1651.6129,29.999766,1,7,18,30,9909,19819,1.38,0,1,0.00020250168,0.00020415194,1.0081494,4.1006931e-08,4.1678015e-08,0.070497599,-17.860803,0.0014403909,0.0016524097,noisy,TestData/20251124_Testing/vib/Data/TestSetup_006.hdf5
006,8,9,9x,9x,11,cDAQ1Mod3/ai2,393A03,68578,g,443,1105,0,-1,0,0,1651.6129,29.999766,1,7,18,30,9909,19819,1.38,0,1,0.00017725617,0.00017633467,0.99480135,3.1419748e-08,3.1093917e-08,-0.045272679,,0.0013554824,0.0013892289,noisy,TestData/20251124_Testing/vib/Data/TestSetup_006.hdf5
006,8,9,9y,9y,12,cDAQ1Mod3/ai3,393A03,68588,g,443,1105,0,0,-1,0,1651.6129,29.999766,1,7,18,30,9909,19819,1.38,0,1,0.00028011081,0.00028010653,0.99998473,7.8462066e-08,7.845967e-08,-0.00013266574,,0.0020223391,0.0017917974,noisy,TestData/20251124_Testing/vib/Data/TestSetup_006.hdf5
006,8,9,9z,9z,13,cDAQ1Mod4/ai0,393A03,68595,g,443,1105,0,0,0,-1,1651.6129,29.999766,1,7,18,30,9909,19819,1.38,0,1,0.0004756862,0.00047706625,1.0029012,2.2627736e-07,2.2759221e-07,0.025162894,-22.35765,0.0026638265,0.0025677602,noisy,TestData/20251124_Testing/vib/Data/TestSetup_006.hdf5
006,8,9,10,10,14,cDAQ1Mod4/ai1,393A03,61596,g,311,1010,0,0,0,-1,1651.6129,29.999766,1,7,18,30,9909,19819,1.38,0,1,0.0011790099,0.0011969383,1.0152063,1.3900645e-06,1.4326613e-06,0.13108593,-15.136575,0.0059572705,0.0054904772,noisy,TestData/20251124_Testing/vib/Data/TestSetup_006.hdf5
006,8,9,11,11,15,cDAQ1Mod4/ai2,393B31,61603,g,311,973,0,0,0,-1,1651.6129,29.999766,1,7,18,30,9909,19819,1.38,0,1,0.0003310538,0.00030447221,0.91970614,1.0959662e-07,9.2703328e-08,-0.72701831,,0.0041449239,0.0024440636,noisy,TestData/20251124_Testing/vib/Data/TestSetup_006.hdf5
006,8,9,12,12,16,cDAQ1Mod4/ai3,393B31,61605,g,141,905,0,0,0,-1,1651.6129,29.999766,1,7,18,30,9909,19819,1.38,0,1,0.00035148354,0.00030472177,0.86695888,1.2354068e-07,9.2855358e-08,-1.24003,,0.0070399215,0.0025997121,noisy,TestData/20251124_Testing/vib/Data/TestSetup_006.hdf5
006,8,9,13,13,17,cDAQ1Mod5/ai0,393B31,72955,g,167,733,0,0,0,-1,1651.6129,29.999766,1,7,18,30,9909,19819,1.38,0,1,0.00031817165,0.0003261997,1.0252318,1.012332e-07,1.0640625e-07,0.21644165,-12.915764,0.0027957321,0.0029698765,noisy,TestData/20251124_Testing/vib/Data/TestSetup_006.hdf5
006,8,9,14,14,18,cDAQ1Mod5/ai1,393B31,72956,g,264,469,0,0,0,-1,1651.6129,29.999766,1,7,18,30,9909,19819,1.38,0,1,0.00033867825,0.00033498208,0.98908648,1.1470296e-07,1.12213e-07,-0.095314668,,0.002472073,0.002651921,noisy,TestData/20251124_Testing/vib/Data/TestSetup_006.hdf5
006,8,9,15,15,19,cDAQ1Mod5/ai2,393B31,61462,g,192,267,0,0,0,-1,1651.6129,29.999766,1,7,18,30,9909,19819,1.38,0,1,0.00032745716,0.00030028953,0.91703453,1.0722819e-07,9.01738e-08,-0.7522862,,0.0019594851,0.002130787,noisy,TestData/20251124_Testing/vib/Data/TestSetup_006.hdf5
006,8,9,16,16,20,cDAQ1Mod5/ai3,393B31,61593,g,408,181,0,0,0,-1,1651.6129,29.999766,1,7,18,30,9909,19819,1.38,0,1,0.00037895159,0.00037072757,0.97829798,1.436043e-07,1.3743893e-07,-0.19057688,,0.0020892134,0.0022017002,noisy,TestData/20251124_Testing/vib/Data/TestSetup_006.hdf5
006,9,10,1,1,1,cDAQ1Mod1/ai0,393B31,51815,g,83,991,0,0,0,-1,1651.6129,29.999766,1,7,18,30,9909,19819,1.07,0,1,0.00033662086,0.00034520344,1.0254963,1.133136e-07,1.1916541e-07,0.21868181,-12.869917,0.0027415533,0.0023487803,noisy,TestData/20251124_Testing/vib/Data/TestSetup_006.hdf5
006,9,10,2,2,2,cDAQ1Mod1/ai1,393B31,51819,g,0.3,886,0,0,0,-1,1651.6129,29.999766,1,7,18,30,9909,19819,1.07,0,1,0.00041104148,0.00043990039,1.0702092,1.689551e-07,1.9351235e-07,0.58937388,-8.3759152,0.0030841797,0.0031082587,noisy,TestData/20251124_Testing/vib/Data/TestSetup_006.hdf5
006,9,10,3,3,3,cDAQ1Mod1/ai2,393B31,72538,g,84,905,0,0,0,-1,1651.6129,29.999766,1,7,18,30,9909,19819,1.07,0,1,0.0003501443,0.00036354444,1.0382703,1.2260103e-07,1.3216456e-07,0.32620895,-11.078759,0.0022640124,0.0026738037,noisy,TestData/20251124_Testing/vib/Data/TestSetup_006.hdf5
006,9,10,4,4,4,cDAQ1Mod1/ai3,393B31,51835,g,0.3,739,0,0,0,-1,1651.6129,29.999766,1,7,18,30,9909,19819,1.07,0,1,0.00021802884,0.00023560218,1.080601,4.7536574e-08,5.5508389e-08,0.67330747,-7.7547065,0.0015623812,0.0022319196,noisy,TestData/20251124_Testing/vib/Data/TestSetup_006.hdf5
006,9,10,5,5,5,cDAQ1Mod2/ai0,393B31,51836,g,83,553,0,0,0,-1,1651.6129,29.999766,1,7,18,30,9909,19819,1.07,0,1,0.00026782666,0.00037949363,1.4169375,7.1731119e-08,1.4401541e-07,3.0270137,0.033363353,0.0018023779,0.010478384,weak,TestData/20251124_Testing/vib/Data/TestSetup_006.hdf5
006,9,10,6,6,6,cDAQ1Mod2/ai1,393B31,61292,g,30,372,0,0,0,-1,1651.6129,29.999766,1,7,18,30,9909,19819,1.07,0,1,0.00022723325,0.00029679719,1.3061345,5.1634949e-08,8.8088572e-08,2.3197582,-1.5120305,0.0015761799,0.0053075872,noisy,TestData/20251124_Testing/vib/Data/TestSetup_006.hdf5
006,9,10,7,7,7,cDAQ1Mod2/ai2,393B31,61321,g,84,234,0,0,0,-1,1651.6129,29.999766,1,7,18,30,9909,19819,1.07,0,1,0.0002278002,0.00026203504,1.1502845,5.1892933e-08,6.8662361e-08,1.2161052,-4.9058995,0.0016074965,0.0042839726,noisy,TestData/20251124_Testing/vib/Data/TestSetup_006.hdf5
006,9,10,8x,8x,8,cDAQ1Mod2/ai3,393A03,67865,g,0,103,0,-1,0,0,1651.6129,29.999766,1,7,18,30,9909,19819,1.07,0,1,0.00010947654,0.00012240521,1.1180954,1.1985112e-08,1.4983036e-08,0.96957727,-6.0182147,0.0008651344,0.0020107176,noisy,TestData/20251124_Testing/vib/Data/TestSetup_006.hdf5
006,9,10,8y,8y,9,cDAQ1Mod3/ai0,393A03,67866,g,0,103,0,0,-1,0,1651.6129,29.999766,1,7,18,30,9909,19819,1.07,0,1,0.00012566668,0.0001547941,1.2317831,1.5792115e-08,2.3961212e-08,1.8106848,-2.8626627,0.0011108626,0.004112895,noisy,TestData/20251124_Testing/vib/Data/TestSetup_006.hdf5
006,9,10,8z,8z,10,cDAQ1Mod3/ai1,393A03,68542,g,0,103,0,0,0,-1,1651.6129,29.999766,1,7,18,30,9909,19819,1.07,0,1,0.00020516246,0.0002447784,1.1930955,4.2091633e-08,5.9916465e-08,1.5335041,-3.7317032,0.0015053938,0.0037422219,noisy,TestData/20251124_Testing/vib/Data/TestSetup_006.hdf5
006,9,10,9x,9x,11,cDAQ1Mod3/ai2,393A03,68578,g,443,1105,0,-1,0,0,1651.6129,29.999766,1,7,18,30,9909,19819,1.07,0,1,0.00017626428,0.00017946105,1.0181362,3.1069097e-08,3.2206267e-08,0.1561176,-14.365032,0.0014529722,0.0013842294,noisy,TestData/20251124_Testing/vib/Data/TestSetup_006.hdf5
006,9,10,9y,9y,12,cDAQ1Mod3/ai3,393A03,68588,g,443,1105,0,0,-1,0,1651.6129,29.999766,1,7,18,30,9909,19819,1.07,0,1,0.0002879314,0.0002844032,0.9877464,8.290449e-08,8.088518e-08,-0.10709093,,0.0018622579,0.0019024327,noisy,TestData/20251124_Testing/vib/Data/TestSetup_006.hdf5
006,9,10,9z,9z,13,cDAQ1Mod4/ai0,393A03,68595,g,443,1105,0,0,0,-1,1651.6129,29.999766,1,7,18,30,9909,19819,1.07,0,1,0.0004856013,0.00049072885,1.0105592,2.3580862e-07,2.4081481e-07,0.091235097,-16.730526,0.0026495715,0.0028119546,noisy,TestData/20251124_Testing/vib/Data/TestSetup_006.hdf5
006,9,10,10,10,14,cDAQ1Mod4/ai1,393A03,61596,g,311,1010,0,0,0,-1,1651.6129,29.999766,1,7,18,30,9909,19819,1.07,0,1,0.0012145173,0.0012104999,0.99669219,1.4750522e-06,1.46531e-06,-0.028778933,,0.0054626534,0.0055782585,noisy,TestData/20251124_Testing/vib/Data/TestSetup_006.hdf5
006,9,10,11,11,15,cDAQ1Mod4/ai2,393B31,61603,g,311,973,0,0,0,-1,1651.6129,29.999766,1,7,18,30,9909,19819,1.07,0,1,0.00032610803,0.00035085261,1.0758785,1.0634644e-07,1.2309756e-07,0.63526461,-8.0267931,0.0026766986,0.0025109563,noisy,TestData/20251124_Testing/vib/Data/TestSetup_006.hdf5
006,9,10,12,12,16,cDAQ1Mod4/ai3,393B31,61605,g,141,905,0,0,0,-1,1651.6129,29.999766,1,7,18,30,9909,19819,1.07,0,1,0.00030722665,0.00031971777,1.0406577,9.4388217e-08,1.0221946e-07,0.3461578,-10.810873,0.0021421337,0.0023271,noisy,TestData/20251124_Testing/vib/Data/TestSetup_006.hdf5
006,9,10,13,13,17,cDAQ1Mod5/ai0,393B31,72955,g,167,733,0,0,0,-1,1651.6129,29.999766,1,7,18,30,9909,19819,1.07,0,1,0.00031963825,0.00032046216,1.0025776,1.0216861e-07,1.02696e-07,0.022360175,-22.871906,0.0022276881,0.0023802439,noisy,TestData/20251124_Testing/vib/Data/TestSetup_006.hdf5
006,9,10,14,14,18,cDAQ1Mod5/ai1,393B31,72956,g,264,469,0,0,0,-1,1651.6129,29.999766,1,7,18,30,9909,19819,1.07,0,1,0.00034441616,0.00034439506,0.99993873,1.1862249e-07,1.1860796e-07,-0.00053216661,,0.0025383395,0.0025051747,noisy,TestData/20251124_Testing/vib/Data/TestSetup_006.hdf5
006,9,10,15,15,19,cDAQ1Mod5/ai2,393B31,61462,g,192,267,0,0,0,-1,1651.6129,29.999766,1,7,18,30,9909,19819,1.07,0,1,0.00034417582,0.00032730944,0.95099487,1.1845699e-07,1.0713147e-07,-0.43643651,,0.0023085191,0.002208697,noisy,TestData/20251124_Testing/vib/Data/TestSetup_006.hdf5
006,9,10,16,16,20,cDAQ1Mod5/ai3,393B31,61593,g,408,181,0,0,0,-1,1651.6129,29.999766,1,7,18,30,9909,19819,1.07,0,1,0.0003857371,0.00037774205,0.97927332,1.4879311e-07,1.4268906e-07,-0.18192151,,0.0022372524,0.0022885844,noisy,TestData/20251124_Testing/vib/Data/TestSetup_006.hdf5
006,10,11,1,1,1,cDAQ1Mod1/ai0,393B31,51815,g,83,991,0,0,0,-1,1651.6129,29.999766,1,7,18,30,9909,19819,2.035,0,1,0.00033652791,0.00053770938,1.5978151,1.1325103e-07,2.8913138e-07,4.0705306,1.9117514,0.0023692604,0.0123786,weak,TestData/20251124_Testing/vib/Data/TestSetup_006.hdf5
006,10,11,2,2,2,cDAQ1Mod1/ai1,393B31,51819,g,0.3,886,0,0,0,-1,1651.6129,29.999766,1,7,18,30,9909,19819,2.035,0,1,0.00040229931,0.00088303975,2.194982,1.6184474e-07,7.797592e-07,6.8286193,5.8182979,0.0025995831,0.017120696,weak,TestData/20251124_Testing/vib/Data/TestSetup_006.hdf5
006,10,11,3,3,3,cDAQ1Mod1/ai2,393B31,72538,g,84,905,0,0,0,-1,1651.6129,29.999766,1,7,18,30,9909,19819,2.035,0,1,0.00035940305,0.00079660864,2.2164771,1.2917055e-07,6.3458533e-07,6.9132651,5.9248442,0.0024482496,0.01991162,weak,TestData/20251124_Testing/vib/Data/TestSetup_006.hdf5
006,10,11,4,4,4,cDAQ1Mod1/ai3,393B31,51835,g,0.3,739,0,0,0,-1,1651.6129,29.999766,1,7,18,30,9909,19819,2.035,0,1,0.00021349782,0.00051438055,2.4093012,4.5581318e-08,2.6458735e-07,7.6378221,6.8166921,0.0015990049,0.013480952,weak,TestData/20251124_Testing/vib/Data/TestSetup_006.hdf5
006,10,11,5,5,5,cDAQ1Mod2/ai0,393B31,51836,g,83,553,0,0,0,-1,1651.6129,29.999766,1,7,18,30,9909,19819,2.035,0,1,0.00026062124,0.00083272124,3.1951396,6.792343e-08,6.9342466e-07,10.089797,9.6420856,0.0017127295,0.020915613,good,TestData/20251124_Testing/vib/Data/TestSetup_006.hdf5
006,10,11,6,6,6,cDAQ1Mod2/ai1,393B31,61292,g,30,372,0,0,0,-1,1651.6129,29.999766,1,7,18,30,9909,19819,2.035,0,1,0.00021970004,0.00059830787,2.7232943,4.8268108e-08,3.5797231e-07,8.7018916,8.0728682,0.001726609,0.01243708,weak,TestData/20251124_Testing/vib/Data/TestSetup_006.hdf5
006,10,11,7,7,7,cDAQ1Mod2/ai2,393B31,61321,g,84,234,0,0,0,-1,1651.6129,29.999766,1,7,18,30,9909,19819,2.035,0,1,0.00021647716,0.00055229848,2.5513014,4.6862359e-08,3.0503361e-07,8.1352355,7.4108373,0.0015231763,0.018535292,weak,TestData/20251124_Testing/vib/Data/TestSetup_006.hdf5
006,10,11,8x,8x,8,cDAQ1Mod2/ai3,393A03,67865,g,0,103,0,-1,0,0,1651.6129,29.999766,1,7,18,30,9909,19819,2.035,0,1,0.0001093919,0.00015689581,1.4342544,1.1966587e-08,2.4616294e-08,3.1325237,0.24110165,0.0007943962,0.0062925695,weak,TestData/20251124_Testing/vib/Data/TestSetup_006.hdf5
006,10,11,8y,8y,9,cDAQ1Mod3/ai0,393A03,67866,g,0,103,0,0,-1,0,1651.6129,29.999766,1,7,18,30,9909,19819,2.035,0,1,0.00012894253,0.00020612109,1.59855,1.6626177e-08,4.2485902e-08,4.0745244,1.9183149,0.00099412371,0.0071677671,weak,TestData/20251124_Testing/vib/Data/TestSetup_006.hdf5
006,10,11,8z,8z,10,cDAQ1Mod3/ai1,393A03,68542,g,0,103,0,0,0,-1,1651.6129,29.999766,1,7,18,30,9909,19819,2.035,0,1,0.00020584378,0.00048046244,2.334112,4.2371661e-08,2.3084415e-07,7.3624339,6.4817248,0.0015120764,0.01195567,weak,TestData/20251124_Testing/vib/Data/TestSetup_006.hdf5
006,10,11,9x,9x,11,cDAQ1Mod3/ai2,393A03,68578,g,443,1105,0,-1,0,0,1651.6129,29.999766,1,7,18,30,9909,19819,2.035,0,1,0.00017628887,0.00018882598,1.0711169,3.1077765e-08,3.565525e-08,0.59673708,-8.3182285,0.0015010921,0.0016092057,noisy,TestData/20251124_Testing/vib/Data/TestSetup_006.hdf5
006,10,11,9y,9y,12,cDAQ1Mod3/ai3,393A03,68588,g,443,1105,0,0,-1,0,1651.6129,29.999766,1,7,18,30,9909,19819,2.035,0,1,0.00028373137,0.00029498892,1.0396768,8.050349e-08,8.7018462e-08,0.33796692,-10.919022,0.0018023047,0.0021502805,noisy,TestData/20251124_Testing/vib/Data/TestSetup_006.hdf5
006,10,11,9z,9z,13,cDAQ1Mod4/ai0,393A03,68595,g,443,1105,0,0,0,-1,1651.6129,29.999766,1,7,18,30,9909,19819,2.035,0,1,0.00048043332,0.00050698629,1.0552688,2.3081618e-07,2.570351e-07,0.46726195,-9.4465135,0.0024822301,0.0036108546,noisy,TestData/20251124_Testing/vib/Data/TestSetup_006.hdf5
006,10,11,10,10,14,cDAQ1Mod4/ai1,393A03,61596,g,311,1010,0,0,0,-1,1651.6129,29.999766,1,7,18,30,9909,19819,2.035,0,1,0.0012076459,0.0012151658,1.0062269,1.4584087e-06,1.4766279e-06,0.053918269,-19.033497,0.0056649622,0.0064641198,noisy,TestData/20251124_Testing/vib/Data/TestSetup_006.hdf5
006,10,11,11,11,15,cDAQ1Mod4/ai2,393B31,61603,g,311,973,0,0,0,-1,1651.6129,29.999766,1,7,18,30,9909,19819,2.035,0,1,0.00028619588,0.00041333236,1.4442289,8.1908081e-08,1.7084364e-07,3.1927206,0.35748682,0.0019159965,0.0042077831,weak,TestData/20251124_Testing/vib/Data/TestSetup_006.hdf5
006,10,11,12,12,16,cDAQ1Mod4/ai3,393B31,61605,g,141,905,0,0,0,-1,1651.6129,29.999766,1,7,18,30,9909,19819,2.035,0,1,0.00030427784,0.00036014642,1.1836104,9.2585002e-08,1.2970545e-07,1.4641758,-3.9692746,0.002112282,0.0042288285,noisy,TestData/20251124_Testing/vib/Data/TestSetup_006.hdf5
006,10,11,13,13,17,cDAQ1Mod5/ai0,393B31,72955,g,167,733,0,0,0,-1,1651.6129,29.999766,1,7,18,30,9909,19819,2.035,0,1,0.00030901742,0.00036782675,1.1903107,9.5491769e-08,1.3529652e-07,1.5132067,-3.8003107,0.002269056,0.0035182036,noisy,TestData/20251124_Testing/vib/Data/TestSetup_006.hdf5
006,10,11,14,14,18,cDAQ1Mod5/ai1,393B31,72956,g,264,469,0,0,0,-1,1651.6129,29.999766,1,7,18,30,9909,19819,2.035,0,1,0.00032249753,0.00038567631,1.1959047,1.0400465e-07,1.4874622e-07,1.5539315,-3.6634163,0.0023411194,0.0031535624,noisy,TestData/20251124_Testing/vib/Data/TestSetup_006.hdf5
006,10,11,15,15,19,cDAQ1Mod5/ai2,393B31,61462,g,192,267,0,0,0,-1,1651.6129,29.999766,1,7,18,30,9909,19819,2.035,0,1,0.00033421523,0.00036205615,1.0833024,1.1169982e-07,1.3108466e-07,0.69499381,-7.6059037,0.0020561858,0.0032017991,noisy,TestData/20251124_Testing/vib/Data/TestSetup_006.hdf5
006,10,11,16,16,20,cDAQ1Mod5/ai3,393B31,61593,g,408,181,0,0,0,-1,1651.6129,29.999766,1,7,18,30,9909,19819,2.035,0,1,0.00037651708,0.00041690831,1.1072759,1.4176511e-07,1.7381254e-07,0.88511734,-6.4577622,0.0020855377,0.0030056484,noisy,TestData/20251124_Testing/vib/Data/TestSetup_006.hdf5
006,11,12,1,1,1,cDAQ1Mod1/ai0,393B31,51815,g,83,991,0,0,0,-1,1651.6129,29.999766,1,7,18,30,9909,19819,1.225,0,1,0.00031595925,0.00031788504,1.006095,9.9830247e-08,1.010509e-07,0.052780214,-19.126715,0.0020978213,0.0021424321,noisy,TestData/20251124_Testing/vib/Data/TestSetup_006.hdf5
006,11,12,2,2,2,cDAQ1Mod1/ai1,393B31,51819,g,0.3,886,0,0,0,-1,1651.6129,29.999766,1,7,18,30,9909,19819,1.225,0,1,0.00036738517,0.00037562627,1.0224318,1.3497186e-07,1.4109509e-07,0.1926867,-13.432626,0.0022937239,0.0031777921,noisy,TestData/20251124_Testing/vib/Data/TestSetup_006.hdf5
006,11,12,3,3,3,cDAQ1Mod1/ai2,393B31,72538,g,84,905,0,0,0,-1,1651.6129,29.999766,1,7,18,30,9909,19819,1.225,0,1,0.00034924998,0.00034643818,0.99194902,1.2197555e-07,1.2001941e-07,-0.070212988,,0.0022944628,0.002918819,noisy,TestData/20251124_Testing/vib/Data/TestSetup_006.hdf5
006,11,12,4,4,4,cDAQ1Mod1/ai3,393B31,51835,g,0.3,739,0,0,0,-1,1651.6129,29.999766,1,7,18,30,9909,19819,1.225,0,1,0.00020110779,0.00022937685,1.1405667,4.0444344e-08,5.2613738e-08,1.1424136,-5.2158887,0.0014512602,0.0031721982,noisy,TestData/20251124_Testing/vib/Data/TestSetup_006.hdf5
006,11,12,5,5,5,cDAQ1Mod2/ai0,393B31,51836,g,83,553,0,0,0,-1,1651.6129,29.999766,1,7,18,30,9909,19819,1.225,0,1,0.00025589592,0.00039669121,1.5502053,6.5482724e-08,1.5736391e-07,3.8077841,1.4709988,0.0020521888,0.0086373612,weak,TestData/20251124_Testing/vib/Data/TestSetup_006.hdf5
006,11,12,6,6,6,cDAQ1Mod2/ai1,393B31,61292,g,30,372,0,0,0,-1,1651.6129,29.999766,1,7,18,30,9909,19819,1.225,0,1,0.0002334517,0.00032048029,1.3727906,5.4499696e-08,1.0270761e-07,2.7520856,-0.53275696,0.0014906779,0.006071006,noisy,TestData/20251124_Testing/vib/Data/TestSetup_006.hdf5
006,11,12,7,7,7,cDAQ1Mod2/ai2,393B31,61321,g,84,234,0,0,0,-1,1651.6129,29.999766,1,7,18,30,9909,19819,1.225,0,1,0.00022205374,0.00028796928,1.296845,4.9307862e-08,8.2926305e-08,2.2577614,-1.6633858,0.0015241831,0.0054489136,noisy,TestData/20251124_Testing/vib/Data/TestSetup_006.hdf5
006,11,12,8x,8x,8,cDAQ1Mod2/ai3,393A03,67865,g,0,103,0,-1,0,0,1651.6129,29.999766,1,7,18,30,9909,19819,1.225,0,1,0.0001472903,0.00021917967,1.4880795,2.1694433e-08,4.8039729e-08,3.4525224,0.84354768,0.0012601415,0.0023487585,weak,TestData/20251124_Testing/vib/Data/TestSetup_006.hdf5
006,11,12,8y,8y,9,cDAQ1Mod3/ai0,393A03,67866,g,0,103,0,0,-1,0,1651.6129,29.999766,1,7,18,30,9909,19819,1.225,0,1,0.00019818677,0.00030915108,1.5598977,3.9277994e-08,9.5574391e-08,3.8619224,1.5633129,0.0017621426,0.0040827886,weak,TestData/20251124_Testing/vib/Data/TestSetup_006.hdf5
006,11,12,8z,8z,10,cDAQ1Mod3/ai1,393A03,68542,g,0,103,0,0,0,-1,1651.6129,29.999766,1,7,18,30,9909,19819,1.225,0,1,0.00020977202,0.00027098651,1.2918143,4.4004302e-08,7.3433687e-08,2.224002,-1.7471395,0.0015315165,0.004607307,noisy,TestData/20251124_Testing/vib/Data/TestSetup_006.hdf5
006,11,12,9x,9x,11,cDAQ1Mod3/ai2,393A03,68578,g,443,1105,0,-1,0,0,1651.6129,29.999766,1,7,18,30,9909,19819,1.225,0,1,0.00018089279,0.00017901052,0.98959459,3.2722201e-08,3.2044768e-08,-0.090853754,,0.0013286102,0.0015735845,noisy,TestData/20251124_Testing/vib/Data/TestSetup_006.hdf5
006,11,12,9y,9y,12,cDAQ1Mod3/ai3,393A03,68588,g,443,1105,0,0,-1,0,1651.6129,29.999766,1,7,18,30,9909,19819,1.225,0,1,0.0002893014,0.00028270933,0.97721384,8.36953e-08,7.9924566e-08,-0.20020785,,0.0019141761,0.0020724032,noisy,TestData/20251124_Testing/vib/Data/TestSetup_006.hdf5
006,11,12,9z,9z,13,cDAQ1Mod4/ai0,393A03,68595,g,443,1105,0,0,0,-1,1651.6129,29.999766,1,7,18,30,9909,19819,1.225,0,1,0.00048621211,0.00047327521,0.97339248,2.3640221e-07,2.2398942e-07,-0.23424026,,0.0025287139,0.0025064017,noisy,TestData/20251124_Testing/vib/Data/TestSetup_006.hdf5
006,11,12,10,10,14,cDAQ1Mod4/ai1,393A03,61596,g,311,1010,0,0,0,-1,1651.6129,29.999766,1,7,18,30,9909,19819,1.225,0,1,0.0012263058,0.0011997233,0.97832304,1.503826e-06,1.4393359e-06,-0.19035434,,0.0058900244,0.0056551383,noisy,TestData/20251124_Testing/vib/Data/TestSetup_006.hdf5
006,11,12,11,11,15,cDAQ1Mod4/ai2,393B31,61603,g,311,973,0,0,0,-1,1651.6129,29.999766,1,7,18,30,9909,19819,1.225,0,1,0.00034306386,0.00029846959,0.87001175,1.1769281e-07,8.9084096e-08,-1.2094977,,0.0026290423,0.0027440877,noisy,TestData/20251124_Testing/vib/Data/TestSetup_006.hdf5
006,11,12,12,12,16,cDAQ1Mod4/ai3,393B31,61605,g,141,905,0,0,0,-1,1651.6129,29.999766,1,7,18,30,9909,19819,1.225,0,1,0.00030210898,0.00029434625,0.97430485,9.1269836e-08,8.6639712e-08,-0.22610268,,0.0025953839,0.0028119205,noisy,TestData/20251124_Testing/vib/Data/TestSetup_006.hdf5
006,11,12,13,13,17,cDAQ1Mod5/ai0,393B31,72955,g,167,733,0,0,0,-1,1651.6129,29.999766,1,7,18,30,9909,19819,1.225,0,1,0.00033363868,0.00029696255,0.89007228,1.1131477e-07,8.8186753e-08,-1.0114944,,0.0033068094,0.0025870832,noisy,TestData/20251124_Testing/vib/Data/TestSetup_006.hdf5
006,11,12,14,14,18,cDAQ1Mod5/ai1,393B31,72956,g,264,469,0,0,0,-1,1651.6129,29.999766,1,7,18,30,9909,19819,1.225,0,1,0.00033632837,0.00032850744,0.97674616,1.1311677e-07,1.0791714e-07,-0.20436576,,0.0023818016,0.0024483207,noisy,TestData/20251124_Testing/vib/Data/TestSetup_006.hdf5
006,11,12,15,15,19,cDAQ1Mod5/ai2,393B31,61462,g,192,267,0,0,0,-1,1651.6129,29.999766,1,7,18,30,9909,19819,1.225,0,1,0.00031810411,0.00032423758,1.0192813,1.0119023e-07,1.0513001e-07,0.1658813,-14.096664,0.0018986803,0.002148579,noisy,TestData/20251124_Testing/vib/Data/TestSetup_006.hdf5
006,11,12,16,16,20,cDAQ1Mod5/ai3,393B31,61593,g,408,181,0,0,0,-1,1651.6129,29.999766,1,7,18,30,9909,19819,1.225,0,1,0.00037533937,0.00037786739,1.0067353,1.4087964e-07,1.4278376e-07,0.058305843,-18.691537,0.0020137363,0.0022282534,noisy,TestData/20251124_Testing/vib/Data/TestSetup_006.hdf5
006,12,13,1,1,1,cDAQ1Mod1/ai0,393B31,51815,g,83,991,0,0,0,-1,1651.6129,29.999766,1,7,18,30,9909,19819,1.38,0,1,0.0003418849,0.00040593242,1.1873365,1.1688529e-07,1.6478113e-07,1.4914762,-3.8746204,0.0022435953,0.009677883,noisy,TestData/20251124_Testing/vib/Data/TestSetup_006.hdf5
006,12,13,2,2,2,cDAQ1Mod1/ai1,393B31,51819,g,0.3,886,0,0,0,-1,1651.6129,29.999766,1,7,18,30,9909,19819,1.38,0,1,0.00042984347,0.00051804112,1.2051855,1.8476541e-07,2.683666e-07,1.6210779,-3.4440821,0.0028098181,0.0088422541,noisy,TestData/20251124_Testing/vib/Data/TestSetup_006.hdf5
006,12,13,3,3,3,cDAQ1Mod1/ai2,393B31,72538,g,84,905,0,0,0,-1,1651.6129,29.999766,1,7,18,30,9909,19819,1.38,0,1,0.000364603,0.00043251257,1.1862562,1.3293535e-07,1.8706712e-07,1.4835699,-3.9018821,0.0023116525,0.0084883582,noisy,TestData/20251124_Testing/vib/Data/TestSetup_006.hdf5
006,12,13,4,4,4,cDAQ1Mod1/ai3,393B31,51835,g,0.3,739,0,0,0,-1,1651.6129,29.999766,1,7,18,30,9909,19819,1.38,0,1,0.00022903508,0.00027679644,1.2085329,5.2457069e-08,7.6616266e-08,1.6451697,-3.3672151,0.0016617526,0.0045335867,noisy,TestData/20251124_Testing/vib/Data/TestSetup_006.hdf5
006,12,13,5,5,5,cDAQ1Mod2/ai0,393B31,51836,g,83,553,0,0,0,-1,1651.6129,29.999766,1,7,18,30,9909,19819,1.38,0,1,0.00028110652,0.00040681386,1.4471876,7.9020873e-08,1.6549752e-07,3.2104967,0.39157017,0.0021573328,0.011455357,weak,TestData/20251124_Testing/vib/Data/TestSetup_006.hdf5
006,12,13,6,6,6,cDAQ1Mod2/ai1,393B31,61292,g,30,372,0,0,0,-1,1651.6129,29.999766,1,7,18,30,9909,19819,1.38,0,1,0.0002362224,0.00029613146,1.253613,5.580102e-08,8.7693839e-08,1.9632695,-2.4294923,0.0017574094,0.0075197953,noisy,TestData/20251124_Testing/vib/Data/TestSetup_006.hdf5
006,12,13,7,7,7,cDAQ1Mod2/ai2,393B31,61321,g,84,234,0,0,0,-1,1651.6129,29.999766,1,7,18,30,9909,19819,1.38,0,1,0.00022916092,0.00022801521,0.9950004,5.2514729e-08,5.1990937e-08,-0.043534911,,0.001706856,0.0020388513,noisy,TestData/20251124_Testing/vib/Data/TestSetup_006.hdf5
006,12,13,8x,8x,8,cDAQ1Mod2/ai3,393A03,67865,g,0,103,0,-1,0,0,1651.6129,29.999766,1,7,18,30,9909,19819,1.38,0,1,0.00011341543,0.00011638905,1.0262188,1.286306e-08,1.3546411e-08,0.2247994,-12.747007,0.0010529349,0.0016063205,noisy,TestData/20251124_Testing/vib/Data/TestSetup_006.hdf5
006,12,13,8y,8y,9,cDAQ1Mod3/ai0,393A03,67866,g,0,103,0,0,-1,0,1651.6129,29.999766,1,7,18,30,9909,19819,1.38,0,1,0.00013039369,0.00014036573,1.0764764,1.7002515e-08,1.9702538e-08,0.64009015,-7.9914565,0.0010782986,0.0017406381,noisy,TestData/20251124_Testing/vib/Data/TestSetup_006.hdf5
006,12,13,8z,8z,10,cDAQ1Mod3/ai1,393A03,68542,g,0,103,0,0,0,-1,1651.6129,29.999766,1,7,18,30,9909,19819,1.38,0,1,0.0002175932,0.00021057212,0.96773302,4.7346799e-08,4.4340618e-08,-0.2848888,,0.0015497416,0.0016493722,noisy,TestData/20251124_Testing/vib/Data/TestSetup_006.hdf5
006,12,13,9x,9x,11,cDAQ1Mod3/ai2,393A03,68578,g,443,1105,0,-1,0,0,1651.6129,29.999766,1,7,18,30,9909,19819,1.38,0,1,0.00018493593,0.00018031473,0.97501192,3.4201297e-08,3.2513403e-08,-0.21980147,,0.0017541905,0.0020104135,noisy,TestData/20251124_Testing/vib/Data/TestSetup_006.hdf5
006,12,13,9y,9y,12,cDAQ1Mod3/ai3,393A03,68588,g,443,1105,0,0,-1,0,1651.6129,29.999766,1,7,18,30,9909,19819,1.38,0,1,0.00028987649,0.00028408262,0.98001261,8.402838e-08,8.0702933e-08,-0.17536671,,0.0030069315,0.0019537329,noisy,TestData/20251124_Testing/vib/Data/TestSetup_006.hdf5
006,12,13,9z,9z,13,cDAQ1Mod4/ai0,393A03,68595,g,443,1105,0,0,0,-1,1651.6129,29.999766,1,7,18,30,9909,19819,1.38,0,1,0.00047891436,0.00047299244,0.9876347,2.2935896e-07,2.2372185e-07,-0.1080732,,0.0025572239,0.0028981044,noisy,TestData/20251124_Testing/vib/Data/TestSetup_006.hdf5
006,12,13,10,10,14,cDAQ1Mod4/ai1,393A03,61596,g,311,1010,0,0,0,-1,1651.6129,29.999766,1,7,18,30,9909,19819,1.38,0,1,0.0012342445,0.0012102013,0.98051995,1.5233595e-06,1.4645873e-06,-0.17087129,,0.0063042756,0.0059784394,noisy,TestData/20251124_Testing/vib/Data/TestSetup_006.hdf5
006,12,13,11,11,15,cDAQ1Mod4/ai2,393B31,61603,g,311,973,0,0,0,-1,1651.6129,29.999766,1,7,18,30,9909,19819,1.38,0,1,0.00039061185,0.00028591335,0.73196282,1.5257762e-07,8.1746443e-08,-2.7102196,,0.0033482933,0.0039595729,noisy,TestData/20251124_Testing/vib/Data/TestSetup_006.hdf5
006,12,13,12,12,16,cDAQ1Mod4/ai3,393B31,61605,g,141,905,0,0,0,-1,1651.6129,29.999766,1,7,18,30,9909,19819,1.38,0,1,0.00033098217,0.00031923656,0.96451286,1.095492e-07,1.0191198e-07,-0.31383959,,0.0024162097,0.0043664393,noisy,TestData/20251124_Testing/vib/Data/TestSetup_006.hdf5
006,12,13,13,13,17,cDAQ1Mod5/ai0,393B31,72955,g,167,733,0,0,0,-1,1651.6129,29.999766,1,7,18,30,9909,19819,1.38,0,1,0.00032460995,0.00030930083,0.95283841,1.0537162e-07,9.5667004e-08,-0.41961488,,0.0023426197,0.0054918818,noisy,TestData/20251124_Testing/vib/Data/TestSetup_006.hdf5
006,12,13,14,14,18,cDAQ1Mod5/ai1,393B31,72956,g,264,469,0,0,0,-1,1651.6129,29.999766,1,7,18,30,9909,19819,1.38,0,1,0.00035998764,0.00033623485,0.93401775,1.295911e-07,1.1305387e-07,-0.59289743,,0.0028172397,0.0025102915,noisy,TestData/20251124_Testing/vib/Data/TestSetup_006.hdf5
006,12,13,15,15,19,cDAQ1Mod5/ai2,393B31,61462,g,192,267,0,0,0,-1,1651.6129,29.999766,1,7,18,30,9909,19819,1.38,0,1,0.00035980843,0.00032943625,0.91558793,1.2946211e-07,1.0852824e-07,-0.76599886,,0.0023581492,0.0022116311,noisy,TestData/20251124_Testing/vib/Data/TestSetup_006.hdf5
006,12,13,16,16,20,cDAQ1Mod5/ai3,393B31,61593,g,408,181,0,0,0,-1,1651.6129,29.999766,1,7,18,30,9909,19819,1.38,0,1,0.00039004988,0.00036726315,0.94157995,1.5213891e-07,1.3488222e-07,-0.52285592,,0.0022869367,0.0021093026,noisy,TestData/20251124_Testing/vib/Data/TestSetup_006.hdf5
006,13,14,1,1,1,cDAQ1Mod1/ai0,393B31,51815,g,83,991,0,0,0,-1,1651.6129,29.999766,1,7,17,30,9909,21471,1.675,0,1,0.00034024457,0.00037893702,1.1137195,1.1576637e-07,1.4359327e-07,0.9355168,-6.1911754,0.0023095525,0.011039038,noisy,TestData/20251124_Testing/vib/Data/TestSetup_006.hdf5
006,13,14,2,2,2,cDAQ1Mod1/ai1,393B31,51819,g,0.3,886,0,0,0,-1,1651.6129,29.999766,1,7,17,30,9909,21471,1.675,0,1,0.00039595847,0.00051437336,1.2990589,1.5678311e-07,2.6457995e-07,2.2725767,-1.626932,0.0027933463,0.010433225,noisy,TestData/20251124_Testing/vib/Data/TestSetup_006.hdf5
006,13,14,3,3,3,cDAQ1Mod1/ai2,393B31,72538,g,84,905,0,0,0,-1,1651.6129,29.999766,1,7,17,30,9909,21471,1.675,0,1,0.00035036284,0.00042476095,1.2123459,1.2275412e-07,1.8042186e-07,1.6725308,-3.2810315,0.0025136321,0.0077720369,noisy,TestData/20251124_Testing/vib/Data/TestSetup_006.hdf5
006,13,14,4,4,4,cDAQ1Mod1/ai3,393B31,51835,g,0.3,739,0,0,0,-1,1651.6129,29.999766,1,7,17,30,9909,21471,1.675,0,1,0.00020997788,0.000281576,1.3409793,4.4090709e-08,7.9285042e-08,2.5484418,-0.9787435,0.0014815716,0.0073912337,noisy,TestData/20251124_Testing/vib/Data/TestSetup_006.hdf5
006,13,14,5,5,5,cDAQ1Mod2/ai0,393B31,51836,g,83,553,0,0,0,-1,1651.6129,29.999766,1,7,17,30,9909,21471,1.675,0,1,0.00026530462,0.0004145421,1.5625137,7.038654e-08,1.7184515e-07,3.8764767,1.587993,0.0018710728,0.013255978,weak,TestData/20251124_Testing/vib/Data/TestSetup_006.hdf5
006,13,14,6,6,6,cDAQ1Mod2/ai1,393B31,61292,g,30,372,0,0,0,-1,1651.6129,29.999766,1,7,17,30,9909,21471,1.675,0,1,0.00022649463,0.00035974044,1.5882957,5.1299817e-08,1.2941318e-07,4.0186269,1.8260952,0.0016472056,0.007098569,weak,TestData/20251124_Testing/vib/Data/TestSetup_006.hdf5
006,13,14,7,7,7,cDAQ1Mod2/ai2,393B31,61321,g,84,234,0,0,0,-1,1651.6129,29.999766,1,7,17,30,9909,21471,1.675,0,1,0.0002141492,0.00031998033,1.4941934,4.5859881e-08,1.0238741e-07,3.4881364,0.90827095,0.0015250011,0.0058773738,weak,TestData/20251124_Testing/vib/Data/TestSetup_006.hdf5
006,13,14,8x,8x,8,cDAQ1Mod2/ai3,393A03,67865,g,0,103,0,-1,0,0,1651.6129,29.999766,1,7,17,30,9909,21471,1.675,0,1,0.0001098276,0.00013277325,1.2089243,1.2062101e-08,1.7628736e-08,1.647982,-3.3583025,0.00082319228,0.004313778,noisy,TestData/20251124_Testing/vib/Data/TestSetup_006.hdf5
006,13,14,8y,8y,9,cDAQ1Mod3/ai0,393A03,67866,g,0,103,0,0,-1,0,1651.6129,29.999766,1,7,17,30,9909,21471,1.675,0,1,0.00012687519,0.00017867186,1.408249,1.6097315e-08,3.1923634e-08,2.9735888,-0.07373528,0.00093268219,0.0051586296,noisy,TestData/20251124_Testing/vib/Data/TestSetup_006.hdf5
006,13,14,8z,8z,10,cDAQ1Mod3/ai1,393A03,68542,g,0,103,0,0,0,-1,1651.6129,29.999766,1,7,17,30,9909,21471,1.675,0,1,0.00020102322,0.00032241578,1.6038733,4.0410334e-08,1.0395194e-07,4.1034014,1.9656572,0.0015339465,0.0090475505,weak,TestData/20251124_Testing/vib/Data/TestSetup_006.hdf5
006,13,14,9x,9x,11,cDAQ1Mod3/ai2,393A03,68578,g,443,1105,0,-1,0,0,1651.6129,29.999766,1,7,17,30,9909,21471,1.675,0,1,0.00020375033,0.00018761531,0.92080983,4.1514197e-08,3.5199504e-08,-0.71660102,,0.0033615214,0.0021322757,noisy,TestData/20251124_Testing/vib/Data/TestSetup_006.hdf5
006,13,14,9y,9y,12,cDAQ1Mod3/ai3,393A03,68588,g,443,1105,0,0,-1,0,1651.6129,29.999766,1,7,17,30,9909,21471,1.675,0,1,0.00031626637,0.00028739883,0.90872398,1.0002442e-07,8.2598089e-08,-0.83136024,,0.0048104723,0.0021644962,noisy,TestData/20251124_Testing/vib/Data/TestSetup_006.hdf5
006,13,14,9z,9z,13,cDAQ1Mod4/ai0,393A03,68595,g,443,1105,0,0,0,-1,1651.6129,29.999766,1,7,17,30,9909,21471,1.675,0,1,0.00048308657,0.00047937157,0.99230988,2.3337263e-07,2.297971e-07,-0.067053721,,0.0026656859,0.0037565036,noisy,TestData/20251124_Testing/vib/Data/TestSetup_006.hdf5
006,13,14,10,10,14,cDAQ1Mod4/ai1,393A03,61596,g,311,1010,0,0,0,-1,1651.6129,29.999766,1,7,17,30,9909,21471,1.675,0,1,0.001223529,0.0012158033,0.99368572,1.4970232e-06,1.4781777e-06,-0.055019025,,0.0057201028,0.0087122062,noisy,TestData/20251124_Testing/vib/Data/TestSetup_006.hdf5
006,13,14,11,11,15,cDAQ1Mod4/ai2,393B31,61603,g,311,973,0,0,0,-1,1651.6129,29.999766,1,7,17,30,9909,21471,1.675,0,1,0.00033886259,0.00041830163,1.2344285,1.1482785e-07,1.7497625e-07,1.8293187,-2.8082317,0.0025869086,0.0056794834,noisy,TestData/20251124_Testing/vib/Data/TestSetup_006.hdf5
006,13,14,12,12,16,cDAQ1Mod4/ai3,393B31,61605,g,141,905,0,0,0,-1,1651.6129,29.999766,1,7,17,30,9909,21471,1.675,0,1,0.00031384863,0.00032491654,1.0352651,9.850096e-08,1.0557076e-07,0.3010318,-11.440334,0.0022912015,0.0029258536,noisy,TestData/20251124_Testing/vib/Data/TestSetup_006.hdf5
006,13,14,13,13,17,cDAQ1Mod5/ai0,393B31,72955,g,167,733,0,0,0,-1,1651.6129,29.999766,1,7,17,30,9909,21471,1.675,0,1,0.00031002952,0.00031867727,1.0278933,9.6118304e-08,1.015552e-07,0.2389608,-12.474548,0.0034282924,0.0028127035,noisy,TestData/20251124_Testing/vib/Data/TestSetup_006.hdf5
006,13,14,14,14,18,cDAQ1Mod5/ai1,393B31,72956,g,264,469,0,0,0,-1,1651.6129,29.999766,1,7,17,30,9909,21471,1.675,0,1,0.00034808398,0.00035794331,1.0283246,1.2116246e-07,1.2812341e-07,0.24260419,-12.406993,0.0026049218,0.0029258939,noisy,TestData/20251124_Testing/vib/Data/TestSetup_006.hdf5
006,13,14,15,15,19,cDAQ1Mod5/ai2,393B31,61462,g,192,267,0,0,0,-1,1651.6129,29.999766,1,7,17,30,9909,21471,1.675,0,1,0.00032899633,0.000345026,1.048723,1.0823859e-07,1.1904294e-07,0.41321546,-10.007832,0.0021498275,0.002266193,noisy,TestData/20251124_Testing/vib/Data/TestSetup_006.hdf5
006,13,14,16,16,20,cDAQ1Mod5/ai3,393B31,61593,g,408,181,0,0,0,-1,1651.6129,29.999766,1,7,17,30,9909,21471,1.675,0,1,0.00036414428,0.00038503778,1.057377,1.3260105e-07,1.4825409e-07,0.48459708,-9.2794838,0.001961517,0.0024002474,noisy,TestData/20251124_Testing/vib/Data/TestSetup_006.hdf5
006,14,15,1,1,1,cDAQ1Mod1/ai0,393B31,51815,g,83,991,0,0,0,-1,1651.6129,29.999766,1,7,19,30,9909,18167,1.21,0,1,0.00032566286,0.00039170426,1.2027907,1.060563e-07,1.5343223e-07,1.6038015,-3.4997865,0.0023701266,0.0063925853,noisy,TestData/20251124_Testing/vib/Data/TestSetup_006.hdf5
006,14,15,2,2,2,cDAQ1Mod1/ai1,393B31,51819,g,0.3,886,0,0,0,-1,1651.6129,29.999766,1,7,19,30,9909,18167,1.21,0,1,0.00039427969,0.00052363912,1.3280905,1.5545647e-07,2.7419793e-07,2.4645536,-1.1700644,0.0026545937,0.010535828,noisy,TestData/20251124_Testing/vib/Data/TestSetup_006.hdf5
006,14,15,3,3,3,cDAQ1Mod1/ai2,393B31,72538,g,84,905,0,0,0,-1,1651.6129,29.999766,1,7,19,30,9909,18167,1.21,0,1,0.00033470685,0.00043398152,1.2966018,1.1202868e-07,1.8833996e-07,2.2561326,-1.6674046,0.002089782,0.0081434582,noisy,TestData/20251124_Testing/vib/Data/TestSetup_006.hdf5
006,14,15,4,4,4,cDAQ1Mod1/ai3,393B31,51835,g,0.3,739,0,0,0,-1,1651.6129,29.999766,1,7,19,30,9909,18167,1.21,0,1,0.00020448576,0.00028306449,1.3842748,4.1814427e-08,8.0125508e-08,2.8244465,-0.38001742,0.0013018281,0.0051166906,noisy,TestData/20251124_Testing/vib/Data/TestSetup_006.hdf5
006,14,15,5,5,5,cDAQ1Mod2/ai0,393B31,51836,g,83,553,0,0,0,-1,1651.6129,29.999766,1,7,19,30,9909,18167,1.21,0,1,0.0002599767,0.0004316847,1.6604746,6.7587885e-08,1.8635168e-07,4.4046445,2.448152,0.0018331808,0.0098174701,weak,TestData/20251124_Testing/vib/Data/TestSetup_006.hdf5
006,14,15,6,6,6,cDAQ1Mod2/ai1,393B31,61292,g,30,372,0,0,0,-1,1651.6129,29.999766,1,7,19,30,9909,18167,1.21,0,1,0.00021949544,0.00025774042,1.1742404,4.8178247e-08,6.6430124e-08,1.3951407,-4.2154347,0.0016942686,0.0038793108,noisy,TestData/20251124_Testing/vib/Data/TestSetup_006.hdf5
006,14,15,7,7,7,cDAQ1Mod2/ai2,393B31,61321,g,84,234,0,0,0,-1,1651.6129,29.999766,1,7,19,30,9909,18167,1.21,0,1,0.00021599143,0.00022383252,1.0363028,4.6652297e-08,5.0100998e-08,0.30973346,-11.312175,0.0014762338,0.0015631969,noisy,TestData/20251124_Testing/vib/Data/TestSetup_006.hdf5
006,14,15,8x,8x,8,cDAQ1Mod2/ai3,393A03,67865,g,0,103,0,-1,0,0,1651.6129,29.999766,1,7,19,30,9909,18167,1.21,0,1,0.00010379044,0.00010892048,1.0494268,1.0772456e-08,1.186367e-08,0.41904329,-9.944048,0.00082194028,0.0011612332,noisy,TestData/20251124_Testing/vib/Data/TestSetup_006.hdf5
006,14,15,8y,8y,9,cDAQ1Mod3/ai0,393A03,67866,g,0,103,0,0,-1,0,1651.6129,29.999766,1,7,19,30,9909,18167,1.21,0,1,0.00012148965,0.00012891245,1.0610982,1.4759736e-08,1.6618419e-08,0.51511119,-8.9987323,0.00095602997,0.0014113116,noisy,TestData/20251124_Testing/vib/Data/TestSetup_006.hdf5
006,14,15,8z,8z,10,cDAQ1Mod3/ai1,393A03,68542,g,0,103,0,0,0,-1,1651.6129,29.999766,1,7,19,30,9909,18167,1.21,0,1,0.00019217114,0.00020677269,1.075982,3.6929748e-08,4.2754946e-08,0.63610026,-8.020656,0.0014646911,0.0015236189,noisy,TestData/20251124_Testing/vib/Data/TestSetup_006.hdf5
006,14,15,9x,9x,11,cDAQ1Mod3/ai2,393A03,68578,g,443,1105,0,-1,0,0,1651.6129,29.999766,1,7,19,30,9909,18167,1.21,0,1,0.00017326,0.00017637093,1.0179553,3.0019029e-08,3.1106706e-08,0.15457389,-14.408965,0.0012042483,0.0012579927,noisy,TestData/20251124_Testing/vib/Data/TestSetup_006.hdf5
006,14,15,9y,9y,12,cDAQ1Mod3/ai3,393A03,68588,g,443,1105,0,0,-1,0,1651.6129,29.999766,1,7,19,30,9909,18167,1.21,0,1,0.00027991438,0.0002811591,1.0044468,7.8352058e-08,7.9050438e-08,0.038538751,-20.499583,0.0017435876,0.0017578033,noisy,TestData/20251124_Testing/vib/Data/TestSetup_006.hdf5
006,14,15,9z,9z,13,cDAQ1Mod4/ai0,393A03,68595,g,443,1105,0,0,0,-1,1651.6129,29.999766,1,7,19,30,9909,18167,1.21,0,1,0.00046708786,0.00048221272,1.0323812,2.1817107e-07,2.325291e-07,0.2768016,-11.817021,0.0024716938,0.0024971049,noisy,TestData/20251124_Testing/vib/Data/TestSetup_006.hdf5
006,14,15,10,10,14,cDAQ1Mod4/ai1,393A03,61596,g,311,1010,0,0,0,-1,1651.6129,29.999766,1,7,19,30,9909,18167,1.21,0,1,0.0011960294,0.0012214868,1.0212849,1.4304862e-06,1.49203e-06,0.18293861,-13.662999,0.0053778511,0.0057102789,noisy,TestData/20251124_Testing/vib/Data/TestSetup_006.hdf5
006,14,15,11,11,15,cDAQ1Mod4/ai2,393B31,61603,g,311,973,0,0,0,-1,1651.6129,29.999766,1,7,19,30,9909,18167,1.21,0,1,0.00028897069,0.00031012976,1.0732222,8.3504062e-08,9.6180471e-08,0.61379299,-8.1871135,0.0019804691,0.0025807033,noisy,TestData/20251124_Testing/vib/Data/TestSetup_006.hdf5
006,14,15,12,12,16,cDAQ1Mod4/ai3,393B31,61605,g,141,905,0,0,0,-1,1651.6129,29.999766,1,7,19,30,9909,18167,1.21,0,1,0.00028123997,0.00031680281,1.1264501,7.9095922e-08,1.0036402e-07,1.0342395,-5.7042547,0.002017762,0.0024452977,noisy,TestData/20251124_Testing/vib/Data/TestSetup_006.hdf5
006,14,15,13,13,17,cDAQ1Mod5/ai0,393B31,72955,g,167,733,0,0,0,-1,1651.6129,29.999766,1,7,19,30,9909,18167,1.21,0,1,0.00028917787,0.00030397512,1.0511701,8.362384e-08,9.2400875e-08,0.43345979,-9.7898226,0.00210034,0.0023134812,noisy,TestData/20251124_Testing/vib/Data/TestSetup_006.hdf5
006,14,15,14,14,18,cDAQ1Mod5/ai1,393B31,72956,g,264,469,0,0,0,-1,1651.6129,29.999766,1,7,19,30,9909,18167,1.21,0,1,0.00032687544,0.0003394584,1.0384947,1.0684755e-07,1.1523201e-07,0.32808541,-11.052899,0.0022967102,0.0023375818,noisy,TestData/20251124_Testing/vib/Data/TestSetup_006.hdf5
006,14,15,15,15,19,cDAQ1Mod5/ai2,393B31,61462,g,192,267,0,0,0,-1,1651.6129,29.999766,1,7,19,30,9909,18167,1.21,0,1,0.00029473628,0.00030633353,1.0393479,8.6869477e-08,9.3840234e-08,0.33521875,-10.955873,0.0017077136,0.0020271568,noisy,TestData/20251124_Testing/vib/Data/TestSetup_006.hdf5
006,14,15,16,16,20,cDAQ1Mod5/ai3,393B31,61593,g,408,181,0,0,0,-1,1651.6129,29.999766,1,7,19,30,9909,18167,1.21,0,1,0.00036874458,0.00037793107,1.0249129,1.3597257e-07,1.428319e-07,0.21373906,-12.971696,0.0019065094,0.002097642,noisy,TestData/20251124_Testing/vib/Data/TestSetup_006.hdf5
007,0,1,1,1,1,cDAQ1Mod1/ai0,393B31,51815,g,83,991,0,0,0,-1,1651.6129,29.999766,1,7,18,30,9909,19819,1.235,0,1,0.00035802969,0.00073360644,2.0490101,1.2818526e-07,5.3817841e-07,6.2308819,5.0493853,0.0023717972,0.022528083,weak,TestData/20251124_Testing/vib/Data/TestSetup_007.hdf5
007,0,1,2,2,2,cDAQ1Mod1/ai1,393B31,51819,g,0.3,886,0,0,0,-1,1651.6129,29.999766,1,7,18,30,9909,19819,1.235,0,1,0.00042393018,0.0011856243,2.7967442,1.797168e-07,1.405705e-06,8.9330551,8.3389761,0.0029544804,0.028199778,weak,TestData/20251124_Testing/vib/Data/TestSetup_007.hdf5
007,0,1,3,3,3,cDAQ1Mod1/ai2,393B31,72538,g,84,905,0,0,0,-1,1651.6129,29.999766,1,7,18,30,9909,19819,1.235,0,1,0.00037889139,0.0010072396,2.6583861,1.4355869e-07,1.0145316e-06,8.492361,7.8297517,0.0022981463,0.033948706,weak,TestData/20251124_Testing/vib/Data/TestSetup_007.hdf5
007,0,1,4,4,4,cDAQ1Mod1/ai3,393B31,51835,g,0.3,739,0,0,0,-1,1651.6129,29.999766,1,7,18,30,9909,19819,1.235,0,1,0.00020074697,0.00071780885,3.5756896,4.0299346e-08,5.1524954e-07,11.067196,10.713501,0.0014258236,0.021354731,good,TestData/20251124_Testing/vib/Data/TestSetup_007.hdf5
007,0,1,5,5,5,cDAQ1Mod2/ai0,393B31,51836,g,83,553,0,0,0,-1,1651.6129,29.999766,1,7,18,30,9909,19819,1.235,0,1,0.00026734389,0.0010982499,4.1080043,7.1472758e-08,1.2061528e-06,12.272618,12.007329,0.001774398,0.037656962,good,TestData/20251124_Testing/vib/Data/TestSetup_007.hdf5
007,0,1,6,6,6,cDAQ1Mod2/ai1,393B31,61292,g,30,372,0,0,0,-1,1651.6129,29.999766,1,7,18,30,9909,19819,1.235,0,1,0.00025639168,0.00051509788,2.0090273,6.5736692e-08,2.6532582e-07,6.0597167,4.8232904,0.0017580254,0.011849285,weak,TestData/20251124_Testing/vib/Data/TestSetup_007.hdf5
007,0,1,7,7,7,cDAQ1Mod2/ai2,393B31,61321,g,84,234,0,0,0,-1,1651.6129,29.999766,1,7,18,30,9909,19819,1.235,0,1,0.00027124174,0.0002833584,1.0446711,7.3572082e-08,8.0291984e-08,0.37959145,-10.393501,0.0020817036,0.0027008283,noisy,TestData/20251124_Testing/vib/Data/TestSetup_007.hdf5
007,0,1,8x,8x,8,cDAQ1Mod2/ai3,393A03,67865,g,0,103,0,-1,0,0,1651.6129,29.999766,1,7,18,30,9909,19819,1.235,0,1,0.00013931219,0.00015669686,1.1247893,1.9407886e-08,2.4553907e-08,1.0214238,-5.7650663,0.0010347809,0.0024720809,noisy,TestData/20251124_Testing/vib/Data/TestSetup_007.hdf5
007,0,1,8y,8y,9,cDAQ1Mod3/ai0,393A03,67866,g,0,103,0,0,-1,0,1651.6129,29.999766,1,7,18,30,9909,19819,1.235,0,1,0.00020233539,0.00022112556,1.0928664,4.0939611e-08,4.8896512e-08,0.77134167,-7.1139976,0.0014764396,0.0021922332,noisy,TestData/20251124_Testing/vib/Data/TestSetup_007.hdf5
007,0,1,8z,8z,10,cDAQ1Mod3/ai1,393A03,68542,g,0,103,0,0,0,-1,1651.6129,29.999766,1,7,18,30,9909,19819,1.235,0,1,0.00023037542,0.0002492889,1.0820985,5.3072833e-08,6.2144958e-08,0.68533629,-7.6716324,0.001620212,0.0026608656,noisy,TestData/20251124_Testing/vib/Data/TestSetup_007.hdf5
007,0,1,9x,9x,11,cDAQ1Mod3/ai2,393A03,68578,g,443,1105,0,-1,0,0,1651.6129,29.999766,1,7,18,30,9909,19819,1.235,0,1,0.00016860613,0.00017411217,1.0326562,2.8428028e-08,3.0315049e-08,0.27911528,-11.779702,0.0012411194,0.0015048417,noisy,TestData/20251124_Testing/vib/Data/TestSetup_007.hdf5
007,0,1,9y,9y,12,cDAQ1Mod3/ai3,393A03,68588,g,443,1105,0,0,-1,0,1651.6129,29.999766,1,7,18,30,9909,19819,1.235,0,1,0.00027601862,0.00027670478,1.0024859,7.6186281e-08,7.6565537e-08,0.021565587,-23.029443,0.0017231912,0.0019846366,noisy,TestData/20251124_Testing/vib/Data/TestSetup_007.hdf5
007,0,1,9z,9z,13,cDAQ1Mod4/ai0,393A03,68595,g,443,1105,0,0,0,-1,1651.6129,29.999766,1,7,18,30,9909,19819,1.235,0,1,0.00045284805,0.00046292574,1.022254,2.0507135e-07,2.1430024e-07,0.19117663,-13.467556,0.0023440186,0.0025634217,noisy,TestData/20251124_Testing/vib/Data/TestSetup_007.hdf5
007,0,1,10,10,14,cDAQ1Mod4/ai1,393A03,61596,g,311,1010,0,0,0,-1,1651.6129,29.999766,1,7,18,30,9909,19819,1.235,0,1,0.0011083768,0.001126,1.0159,1.2284992e-06,1.2678761e-06,0.13701937,-14.941334,0.0054360973,0.0052669362,noisy,TestData/20251124_Testing/vib/Data/TestSetup_007.hdf5
007,0,1,11,11,15,cDAQ1Mod4/ai2,393B31,61603,g,311,973,0,0,0,-1,1651.6129,29.999766,1,7,18,30,9909,19819,1.235,0,1,0.00030094272,0.00032844508,1.0913873,9.0566522e-08,1.0787617e-07,0.7595783,-7.1867945,0.002162221,0.0037698783,noisy,TestData/20251124_Testing/vib/Data/TestSetup_007.hdf5
007,0,1,12,12,16,cDAQ1Mod4/ai3,393B31,61605,g,141,905,0,0,0,-1,1651.6129,29.999766,1,7,18,30,9909,19819,1.235,0,1,0.00029225088,0.00035645677,1.2196944,8.5410576e-08,1.2706143e-07,1.7250208,-3.1188776,0.0018853068,0.0051036312,noisy,TestData/20251124_Testing/vib/Data/TestSetup_007.hdf5
007,0,1,13,13,17,cDAQ1Mod5/ai0,393B31,72955,g,167,733,0,0,0,-1,1651.6129,29.999766,1,7,18,30,9909,19819,1.235,0,1,0.00029495963,0.00033466166,1.1346016,8.7001182e-08,1.1199842e-07,1.0968676,-5.4163306,0.0022482161,0.0041179442,noisy,TestData/20251124_Testing/vib/Data/TestSetup_007.hdf5
007,0,1,14,14,18,cDAQ1Mod5/ai1,393B31,72956,g,264,469,0,0,0,-1,1651.6129,29.999766,1,7,18,30,9909,19819,1.235,0,1,0.00033832725,0.00035645381,1.053577,1.1446533e-07,1.2705932e-07,0.45332553,-9.5851072,0.0025855282,0.0031226717,noisy,TestData/20251124_Testing/vib/Data/TestSetup_007.hdf5
007,0,1,15,15,19,cDAQ1Mod5/ai2,393B31,61462,g,192,267,0,0,0,-1,1651.6129,29.999766,1,7,18,30,9909,19819,1.235,0,1,0.00031788925,0.00034619241,1.0890347,1.0105357e-07,1.1984918e-07,0.74083398,-7.3049529,0.0020228493,0.0025674074,noisy,TestData/20251124_Testing/vib/Data/TestSetup_007.hdf5
007,0,1,16,16,20,cDAQ1Mod5/ai3,393B31,61593,g,408,181,0,0,0,-1,1651.6129,29.999766,1,7,18,30,9909,19819,1.235,0,1,0.0004119935,0.00040188948,0.9754753,1.6973864e-07,1.6151516e-07,-0.21567443,,0.0024219209,0.0023443525,noisy,TestData/20251124_Testing/vib/Data/TestSetup_007.hdf5
007,1,2,1,1,1,cDAQ1Mod1/ai0,393B31,51815,g,83,991,0,0,0,-1,1651.6129,29.999766,1,7,16,30,9909,23122,1.3,0,1,0.00032610709,0.00038619124,1.1842467,1.0634583e-07,1.4914368e-07,1.4688436,-3.9529861,0.0021425559,0.004241924,noisy,TestData/20251124_Testing/vib/Data/TestSetup_007.hdf5
007,1,2,2,2,2,cDAQ1Mod1/ai1,393B31,51819,g,0.3,886,0,0,0,-1,1651.6129,29.999766,1,7,16,30,9909,23122,1.3,0,1,0.00039583186,0.00077946691,1.9691869,1.5668286e-07,6.0756867e-07,5.8857387,4.5904506,0.0025243285,0.019057951,weak,TestData/20251124_Testing/vib/Data/TestSetup_007.hdf5
007,1,2,3,3,3,cDAQ1Mod1/ai2,393B31,72538,g,84,905,0,0,0,-1,1651.6129,29.999766,1,7,16,30,9909,23122,1.3,0,1,0.0003529775,0.00094171546,2.6679193,1.2459311e-07,8.8682801e-07,8.5234536,7.8659479,0.0022069793,0.031980971,weak,TestData/20251124_Testing/vib/Data/TestSetup_007.hdf5
007,1,2,4,4,4,cDAQ1Mod1/ai3,393B31,51835,g,0.3,739,0,0,0,-1,1651.6129,29.999766,1,7,16,30,9909,23122,1.3,0,1,0.00020950893,0.00087152472,4.1598452,4.3893991e-08,7.5955533e-07,12.381543,12.123025,0.0015148204,0.03440851,good,TestData/20251124_Testing/vib/Data/TestSetup_007.hdf5
007,1,2,5,5,5,cDAQ1Mod2/ai0,393B31,51836,g,83,553,0,0,0,-1,1651.6129,29.999766,1,7,16,30,9909,23122,1.3,0,1,0.00026925592,0.0012653366,4.6993825,7.249875e-08,1.6010766e-06,13.440816,13.23957,0.0020699429,0.031744561,good,TestData/20251124_Testing/vib/Data/TestSetup_007.hdf5
007,1,2,6,6,6,cDAQ1Mod2/ai1,393B31,61292,g,30,372,0,0,0,-1,1651.6129,29.999766,1,7,16,30,9909,23122,1.3,0,1,0.00023301776,0.0012275256,5.2679487,5.4297275e-08,1.5068191e-06,14.432831,14.273446,0.0016368567,0.045767613,good,TestData/20251124_Testing/vib/Data/TestSetup_007.hdf5
007,1,2,7,7,7,cDAQ1Mod2/ai2,393B31,61321,g,84,234,0,0,0,-1,1651.6129,29.999766,1,7,16,30,9909,23122,1.3,0,1,0.00022198874,0.00084508396,3.8068776,4.9279001e-08,7.1416689e-07,11.611378,11.300865,0.0016289542,0.030150974,good,TestData/20251124_Testing/vib/Data/TestSetup_007.hdf5
007,1,2,8x,8x,8,cDAQ1Mod2/ai3,393A03,67865,g,0,103,0,-1,0,0,1651.6129,29.999766,1,7,16,30,9909,23122,1.3,0,1,0.00014065796,0.00030763189,2.187092,1.9784662e-08,9.4637382e-08,6.7973409,5.7787895,0.001097381,0.0080597724,weak,TestData/20251124_Testing/vib/Data/TestSetup_007.hdf5
007,1,2,8y,8y,9,cDAQ1Mod3/ai0,393A03,67866,g,0,103,0,0,-1,0,1651.6129,29.999766,1,7,16,30,9909,23122,1.3,0,1,0.00016905963,0.00042449918,2.5109435,2.858116e-08,1.8019956e-07,7.9967387,7.2467205,0.0013590863,0.0086331472,weak,TestData/20251124_Testing/vib/Data/TestSetup_007.hdf5
007,1,2,8z,8z,10,cDAQ1Mod3/ai1,393A03,68542,g,0,103,0,0,0,-1,1651.6129,29.999766,1,7,16,30,9909,23122,1.3,0,1,0.00020981404,0.00069905008,3.3317603,4.402193e-08,4.8867102e-07,10.453475,10.043483,0.0015624992,0.01958713,good,TestData/20251124_Testing/vib/Data/TestSetup_007.hdf5
007,1,2,9x,9x,11,cDAQ1Mod3/ai2,393A03,68578,g,443,1105,0,-1,0,0,1651.6129,29.999766,1,7,16,30,9909,23122,1.3,0,1,0.00017881311,0.00020002628,1.1186332,3.1974128e-08,4.0010515e-08,0.97375433,-5.9973786,0.0013836045,0.0018960506,noisy,TestData/20251124_Testing/vib/Data/TestSetup_007.hdf5
007,1,2,9y,9y,12,cDAQ1Mod3/ai3,393A03,68588,g,443,1105,0,0,-1,0,1651.6129,29.999766,1,7,16,30,9909,23122,1.3,0,1,0.0002853978,0.000310649,1.0884772,8.1451906e-08,9.6502801e-08,0.7363867,-7.3333891,0.0018369168,0.002886407,noisy,TestData/20251124_Testing/vib/Data/TestSetup_007.hdf5
007,1,2,9z,9z,13,cDAQ1Mod4/ai0,393A03,68595,g,443,1105,0,0,0,-1,1651.6129,29.999766,1,7,16,30,9909,23122,1.3,0,1,0.00049380176,0.00053180543,1.0769614,2.4384018e-07,2.8281702e-07,0.64400266,-7.9629868,0.0026080461,0.0045938302,noisy,TestData/20251124_Testing/vib/Data/TestSetup_007.hdf5
007,1,2,10,10,14,cDAQ1Mod4/ai1,393A03,61596,g,311,1010,0,0,0,-1,1651.6129,29.999766,1,7,16,30,9909,23122,1.3,0,1,0.0012420417,0.0012349726,0.99430849,1.5426675e-06,1.5251572e-06,-0.049577077,,0.0054741886,0.0059824957,noisy,TestData/20251124_Testing/vib/Data/TestSetup_007.hdf5
007,1,2,11,11,15,cDAQ1Mod4/ai2,393B31,61603,g,311,973,0,0,0,-1,1651.6129,29.999766,1,7,16,30,9909,23122,1.3,0,1,0.00036793955,0.00036065133,0.98019178,1.3537952e-07,1.3006938e-07,-0.17377886,,0.0028274863,0.0027950949,noisy,TestData/20251124_Testing/vib/Data/TestSetup_007.hdf5
007,1,2,12,12,16,cDAQ1Mod4/ai3,393B31,61605,g,141,905,0,0,0,-1,1651.6129,29.999766,1,7,16,30,9909,23122,1.3,0,1,0.00029066853,0.00033551211,1.1542774,8.4488197e-08,1.1256837e-07,1.2462035,-4.7839619,0.0019527756,0.0048024404,noisy,TestData/20251124_Testing/vib/Data/TestSetup_007.hdf5
007,1,2,13,13,17,cDAQ1Mod5/ai0,393B31,72955,g,167,733,0,0,0,-1,1651.6129,29.999766,1,7,16,30,9909,23122,1.3,0,1,0.00030332859,0.00038459607,1.2679189,9.2008233e-08,1.4791413e-07,2.0618299,-2.1636904,0.0021541244,0.0053478117,noisy,TestData/20251124_Testing/vib/Data/TestSetup_007.hdf5
007,1,2,14,14,18,cDAQ1Mod5/ai1,393B31,72956,g,264,469,0,0,0,-1,1651.6129,29.999766,1,7,16,30,9909,23122,1.3,0,1,0.00033968957,0.00043268704,1.2737719,1.1538901e-07,1.8721807e-07,2.1018334,-2.0586421,0.0027543213,0.0069260748,noisy,TestData/20251124_Testing/vib/Data/TestSetup_007.hdf5
007,1,2,15,15,19,cDAQ1Mod5/ai2,393B31,61462,g,192,267,0,0,0,-1,1651.6129,29.999766,1,7,16,30,9909,23122,1.3,0,1,0.00030532467,0.00038476193,1.2601731,9.3223152e-08,1.4804174e-07,2.0086041,-2.305959,0.0019844562,0.0048118755,noisy,TestData/20251124_Testing/vib/Data/TestSetup_007.hdf5
007,1,2,16,16,20,cDAQ1Mod5/ai3,393B31,61593,g,408,181,0,0,0,-1,1651.6129,29.999766,1,7,16,30,9909,23122,1.3,0,1,0.0003816837,0.00042509723,1.1137422,1.4568244e-07,1.8070766e-07,0.93569342,-6.1902641,0.0020861081,0.0041122655,noisy,TestData/20251124_Testing/vib/Data/TestSetup_007.hdf5
007,2,3,1,1,1,cDAQ1Mod1/ai0,393B31,51815,g,83,991,0,0,0,-1,1651.6129,29.999766,1,7,17,30,9909,21471,1.305,0,1,0.00033714863,0.00088793469,2.6336595,1.136692e-07,7.8842802e-07,8.4111926,7.7350578,0.0024214816,0.032174719,weak,TestData/20251124_Testing/vib/Data/TestSetup_007.hdf5
007,2,3,2,2,2,cDAQ1Mod1/ai1,393B31,51819,g,0.3,886,0,0,0,-1,1651.6129,29.999766,1,7,17,30,9909,21471,1.305,0,1,0.00042818764,0.0013964984,3.261417,1.8334465e-07,1.9502079e-06,10.268127,9.8393468,0.0027567564,0.042224475,good,TestData/20251124_Testing/vib/Data/TestSetup_007.hdf5
007,2,3,3,3,3,cDAQ1Mod1/ai2,393B31,72538,g,84,905,0,0,0,-1,1651.6129,29.999766,1,7,17,30,9909,21471,1.305,0,1,0.00036986376,0.0010440614,2.822827,1.367992e-07,1.0900643e-06,9.0136853,8.431301,0.0023056975,0.027599611,weak,TestData/20251124_Testing/vib/Data/TestSetup_007.hdf5
007,2,3,4,4,4,cDAQ1Mod1/ai3,393B31,51835,g,0.3,739,0,0,0,-1,1651.6129,29.999766,1,7,17,30,9909,21471,1.305,0,1,0.00022470689,0.00079865317,3.5541998,5.0493185e-08,6.3784688e-07,11.014837,10.656669,0.0016841268,0.027035651,good,TestData/20251124_Testing/vib/Data/TestSetup_007.hdf5
007,2,3,5,5,5,cDAQ1Mod2/ai0,393B31,51836,g,83,553,0,0,0,-1,1651.6129,29.999766,1,7,17,30,9909,21471,1.305,0,1,0.00027578866,0.0013192305,4.7834836,7.6059383e-08,1.7403692e-06,13.594886,13.400814,0.0021494909,0.033527365,good,TestData/20251124_Testing/vib/Data/TestSetup_007.hdf5
007,2,3,6,6,6,cDAQ1Mod2/ai1,393B31,61292,g,30,372,0,0,0,-1,1651.6129,29.999766,1,7,17,30,9909,21471,1.305,0,1,0.00023586412,0.00095154462,4.0342915,5.5631884e-08,9.0543716e-07,12.115345,11.839957,0.0016860757,0.041113611,good,TestData/20251124_Testing/vib/Data/TestSetup_007.hdf5
007,2,3,7,7,7,cDAQ1Mod2/ai2,393B31,61321,g,84,234,0,0,0,-1,1651.6129,29.999766,1,7,17,30,9909,21471,1.305,0,1,0.0002830607,0.00024745992,0.87422916,8.012336e-08,6.1236411e-08,-1.1674942,,0.0022750739,0.0040600834,noisy,TestData/20251124_Testing/vib/Data/TestSetup_007.hdf5
007,2,3,8x,8x,8,cDAQ1Mod2/ai3,393A03,67865,g,0,103,0,-1,0,0,1651.6129,29.999766,1,7,17,30,9909,21471,1.305,0,1,0.00035923674,0.00012563008,0.34971389,1.2905104e-07,1.5782916e-08,-9.1257424,,0.0027844557,0.0028370399,noisy,TestData/20251124_Testing/vib/Data/TestSetup_007.hdf5
007,2,3,8y,8y,9,cDAQ1Mod3/ai0,393A03,67866,g,0,103,0,0,-1,0,1651.6129,29.999766,1,7,17,30,9909,21471,1.305,0,1,0.00043765718,0.00015546725,0.35522608,1.9154381e-07,2.4170064e-08,-8.9899032,,0.0034960222,0.0035525484,noisy,TestData/20251124_Testing/vib/Data/TestSetup_007.hdf5
007,2,3,8z,8z,10,cDAQ1Mod3/ai1,393A03,68542,g,0,103,0,0,0,-1,1651.6129,29.999766,1,7,17,30,9909,21471,1.305,0,1,0.00024405218,0.00025513886,1.0454275,5.9561467e-08,6.509584e-08,0.3858785,-10.31897,0.0018364833,0.0034299651,noisy,TestData/20251124_Testing/vib/Data/TestSetup_007.hdf5
007,2,3,9x,9x,11,cDAQ1Mod3/ai2,393A03,68578,g,443,1105,0,-1,0,0,1651.6129,29.999766,1,7,17,30,9909,21471,1.305,0,1,0.00017803863,0.00018174265,1.0208046,3.1697753e-08,3.3030392e-08,0.17885255,-13.763159,0.0012111226,0.0014492226,noisy,TestData/20251124_Testing/vib/Data/TestSetup_007.hdf5
007,2,3,9y,9y,12,cDAQ1Mod3/ai3,393A03,68588,g,443,1105,0,0,-1,0,1651.6129,29.999766,1,7,17,30,9909,21471,1.305,0,1,0.00027895174,0.00028149659,1.0091229,7.7814075e-08,7.924033e-08,0.078881166,-17.36861,0.0017163924,0.002170677,noisy,TestData/20251124_Testing/vib/Data/TestSetup_007.hdf5
007,2,3,9z,9z,13,cDAQ1Mod4/ai0,393A03,68595,g,443,1105,0,0,0,-1,1651.6129,29.999766,1,7,17,30,9909,21471,1.305,0,1,0.00047838283,0.00049457722,1.0338524,2.2885013e-07,2.4460663e-07,0.28917057,-11.620915,0.0024642564,0.0026601078,noisy,TestData/20251124_Testing/vib/Data/TestSetup_007.hdf5
007,2,3,10,10,14,cDAQ1Mod4/ai1,393A03,61596,g,311,1010,0,0,0,-1,1651.6129,29.999766,1,7,17,30,9909,21471,1.305,0,1,0.0011967541,0.0012221526,1.0212228,1.4322204e-06,1.493657e-06,0.18241031,-13.675825,0.0052203519,0.0063970005,noisy,TestData/20251124_Testing/vib/Data/TestSetup_007.hdf5
007,2,3,11,11,15,cDAQ1Mod4/ai2,393B31,61603,g,311,973,0,0,0,-1,1651.6129,29.999766,1,7,17,30,9909,21471,1.305,0,1,0.00028932164,0.00036540928,1.2629864,8.370701e-08,1.3352394e-07,2.0279731,-2.2538486,0.0019776767,0.0066538945,noisy,TestData/20251124_Testing/vib/Data/TestSetup_007.hdf5
007,2,3,12,12,16,cDAQ1Mod4/ai3,393B31,61605,g,141,905,0,0,0,-1,1651.6129,29.999766,1,7,17,30,9909,21471,1.305,0,1,0.00030133571,0.00037646259,1.2493129,9.0803212e-08,1.4172408e-07,1.9334244,-2.5120541,0.0022220779,0.0055659196,noisy,TestData/20251124_Testing/vib/Data/TestSetup_007.hdf5
007,2,3,13,13,17,cDAQ1Mod5/ai0,393B31,72955,g,167,733,0,0,0,-1,1651.6129,29.999766,1,7,17,30,9909,21471,1.305,0,1,0.00031949601,0.00036588821,1.1452043,1.020777e-07,1.3387418e-07,1.1776595,-5.0655182,0.003998957,0.0049196574,noisy,TestData/20251124_Testing/vib/Data/TestSetup_007.hdf5
007,2,3,14,14,18,cDAQ1Mod5/ai1,393B31,72956,g,264,469,0,0,0,-1,1651.6129,29.999766,1,7,17,30,9909,21471,1.305,0,1,0.00034549712,0.0003868655,1.1197358,1.1936826e-07,1.4966492e-07,0.98231135,-5.954942,0.0025107337,0.0052017576,noisy,TestData/20251124_Testing/vib/Data/TestSetup_007.hdf5
007,2,3,15,15,19,cDAQ1Mod5/ai2,393B31,61462,g,192,267,0,0,0,-1,1651.6129,29.999766,1,7,17,30,9909,21471,1.305,0,1,0.00032715363,0.00033701089,1.0301304,1.070295e-07,1.1357634e-07,0.2578439,-12.134715,0.0021222969,0.0039446279,noisy,TestData/20251124_Testing/vib/Data/TestSetup_007.hdf5
007,2,3,16,16,20,cDAQ1Mod5/ai3,393B31,61593,g,408,181,0,0,0,-1,1651.6129,29.999766,1,7,17,30,9909,21471,1.305,0,1,0.00038459096,0.00038901198,1.0114954,1.4791021e-07,1.5133032e-07,0.099278068,-16.359576,0.0023223622,0.0026897981,noisy,TestData/20251124_Testing/vib/Data/TestSetup_007.hdf5
007,3,4,1,1,1,cDAQ1Mod1/ai0,393B31,51815,g,83,991,0,0,0,-1,1651.6129,29.999766,1,7,17,30,9909,21471,1.29,0,1,0.00033952303,0.00035836286,1.0554891,1.1527589e-07,1.2842394e-07,0.46907492,-9.4287727,0.0021926734,0.003236727,noisy,TestData/20251124_Testing/vib/Data/TestSetup_007.hdf5
007,3,4,2,2,2,cDAQ1Mod1/ai1,393B31,51819,g,0.3,886,0,0,0,-1,1651.6129,29.999766,1,7,17,30,9909,21471,1.29,0,1,0.00039441212,0.00056717574,1.4380282,1.5556092e-07,3.2168832e-07,3.155348,0.2854078,0.002610208,0.0089841501,weak,TestData/20251124_Testing/vib/Data/TestSetup_007.hdf5
007,3,4,3,3,3,cDAQ1Mod1/ai2,393B31,72538,g,84,905,0,0,0,-1,1651.6129,29.999766,1,7,17,30,9909,21471,1.29,0,1,0.00036044959,0.00059789624,1.6587513,1.2992391e-07,3.5747991e-07,4.3956257,2.4339923,0.0025843556,0.011095183,weak,TestData/20251124_Testing/vib/Data/TestSetup_007.hdf5
007,3,4,4,4,4,cDAQ1Mod1/ai3,393B31,51835,g,0.3,739,0,0,0,-1,1651.6129,29.999766,1,7,17,30,9909,21471,1.29,0,1,0.00021397459,0.00088990415,4.1589244,4.5785125e-08,7.9192939e-07,12.379621,12.120984,0.0015858804,0.033801845,good,TestData/20251124_Testing/vib/Data/TestSetup_007.hdf5
007,3,4,5,5,5,cDAQ1Mod2/ai0,393B31,51836,g,83,553,0,0,0,-1,1651.6129,29.999766,1,7,17,30,9909,21471,1.29,0,1,0.00028274843,0.0011863727,4.1958597,7.9946676e-08,1.4074803e-06,12.456419,12.202451,0.0026770926,0.033521155,good,TestData/20251124_Testing/vib/Data/TestSetup_007.hdf5
007,3,4,6,6,6,cDAQ1Mod2/ai1,393B31,61292,g,30,372,0,0,0,-1,1651.6129,29.999766,1,7,17,30,9909,21471,1.29,0,1,0.00023121583,0.0010047842,4.3456548,5.3460759e-08,1.0095912e-06,12.761104,12.52482,0.0016286021,0.032495596,good,TestData/20251124_Testing/vib/Data/TestSetup_007.hdf5
007,3,4,7,7,7,cDAQ1Mod2/ai2,393B31,61321,g,84,234,0,0,0,-1,1651.6129,29.999766,1,7,17,30,9909,21471,1.29,0,1,0.00022341035,0.00077822793,3.4834014,4.9912184e-08,6.0563871e-07,10.840071,10.466546,0.0016989903,0.027749546,good,TestData/20251124_Testing/vib/Data/TestSetup_007.hdf5
007,3,4,8x,8x,8,cDAQ1Mod2/ai3,393A03,67865,g,0,103,0,-1,0,0,1651.6129,29.999766,1,7,17,30,9909,21471,1.29,0,1,0.0001069155,0.00016223409,1.5174049,1.1430923e-08,2.6319901e-08,3.6220295,1.1478358,0.00083884233,0.0048734235,weak,TestData/20251124_Testing/vib/Data/TestSetup_007.hdf5
007,3,4,8y,8y,9,cDAQ1Mod3/ai0,393A03,67866,g,0,103,0,0,-1,0,1651.6129,29.999766,1,7,17,30,9909,21471,1.29,0,1,0.00013071662,0.00025642024,1.9616498,1.7086835e-08,6.5751338e-08,5.8524296,4.5455066,0.0010881292,0.0084746281,weak,TestData/20251124_Testing/vib/Data/TestSetup_007.hdf5
007,3,4,8z,8z,10,cDAQ1Mod3/ai1,393A03,68542,g,0,103,0,0,0,-1,1651.6129,29.999766,1,7,17,30,9909,21471,1.29,0,1,0.00021445663,0.00065856076,3.0708342,4.5991645e-08,4.3370227e-07,9.7451275,9.2582876,0.0016603072,0.020398754,weak,TestData/20251124_Testing/vib/Data/TestSetup_007.hdf5
007,3,4,9x,9x,11,cDAQ1Mod3/ai2,393A03,68578,g,443,1105,0,-1,0,0,1651.6129,29.999766,1,7,17,30,9909,21471,1.29,0,1,0.00017783414,0.00017777619,0.9996741,3.1624982e-08,3.1604372e-08,-0.0028311909,,0.0012623672,0.0013129869,noisy,TestData/20251124_Testing/vib/Data/TestSetup_007.hdf5
007,3,4,9y,9y,12,cDAQ1Mod3/ai3,393A03,68588,g,443,1105,0,0,-1,0,1651.6129,29.999766,1,7,17,30,9909,21471,1.29,0,1,0.00028487942,0.00027847895,0.97753272,8.1156283e-08,7.7550528e-08,-0.19737392,,0.0019852547,0.001954969,noisy,TestData/20251124_Testing/vib/Data/TestSetup_007.hdf5
007,3,4,9z,9z,13,cDAQ1Mod4/ai0,393A03,68595,g,443,1105,0,0,0,-1,1651.6129,29.999766,1,7,17,30,9909,21471,1.29,0,1,0.00047435821,0.00047809172,1.0078706,2.2501571e-07,2.2857169e-07,0.068095961,-18.012537,0.002536771,0.0025665206,noisy,TestData/20251124_Testing/vib/Data/TestSetup_007.hdf5
007,3,4,10,10,14,cDAQ1Mod4/ai1,393A03,61596,g,311,1010,0,0,0,-1,1651.6129,29.999766,1,7,17,30,9909,21471,1.29,0,1,0.0012027073,0.0012011094,0.99867148,1.4465048e-06,1.4426639e-06,-0.011547047,,0.0053570625,0.0056576101,noisy,TestData/20251124_Testing/vib/Data/TestSetup_007.hdf5
007,3,4,11,11,15,cDAQ1Mod4/ai2,393B31,61603,g,311,973,0,0,0,-1,1651.6129,29.999766,1,7,17,30,9909,21471,1.29,0,1,0.00036053355,0.00033839248,0.93858804,1.2998444e-07,1.1450947e-07,-0.55049972,,0.0025358393,0.0027174051,noisy,TestData/20251124_Testing/vib/Data/TestSetup_007.hdf5
007,3,4,12,12,16,cDAQ1Mod4/ai3,393B31,61605,g,141,905,0,0,0,-1,1651.6129,29.999766,1,7,17,30,9909,21471,1.29,0,1,0.00030791175,0.00030396691,0.98718843,9.4809643e-08,9.2395884e-08,-0.1119989,,0.0030103169,0.0026009214,noisy,TestData/20251124_Testing/vib/Data/TestSetup_007.hdf5
007,3,4,13,13,17,cDAQ1Mod5/ai0,393B31,72955,g,167,733,0,0,0,-1,1651.6129,29.999766,1,7,17,30,9909,21471,1.29,0,1,0.00032189885,0.00035212692,1.0939055,1.0361887e-07,1.2399337e-07,0.77959602,-7.0635195,0.0024048899,0.0062778714,noisy,TestData/20251124_Testing/vib/Data/TestSetup_007.hdf5
007,3,4,14,14,18,cDAQ1Mod5/ai1,393B31,72956,g,264,469,0,0,0,-1,1651.6129,29.999766,1,7,17,30,9909,21471,1.29,0,1,0.00035859076,0.00039193387,1.0929837,1.2858734e-07,1.5361216e-07,0.77227392,-7.108272,0.0027870439,0.0039335354,noisy,TestData/20251124_Testing/vib/Data/TestSetup_007.hdf5
007,3,4,15,15,19,cDAQ1Mod5/ai2,393B31,61462,g,192,267,0,0,0,-1,1651.6129,29.999766,1,7,17,30,9909,21471,1.29,0,1,0.00033707916,0.00035598378,1.0560836,1.1362236e-07,1.2672445e-07,0.47396605,-9.3812327,0.0021562576,0.0034266642,noisy,TestData/20251124_Testing/vib/Data/TestSetup_007.hdf5
007,3,4,16,16,20,cDAQ1Mod5/ai3,393B31,61593,g,408,181,0,0,0,-1,1651.6129,29.999766,1,7,17,30,9909,21471,1.29,0,1,0.00039131768,0.00039111394,0.99947935,1.5312953e-07,1.5297011e-07,-0.0045235189,,0.0023465706,0.0035638367,noisy,TestData/20251124_Testing/vib/Data/TestSetup_007.hdf5
007,4,5,1,1,1,cDAQ1Mod1/ai0,393B31,51815,g,83,991,0,0,0,-1,1651.6129,29.999766,1,7,17,30,9909,21471,1.295,0,1,0.00033766113,0.00087823433,2.6009341,1.1401504e-07,7.7129553e-07,8.3025868,7.6078861,0.002192859,0.031051282,weak,TestData/20251124_Testing/vib/Data/TestSetup_007.hdf5
007,4,5,2,2,2,cDAQ1Mod1/ai1,393B31,51819,g,0.3,886,0,0,0,-1,1651.6129,29.999766,1,7,17,30,9909,21471,1.295,0,1,0.00039342391,0.0014736026,3.7455848,1.5478237e-07,2.1715046e-06,11.470393,11.149246,0.0026136658,0.045155065,good,TestData/20251124_Testing/vib/Data/TestSetup_007.hdf5
007,4,5,3,3,3,cDAQ1Mod1/ai2,393B31,72538,g,84,905,0,0,0,-1,1651.6129,29.999766,1,7,17,30,9909,21471,1.295,0,1,0.00037836681,0.0011198577,2.9597144,1.4316144e-07,1.2540812e-06,9.424996,8.8985664,0.0033742858,0.032143659,weak,TestData/20251124_Testing/vib/Data/TestSetup_007.hdf5
007,4,5,4,4,4,cDAQ1Mod1/ai3,393B31,51835,g,0.3,739,0,0,0,-1,1651.6129,29.999766,1,7,17,30,9909,21471,1.295,0,1,0.00020920076,0.0008689729,4.153775,4.376496e-08,7.551139e-07,12.368859,12.109562,0.0014183864,0.029311194,good,TestData/20251124_Testing/vib/Data/TestSetup_007.hdf5
007,4,5,5,5,5,cDAQ1Mod2/ai0,393B31,51836,g,83,553,0,0,0,-1,1651.6129,29.999766,1,7,17,30,9909,21471,1.295,0,1,0.00026094563,0.0013766084,5.2754605,6.8092621e-08,1.8950506e-06,14.445208,14.286285,0.0019403322,0.037207152,good,TestData/20251124_Testing/vib/Data/TestSetup_007.hdf5
007,4,5,6,6,6,cDAQ1Mod2/ai1,393B31,61292,g,30,372,0,0,0,-1,1651.6129,29.999766,1,7,17,30,9909,21471,1.295,0,1,0.00021046818,0.00079609565,3.7824988,4.4296856e-08,6.3376829e-07,11.555576,11.240899,0.001664577,0.029780171,good,TestData/20251124_Testing/vib/Data/TestSetup_007.hdf5
007,4,5,7,7,7,cDAQ1Mod2/ai2,393B31,61321,g,84,234,0,0,0,-1,1651.6129,29.999766,1,7,17,30,9909,21471,1.295,0,1,0.00020424187,0.00025066809,1.22731,4.1714742e-08,6.2834489e-08,1.7790853,-2.9560084,0.0013245203,0.0034360506,noisy,TestData/20251124_Testing/vib/Data/TestSetup_007.hdf5
007,4,5,8x,8x,8,cDAQ1Mod2/ai3,393A03,67865,g,0,103,0,-1,0,0,1651.6129,29.999766,1,7,17,30,9909,21471,1.295,0,1,0.000106117,0.00012074635,1.1378605,1.1260818e-08,1.4579681e-08,1.1217808,-5.3058063,0.00091959655,0.002875852,noisy,TestData/20251124_Testing/vib/Data/TestSetup_007.hdf5
007,4,5,8y,8y,9,cDAQ1Mod3/ai0,393A03,67866,g,0,103,0,0,-1,0,1651.6129,29.999766,1,7,17,30,9909,21471,1.295,0,1,0.0001226167,0.00014460247,1.1793049,1.5034854e-08,2.0909874e-08,1.4325219,-4.080899,0.00087492717,0.0038284208,noisy,TestData/20251124_Testing/vib/Data/TestSetup_007.hdf5
007,4,5,8z,8z,10,cDAQ1Mod3/ai1,393A03,68542,g,0,103,0,0,0,-1,1651.6129,29.999766,1,7,17,30,9909,21471,1.295,0,1,0.000193521,0.00024606299,1.2715054,3.7450378e-08,6.0546997e-08,2.086364,-2.099078,0.0015163289,0.0029913475,noisy,TestData/20251124_Testing/vib/Data/TestSetup_007.hdf5
007,4,5,9x,9x,11,cDAQ1Mod3/ai2,393A03,68578,g,443,1105,0,-1,0,0,1651.6129,29.999766,1,7,17,30,9909,21471,1.295,0,1,0.00017473292,0.00019583922,1.1207918,3.0531593e-08,3.8352999e-08,0.99049874,-5.9146459,0.0013817297,0.0038183484,noisy,TestData/20251124_Testing/vib/Data/TestSetup_007.hdf5
007,4,5,9y,9y,12,cDAQ1Mod3/ai3,393A03,68588,g,443,1105,0,0,-1,0,1651.6129,29.999766,1,7,17,30,9909,21471,1.295,0,1,0.00028385479,0.00028770079,1.0135492,8.0573544e-08,8.2771746e-08,0.11689655,-15.641247,0.0022157964,0.0041534594,noisy,TestData/20251124_Testing/vib/Data/TestSetup_007.hdf5
007,4,5,9z,9z,13,cDAQ1Mod4/ai0,393A03,68595,g,443,1105,0,0,0,-1,1651.6129,29.999766,1,7,17,30,9909,21471,1.295,0,1,0.00048432964,0.0004856597,1.0027462,2.345752e-07,2.3586535e-07,0.023820478,-22.596423,0.0026043274,0.0031255647,noisy,TestData/20251124_Testing/vib/Data/TestSetup_007.hdf5
007,4,5,10,10,14,cDAQ1Mod4/ai1,393A03,61596,g,311,1010,0,0,0,-1,1651.6129,29.999766,1,7,17,30,9909,21471,1.295,0,1,0.0012044087,0.0012148404,1.0086612,1.4506003e-06,1.4758371e-06,0.074906541,-17.595139,0.0053807666,0.0063386276,noisy,TestData/20251124_Testing/vib/Data/TestSetup_007.hdf5
007,4,5,11,11,15,cDAQ1Mod4/ai2,393B31,61603,g,311,973,0,0,0,-1,1651.6129,29.999766,1,7,17,30,9909,21471,1.295,0,1,0.00029791423,0.00042542887,1.4280247,8.8752889e-08,1.8098972e-07,3.0947141,0.16721875,0.0021881589,0.0058714739,weak,TestData/20251124_Testing/vib/Data/TestSetup_007.hdf5
007,4,5,12,12,16,cDAQ1Mod4/ai3,393B31,61605,g,141,905,0,0,0,-1,1651.6129,29.999766,1,7,17,30,9909,21471,1.295,0,1,0.00031044999,0.00037958172,1.2226823,9.6379198e-08,1.4408228e-07,1.7462726,-3.0543688,0.0032872571,0.0067499331,noisy,TestData/20251124_Testing/vib/Data/TestSetup_007.hdf5
007,4,5,13,13,17,cDAQ1Mod5/ai0,393B31,72955,g,167,733,0,0,0,-1,1651.6129,29.999766,1,7,17,30,9909,21471,1.295,0,1,0.00033804021,0.00037120733,1.0981159,1.1427119e-07,1.3779488e-07,0.81296343,-6.8643123,0.003062845,0.0056101826,noisy,TestData/20251124_Testing/vib/Data/TestSetup_007.hdf5
007,4,5,14,14,18,cDAQ1Mod5/ai1,393B31,72956,g,264,469,0,0,0,-1,1651.6129,29.999766,1,7,17,30,9909,21471,1.295,0,1,0.00032592158,0.00038437513,1.1793485,1.0622488e-07,1.4774424e-07,1.4328432,-4.0797557,0.0023430145,0.0042468007,noisy,TestData/20251124_Testing/vib/Data/TestSetup_007.hdf5
007,4,5,15,15,19,cDAQ1Mod5/ai2,393B31,61462,g,192,267,0,0,0,-1,1651.6129,29.999766,1,7,17,30,9909,21471,1.295,0,1,0.00030832667,0.00033440785,1.0845894,9.5065336e-08,1.1182861e-07,0.70530741,-7.5366333,0.0018893162,0.0028590702,noisy,TestData/20251124_Testing/vib/Data/TestSetup_007.hdf5
007,4,5,16,16,20,cDAQ1Mod5/ai3,393B31,61593,g,408,181,0,0,0,-1,1651.6129,29.999766,1,7,17,30,9909,21471,1.295,0,1,0.00037290165,0.00038820016,1.0410256,1.3905564e-07,1.5069936e-07,0.3492282,-10.770966,0.001940604,0.0023085469,noisy,TestData/20251124_Testing/vib/Data/TestSetup_007.hdf5
007,5,6,1,1,1,cDAQ1Mod1/ai0,393B31,51815,g,83,991,0,0,0,-1,1651.6129,29.999766,1,7,17,30,9909,21471,1.315,0,1,0.0003267261,0.00035309178,1.0806966,1.0674994e-07,1.2467381e-07,0.67407574,-7.7493598,0.0020460332,0.002980385,noisy,TestData/20251124_Testing/vib/Data/TestSetup_007.hdf5
007,5,6,2,2,2,cDAQ1Mod1/ai1,393B31,51819,g,0.3,886,0,0,0,-1,1651.6129,29.999766,1,7,17,30,9909,21471,1.315,0,1,0.00037488627,0.00058215394,1.5528814,1.4053972e-07,3.3890321e-07,3.822766,1.4966266,0.0024498913,0.0098740652,weak,TestData/20251124_Testing/vib/Data/TestSetup_007.hdf5
007,5,6,3,3,3,cDAQ1Mod1/ai2,393B31,72538,g,84,905,0,0,0,-1,1651.6129,29.999766,1,7,17,30,9909,21471,1.315,0,1,0.00035278876,0.00063547244,1.8012831,1.2445991e-07,4.0382522e-07,5.1116395,3.5114299,0.0022124432,0.019283642,weak,TestData/20251124_Testing/vib/Data/TestSetup_007.hdf5
007,5,6,4,4,4,cDAQ1Mod1/ai3,393B31,51835,g,0.3,739,0,0,0,-1,1651.6129,29.999766,1,7,17,30,9909,21471,1.315,0,1,0.00020174452,0.0008488915,4.2077549,4.0700853e-08,7.2061679e-07,12.481009,12.228517,0.0013344519,0.033463607,good,TestData/20251124_Testing/vib/Data/TestSetup_007.hdf5
007,5,6,5,5,5,cDAQ1Mod2/ai0,393B31,51836,g,83,553,0,0,0,-1,1651.6129,29.999766,1,7,17,30,9909,21471,1.315,0,1,0.00026951777,0.001284421,4.7656265,7.263983e-08,1.6497374e-06,13.5624,13.366837,0.0019432181,0.039516304,good,TestData/20251124_Testing/vib/Data/TestSetup_007.hdf5
007,5,6,6,6,6,cDAQ1Mod2/ai1,393B31,61292,g,30,372,0,0,0,-1,1651.6129,29.999766,1,7,17,30,9909,21471,1.315,0,1,0.00025383938,0.0010859023,4.2779111,6.4434433e-08,1.1791838e-06,12.624635,12.380592,0.0019401174,0.036803033,good,TestData/20251124_Testing/vib/Data/TestSetup_007.hdf5
007,5,6,7,7,7,cDAQ1Mod2/ai2,393B31,61321,g,84,234,0,0,0,-1,1651.6129,29.999766,1,7,17,30,9909,21471,1.315,0,1,0.00021677843,0.000680839,3.1407137,4.6992889e-08,4.6354174e-07,9.940567,9.476338,0.0015949743,0.01786375,weak,TestData/20251124_Testing/vib/Data/TestSetup_007.hdf5
007,5,6,8x,8x,8,cDAQ1Mod2/ai3,393A03,67865,g,0,103,0,-1,0,0,1651.6129,29.999766,1,7,17,30,9909,21471,1.315,0,1,0.00015819021,0.00017620369,1.1138723,2.5024141e-08,3.1047741e-08,0.93670832,-6.1850303,0.0012050533,0.0053185108,noisy,TestData/20251124_Testing/vib/Data/TestSetup_007.hdf5
007,5,6,8y,8y,9,cDAQ1Mod3/ai0,393A03,67866,g,0,103,0,0,-1,0,1651.6129,29.999766,1,7,17,30,9909,21471,1.315,0,1,0.00019987872,0.00028822781,1.4420134,3.9951504e-08,8.3075268e-08,3.1793862,0.33183535,0.0015993226,0.0098318712,weak,TestData/20251124_Testing/vib/Data/TestSetup_007.hdf5
007,5,6,8z,8z,10,cDAQ1Mod3/ai1,393A03,68542,g,0,103,0,0,0,-1,1651.6129,29.999766,1,7,17,30,9909,21471,1.315,0,1,0.00022168753,0.00066447687,2.9973579,4.9145362e-08,4.4152952e-07,9.534772,9.0222892,0.0016353996,0.022535345,weak,TestData/20251124_Testing/vib/Data/TestSetup_007.hdf5
007,5,6,9x,9x,11,cDAQ1Mod3/ai2,393A03,68578,g,443,1105,0,-1,0,0,1651.6129,29.999766,1,7,17,30,9909,21471,1.315,0,1,0.00017477657,0.00017864676,1.0221437,3.054685e-08,3.1914666e-08,0.19023873,-13.489387,0.0012254961,0.0013461084,noisy,TestData/20251124_Testing/vib/Data/TestSetup_007.hdf5
007,5,6,9y,9y,12,cDAQ1Mod3/ai3,393A03,68588,g,443,1105,0,0,-1,0,1651.6129,29.999766,1,7,17,30,9909,21471,1.315,0,1,0.000278992,0.00028080894,1.0065125,7.7836537e-08,7.8853661e-08,0.056383561,-18.838096,0.0017751094,0.0018103396,noisy,TestData/20251124_Testing/vib/Data/TestSetup_007.hdf5
007,5,6,9z,9z,13,cDAQ1Mod4/ai0,393A03,68595,g,443,1105,0,0,0,-1,1651.6129,29.999766,1,7,17,30,9909,21471,1.315,0,1,0.00047996585,0.00048229483,1.0048524,2.3036722e-07,2.326083e-07,0.042045316,-20.119627,0.0025615623,0.0026799409,noisy,TestData/20251124_Testing/vib/Data/TestSetup_007.hdf5
007,5,6,10,10,14,cDAQ1Mod4/ai1,393A03,61596,g,311,1010,0,0,0,-1,1651.6129,29.999766,1,7,17,30,9909,21471,1.315,0,1,0.0012015204,0.0011945211,0.99417465,1.4436512e-06,1.4268806e-06,-0.050746299,,0.0052874713,0.005202352,noisy,TestData/20251124_Testing/vib/Data/TestSetup_007.hdf5
007,5,6,11,11,15,cDAQ1Mod4/ai2,393B31,61603,g,311,973,0,0,0,-1,1651.6129,29.999766,1,7,17,30,9909,21471,1.315,0,1,0.00030664761,0.00030003271,0.97842833,9.403276e-08,9.0019629e-08,-0.18941962,,0.0021580634,0.0021277818,noisy,TestData/20251124_Testing/vib/Data/TestSetup_007.hdf5
007,5,6,12,12,16,cDAQ1Mod4/ai3,393B31,61605,g,141,905,0,0,0,-1,1651.6129,29.999766,1,7,17,30,9909,21471,1.315,0,1,0.00029056348,0.00028919928,0.99530499,8.4427136e-08,8.3636224e-08,-0.040876398,,0.0018788145,0.0025766708,noisy,TestData/20251124_Testing/vib/Data/TestSetup_007.hdf5
007,5,6,13,13,17,cDAQ1Mod5/ai0,393B31,72955,g,167,733,0,0,0,-1,1651.6129,29.999766,1,7,17,30,9909,21471,1.315,0,1,0.00030071458,0.00034424743,1.1447647,9.0429256e-08,1.1850629e-07,1.1743244,-5.0795773,0.0022016694,0.0065844179,noisy,TestData/20251124_Testing/vib/Data/TestSetup_007.hdf5
007,5,6,14,14,18,cDAQ1Mod5/ai1,393B31,72956,g,264,469,0,0,0,-1,1651.6129,29.999766,1,7,17,30,9909,21471,1.315,0,1,0.00033169284,0.00040948469,1.2345298,1.1002014e-07,1.6767771e-07,1.8300314,-2.8061586,0.0026450985,0.0056855847,noisy,TestData/20251124_Testing/vib/Data/TestSetup_007.hdf5
007,5,6,15,15,19,cDAQ1Mod5/ai2,393B31,61462,g,192,267,0,0,0,-1,1651.6129,29.999766,1,7,17,30,9909,21471,1.315,0,1,0.00031040924,0.0003768263,1.2139661,9.6353893e-08,1.4199806e-07,1.6841314,-3.24484,0.0020709812,0.0037958,noisy,TestData/20251124_Testing/vib/Data/TestSetup_007.hdf5
007,5,6,16,16,20,cDAQ1Mod5/ai3,393B31,61593,g,408,181,0,0,0,-1,1651.6129,29.999766,1,7,17,30,9909,21471,1.315,0,1,0.0003755334,0.00040353895,1.0745754,1.4102533e-07,1.6284368e-07,0.62473777,-8.1047527,0.0020932692,0.0037785439,noisy,TestData/20251124_Testing/vib/Data/TestSetup_007.hdf5
007,6,7,1,1,1,cDAQ1Mod1/ai0,393B31,51815,g,83,991,0,0,0,-1,1651.6129,29.999766,1,7,18,30,9909,19819,1.275,0,1,0.00034514899,0.00088920977,2.5763071,1.1912782e-07,7.9069402e-07,8.2199525,7.5107562,0.0026981181,0.031420976,weak,TestData/20251124_Testing/vib/Data/TestSetup_007.hdf5
007,6,7,2,2,2,cDAQ1Mod1/ai1,393B31,51819,g,0.3,886,0,0,0,-1,1651.6129,29.999766,1,7,18,30,9909,19819,1.275,0,1,0.00040924414,0.0013838292,3.3814271,1.6748077e-07,1.9149834e-06,10.582001,10.184529,0.0029381972,0.033987086,good,TestData/20251124_Testing/vib/Data/TestSetup_007.hdf5
007,6,7,3,3,3,cDAQ1Mod1/ai2,393B31,72538,g,84,905,0,0,0,-1,1651.6129,29.999766,1,7,18,30,9909,19819,1.275,0,1,0.00035975897,0.0010732541,2.9832589,1.2942651e-07,1.1518744e-06,9.4938188,8.9761794,0.002407731,0.029080692,weak,TestData/20251124_Testing/vib/Data/TestSetup_007.hdf5
007,6,7,4,4,4,cDAQ1Mod1/ai3,393B31,51835,g,0.3,739,0,0,0,-1,1651.6129,29.999766,1,7,18,30,9909,19819,1.275,0,1,0.00022223293,0.00088598533,3.9867418,4.9387477e-08,7.8497e-07,12.012362,11.730146,0.0016859393,0.032271025,good,TestData/20251124_Testing/vib/Data/TestSetup_007.hdf5
007,6,7,5,5,5,cDAQ1Mod2/ai0,393B31,51836,g,83,553,0,0,0,-1,1651.6129,29.999766,1,7,18,30,9909,19819,1.275,0,1,0.00027698711,0.0012528209,4.5230297,7.6721858e-08,1.5695602e-06,13.108589,12.890937,0.0023101553,0.035106846,good,TestData/20251124_Testing/vib/Data/TestSetup_007.hdf5
007,6,7,6,6,6,cDAQ1Mod2/ai1,393B31,61292,g,30,372,0,0,0,-1,1651.6129,29.999766,1,7,18,30,9909,19819,1.275,0,1,0.0002385642,0.00076383819,3.201814,5.6912876e-08,5.8344878e-07,10.107922,9.6621746,0.0017854378,0.023663273,good,TestData/20251124_Testing/vib/Data/TestSetup_007.hdf5
007,6,7,7,7,7,cDAQ1Mod2/ai2,393B31,61321,g,84,234,0,0,0,-1,1651.6129,29.999766,1,7,18,30,9909,19819,1.275,0,1,0.00023223769,0.00025581889,1.101539,5.3934347e-08,6.5443303e-08,0.83999787,-6.7082949,0.0017127081,0.0033482694,noisy,TestData/20251124_Testing/vib/Data/TestSetup_007.hdf5
007,6,7,8x,8x,8,cDAQ1Mod2/ai3,393A03,67865,g,0,103,0,-1,0,0,1651.6129,29.999766,1,7,18,30,9909,19819,1.275,0,1,0.00012613818,0.00012000245,0.95135706,1.5910841e-08,1.4400589e-08,-0.43312907,,0.0010347809,0.0026805394,noisy,TestData/20251124_Testing/vib/Data/TestSetup_007.hdf5
007,6,7,8y,8y,9,cDAQ1Mod3/ai0,393A03,67866,g,0,103,0,0,-1,0,1651.6129,29.999766,1,7,18,30,9909,19819,1.275,0,1,0.00016420735,0.00014539083,0.88541005,2.6964052e-08,2.1138494e-08,-1.0571111,,0.0014672234,0.0026954392,noisy,TestData/20251124_Testing/vib/Data/TestSetup_007.hdf5
007,6,7,8z,8z,10,cDAQ1Mod3/ai1,393A03,68542,g,0,103,0,0,0,-1,1651.6129,29.999766,1,7,18,30,9909,19819,1.275,0,1,0.00021651718,0.00025686441,1.1863466,4.6879687e-08,6.5979327e-08,1.4842318,-3.8995952,0.0016432971,0.0029318122,noisy,TestData/20251124_Testing/vib/Data/TestSetup_007.hdf5
007,6,7,9x,9x,11,cDAQ1Mod3/ai2,393A03,68578,g,443,1105,0,-1,0,0,1651.6129,29.999766,1,7,18,30,9909,19819,1.275,0,1,0.00017452141,0.00017799644,1.0199118,3.0457723e-08,3.1682734e-08,0.17125221,-13.955574,0.0012904893,0.0013486081,noisy,TestData/20251124_Testing/vib/Data/TestSetup_007.hdf5
007,6,7,9y,9y,12,cDAQ1Mod3/ai3,393A03,68588,g,443,1105,0,0,-1,0,1651.6129,29.999766,1,7,18,30,9909,19819,1.275,0,1,0.00028074543,0.00028599167,1.0186868,7.8817994e-08,8.1791235e-08,0.16081388,-14.233953,0.0019864908,0.0019104677,noisy,TestData/20251124_Testing/vib/Data/TestSetup_007.hdf5
007,6,7,9z,9z,13,cDAQ1Mod4/ai0,393A03,68595,g,443,1105,0,0,0,-1,1651.6129,29.999766,1,7,18,30,9909,19819,1.275,0,1,0.00049193499,0.00049619838,1.0086666,2.4200003e-07,2.4621283e-07,0.074952537,-17.59245,0.0027369609,0.002970619,noisy,TestData/20251124_Testing/vib/Data/TestSetup_007.hdf5
007,6,7,10,10,14,cDAQ1Mod4/ai1,393A03,61596,g,311,1010,0,0,0,-1,1651.6129,29.999766,1,7,18,30,9909,19819,1.275,0,1,0.0012252908,0.0012383586,1.0106651,1.5013376e-06,1.5335321e-06,0.092144954,-16.686974,0.00560304,0.0064309088,noisy,TestData/20251124_Testing/vib/Data/TestSetup_007.hdf5
007,6,7,11,11,15,cDAQ1Mod4/ai2,393B31,61603,g,311,973,0,0,0,-1,1651.6129,29.999766,1,7,18,30,9909,19819,1.275,0,1,0.00034914342,0.00045167756,1.2936734,1.2190113e-07,2.0401262e-07,2.2364931,-1.7160378,0.0027538299,0.0058864286,noisy,TestData/20251124_Testing/vib/Data/TestSetup_007.hdf5
007,6,7,12,12,16,cDAQ1Mod4/ai3,393B31,61605,g,141,905,0,0,0,-1,1651.6129,29.999766,1,7,18,30,9909,19819,1.275,0,1,0.00031198507,0.00039150308,1.2548776,9.7334682e-08,1.5327466e-07,1.9720275,-2.4054531,0.0022180043,0.0058335034,noisy,TestData/20251124_Testing/vib/Data/TestSetup_007.hdf5
007,6,7,13,13,17,cDAQ1Mod5/ai0,393B31,72955,g,167,733,0,0,0,-1,1651.6129,29.999766,1,7,18,30,9909,19819,1.275,0,1,0.00032874097,0.00037617266,1.1442829,1.0807062e-07,1.4150587e-07,1.170668,-5.0950312,0.0021637333,0.0054842696,noisy,TestData/20251124_Testing/vib/Data/TestSetup_007.hdf5
007,6,7,14,14,18,cDAQ1Mod5/ai1,393B31,72956,g,264,469,0,0,0,-1,1651.6129,29.999766,1,7,18,30,9909,19819,1.275,0,1,0.00034559032,0.00038544837,1.1153332,1.1943267e-07,1.4857044e-07,0.94809282,-6.1266676,0.0026049218,0.0049326489,noisy,TestData/20251124_Testing/vib/Data/TestSetup_007.hdf5
007,6,7,15,15,19,cDAQ1Mod5/ai2,393B31,61462,g,192,267,0,0,0,-1,1651.6129,29.999766,1,7,18,30,9909,19819,1.275,0,1,0.00032881446,0.00033788842,1.027596,1.0811895e-07,1.1416858e-07,0.23644796,-12.521727,0.0020493811,0.0030263768,noisy,TestData/20251124_Testing/vib/Data/TestSetup_007.hdf5
007,6,7,16,16,20,cDAQ1Mod5/ai3,393B31,61593,g,408,181,0,0,0,-1,1651.6129,29.999766,1,7,18,30,9909,19819,1.275,0,1,0.00038311918,0.00039069821,1.0197824,1.467803e-07,1.5264509e-07,0.17015056,-13.984156,0.0022437798,0.0024556987,noisy,TestData/20251124_Testing/vib/Data/TestSetup_007.hdf5
007,7,8,1,1,1,cDAQ1Mod1/ai0,393B31,51815,g,83,991,0,0,0,-1,1651.6129,29.999766,1,7,17,30,9909,21471,1.38,0,1,0.00037247122,0.00045187925,1.2131924,1.3873481e-07,2.0419485e-07,1.6785934,-3.2620917,0.0027325816,0.0070302537,noisy,TestData/20251124_Testing/vib/Data/TestSetup_007.hdf5
007,7,8,2,2,2,cDAQ1Mod1/ai1,393B31,51819,g,0.3,886,0,0,0,-1,1651.6129,29.999766,1,7,17,30,9909,21471,1.38,0,1,0.00045695708,0.0010723215,2.3466569,2.0880978e-07,1.1498734e-06,7.4089918,6.5386814,0.0029331677,0.032681542,weak,TestData/20251124_Testing/vib/Data/TestSetup_007.hdf5
007,7,8,3,3,3,cDAQ1Mod1/ai2,393B31,72538,g,84,905,0,0,0,-1,1651.6129,29.999766,1,7,17,30,9909,21471,1.38,0,1,0.00037879004,0.0014465653,3.8189107,1.434819e-07,2.0925512e-06,11.63879,11.330302,0.0025528001,0.059698025,good,TestData/20251124_Testing/vib/Data/TestSetup_007.hdf5
007,7,8,4,4,4,cDAQ1Mod1/ai3,393B31,51835,g,0.3,739,0,0,0,-1,1651.6129,29.999766,1,7,17,30,9909,21471,1.38,0,1,0.00024100228,0.0011116945,4.6127967,5.8082099e-08,1.2358647e-06,13.279286,13.070228,0.0018011226,0.043177319,good,TestData/20251124_Testing/vib/Data/TestSetup_007.hdf5
007,7,8,5,5,5,cDAQ1Mod2/ai0,393B31,51836,g,83,553,0,0,0,-1,1651.6129,29.999766,1,7,17,30,9909,21471,1.38,0,1,0.0002846979,0.0016390757,5.7572454,8.1052893e-08,2.686569e-06,15.204295,15.071252,0.0023488001,0.050786843,good,TestData/20251124_Testing/vib/Data/TestSetup_007.hdf5
007,7,8,6,6,6,cDAQ1Mod2/ai1,393B31,61292,g,30,372,0,0,0,-1,1651.6129,29.999766,1,7,17,30,9909,21471,1.38,0,1,0.00027705855,0.0012101517,4.3678556,7.6761438e-08,1.4644672e-06,12.805365,12.571543,0.0019152923,0.039386263,good,TestData/20251124_Testing/vib/Data/TestSetup_007.hdf5
007,7,8,7,7,7,cDAQ1Mod2/ai2,393B31,61321,g,84,234,0,0,0,-1,1651.6129,29.999766,1,7,17,30,9909,21471,1.38,0,1,0.00024421914,0.00063059809,2.5820994,5.9642989e-08,3.9765395e-07,8.2394591,7.5337139,0.001689111,0.015798974,weak,TestData/20251124_Testing/vib/Data/TestSetup_007.hdf5
007,7,8,8x,8x,8,cDAQ1Mod2/ai3,393A03,67865,g,0,103,0,-1,0,0,1651.6129,29.999766,1,7,17,30,9909,21471,1.38,0,1,0.0001124538,0.00016673386,1.4826876,1.2645858e-08,2.7800178e-08,3.4209929,0.7858817,0.00099033475,0.0051964404,weak,TestData/20251124_Testing/vib/Data/TestSetup_007.hdf5
007,7,8,8y,8y,9,cDAQ1Mod3/ai0,393A03,67866,g,0,103,0,0,-1,0,1651.6129,29.999766,1,7,17,30,9909,21471,1.38,0,1,0.00013519288,0.00026173983,1.9360474,1.8277116e-08,6.8507737e-08,5.7383195,4.3906088,0.0010328319,0.0098029937,weak,TestData/20251124_Testing/vib/Data/TestSetup_007.hdf5
007,7,8,8z,8z,10,cDAQ1Mod3/ai1,393A03,68542,g,0,103,0,0,0,-1,1651.6129,29.999766,1,7,17,30,9909,21471,1.38,0,1,0.00023223789,0.00062727916,2.7010199,5.3934437e-08,3.9347915e-07,8.6305558,7.9903082,0.0016779248,0.022724278,weak,TestData/20251124_Testing/vib/Data/TestSetup_007.hdf5
007,7,8,9x,9x,11,cDAQ1Mod3/ai2,393A03,68578,g,443,1105,0,-1,0,0,1651.6129,29.999766,1,7,17,30,9909,21471,1.38,0,1,0.00018287392,0.0001812529,0.99113589,3.344287e-08,3.2852615e-08,-0.077335953,,0.0012861147,0.001312362,noisy,TestData/20251124_Testing/vib/Data/TestSetup_007.hdf5
007,7,8,9y,9y,12,cDAQ1Mod3/ai3,393A03,68588,g,443,1105,0,0,-1,0,1651.6129,29.999766,1,7,17,30,9909,21471,1.38,0,1,0.00028915313,0.00028512292,0.98606201,8.3609533e-08,8.1295078e-08,-0.12191547,,0.0017763456,0.0018814182,noisy,TestData/20251124_Testing/vib/Data/TestSetup_007.hdf5
007,7,8,9z,9z,13,cDAQ1Mod4/ai0,393A03,68595,g,443,1105,0,0,0,-1,1651.6129,29.999766,1,7,17,30,9909,21471,1.38,0,1,0.00051404832,0.00049888266,0.97049759,2.6424568e-07,2.4888391e-07,-0.26011074,,0.0029303331,0.0027499763,noisy,TestData/20251124_Testing/vib/Data/TestSetup_007.hdf5
007,7,8,10,10,14,cDAQ1Mod4/ai1,393A03,61596,g,311,1010,0,0,0,-1,1651.6129,29.999766,1,7,17,30,9909,21471,1.38,0,1,0.0012541927,0.0012407007,0.98924245,1.5729994e-06,1.5393382e-06,-0.093945089,,0.0058675879,0.0054152453,noisy,TestData/20251124_Testing/vib/Data/TestSetup_007.hdf5
007,7,8,11,11,15,cDAQ1Mod4/ai2,393B31,61603,g,311,973,0,0,0,-1,1651.6129,29.999766,1,7,17,30,9909,21471,1.38,0,1,0.00038352921,0.00033044087,0.86157942,1.4709466e-07,1.0919117e-07,-1.2940937,,0.0026931425,0.0035042934,noisy,TestData/20251124_Testing/vib/Data/TestSetup_007.hdf5
007,7,8,12,12,16,cDAQ1Mod4/ai3,393B31,61605,g,141,905,0,0,0,-1,1651.6129,29.999766,1,7,17,30,9909,21471,1.38,0,1,0.00033554133,0.00034892608,1.03989,1.1258798e-07,1.2174941e-07,0.33974825,-10.895289,0.0022877644,0.0057516497,noisy,TestData/20251124_Testing/vib/Data/TestSetup_007.hdf5
007,7,8,13,13,17,cDAQ1Mod5/ai0,393B31,72955,g,167,733,0,0,0,-1,1651.6129,29.999766,1,7,17,30,9909,21471,1.38,0,1,0.00034458666,0.00041244606,1.1969299,1.1873997e-07,1.7011176e-07,1.5613741,-3.6387223,0.002331763,0.0071002373,noisy,TestData/20251124_Testing/vib/Data/TestSetup_007.hdf5
007,7,8,14,14,18,cDAQ1Mod5/ai1,393B31,72956,g,264,469,0,0,0,-1,1651.6129,29.999766,1,7,17,30,9909,21471,1.38,0,1,0.00036600811,0.00041845096,1.1432833,1.3396193e-07,1.751012e-07,1.1630773,-5.1272482,0.0025758631,0.0057927229,noisy,TestData/20251124_Testing/vib/Data/TestSetup_007.hdf5
007,7,8,15,15,19,cDAQ1Mod5/ai2,393B31,61462,g,192,267,0,0,0,-1,1651.6129,29.999766,1,7,17,30,9909,21471,1.38,0,1,0.0003502285,0.0003739355,1.0676901,1.2266e-07,1.3982776e-07,0.56890421,-8.5398948,0.0021495778,0.0039732199,noisy,TestData/20251124_Testing/vib/Data/TestSetup_007.hdf5
007,7,8,16,16,20,cDAQ1Mod5/ai3,393B31,61593,g,408,181,0,0,0,-1,1651.6129,29.999766,1,7,17,30,9909,21471,1.38,0,1,0.00039738689,0.00039361249,0.99050194,1.5791634e-07,1.5493079e-07,-0.082893407,,0.0024302862,0.0036907725,noisy,TestData/20251124_Testing/vib/Data/TestSetup_007.hdf5
007,8,9,1,1,1,cDAQ1Mod1/ai0,393B31,51815,g,83,991,0,0,0,-1,1651.6129,29.999766,1,7,18,30,9909,19819,1.32,1,0,0.00033044563,0.00084916832,2.5697672,1.0919431e-07,7.2108684e-07,8.1978756,7.4847514,0.0020723294,0.025414358,weak,TestData/20251124_Testing/vib/Data/TestSetup_007.hdf5
007,8,9,2,2,2,cDAQ1Mod1/ai1,393B31,51819,g,0.3,886,0,0,0,-1,1651.6129,29.999766,1,7,18,30,9909,19819,1.32,1,0,0.00039089571,0.0014312074,3.6613534,1.5279946e-07,2.0483545e-06,11.272833,10.936146,0.0024066372,0.03779244,good,TestData/20251124_Testing/vib/Data/TestSetup_007.hdf5
007,8,9,3,3,3,cDAQ1Mod1/ai2,393B31,72538,g,84,905,0,0,0,-1,1651.6129,29.999766,1,7,18,30,9909,19819,1.32,1,0,0.00034669258,0.0011964561,3.4510578,1.2019574e-07,1.4315073e-06,10.759045,10.378168,0.0022188893,0.033318947,good,TestData/20251124_Testing/vib/Data/TestSetup_007.hdf5
007,8,9,4,4,4,cDAQ1Mod1/ai3,393B31,51835,g,0.3,739,0,0,0,-1,1651.6129,29.999766,1,7,18,30,9909,19819,1.32,1,0,0.00020732455,0.00093293439,4.4998741,4.2983471e-08,8.7036658e-07,13.064007,12.844052,0.0014124491,0.032891815,good,TestData/20251124_Testing/vib/Data/TestSetup_007.hdf5
007,8,9,5,5,5,cDAQ1Mod2/ai0,393B31,51836,g,83,553,0,0,0,-1,1651.6129,29.999766,1,7,18,30,9909,19819,1.32,1,0,0.00026375256,0.001452398,5.5066688,6.9565412e-08,2.1094599e-06,14.817779,14.672143,0.0023969806,0.038327035,good,TestData/20251124_Testing/vib/Data/TestSetup_007.hdf5
007,8,9,6,6,6,cDAQ1Mod2/ai1,393B31,61292,g,30,372,0,0,0,-1,1651.6129,29.999766,1,7,18,30,9909,19819,1.32,1,0,0.00023971177,0.00099195692,4.1381235,5.7461734e-08,9.8397852e-07,12.336069,12.074746,0.0020189665,0.037830288,good,TestData/20251124_Testing/vib/Data/TestSetup_007.hdf5
007,8,9,7,7,7,cDAQ1Mod2/ai2,393B31,61321,g,84,234,0,0,0,-1,1651.6129,29.999766,1,7,18,30,9909,19819,1.32,1,0,0.00021349321,0.00026364034,1.2348886,4.5579352e-08,6.950623e-08,1.8325558,-2.7988212,0.0016203963,0.0035749902,noisy,TestData/20251124_Testing/vib/Data/TestSetup_007.hdf5
007,8,9,8x,8x,8,cDAQ1Mod2/ai3,393A03,67865,g,0,103,0,-1,0,0,1651.6129,29.999766,1,7,18,30,9909,19819,1.32,1,0,0.00010707849,0.00015795259,1.4751103,1.1465804e-08,2.4949021e-08,3.3764901,0.70389034,0.00084823235,0.0027606677,weak,TestData/20251124_Testing/vib/Data/TestSetup_007.hdf5
007,8,9,8y,8y,9,cDAQ1Mod3/ai0,393A03,67866,g,0,103,0,0,-1,0,1651.6129,29.999766,1,7,18,30,9909,19819,1.32,1,0,0.00012569839,0.00018162798,1.4449507,1.5800086e-08,3.2988722e-08,3.1970604,0.36581963,0.0011520284,0.0026401419,weak,TestData/20251124_Testing/vib/Data/TestSetup_007.hdf5
007,8,9,8z,8z,10,cDAQ1Mod3/ai1,393A03,68542,g,0,103,0,0,0,-1,1651.6129,29.999766,1,7,18,30,9909,19819,1.32,1,0,0.0002070275,0.0002902642,1.4020562,4.2860386e-08,8.4253305e-08,2.9353087,-0.15130021,0.0016833924,0.003843675,noisy,TestData/20251124_Testing/vib/Data/TestSetup_007.hdf5
007,8,9,9x,9x,11,cDAQ1Mod3/ai2,393A03,68578,g,443,1105,0,-1,0,0,1651.6129,29.999766,1,7,18,30,9909,19819,1.32,1,0,0.00017480376,0.00018518601,1.0593937,3.0556355e-08,3.4293857e-08,0.50114789,-9.1252008,0.0012479937,0.0015067165,noisy,TestData/20251124_Testing/vib/Data/TestSetup_007.hdf5
007,8,9,9y,9y,12,cDAQ1Mod3/ai3,393A03,68588,g,443,1105,0,0,-1,0,1651.6129,29.999766,1,7,18,30,9909,19819,1.32,1,0,0.00028428573,0.00029096325,1.0234887,8.0818378e-08,8.4659612e-08,0.20166143,-13.230394,0.0017182466,0.0018338265,noisy,TestData/20251124_Testing/vib/Data/TestSetup_007.hdf5
007,8,9,9z,9z,13,cDAQ1Mod4/ai0,393A03,68595,g,443,1105,0,0,0,-1,1651.6129,29.999766,1,7,18,30,9909,19819,1.32,1,0,0.0004940104,0.00049699347,1.0060385,2.4404627e-07,2.4700251e-07,0.052291886,-19.167328,0.0025516458,0.0031299032,noisy,TestData/20251124_Testing/vib/Data/TestSetup_007.hdf5
007,8,9,10,10,14,cDAQ1Mod4/ai1,393A03,61596,g,311,1010,0,0,0,-1,1651.6129,29.999766,1,7,18,30,9909,19819,1.32,1,0,0.0012271813,0.0012299173,1.0022295,1.5059739e-06,1.5126965e-06,0.019343734,-23.502764,0.0053500273,0.006288494,noisy,TestData/20251124_Testing/vib/Data/TestSetup_007.hdf5
007,8,9,11,11,15,cDAQ1Mod4/ai2,393B31,61603,g,311,973,0,0,0,-1,1651.6129,29.999766,1,7,18,30,9909,19819,1.32,1,0,0.00030112592,0.00039191796,1.3015086,9.0676819e-08,1.5359969e-07,2.2889406,-1.5868775,0.0021880969,0.0048804948,noisy,TestData/20251124_Testing/vib/Data/TestSetup_007.hdf5
007,8,9,12,12,16,cDAQ1Mod4/ai3,393B31,61605,g,141,905,0,0,0,-1,1651.6129,29.999766,1,7,18,30,9909,19819,1.32,1,0,0.0003038738,0.00037817526,1.2445142,9.2339288e-08,1.4301653e-07,1.8999971,-2.6057356,0.0021563913,0.0055869241,noisy,TestData/20251124_Testing/vib/Data/TestSetup_007.hdf5
007,8,9,13,13,17,cDAQ1Mod5/ai0,393B31,72955,g,167,733,0,0,0,-1,1651.6129,29.999766,1,7,18,30,9909,19819,1.32,1,0,0.00031739947,0.00039534076,1.2455621,1.0074242e-07,1.5629432e-07,1.907308,-2.5851351,0.0023337596,0.0061641253,noisy,TestData/20251124_Testing/vib/Data/TestSetup_007.hdf5
007,8,9,14,14,18,cDAQ1Mod5/ai1,393B31,72956,g,264,469,0,0,0,-1,1651.6129,29.999766,1,7,18,30,9909,19819,1.32,1,0,0.00033947207,0.00039639989,1.1676952,1.1524129e-07,1.5713287e-07,1.3465895,-4.3948129,0.0023461099,0.00520081,noisy,TestData/20251124_Testing/vib/Data/TestSetup_007.hdf5
007,8,9,15,15,19,cDAQ1Mod5/ai2,393B31,61462,g,192,267,0,0,0,-1,1651.6129,29.999766,1,7,18,30,9909,19819,1.32,1,0,0.00032132452,0.00035519123,1.1053972,1.0324945e-07,1.2616081e-07,0.87036742,-6.5383677,0.0019604839,0.0044683975,noisy,TestData/20251124_Testing/vib/Data/TestSetup_007.hdf5
007,8,9,16,16,20,cDAQ1Mod5/ai3,393B31,61593,g,408,181,0,0,0,-1,1651.6129,29.999766,1,7,18,30,9909,19819,1.32,1,0,0.00037524361,0.00038585696,1.0282839,1.4080777e-07,1.488856e-07,0.24226067,-12.413321,0.0021779988,0.0024227448,noisy,TestData/20251124_Testing/vib/Data/TestSetup_007.hdf5
007,9,10,1,1,1,cDAQ1Mod1/ai0,393B31,51815,g,83,991,0,0,0,-1,1651.6129,29.999766,1,7,17,30,9909,21471,1.335,0,1,0.00031951023,0.00038353423,1.2003817,1.0208678e-07,1.4709851e-07,1.5863873,-3.5564392,0.0022593112,0.0034258743,noisy,TestData/20251124_Testing/vib/Data/TestSetup_007.hdf5
007,9,10,2,2,2,cDAQ1Mod1/ai1,393B31,51819,g,0.3,886,0,0,0,-1,1651.6129,29.999766,1,7,17,30,9909,21471,1.335,0,1,0.00037409896,0.00068565514,1.8328175,1.3995003e-07,4.7012297e-07,5.2623846,3.7276846,0.0023400586,0.015258382,weak,TestData/20251124_Testing/vib/Data/TestSetup_007.hdf5
007,9,10,3,3,3,cDAQ1Mod1/ai2,393B31,72538,g,84,905,0,0,0,-1,1651.6129,29.999766,1,7,17,30,9909,21471,1.335,0,1,0.00034952337,0.00071999539,2.0599349,1.2216658e-07,5.1839336e-07,6.2770701,5.109914,0.0029937785,0.020701059,weak,TestData/20251124_Testing/vib/Data/TestSetup_007.hdf5
007,9,10,4,4,4,cDAQ1Mod1/ai3,393B31,51835,g,0.3,739,0,0,0,-1,1651.6129,29.999766,1,7,17,30,9909,21471,1.335,0,1,0.00021214011,0.00095721493,4.5121826,4.5003428e-08,9.1626042e-07,13.087733,12.869007,0.0017783734,0.036478186,good,TestData/20251124_Testing/vib/Data/TestSetup_007.hdf5
007,9,10,5,5,5,cDAQ1Mod2/ai0,393B31,51836,g,83,553,0,0,0,-1,1651.6129,29.999766,1,7,17,30,9909,21471,1.335,0,1,0.00027289572,0.0014440864,5.291715,7.4472073e-08,2.0853854e-06,14.471929,14.313999,0.0039896353,0.040483114,good,TestData/20251124_Testing/vib/Data/TestSetup_007.hdf5
007,9,10,6,6,6,cDAQ1Mod2/ai1,393B31,61292,g,30,372,0,0,0,-1,1651.6129,29.999766,1,7,17,30,9909,21471,1.335,0,1,0.00022866182,0.001202694,5.2597065,5.2286226e-08,1.446473e-06,14.41923,14.259336,0.0015568372,0.042052653,good,TestData/20251124_Testing/vib/Data/TestSetup_007.hdf5
007,9,10,7,7,7,cDAQ1Mod2/ai2,393B31,61321,g,84,234,0,0,0,-1,1651.6129,29.999766,1,7,17,30,9909,21471,1.335,0,1,0.00021666382,0.00069743706,3.2189825,4.6943212e-08,4.8641845e-07,10.154372,9.713616,0.002051814,0.019176441,good,TestData/20251124_Testing/vib/Data/TestSetup_007.hdf5
007,9,10,8x,8x,8,cDAQ1Mod2/ai3,393A03,67865,g,0,103,0,-1,0,0,1651.6129,29.999766,1,7,17,30,9909,21471,1.335,0,1,0.00010661966,0.00016543274,1.5516158,1.1367751e-08,2.7367991e-08,3.8156836,1.4845194,0.001074845,0.0051257022,weak,TestData/20251124_Testing/vib/Data/TestSetup_007.hdf5
007,9,10,8y,8y,9,cDAQ1Mod3/ai0,393A03,67866,g,0,103,0,0,-1,0,1651.6129,29.999766,1,7,17,30,9909,21471,1.335,0,1,0.00012848381,0.00026918803,2.0951124,1.6508089e-08,7.2462194e-08,6.4241467,5.3013515,0.0014690666,0.01032156,weak,TestData/20251124_Testing/vib/Data/TestSetup_007.hdf5
007,9,10,8z,8z,10,cDAQ1Mod3/ai1,393A03,68542,g,0,103,0,0,0,-1,1651.6129,29.999766,1,7,17,30,9909,21471,1.335,0,1,0.00021173408,0.00067209786,3.1742546,4.4831319e-08,4.5171553e-07,10.032835,9.5788932,0.0015606766,0.023712079,good,TestData/20251124_Testing/vib/Data/TestSetup_007.hdf5
007,9,10,9x,9x,11,cDAQ1Mod3/ai2,393A03,68578,g,443,1105,0,-1,0,0,1651.6129,29.999766,1,7,17,30,9909,21471,1.335,0,1,0.00017710941,0.00017954765,1.0137669,3.1367742e-08,3.223736e-08,0.11876206,-15.571549,0.0012273709,0.0014617212,noisy,TestData/20251124_Testing/vib/Data/TestSetup_007.hdf5
007,9,10,9y,9y,12,cDAQ1Mod3/ai3,393A03,68588,g,443,1105,0,0,-1,0,1651.6129,29.999766,1,7,17,30,9909,21471,1.335,0,1,0.00028359266,0.00028323041,0.99872265,8.0424797e-08,8.0219466e-08,-0.011102052,,0.0017392611,0.0018412434,noisy,TestData/20251124_Testing/vib/Data/TestSetup_007.hdf5
007,9,10,9z,9z,13,cDAQ1Mod4/ai0,393A03,68595,g,443,1105,0,0,0,-1,1651.6129,29.999766,1,7,17,30,9909,21471,1.335,0,1,0.00049687821,0.00049704742,1.0003405,2.4688796e-07,2.4705613e-07,0.0029573276,-31.66737,0.0026154834,0.0026669254,noisy,TestData/20251124_Testing/vib/Data/TestSetup_007.hdf5
007,9,10,10,10,14,cDAQ1Mod4/ai1,393A03,61596,g,311,1010,0,0,0,-1,1651.6129,29.999766,1,7,17,30,9909,21471,1.335,0,1,0.0012244358,0.0012269623,1.0020634,1.499243e-06,1.5054364e-06,0.017903711,-23.839458,0.0059435804,0.0055596881,noisy,TestData/20251124_Testing/vib/Data/TestSetup_007.hdf5
007,9,10,11,11,15,cDAQ1Mod4/ai2,393B31,61603,g,311,973,0,0,0,-1,1651.6129,29.999766,1,7,17,30,9909,21471,1.335,0,1,0.00037172307,0.00029781231,0.80116713,1.3817804e-07,8.8692171e-08,-1.9255376,,0.0028372286,0.0022784454,noisy,TestData/20251124_Testing/vib/Data/TestSetup_007.hdf5
007,9,10,12,12,16,cDAQ1Mod4/ai3,393B31,61605,g,141,905,0,0,0,-1,1651.6129,29.999766,1,7,17,30,9909,21471,1.335,0,1,0.00029848738,0.00032359526,1.0841171,8.9094713e-08,1.0471389e-07,0.7015238,-7.5619365,0.0020969424,0.0027769767,noisy,TestData/20251124_Testing/vib/Data/TestSetup_007.hdf5
007,9,10,13,13,17,cDAQ1Mod5/ai0,393B31,72955,g,167,733,0,0,0,-1,1651.6129,29.999766,1,7,17,30,9909,21471,1.335,0,1,0.00035557637,0.00037407169,1.052015,1.2643455e-07,1.3992963e-07,0.44043901,-9.7169049,0.010585871,0.0085214078,noisy,TestData/20251124_Testing/vib/Data/TestSetup_007.hdf5
007,9,10,14,14,18,cDAQ1Mod5/ai1,393B31,72956,g,264,469,0,0,0,-1,1651.6129,29.999766,1,7,17,30,9909,21471,1.335,0,1,0.00034072051,0.00041242754,1.210457,1.1609047e-07,1.7009648e-07,1.6589876,-3.3235446,0.0031593741,0.0065504597,noisy,TestData/20251124_Testing/vib/Data/TestSetup_007.hdf5
007,9,10,15,15,19,cDAQ1Mod5/ai2,393B31,61462,g,192,267,0,0,0,-1,1651.6129,29.999766,1,7,17,30,9909,21471,1.335,0,1,0.00033193881,0.0003728073,1.1231206,1.1018338e-07,1.3898529e-07,1.0085275,-5.8269476,0.0020631777,0.0043562147,noisy,TestData/20251124_Testing/vib/Data/TestSetup_007.hdf5
007,9,10,16,16,20,cDAQ1Mod5/ai3,393B31,61593,g,408,181,0,0,0,-1,1651.6129,29.999766,1,7,17,30,9909,21471,1.335,0,1,0.00037623481,0.00039713409,1.0555485,1.4155263e-07,1.5771548e-07,0.46956384,-9.4239995,0.0020814819,0.0034937463,noisy,TestData/20251124_Testing/vib/Data/TestSetup_007.hdf5
007,10,11,1,1,1,cDAQ1Mod1/ai0,393B31,51815,g,83,991,0,0,0,-1,1651.6129,29.999766,1,7,17,30,9909,21471,1.345,0,1,0.00035396145,0.00082375596,2.3272476,1.2528871e-07,6.7857389e-07,7.336852,6.4503709,0.0022942078,0.024925248,weak,TestData/20251124_Testing/vib/Data/TestSetup_007.hdf5
007,10,11,2,2,2,cDAQ1Mod1/ai1,393B31,51819,g,0.3,886,0,0,0,-1,1651.6129,29.999766,1,7,17,30,9909,21471,1.345,0,1,0.00044662311,0.0013884018,3.1086654,1.994722e-07,1.9276595e-06,9.8514795,9.3770844,0.0027861792,0.042497139,weak,TestData/20251124_Testing/vib/Data/TestSetup_007.hdf5
007,10,11,3,3,3,cDAQ1Mod1/ai2,393B31,72538,g,84,905,0,0,0,-1,1651.6129,29.999766,1,7,17,30,9909,21471,1.345,0,1,0.00036989006,0.0010764651,2.9102299,1.3681866e-07,1.1587771e-06,9.2785459,8.7328793,0.0023856912,0.027950528,weak,TestData/20251124_Testing/vib/Data/TestSetup_007.hdf5
007,10,11,4,4,4,cDAQ1Mod1/ai3,393B31,51835,g,0.3,739,0,0,0,-1,1651.6129,29.999766,1,7,17,30,9909,21471,1.345,0,1,0.00024000257,0.0010270322,4.2792552,5.7601233e-08,1.0547952e-06,12.627364,12.383479,0.0016684399,0.038817351,good,TestData/20251124_Testing/vib/Data/TestSetup_007.hdf5
007,10,11,5,5,5,cDAQ1Mod2/ai0,393B31,51836,g,83,553,0,0,0,-1,1651.6129,29.999766,1,7,17,30,9909,21471,1.345,0,1,0.00027563717,0.0014435664,5.2371977,7.5975851e-08,2.0838839e-06,14.381979,14.220682,0.0019750247,0.03521613,good,TestData/20251124_Testing/vib/Data/TestSetup_007.hdf5
007,10,11,6,6,6,cDAQ1Mod2/ai1,393B31,61292,g,30,372,0,0,0,-1,1651.6129,29.999766,1,7,17,30,9909,21471,1.345,0,1,0.00024944149,0.0008220935,3.2957368,6.2221059e-08,6.7583772e-07,10.35905,9.9395975,0.0017178001,0.026414611,good,TestData/20251124_Testing/vib/Data/TestSetup_007.hdf5
007,10,11,7,7,7,cDAQ1Mod2/ai2,393B31,61321,g,84,234,0,0,0,-1,1651.6129,29.999766,1,7,17,30,9909,21471,1.345,0,1,0.00022902743,0.00026549827,1.1592422,5.2453564e-08,7.0489332e-08,1.283484,-4.6364035,0.0017431011,0.0034601511,noisy,TestData/20251124_Testing/vib/Data/TestSetup_007.hdf5
007,10,11,8x,8x,8,cDAQ1Mod2/ai3,393A03,67865,g,0,103,0,-1,0,0,1651.6129,29.999766,1,7,17,30,9909,21471,1.345,0,1,0.00011323878,0.00013106489,1.1574205,1.2823022e-08,1.7178006e-08,1.2698235,-4.6900387,0.001067959,0.0037766685,noisy,TestData/20251124_Testing/vib/Data/TestSetup_007.hdf5
007,10,11,8y,8y,9,cDAQ1Mod3/ai0,393A03,67866,g,0,103,0,0,-1,0,1651.6129,29.999766,1,7,17,30,9909,21471,1.345,0,1,0.00013737366,0.00019878977,1.4470734,1.8871523e-08,3.9517373e-08,3.2098111,0.39025803,0.0019538402,0.0053343523,weak,TestData/20251124_Testing/vib/Data/TestSetup_007.hdf5
007,10,11,8z,8z,10,cDAQ1Mod3/ai1,393A03,68542,g,0,103,0,0,0,-1,1651.6129,29.999766,1,7,17,30,9909,21471,1.345,0,1,0.00022375491,0.00026885505,1.2015604,5.0066259e-08,7.2283035e-08,1.5949124,-3.5286411,0.0015874068,0.0042087847,noisy,TestData/20251124_Testing/vib/Data/TestSetup_007.hdf5
007,10,11,9x,9x,11,cDAQ1Mod3/ai2,393A03,68578,g,443,1105,0,-1,0,0,1651.6129,29.999766,1,7,17,30,9909,21471,1.345,0,1,0.00018043531,0.00018376983,1.0184804,3.2556902e-08,3.3771352e-08,0.15905376,-14.282634,0.0013317349,0.0013329848,noisy,TestData/20251124_Testing/vib/Data/TestSetup_007.hdf5
007,10,11,9y,9y,12,cDAQ1Mod3/ai3,393A03,68588,g,443,1105,0,0,-1,0,1651.6129,29.999766,1,7,17,30,9909,21471,1.345,0,1,0.0002883562,0.00029253934,1.0145068,8.3149299e-08,8.5579263e-08,0.12509951,-15.342587,0.0018430976,0.0020717851,noisy,TestData/20251124_Testing/vib/Data/TestSetup_007.hdf5
007,10,11,9z,9z,13,cDAQ1Mod4/ai0,393A03,68595,g,443,1105,0,0,0,-1,1651.6129,29.999766,1,7,17,30,9909,21471,1.345,0,1,0.00050461037,0.00049612963,0.98319348,2.5463163e-07,2.4614461e-07,-0.1472202,,0.0029055418,0.0030803206,noisy,TestData/20251124_Testing/vib/Data/TestSetup_007.hdf5
007,10,11,10,10,14,cDAQ1Mod4/ai1,393A03,61596,g,311,1010,0,0,0,-1,1651.6129,29.999766,1,7,17,30,9909,21471,1.345,0,1,0.0012586236,0.0012249154,0.97321821,1.5841333e-06,1.5004177e-06,-0.23579546,,0.0058306374,0.0065261688,noisy,TestData/20251124_Testing/vib/Data/TestSetup_007.hdf5
007,10,11,11,11,15,cDAQ1Mod4/ai2,393B31,61603,g,311,973,0,0,0,-1,1651.6129,29.999766,1,7,17,30,9909,21471,1.345,0,1,0.0003940151,0.00040367255,1.0245104,1.552479e-07,1.6295153e-07,0.21032712,-13.043302,0.0030364793,0.0048732346,noisy,TestData/20251124_Testing/vib/Data/TestSetup_007.hdf5
007,10,11,12,12,16,cDAQ1Mod4/ai3,393B31,61605,g,141,905,0,0,0,-1,1651.6129,29.999766,1,7,17,30,9909,21471,1.345,0,1,0.00033167638,0.0003820426,1.1518535,1.1000922e-07,1.4595655e-07,1.2279451,-4.8576242,0.0023389389,0.0070824396,noisy,TestData/20251124_Testing/vib/Data/TestSetup_007.hdf5
007,10,11,13,13,17,cDAQ1Mod5/ai0,393B31,72955,g,167,733,0,0,0,-1,1651.6129,29.999766,1,7,17,30,9909,21471,1.345,0,1,0.00033410832,0.00039757675,1.1899636,1.1162837e-07,1.5806727e-07,1.5106737,-3.8089265,0.0024397687,0.0076522457,noisy,TestData/20251124_Testing/vib/Data/TestSetup_007.hdf5
007,10,11,14,14,18,cDAQ1Mod5/ai1,393B31,72956,g,264,469,0,0,0,-1,1651.6129,29.999766,1,7,17,30,9909,21471,1.345,0,1,0.00035036408,0.00040028199,1.1424744,1.2275499e-07,1.6022567e-07,1.1569295,-5.1534756,0.0025768738,0.005823424,noisy,TestData/20251124_Testing/vib/Data/TestSetup_007.hdf5
007,10,11,15,15,19,cDAQ1Mod5/ai2,393B31,61462,g,192,267,0,0,0,-1,1651.6129,29.999766,1,7,17,30,9909,21471,1.345,0,1,0.0003357511,0.00034384415,1.0241043,1.127288e-07,1.182288e-07,0.20688388,-13.116724,0.0022892289,0.003182384,noisy,TestData/20251124_Testing/vib/Data/TestSetup_007.hdf5
007,10,11,16,16,20,cDAQ1Mod5/ai3,393B31,61593,g,408,181,0,0,0,-1,1651.6129,29.999766,1,7,17,30,9909,21471,1.345,0,1,0.00038095006,0.00038136352,1.0010853,1.4512295e-07,1.4543814e-07,0.0094220747,-26.631666,0.0021597474,0.0024319338,noisy,TestData/20251124_Testing/vib/Data/TestSetup_007.hdf5
007,11,12,1,1,1,cDAQ1Mod1/ai0,393B31,51815,g,83,991,0,0,0,-1,1651.6129,29.999766,1,7,17,30,9909,21471,1.38,0,1,0.00035550162,0.00041529718,1.1682005,1.263814e-07,1.7247175e-07,1.3503479,-4.3807323,0.0024488916,0.0059605845,noisy,TestData/20251124_Testing/vib/Data/TestSetup_007.hdf5
007,11,12,2,2,2,cDAQ1Mod1/ai1,393B31,51819,g,0.3,886,0,0,0,-1,1651.6129,29.999766,1,7,17,30,9909,21471,1.38,0,1,0.00044708205,0.00088618527,1.9821535,1.9988236e-07,7.8532434e-07,5.9427458,4.6670938,0.0031067498,0.022591521,weak,TestData/20251124_Testing/vib/Data/TestSetup_007.hdf5
007,11,12,3,3,3,cDAQ1Mod1/ai2,393B31,72538,g,84,905,0,0,0,-1,1651.6129,29.999766,1,7,17,30,9909,21471,1.38,0,1,0.00037393442,0.0011327092,3.0291654,1.3982695e-07,1.2830302e-06,9.6264598,9.1253255,0.0026240148,0.042262035,weak,TestData/20251124_Testing/vib/Data/TestSetup_007.hdf5
007,11,12,4,4,4,cDAQ1Mod1/ai3,393B31,51835,g,0.3,739,0,0,0,-1,1651.6129,29.999766,1,7,17,30,9909,21471,1.38,0,1,0.00022999179,0.00098306363,4.2743423,5.2896223e-08,9.664141e-07,12.617386,12.372924,0.0017039386,0.028697654,good,TestData/20251124_Testing/vib/Data/TestSetup_007.hdf5
007,11,12,5,5,5,cDAQ1Mod2/ai0,393B31,51836,g,83,553,0,0,0,-1,1651.6129,29.999766,1,7,17,30,9909,21471,1.38,0,1,0.00026917024,0.001745609,6.4851485,7.2452618e-08,3.0471507e-06,16.238398,16.133888,0.0022187504,0.061760269,good,TestData/20251124_Testing/vib/Data/TestSetup_007.hdf5
007,11,12,6,6,6,cDAQ1Mod2/ai1,393B31,61292,g,30,372,0,0,0,-1,1651.6129,29.999766,1,7,17,30,9909,21471,1.38,0,1,0.00025050316,0.0012831834,5.1224241,6.2751835e-08,1.6465597e-06,14.189511,14.020761,0.0017259314,0.034518936,good,TestData/20251124_Testing/vib/Data/TestSetup_007.hdf5
007,11,12,7,7,7,cDAQ1Mod2/ai2,393B31,61321,g,84,234,0,0,0,-1,1651.6129,29.999766,1,7,17,30,9909,21471,1.38,0,1,0.00021839506,0.0007743261,3.5455294,4.7696403e-08,5.9958092e-07,10.993622,10.633626,0.0015005231,0.028452236,good,TestData/20251124_Testing/vib/Data/TestSetup_007.hdf5
007,11,12,8x,8x,8,cDAQ1Mod2/ai3,393A03,67865,g,0,103,0,-1,0,0,1651.6129,29.999766,1,7,17,30,9909,21471,1.38,0,1,0.00010930788,0.00019053227,1.743079,1.1948212e-08,3.6302545e-08,4.8263415,3.0927332,0.00086263039,0.0060309007,weak,TestData/20251124_Testing/vib/Data/TestSetup_007.hdf5
007,11,12,8y,8y,9,cDAQ1Mod3/ai0,393A03,67866,g,0,103,0,0,-1,0,1651.6129,29.999766,1,7,17,30,9909,21471,1.38,0,1,0.00012855562,0.00029135134,2.2663447,1.6526547e-08,8.4885602e-08,7.1065192,6.1661394,0.0010660103,0.007787712,weak,TestData/20251124_Testing/vib/Data/TestSetup_007.hdf5
007,11,12,8z,8z,10,cDAQ1Mod3/ai1,393A03,68542,g,0,103,0,0,0,-1,1651.6129,29.999766,1,7,17,30,9909,21471,1.38,0,1,0.00020669388,0.00071336437,3.4513086,4.2722361e-08,5.0888872e-07,10.759676,10.378857,0.0015764717,0.020780267,good,TestData/20251124_Testing/vib/Data/TestSetup_007.hdf5
007,11,12,9x,9x,11,cDAQ1Mod3/ai2,393A03,68578,g,443,1105,0,-1,0,0,1651.6129,29.999766,1,7,17,30,9909,21471,1.38,0,1,0.00017653628,0.00018883467,1.0696649,3.1165059e-08,3.5658533e-08,0.58495528,-8.4108565,0.0013511079,0.001340484,noisy,TestData/20251124_Testing/vib/Data/TestSetup_007.hdf5
007,11,12,9y,9y,12,cDAQ1Mod3/ai3,393A03,68588,g,443,1105,0,0,-1,0,1651.6129,29.999766,1,7,17,30,9909,21471,1.38,0,1,0.0002825742,0.00028035791,0.99215679,7.9848178e-08,7.8600558e-08,-0.068393807,,0.0018233192,0.0018900712,noisy,TestData/20251124_Testing/vib/Data/TestSetup_007.hdf5
007,11,12,9z,9z,13,cDAQ1Mod4/ai0,393A03,68595,g,443,1105,0,0,0,-1,1651.6129,29.999766,1,7,17,30,9909,21471,1.38,0,1,0.000492148,0.00048913551,0.9938789,2.4220965e-07,2.3925355e-07,-0.053330615,,0.002479751,0.0027388202,noisy,TestData/20251124_Testing/vib/Data/TestSetup_007.hdf5
007,11,12,10,10,14,cDAQ1Mod4/ai1,393A03,61596,g,311,1010,0,0,0,-1,1651.6129,29.999766,1,7,17,30,9909,21471,1.38,0,1,0.0012186945,0.0012072737,0.99062869,1.4852162e-06,1.4575098e-06,-0.081781975,,0.0051958239,0.0055860542,noisy,TestData/20251124_Testing/vib/Data/TestSetup_007.hdf5
007,11,12,11,11,15,cDAQ1Mod4/ai2,393B31,61603,g,311,973,0,0,0,-1,1651.6129,29.999766,1,7,17,30,9909,21471,1.38,0,1,0.00029332027,0.00030779951,1.0493632,8.6036783e-08,9.4740538e-08,0.41851687,-9.9497746,0.0019988366,0.0030953671,noisy,TestData/20251124_Testing/vib/Data/TestSetup_007.hdf5
007,11,12,12,12,16,cDAQ1Mod4/ai3,393B31,61605,g,141,905,0,0,0,-1,1651.6129,29.999766,1,7,17,30,9909,21471,1.38,0,1,0.00032241211,0.00034022908,1.0552615,1.0394957e-07,1.1575583e-07,0.46720179,-9.4471032,0.0020684909,0.0047122486,noisy,TestData/20251124_Testing/vib/Data/TestSetup_007.hdf5
007,11,12,13,13,17,cDAQ1Mod5/ai0,393B31,72955,g,167,733,0,0,0,-1,1651.6129,29.999766,1,7,17,30,9909,21471,1.38,0,1,0.0003318699,0.00038467448,1.1591123,1.1013763e-07,1.4797446e-07,1.2825102,-4.6402106,0.0076231696,0.0072575974,noisy,TestData/20251124_Testing/vib/Data/TestSetup_007.hdf5
007,11,12,14,14,18,cDAQ1Mod5/ai1,393B31,72956,g,264,469,0,0,0,-1,1651.6129,29.999766,1,7,17,30,9909,21471,1.38,0,1,0.00034036466,0.00042592093,1.2513665,1.158481e-07,1.8140864e-07,1.9476904,-2.4724642,0.0028559004,0.0050639184,noisy,TestData/20251124_Testing/vib/Data/TestSetup_007.hdf5
007,11,12,15,15,19,cDAQ1Mod5/ai2,393B31,61462,g,192,267,0,0,0,-1,1651.6129,29.999766,1,7,17,30,9909,21471,1.38,0,1,0.00031415764,0.00038412177,1.2227039,9.8695025e-08,1.4754953e-07,1.7464259,-3.053906,0.0020885858,0.0048480837,noisy,TestData/20251124_Testing/vib/Data/TestSetup_007.hdf5
007,11,12,16,16,20,cDAQ1Mod5/ai3,393B31,61593,g,408,181,0,0,0,-1,1651.6129,29.999766,1,7,17,30,9909,21471,1.38,0,1,0.00036905731,0.00040699837,1.1028053,1.362033e-07,1.6564767e-07,0.84997716,-6.6518528,0.0021922577,0.0038459727,noisy,TestData/20251124_Testing/vib/Data/TestSetup_007.hdf5
007,12,13,1,1,1,cDAQ1Mod1/ai0,393B31,51815,g,83,991,0,0,0,-1,1651.6129,29.999766,1,7,17,30,9909,21471,1.5,0,1,0.00031649623,0.0011795197,3.726805,1.0016986e-07,1.3912668e-06,11.426733,11.102218,0.0021053699,0.047243951,good,TestData/20251124_Testing/vib/Data/TestSetup_007.hdf5
007,12,13,2,2,2,cDAQ1Mod1/ai1,393B31,51819,g,0.3,886,0,0,0,-1,1651.6129,29.999766,1,7,17,30,9909,21471,1.5,0,1,0.00037408343,0.0021406161,5.722296,1.3993841e-07,4.5822372e-06,15.151406,15.016708,0.0023852616,0.080214638,good,TestData/20251124_Testing/vib/Data/TestSetup_007.hdf5
007,12,13,3,3,3,cDAQ1Mod1/ai2,393B31,72538,g,84,905,0,0,0,-1,1651.6129,29.999766,1,7,17,30,9909,21471,1.5,0,1,0.00035025712,0.0018213426,5.2000158,1.2268005e-07,3.3172887e-06,14.320093,14.156437,0.002247498,0.063239788,good,TestData/20251124_Testing/vib/Data/TestSetup_007.hdf5
007,12,13,4,4,4,cDAQ1Mod1/ai3,393B31,51835,g,0.3,739,0,0,0,-1,1651.6129,29.999766,1,7,17,30,9909,21471,1.5,0,1,0.00020828917,0.0012916106,6.2010454,4.338438e-08,1.668258e-06,15.849298,15.734862,0.0014345733,0.032521328,good,TestData/20251124_Testing/vib/Data/TestSetup_007.hdf5
007,12,13,5,5,5,cDAQ1Mod2/ai0,393B31,51836,g,83,553,0,0,0,-1,1651.6129,29.999766,1,7,17,30,9909,21471,1.5,0,1,0.000255185,0.00213992,8.3857592,6.5119386e-08,4.5792576e-06,18.470848,18.408646,0.0018234569,0.066577442,good,TestData/20251124_Testing/vib/Data/TestSetup_007.hdf5
007,12,13,6,6,6,cDAQ1Mod2/ai1,393B31,61292,g,30,372,0,0,0,-1,1651.6129,29.999766,1,7,17,30,9909,21471,1.5,0,1,0.00029877572,0.0019303075,6.460724,8.9266932e-08,3.7260869e-06,16.205624,16.100312,0.0020005478,0.065341393,good,TestData/20251124_Testing/vib/Data/TestSetup_007.hdf5
007,12,13,7,7,7,cDAQ1Mod2/ai2,393B31,61321,g,84,234,0,0,0,-1,1651.6129,29.999766,1,7,17,30,9909,21471,1.5,0,1,0.00023199744,0.00038094897,1.6420395,5.3822813e-08,1.4512211e-07,4.307672,2.2950106,0.0017196928,0.0097015493,weak,TestData/20251124_Testing/vib/Data/TestSetup_007.hdf5
007,12,13,8x,8x,8,cDAQ1Mod2/ai3,393A03,67865,g,0,103,0,-1,0,0,1651.6129,29.999766,1,7,17,30,9909,21471,1.5,0,1,0.00012809696,0.0001870546,1.460258,1.6408831e-08,3.4989425e-08,3.2885916,0.53981953,0.00096779869,0.0048440014,weak,TestData/20251124_Testing/vib/Data/TestSetup_007.hdf5
007,12,13,8y,8y,9,cDAQ1Mod3/ai0,393A03,67866,g,0,103,0,0,-1,0,1651.6129,29.999766,1,7,17,30,9909,21471,1.5,0,1,0.00016966291,0.00026030556,1.5342515,2.8785502e-08,6.7758986e-08,3.7179309,1.3159543,0.0014801261,0.0056563058,weak,TestData/20251124_Testing/vib/Data/TestSetup_007.hdf5
007,12,13,8z,8z,10,cDAQ1Mod3/ai1,393A03,68542,g,0,103,0,0,0,-1,1651.6129,29.999766,1,7,17,30,9909,21471,1.5,0,1,0.00025387475,0.00042503636,1.6741971,6.4452389e-08,1.8065591e-07,4.4761315,2.5598027,0.0018443808,0.0098221175,weak,TestData/20251124_Testing/vib/Data/TestSetup_007.hdf5
007,12,13,9x,9x,11,cDAQ1Mod3/ai2,393A03,68578,g,443,1105,0,-1,0,0,1651.6129,29.999766,1,7,17,30,9909,21471,1.5,0,1,0.00017741887,0.00018409327,1.0376194,3.1477457e-08,3.3890333e-08,0.32076189,-11.154647,0.0014754698,0.0014967176,noisy,TestData/20251124_Testing/vib/Data/TestSetup_007.hdf5
007,12,13,9y,9y,12,cDAQ1Mod3/ai3,393A03,68588,g,443,1105,0,0,-1,0,1651.6129,29.999766,1,7,17,30,9909,21471,1.5,0,1,0.00028377636,0.00028744487,1.0129275,8.0529024e-08,8.2624552e-08,0.11156682,-15.84659,0.0019648582,0.0017849986,noisy,TestData/20251124_Testing/vib/Data/TestSetup_007.hdf5
007,12,13,9z,9z,13,cDAQ1Mod4/ai0,393A03,68595,g,443,1105,0,0,0,-1,1651.6129,29.999766,1,7,17,30,9909,21471,1.5,0,1,0.0004941852,0.00050315587,1.0181524,2.4421901e-07,2.5316583e-07,0.15625621,-14.361108,0.0026334572,0.0030263995,noisy,TestData/20251124_Testing/vib/Data/TestSetup_007.hdf5
007,12,13,10,10,14,cDAQ1Mod4/ai1,393A03,61596,g,311,1010,0,0,0,-1,1651.6129,29.999766,1,7,17,30,9909,21471,1.5,0,1,0.001239949,0.0012499007,1.0080258,1.5374736e-06,1.5622517e-06,0.069433329,-17.9274,0.005669272,0.0066093867,noisy,TestData/20251124_Testing/vib/Data/TestSetup_007.hdf5
007,12,13,11,11,15,cDAQ1Mod4/ai2,393B31,61603,g,311,973,0,0,0,-1,1651.6129,29.999766,1,7,17,30,9909,21471,1.5,0,1,0.00030648412,0.0004251509,1.3871874,9.3932515e-08,1.8075329e-07,2.8427026,-0.34192303,0.0022421446,0.0084691176,noisy,TestData/20251124_Testing/vib/Data/TestSetup_007.hdf5
007,12,13,12,12,16,cDAQ1Mod4/ai3,393B31,61605,g,141,905,0,0,0,-1,1651.6129,29.999766,1,7,17,30,9909,21471,1.5,0,1,0.00028944582,0.00043391926,1.4991381,8.3778884e-08,1.8828593e-07,3.5168329,0.96010995,0.0019336807,0.011045085,weak,TestData/20251124_Testing/vib/Data/TestSetup_007.hdf5
007,12,13,13,13,17,cDAQ1Mod5/ai0,393B31,72955,g,167,733,0,0,0,-1,1651.6129,29.999766,1,7,17,30,9909,21471,1.5,0,1,0.00030278577,0.00044524947,1.4705099,9.1679222e-08,1.9824709e-07,3.349359,0.65355349,0.0023146667,0.010628798,weak,TestData/20251124_Testing/vib/Data/TestSetup_007.hdf5
007,12,13,14,14,18,cDAQ1Mod5/ai1,393B31,72956,g,264,469,0,0,0,-1,1651.6129,29.999766,1,7,17,30,9909,21471,1.5,0,1,0.00033820328,0.00048593166,1.4368035,1.1438146e-07,2.3612958e-07,3.1479477,0.2710664,0.0024437724,0.0076663133,weak,TestData/20251124_Testing/vib/Data/TestSetup_007.hdf5
007,12,13,15,15,19,cDAQ1Mod5/ai2,393B31,61462,g,192,267,0,0,0,-1,1651.6129,29.999766,1,7,17,30,9909,21471,1.5,0,1,0.00032048586,0.00039271532,1.2253749,1.0271119e-07,1.5422532e-07,1.7653794,-2.9969132,0.001930144,0.006732031,noisy,TestData/20251124_Testing/vib/Data/TestSetup_007.hdf5
007,12,13,16,16,20,cDAQ1Mod5/ai3,393B31,61593,g,408,181,0,0,0,-1,1651.6129,29.999766,1,7,17,30,9909,21471,1.5,0,1,0.00038203413,0.00038526921,1.0084681,1.4595007e-07,1.4843237e-07,0.073242944,-17.693512,0.0020236858,0.0036290473,noisy,TestData/20251124_Testing/vib/Data/TestSetup_007.hdf5
007,13,14,1,1,1,cDAQ1Mod1/ai0,393B31,51815,g,83,991,0,0,0,-1,1651.6129,29.999766,1,7,16,30,9909,23122,1.455,0,1,0.00034519351,0.00055807704,1.6167078,1.1915856e-07,3.1144999e-07,4.1726308,2.0783469,0.0023653624,0.013794884,weak,TestData/20251124_Testing/vib/Data/TestSetup_007.hdf5
007,13,14,2,2,2,cDAQ1Mod1/ai1,393B31,51819,g,0.3,886,0,0,0,-1,1651.6129,29.999766,1,7,16,30,9909,23122,1.455,0,1,0.00043820634,0.0015215066,3.4721236,1.920248e-07,2.3149823e-06,10.811903,10.43584,0.0028689781,0.060890058,good,TestData/20251124_Testing/vib/Data/TestSetup_007.hdf5
007,13,14,3,3,3,cDAQ1Mod1/ai2,393B31,72538,g,84,905,0,0,0,-1,1651.6129,29.999766,1,7,16,30,9909,23122,1.455,0,1,0.00034712014,0.001446679,4.1676607,1.2049239e-07,2.09288e-06,12.397847,12.140327,0.0023518029,0.049530658,good,TestData/20251124_Testing/vib/Data/TestSetup_007.hdf5
007,13,14,4,4,4,cDAQ1Mod1/ai3,393B31,51835,g,0.3,739,0,0,0,-1,1651.6129,29.999766,1,7,16,30,9909,23122,1.455,0,1,0.0002316817,0.0013295869,5.7388514,5.3676412e-08,1.7678013e-06,15.1765,15.04259,0.0019056188,0.0614166,good,TestData/20251124_Testing/vib/Data/TestSetup_007.hdf5
007,13,14,5,5,5,cDAQ1Mod2/ai0,393B31,51836,g,83,553,0,0,0,-1,1651.6129,29.999766,1,7,16,30,9909,23122,1.455,0,1,0.00025775321,0.00182317,7.0733162,6.6436717e-08,3.3239487e-06,16.992461,16.904779,0.001833369,0.050598826,good,TestData/20251124_Testing/vib/Data/TestSetup_007.hdf5
007,13,14,6,6,6,cDAQ1Mod2/ai1,393B31,61292,g,30,372,0,0,0,-1,1651.6129,29.999766,1,7,16,30,9909,23122,1.455,0,1,0.00024881533,0.0014044697,5.6446269,6.1909066e-08,1.9725351e-06,15.032705,14.894214,0.0017238986,0.04126367,good,TestData/20251124_Testing/vib/Data/TestSetup_007.hdf5
007,13,14,7,7,7,cDAQ1Mod2/ai2,393B31,61321,g,84,234,0,0,0,-1,1651.6129,29.999766,1,7,16,30,9909,23122,1.455,0,1,0.00022719754,0.00083100512,3.6576325,5.1618723e-08,6.9056951e-07,11.264001,10.926602,0.001607119,0.024853082,good,TestData/20251124_Testing/vib/Data/TestSetup_007.hdf5
007,13,14,8x,8x,8,cDAQ1Mod2/ai3,393A03,67865,g,0,103,0,-1,0,0,1651.6129,29.999766,1,7,16,30,9909,23122,1.455,0,1,0.00010451318,0.0001860553,1.7802089,1.0923005e-08,3.4616575e-08,5.0094194,3.3628834,0.00084322434,0.0052659266,weak,TestData/20251124_Testing/vib/Data/TestSetup_007.hdf5
007,13,14,8y,8y,9,cDAQ1Mod3/ai0,393A03,67866,g,0,103,0,0,-1,0,1651.6129,29.999766,1,7,16,30,9909,23122,1.455,0,1,0.00012474574,0.00030998335,2.4849213,1.55615e-08,9.6089676e-08,7.9062528,7.1389641,0.0010033399,0.0099983777,weak,TestData/20251124_Testing/vib/Data/TestSetup_007.hdf5
007,13,14,8z,8z,10,cDAQ1Mod3/ai1,393A03,68542,g,0,103,0,0,0,-1,1651.6129,29.999766,1,7,16,30,9909,23122,1.455,0,1,0.00023859721,0.00080730273,3.3835381,5.6928627e-08,6.5173769e-07,10.587421,10.190469,0.0017137675,0.02126384,good,TestData/20251124_Testing/vib/Data/TestSetup_007.hdf5
007,13,14,9x,9x,11,cDAQ1Mod3/ai2,393A03,68578,g,443,1105,0,-1,0,0,1651.6129,29.999766,1,7,16,30,9909,23122,1.455,0,1,0.00016752884,0.00016794739,1.0024983,2.8065913e-08,2.8206324e-08,0.021673132,-23.007785,0.0012217465,0.0013429837,noisy,TestData/20251124_Testing/vib/Data/TestSetup_007.hdf5
007,13,14,9y,9y,12,cDAQ1Mod3/ai3,393A03,68588,g,443,1105,0,0,-1,0,1651.6129,29.999766,1,7,16,30,9909,23122,1.455,0,1,0.00027280845,0.00027368075,1.0031975,7.4424452e-08,7.4901154e-08,0.02772864,-21.934686,0.0016582934,0.0019518787,noisy,TestData/20251124_Testing/vib/Data/TestSetup_007.hdf5
007,13,14,9z,9z,13,cDAQ1Mod4/ai0,393A03,68595,g,443,1105,0,0,0,-1,1651.6129,29.999766,1,7,16,30,9909,23122,1.455,0,1,0.00043381469,0.00042171453,0.97210753,1.8819519e-07,1.7784315e-07,-0.24571384,,0.0025324326,0.0026012284,noisy,TestData/20251124_Testing/vib/Data/TestSetup_007.hdf5
007,13,14,10,10,14,cDAQ1Mod4/ai1,393A03,61596,g,311,1010,0,0,0,-1,1651.6129,29.999766,1,7,16,30,9909,23122,1.455,0,1,0.0011419601,0.001103317,0.96616077,1.3040728e-06,1.2173084e-06,-0.29901204,,0.005518301,0.0056098217,noisy,TestData/20251124_Testing/vib/Data/TestSetup_007.hdf5
007,13,14,11,11,15,cDAQ1Mod4/ai2,393B31,61603,g,311,973,0,0,0,-1,1651.6129,29.999766,1,7,16,30,9909,23122,1.455,0,1,0.00031692709,0.00037009736,1.1677681,1.0044278e-07,1.3697206e-07,1.3471325,-4.3927767,0.0024042259,0.0055815024,noisy,TestData/20251124_Testing/vib/Data/TestSetup_007.hdf5
007,13,14,12,12,16,cDAQ1Mod4/ai3,393B31,61605,g,141,905,0,0,0,-1,1651.6129,29.999766,1,7,16,30,9909,23122,1.455,0,1,0.00030009502,0.00036814541,1.2267628,9.0057021e-08,1.3553104e-07,1.775212,-2.9675423,0.0020535332,0.0083598909,noisy,TestData/20251124_Testing/vib/Data/TestSetup_007.hdf5
007,13,14,13,13,17,cDAQ1Mod5/ai0,393B31,72955,g,167,733,0,0,0,-1,1651.6129,29.999766,1,7,16,30,9909,23122,1.455,0,1,0.00030164697,0.00041023669,1.3599894,9.0990898e-08,1.6829414e-07,2.6707105,-0.70800228,0.0020715135,0.0087728596,noisy,TestData/20251124_Testing/vib/Data/TestSetup_007.hdf5
007,13,14,14,14,18,cDAQ1Mod5/ai1,393B31,72956,g,264,469,0,0,0,-1,1651.6129,29.999766,1,7,16,30,9909,23122,1.455,0,1,0.00034928836,0.00045435302,1.3007963,1.2200236e-07,2.0643666e-07,2.2841862,-1.5984927,0.0023998685,0.0082056678,noisy,TestData/20251124_Testing/vib/Data/TestSetup_007.hdf5
007,13,14,15,15,19,cDAQ1Mod5/ai2,393B31,61462,g,192,267,0,0,0,-1,1651.6129,29.999766,1,7,16,30,9909,23122,1.455,0,1,0.00032694986,0.0003979179,1.2170609,1.0689621e-07,1.5833866e-07,1.7062465,-3.1764067,0.0019945695,0.0045872601,noisy,TestData/20251124_Testing/vib/Data/TestSetup_007.hdf5
007,13,14,16,16,20,cDAQ1Mod5/ai3,393B31,61593,g,408,181,0,0,0,-1,1651.6129,29.999766,1,7,16,30,9909,23122,1.455,0,1,0.00038798179,0.00040669721,1.0482379,1.5052987e-07,1.6540262e-07,0.40919699,-10.052314,0.0021497345,0.0033304344,noisy,TestData/20251124_Testing/vib/Data/TestSetup_007.hdf5
007,14,15,1,1,1,cDAQ1Mod1/ai0,393B31,51815,g,83,991,0,0,0,-1,1651.6129,29.999766,1,7,18,30,9909,19819,1.36,0,1,0.00032492797,0.0010611247,3.2657228,1.0557818e-07,1.1259856e-06,10.279586,9.8519942,0.0021280775,0.041117793,good,TestData/20251124_Testing/vib/Data/TestSetup_007.hdf5
007,14,15,2,2,2,cDAQ1Mod1/ai1,393B31,51819,g,0.3,886,0,0,0,-1,1651.6129,29.999766,1,7,18,30,9909,19819,1.36,0,1,0.00036396102,0.0018787394,5.1619246,1.3246763e-07,3.5296616e-06,14.256233,14.090106,0.0023997216,0.07226802,good,TestData/20251124_Testing/vib/Data/TestSetup_007.hdf5
007,14,15,3,3,3,cDAQ1Mod1/ai2,393B31,72538,g,84,905,0,0,0,-1,1651.6129,29.999766,1,7,18,30,9909,19819,1.36,0,1,0.00033616995,0.001457616,4.3359497,1.1301024e-07,2.1246444e-06,12.741685,12.504312,0.0022571365,0.032405373,good,TestData/20251124_Testing/vib/Data/TestSetup_007.hdf5
007,14,15,4,4,4,cDAQ1Mod1/ai3,393B31,51835,g,0.3,739,0,0,0,-1,1651.6129,29.999766,1,7,18,30,9909,19819,1.36,0,1,0.00020163662,0.001314835,6.5208147,4.0657326e-08,1.7287911e-06,16.286037,16.182681,0.0013754504,0.054073302,good,TestData/20251124_Testing/vib/Data/TestSetup_007.hdf5
007,14,15,5,5,5,cDAQ1Mod2/ai0,393B31,51836,g,83,553,0,0,0,-1,1651.6129,29.999766,1,7,18,30,9909,19819,1.36,0,1,0.00025621433,0.0019295954,7.5311766,6.5645784e-08,3.7233384e-06,17.537257,17.460004,0.0017482375,0.059087129,good,TestData/20251124_Testing/vib/Data/TestSetup_007.hdf5
007,14,15,6,6,6,cDAQ1Mod2/ai1,393B31,61292,g,30,372,0,0,0,-1,1651.6129,29.999766,1,7,18,30,9909,19819,1.36,0,1,0.00023431,0.0013695864,5.8451896,5.4901178e-08,1.8757669e-06,15.335972,15.206963,0.0018077373,0.052562983,good,TestData/20251124_Testing/vib/Data/TestSetup_007.hdf5
007,14,15,7,7,7,cDAQ1Mod2/ai2,393B31,61321,g,84,234,0,0,0,-1,1651.6129,29.999766,1,7,18,30,9909,19819,1.36,0,1,0.00020877619,0.00028727965,1.3760173,4.35875e-08,8.2529596e-08,2.7724776,-0.48942626,0.0014116722,0.0051656856,noisy,TestData/20251124_Testing/vib/Data/TestSetup_007.hdf5
007,14,15,8x,8x,8,cDAQ1Mod2/ai3,393A03,67865,g,0,103,0,-1,0,0,1651.6129,29.999766,1,7,18,30,9909,19819,1.36,0,1,0.00010657671,0.00013295433,1.247499,1.1358595e-08,1.7676855e-08,1.9208038,-2.5472713,0.00092397856,0.0042655758,noisy,TestData/20251124_Testing/vib/Data/TestSetup_007.hdf5
007,14,15,8y,8y,9,cDAQ1Mod3/ai0,393A03,67866,g,0,103,0,0,-1,0,1651.6129,29.999766,1,7,18,30,9909,19819,1.36,0,1,0.00012793584,0.00015906306,1.2433034,1.6367579e-08,2.5301056e-08,1.8915421,-2.629639,0.0011102482,0.0049263806,noisy,TestData/20251124_Testing/vib/Data/TestSetup_007.hdf5
007,14,15,8z,8z,10,cDAQ1Mod3/ai1,393A03,68542,g,0,103,0,0,0,-1,1651.6129,29.999766,1,7,18,30,9909,19819,1.36,0,1,0.00019965979,0.00030550848,1.5301453,3.9864031e-08,9.3335432e-08,3.6946534,1.2754036,0.0014124458,0.0053101886,weak,TestData/20251124_Testing/vib/Data/TestSetup_007.hdf5
007,14,15,9x,9x,11,cDAQ1Mod3/ai2,393A03,68578,g,443,1105,0,-1,0,0,1651.6129,29.999766,1,7,18,30,9909,19819,1.36,0,1,0.00016308745,0.00017687555,1.0845442,2.6597517e-08,3.128496e-08,0.70494501,-7.5390515,0.0012479937,0.0014061021,noisy,TestData/20251124_Testing/vib/Data/TestSetup_007.hdf5
007,14,15,9y,9y,12,cDAQ1Mod3/ai3,393A03,68588,g,443,1105,0,0,-1,0,1651.6129,29.999766,1,7,18,30,9909,19819,1.36,0,1,0.00026941714,0.00027542332,1.0222932,7.2585593e-08,7.5858004e-08,0.19150979,-13.459827,0.0016069932,0.0018721471,noisy,TestData/20251124_Testing/vib/Data/TestSetup_007.hdf5
007,14,15,9z,9z,13,cDAQ1Mod4/ai0,393A03,68595,g,443,1105,0,0,0,-1,1651.6129,29.999766,1,7,18,30,9909,19819,1.36,0,1,0.00042163548,0.00042882411,1.0170494,1.7777648e-07,1.8389011e-07,0.14684077,-14.635749,0.0021208968,0.0030635864,noisy,TestData/20251124_Testing/vib/Data/TestSetup_007.hdf5
007,14,15,10,10,14,cDAQ1Mod4/ai1,393A03,61596,g,311,1010,0,0,0,-1,1651.6129,29.999766,1,7,18,30,9909,19819,1.36,0,1,0.0010975751,0.0011153213,1.0161685,1.2046711e-06,1.2439416e-06,0.13931488,-14.868025,0.0048749947,0.0063508599,noisy,TestData/20251124_Testing/vib/Data/TestSetup_007.hdf5
007,14,15,11,11,15,cDAQ1Mod4/ai2,393B31,61603,g,311,973,0,0,0,-1,1651.6129,29.999766,1,7,18,30,9909,19819,1.36,0,1,0.00031175876,0.00046143589,1.4801056,9.7193527e-08,2.1292308e-07,3.405854,0.7580694,0.0022231566,0.0081725064,weak,TestData/20251124_Testing/vib/Data/TestSetup_007.hdf5
007,14,15,12,12,16,cDAQ1Mod4/ai3,393B31,61605,g,141,905,0,0,0,-1,1651.6129,29.999766,1,7,18,30,9909,19819,1.36,0,1,0.00028842888,0.00040987296,1.4210538,8.3191217e-08,1.6799585e-07,3.0522106,0.083420738,0.0019697701,0.01095222,weak,TestData/20251124_Testing/vib/Data/TestSetup_007.hdf5
007,14,15,13,13,17,cDAQ1Mod5/ai0,393B31,72955,g,167,733,0,0,0,-1,1651.6129,29.999766,1,7,18,30,9909,19819,1.36,0,1,0.00030620279,0.00042048293,1.3732172,9.3760149e-08,1.768059e-07,2.7547846,-0.5270088,0.0023592168,0.0087261882,noisy,TestData/20251124_Testing/vib/Data/TestSetup_007.hdf5
007,14,15,14,14,18,cDAQ1Mod5/ai1,393B31,72956,g,264,469,0,0,0,-1,1651.6129,29.999766,1,7,18,30,9909,19819,1.36,0,1,0.00033968914,0.00043155764,1.2704487,1.1538871e-07,1.86242e-07,2.0791429,-2.1180334,0.0024776321,0.0080663124,noisy,TestData/20251124_Testing/vib/Data/TestSetup_007.hdf5
007,14,15,15,15,19,cDAQ1Mod5/ai2,393B31,61462,g,192,267,0,0,0,-1,1651.6129,29.999766,1,7,18,30,9909,19819,1.36,0,1,0.00032105556,0.00036106104,1.1246061,1.0307667e-07,1.3036507e-07,1.0200087,-5.7718228,0.0019049855,0.0044634657,noisy,TestData/20251124_Testing/vib/Data/TestSetup_007.hdf5
007,14,15,16,16,20,cDAQ1Mod5/ai3,393B31,61593,g,408,181,0,0,0,-1,1651.6129,29.999766,1,7,18,30,9909,19819,1.36,0,1,0.00037531303,0.00039088345,1.0414865,1.4085987e-07,1.5278987e-07,0.35307277,-10.721468,0.0020748277,0.0029199683,noisy,TestData/20251124_Testing/vib/Data/TestSetup_007.hdf5
008,0,1,1,1,1,cDAQ1Mod1/ai0,393B31,51815,g,83,991,0,0,0,-1,1651.6129,29.999766,1,7,16,29.999766,9909,23122,1.4,0,1,0.00034511192,0.00092318532,2.6750317,1.1910224e-07,8.5227114e-07,8.5465787,7.8928412,0.0022912998,0.052041994,weak,TestData/20251124_Testing/vib/Data/TestSetup_008.hdf5
008,0,1,2,2,2,cDAQ1Mod1/ai1,393B31,51819,g,0.3,886,0,0,0,-1,1651.6129,29.999766,1,7,16,29.999766,9909,23122,1.4,0,1,0.00043183975,0.0010481169,2.4270968,1.8648557e-07,1.098549e-06,7.7017419,6.893798,0.0027019972,0.06053164,weak,TestData/20251124_Testing/vib/Data/TestSetup_008.hdf5
008,0,1,3,3,3,cDAQ1Mod1/ai2,393B31,72538,g,84,905,0,0,0,-1,1651.6129,29.999766,1,7,16,29.999766,9909,23122,1.4,0,1,0.0003534096,0.0010172516,2.8783925,1.2489835e-07,1.0348007e-06,9.1830003,8.6243811,0.0022419727,0.054809261,weak,TestData/20251124_Testing/vib/Data/TestSetup_008.hdf5
008,0,1,4,4,4,cDAQ1Mod1/ai3,393B31,51835,g,0.3,739,0,0,0,-1,1651.6129,29.999766,1,7,16,29.999766,9909,23122,1.4,0,1,0.00022646657,0.00071296491,3.1482127,5.1287105e-08,5.0831896e-07,9.9612812,9.4993828,0.0016765646,0.038135626,weak,TestData/20251124_Testing/vib/Data/TestSetup_008.hdf5
008,0,1,5,5,5,cDAQ1Mod2/ai0,393B31,51836,g,83,553,0,0,0,-1,1651.6129,29.999766,1,7,16,29.999766,9909,23122,1.4,0,1,0.00025189093,0.0010094675,4.0075582,6.3449038e-08,1.0190247e-06,12.057597,11.7784,0.0017952261,0.059869811,good,TestData/20251124_Testing/vib/Data/TestSetup_008.hdf5
008,0,1,6,6,6,cDAQ1Mod2/ai1,393B31,61292,g,30,372,0,0,0,-1,1651.6129,29.999766,1,7,16,29.999766,9909,23122,1.4,0,1,0.00024262993,0.00071827059,2.9603544,5.8869284e-08,5.1591265e-07,9.4268742,8.9006865,0.0017375124,0.029896473,weak,TestData/20251124_Testing/vib/Data/TestSetup_008.hdf5
008,0,1,7,7,7,cDAQ1Mod2/ai2,393B31,61321,g,84,234,0,0,0,-1,1651.6129,29.999766,1,7,16,29.999766,9909,23122,1.4,0,1,0.00021758484,0.00028706303,1.3193154,4.7343161e-08,8.2405186e-08,2.4069729,-1.3042025,0.0015336848,0.0078592145,noisy,TestData/20251124_Testing/vib/Data/TestSetup_008.hdf5
008,0,1,8x,8x,8,cDAQ1Mod2/ai3,393A03,67865,g,0,103,0,-1,0,0,1651.6129,29.999766,1,7,16,29.999766,9909,23122,1.4,0,1,0.00010732236,0.00017728263,1.6518703,1.151809e-08,3.1429129e-08,4.3595188,2.3771346,0.00096654668,0.0078863699,weak,TestData/20251124_Testing/vib/Data/TestSetup_008.hdf5
008,0,1,8y,8y,9,cDAQ1Mod3/ai0,393A03,67866,g,0,103,0,0,-1,0,1651.6129,29.999766,1,7,16,29.999766,9909,23122,1.4,0,1,0.00012777781,0.00023905826,1.8708902,1.6327169e-08,5.714885e-08,5.440966,3.9797999,0.0010825995,0.011783868,weak,TestData/20251124_Testing/vib/Data/TestSetup_008.hdf5
008,0,1,8z,8z,10,cDAQ1Mod3/ai1,393A03,68542,g,0,103,0,0,0,-1,1651.6129,29.999766,1,7,16,29.999766,9909,23122,1.4,0,1,0.00022032562,0.00028384975,1.2883193,4.8543378e-08,8.0570681e-08,2.2004704,-1.8060963,0.0018255482,0.0072797151,noisy,TestData/20251124_Testing/vib/Data/TestSetup_008.hdf5
008,0,1,9x,9x,11,cDAQ1Mod3/ai2,393A03,68578,g,443,1105,0,-1,0,0,1651.6129,29.999766,1,7,16,29.999766,9909,23122,1.4,0,1,0.0001651043,0.00017568882,1.0641081,2.7259429e-08,3.0866563e-08,0.53971522,-8.7835445,0.0012111226,0.0017073204,noisy,TestData/20251124_Testing/vib/Data/TestSetup_008.hdf5
008,0,1,9y,9y,12,cDAQ1Mod3/ai3,393A03,68588,g,443,1105,0,0,-1,0,1651.6129,29.999766,1,7,16,29.999766,9909,23122,1.4,0,1,0.00027374491,0.00028058453,1.0249854,7.4936276e-08,7.8727681e-08,0.21435353,-12.958919,0.0018554591,0.0021113418,noisy,TestData/20251124_Testing/vib/Data/TestSetup_008.hdf5
008,0,1,9z,9z,13,cDAQ1Mod4/ai0,393A03,68595,g,443,1105,0,0,0,-1,1651.6129,29.999766,1,7,16,29.999766,9909,23122,1.4,0,1,0.00042001033,0.00043877262,1.044671,1.7640868e-07,1.9252141e-07,0.37959093,-10.393507,0.0022591083,0.002979296,noisy,TestData/20251124_Testing/vib/Data/TestSetup_008.hdf5
008,0,1,10,10,14,cDAQ1Mod4/ai1,393A03,61596,g,311,1010,0,0,0,-1,1651.6129,29.999766,1,7,16,29.999766,9909,23122,1.4,0,1,0.0011148786,0.0011447929,1.0268319,1.2429543e-06,1.3105508e-06,0.22998707,-12.645308,0.00506355,0.0079402386,noisy,TestData/20251124_Testing/vib/Data/TestSetup_008.hdf5
008,0,1,11,11,15,cDAQ1Mod4/ai2,393B31,61603,g,311,973,0,0,0,-1,1651.6129,29.999766,1,7,16,29.999766,9909,23122,1.4,0,1,0.00028048708,0.00035231363,1.2560779,7.8673004e-08,1.241249e-07,1.9803316,-2.3827378,0.0023254812,0.0063195554,noisy,TestData/20251124_Testing/vib/Data/TestSetup_008.hdf5
008,0,1,12,12,16,cDAQ1Mod4/ai3,393B31,61605,g,141,905,0,0,0,-1,1651.6129,29.999766,1,7,16,29.999766,9909,23122,1.4,0,1,0.00029442746,0.00036647828,1.244715,8.6687527e-08,1.3430633e-07,1.9013987,-2.6017813,0.0019315166,0.012901367,noisy,TestData/20251124_Testing/vib/Data/TestSetup_008.hdf5
008,0,1,13,13,17,cDAQ1Mod5/ai0,393B31,72955,g,167,733,0,0,0,-1,1651.6129,29.999766,1,7,16,29.999766,9909,23122,1.4,0,1,0.00030227624,0.00037861158,1.252535,9.1370927e-08,1.4334673e-07,1.9557974,-2.4500686,0.0020351996,0.0084082857,noisy,TestData/20251124_Testing/vib/Data/TestSetup_008.hdf5
008,0,1,14,14,18,cDAQ1Mod5/ai1,393B31,72956,g,264,469,0,0,0,-1,1651.6129,29.999766,1,7,16,29.999766,9909,23122,1.4,0,1,0.00032893752,0.00037656204,1.1447829,1.0819989e-07,1.4179897e-07,1.1744626,-5.0789943,0.0024013214,0.0062862152,noisy,TestData/20251124_Testing/vib/Data/TestSetup_008.hdf5
008,0,1,15,15,19,cDAQ1Mod5/ai2,393B31,61462,g,192,267,0,0,0,-1,1651.6129,29.999766,1,7,16,29.999766,9909,23122,1.4,0,1,0.00032015588,0.00035271269,1.1016905,1.0249978e-07,1.2440624e-07,0.84119222,-6.7015078,0.0019414434,0.0076200046,noisy,TestData/20251124_Testing/vib/Data/TestSetup_008.hdf5
008,0,1,16,16,20,cDAQ1Mod5/ai3,393B31,61593,g,408,181,0,0,0,-1,1651.6129,29.999766,1,7,16,29.999766,9909,23122,1.4,0,1,0.0003745228,0.000387421,1.034439,1.4026732e-07,1.5009503e-07,0.29409798,-11.545044,0.0020659555,0.0029752928,noisy,TestData/20251124_Testing/vib/Data/TestSetup_008.hdf5
008,1,2,1,1,1,cDAQ1Mod1/ai0,393B31,51815,g,83,991,0,0,0,-1,1651.6129,29.999766,1,7,17,29.999766,9909,21471,1.47,0,1,0.00034575931,0.0004008005,1.1591893,1.195495e-07,1.6064104e-07,1.2830875,-4.6379533,0.0023804595,0.008243655,noisy,TestData/20251124_Testing/vib/Data/TestSetup_008.hdf5
008,1,2,2,2,2,cDAQ1Mod1/ai1,393B31,51819,g,0.3,886,0,0,0,-1,1651.6129,29.999766,1,7,17,29.999766,9909,21471,1.47,0,1,0.00040042687,0.0006650533,1.6608608,1.6034168e-07,4.4229589e-07,4.4066649,2.4513218,0.00253948,0.026427492,weak,TestData/20251124_Testing/vib/Data/TestSetup_008.hdf5
008,1,2,3,3,3,cDAQ1Mod1/ai2,393B31,72538,g,84,905,0,0,0,-1,1651.6129,29.999766,1,7,17,29.999766,9909,21471,1.47,0,1,0.00033784754,0.00079239615,2.3454253,1.1414096e-07,6.2789166e-07,7.4044321,6.5331092,0.0021633296,0.045397936,weak,TestData/20251124_Testing/vib/Data/TestSetup_008.hdf5
008,1,2,4,4,4,cDAQ1Mod1/ai3,393B31,51835,g,0.3,739,0,0,0,-1,1651.6129,29.999766,1,7,17,29.999766,9909,21471,1.47,0,1,0.00021628164,0.00062483703,2.8889971,4.6777749e-08,3.9042131e-07,9.214942,8.6606889,0.001525195,0.030867763,weak,TestData/20251124_Testing/vib/Data/TestSetup_008.hdf5
008,1,2,5,5,5,cDAQ1Mod2/ai0,393B31,51836,g,83,553,0,0,0,-1,1651.6129,29.999766,1,7,17,29.999766,9909,21471,1.47,0,1,0.00025360876,0.00099111592,3.9080509,6.4317402e-08,9.8231077e-07,11.839204,11.545111,0.0017548247,0.040973513,good,TestData/20251124_Testing/vib/Data/TestSetup_008.hdf5
008,1,2,6,6,6,cDAQ1Mod2/ai1,393B31,61292,g,30,372,0,0,0,-1,1651.6129,29.999766,1,7,17,29.999766,9909,21471,1.47,0,1,0.0002168305,0.00083690944,3.8597404,4.7015465e-08,7.0041741e-07,11.731162,11.429397,0.0014882139,0.038776476,good,TestData/20251124_Testing/vib/Data/TestSetup_008.hdf5
008,1,2,7,7,7,cDAQ1Mod2/ai2,393B31,61321,g,84,234,0,0,0,-1,1651.6129,29.999766,1,7,17,29.999766,9909,21471,1.47,0,1,0.00021357011,0.00074661928,3.4958978,4.5612192e-08,5.5744035e-07,10.871175,10.500432,0.0014240685,0.038603262,good,TestData/20251124_Testing/vib/Data/TestSetup_008.hdf5
008,1,2,8x,8x,8,cDAQ1Mod2/ai3,393A03,67865,g,0,103,0,-1,0,0,1651.6129,29.999766,1,7,17,29.999766,9909,21471,1.47,0,1,0.00010751504,0.00036110471,3.3586437,1.1559484e-08,1.3039661e-07,10.523279,10.120137,0.0008657604,0.020800786,good,TestData/20251124_Testing/vib/Data/TestSetup_008.hdf5
008,1,2,8y,8y,9,cDAQ1Mod3/ai0,393A03,67866,g,0,103,0,0,-1,0,1651.6129,29.999766,1,7,17,29.999766,9909,21471,1.47,0,1,0.00012876486,0.00050147356,3.8944907,1.658039e-08,2.5147573e-07,11.809013,11.512797,0.0009572588,0.021917417,good,TestData/20251124_Testing/vib/Data/TestSetup_008.hdf5
008,1,2,8z,8z,10,cDAQ1Mod3/ai1,393A03,68542,g,0,103,0,0,0,-1,1651.6129,29.999766,1,7,17,29.999766,9909,21471,1.47,0,1,0.00021090841,0.00065323961,3.0972667,4.4482359e-08,4.2672199e-07,9.8195721,9.341479,0.0015837618,0.030411021,weak,TestData/20251124_Testing/vib/Data/TestSetup_008.hdf5
008,1,2,9x,9x,11,cDAQ1Mod3/ai2,393A03,68578,g,443,1105,0,-1,0,0,1651.6129,29.999766,1,7,17,29.999766,9909,21471,1.47,0,1,0.00016738323,0.00016797273,1.0035219,2.8017145e-08,2.8214839e-08,0.030536978,-21.514305,0.0014398485,0.0012636171,noisy,TestData/20251124_Testing/vib/Data/TestSetup_008.hdf5
008,1,2,9y,9y,12,cDAQ1Mod3/ai3,393A03,68588,g,443,1105,0,0,-1,0,1651.6129,29.999766,1,7,17,29.999766,9909,21471,1.47,0,1,0.00027255199,0.00027423398,1.0061713,7.4284587e-08,7.5204276e-08,0.053438201,-19.072578,0.0017973601,0.0018733832,noisy,TestData/20251124_Testing/vib/Data/TestSetup_008.hdf5
008,1,2,9z,9z,13,cDAQ1Mod4/ai0,393A03,68595,g,443,1105,0,0,0,-1,1651.6129,29.999766,1,7,17,29.999766,9909,21471,1.47,0,1,0.00041752962,0.00042214981,1.0110655,1.7433098e-07,1.7821046e-07,0.095586103,-16.526015,0.0022894777,0.0026247802,noisy,TestData/20251124_Testing/vib/Data/TestSetup_008.hdf5
008,1,2,10,10,14,cDAQ1Mod4/ai1,393A03,61596,g,311,1010,0,0,0,-1,1651.6129,29.999766,1,7,17,29.999766,9909,21471,1.47,0,1,0.0011137025,0.00112781,1.0126672,1.2403332e-06,1.2719554e-06,0.10933517,-15.935462,0.0050586063,0.0052782812,noisy,TestData/20251124_Testing/vib/Data/TestSetup_008.hdf5
008,1,2,11,11,15,cDAQ1Mod4/ai2,393B31,61603,g,311,973,0,0,0,-1,1651.6129,29.999766,1,7,17,29.999766,9909,21471,1.47,0,1,0.00030664541,0.00033652498,1.0974401,9.4031409e-08,1.1324906e-07,0.80761671,-6.8957259,0.0021446601,0.0026968657,noisy,TestData/20251124_Testing/vib/Data/TestSetup_008.hdf5
008,1,2,12,12,16,cDAQ1Mod4/ai3,393B31,61605,g,141,905,0,0,0,-1,1651.6129,29.999766,1,7,17,29.999766,9909,21471,1.47,0,1,0.00028337224,0.00032429213,1.1444033,8.0299825e-08,1.0516539e-07,1.1715822,-5.0911635,0.001987592,0.0075530661,noisy,TestData/20251124_Testing/vib/Data/TestSetup_008.hdf5
008,1,2,13,13,17,cDAQ1Mod5/ai0,393B31,72955,g,167,733,0,0,0,-1,1651.6129,29.999766,1,7,17,29.999766,9909,21471,1.47,0,1,0.00030912812,0.00037462125,1.211864,9.5560194e-08,1.4034108e-07,1.6690779,-3.2918434,0.002072387,0.0095826841,noisy,TestData/20251124_Testing/vib/Data/TestSetup_008.hdf5
008,1,2,14,14,18,cDAQ1Mod5/ai1,393B31,72956,g,264,469,0,0,0,-1,1651.6129,29.999766,1,7,17,29.999766,9909,21471,1.47,0,1,0.00033756271,0.00039102227,1.1583693,1.1394859e-07,1.5289842e-07,1.2769405,-4.6620335,0.0024498368,0.0048837545,noisy,TestData/20251124_Testing/vib/Data/TestSetup_008.hdf5
008,1,2,15,15,19,cDAQ1Mod5/ai2,393B31,61462,g,192,267,0,0,0,-1,1651.6129,29.999766,1,7,17,29.999766,9909,21471,1.47,0,1,0.0003194725,0.00038970782,1.2198478,1.0206268e-07,1.5187219e-07,1.7261129,-3.1155471,0.0019732816,0.0084676498,noisy,TestData/20251124_Testing/vib/Data/TestSetup_008.hdf5
008,1,2,16,16,20,cDAQ1Mod5/ai3,393B31,61593,g,408,181,0,0,0,-1,1651.6129,29.999766,1,7,17,29.999766,9909,21471,1.47,0,1,0.00037938802,0.00039827101,1.0497722,1.4393527e-07,1.586198e-07,0.42190173,-9.9130715,0.0021826884,0.0037659327,noisy,TestData/20251124_Testing/vib/Data/TestSetup_008.hdf5
008,2,3,1,1,1,cDAQ1Mod1/ai0,393B31,51815,g,83,991,0,0,0,-1,1651.6129,29.999766,1,7,16,29.999766,9909,23122,1.48,0,1,0.00035443068,0.00082195072,2.3190733,1.256211e-07,6.7560299e-07,7.3062896,6.4128578,0.0024096638,0.049188573,weak,TestData/20251124_Testing/vib/Data/TestSetup_008.hdf5
008,2,3,2,2,2,cDAQ1Mod1/ai1,393B31,51819,g,0.3,886,0,0,0,-1,1651.6129,29.999766,1,7,16,29.999766,9909,23122,1.48,0,1,0.00042177288,0.00092791354,2.2000313,1.7789237e-07,8.6102353e-07,6.8485771,5.8434679,0.0029842804,0.034595661,weak,TestData/20251124_Testing/vib/Data/TestSetup_008.hdf5
008,2,3,3,3,3,cDAQ1Mod1/ai2,393B31,72538,g,84,905,0,0,0,-1,1651.6129,29.999766,1,7,16,29.999766,9909,23122,1.48,0,1,0.00035072948,0.00078222201,2.2302716,1.2301117e-07,6.1187128e-07,6.9671552,5.9924005,0.0022421569,0.045624964,weak,TestData/20251124_Testing/vib/Data/TestSetup_008.hdf5
008,2,3,4,4,4,cDAQ1Mod1/ai3,393B31,51835,g,0.3,739,0,0,0,-1,1651.6129,29.999766,1,7,16,29.999766,9909,23122,1.48,0,1,0.00023120269,0.00056104125,2.4266208,5.3454685e-08,3.1476729e-07,7.7000381,6.8917458,0.0016578778,0.027171459,weak,TestData/20251124_Testing/vib/Data/TestSetup_008.hdf5
008,2,3,5,5,5,cDAQ1Mod2/ai0,393B31,51836,g,83,553,0,0,0,-1,1651.6129,29.999766,1,7,16,29.999766,9909,23122,1.48,0,1,0.00026487497,0.00096311957,3.636129,7.0158752e-08,9.275993e-07,11.212786,10.871222,0.0017305463,0.057902754,good,TestData/20251124_Testing/vib/Data/TestSetup_008.hdf5
008,2,3,6,6,6,cDAQ1Mod2/ai1,393B31,61292,g,30,372,0,0,0,-1,1651.6129,29.999766,1,7,16,29.999766,9909,23122,1.48,0,1,0.0002222825,0.00076823731,3.4561305,4.9409509e-08,5.9018856e-07,10.771803,10.392093,0.0015063861,0.032120016,good,TestData/20251124_Testing/vib/Data/TestSetup_008.hdf5
008,2,3,7,7,7,cDAQ1Mod2/ai2,393B31,61321,g,84,234,0,0,0,-1,1651.6129,29.999766,1,7,16,29.999766,9909,23122,1.48,0,1,0.00023507115,0.00032344378,1.3759399,5.5258446e-08,1.0461588e-07,2.7719895,-0.49046091,0.0017510298,0.009955454,noisy,TestData/20251124_Testing/vib/Data/TestSetup_008.hdf5
008,2,3,8x,8x,8,cDAQ1Mod2/ai3,393A03,67865,g,0,103,0,-1,0,0,1651.6129,29.999766,1,7,16,29.999766,9909,23122,1.48,0,1,0.00020443746,0.00026529186,1.2976676,4.1794675e-08,7.0379773e-08,2.2632691,-1.6498127,0.0016132065,0.0098276013,noisy,TestData/20251124_Testing/vib/Data/TestSetup_008.hdf5
008,2,3,8y,8y,9,cDAQ1Mod3/ai0,393A03,67866,g,0,103,0,0,-1,0,1651.6129,29.999766,1,7,16,29.999766,9909,23122,1.48,0,1,0.00025069057,0.00033416955,1.3329961,6.2845763e-08,1.1166929e-07,2.4965773,-1.096469,0.0020945412,0.010080095,noisy,TestData/20251124_Testing/vib/Data/TestSetup_008.hdf5
008,2,3,8z,8z,10,cDAQ1Mod3/ai1,393A03,68542,g,0,103,0,0,0,-1,1651.6129,29.999766,1,7,16,29.999766,9909,23122,1.48,0,1,0.00022032339,0.00030283054,1.374482,4.8542397e-08,9.1706337e-08,2.7627813,-0.51000136,0.0016244645,0.0078337584,noisy,TestData/20251124_Testing/vib/Data/TestSetup_008.hdf5
008,2,3,9x,9x,11,cDAQ1Mod3/ai2,393A03,68578,g,443,1105,0,-1,0,0,1651.6129,29.999766,1,7,16,29.999766,9909,23122,1.48,0,1,0.00016797331,0.00017357358,1.0333402,2.8215033e-08,3.0127787e-08,0.2848666,-11.688216,0.0014817191,0.0016042063,noisy,TestData/20251124_Testing/vib/Data/TestSetup_008.hdf5
008,2,3,9y,9y,12,cDAQ1Mod3/ai3,393A03,68588,g,443,1105,0,0,-1,0,1651.6129,29.999766,1,7,16,29.999766,9909,23122,1.48,0,1,0.00027300295,0.00027916778,1.0225816,7.4530611e-08,7.793465e-08,0.19395909,-13.403401,0.0018906893,0.0024333586,noisy,TestData/20251124_Testing/vib/Data/TestSetup_008.hdf5
008,2,3,9z,9z,13,cDAQ1Mod4/ai0,393A03,68595,g,443,1105,0,0,0,-1,1651.6129,29.999766,1,7,16,29.999766,9909,23122,1.48,0,1,0.00041676861,0.0004333526,1.0397919,1.7369607e-07,1.8779448e-07,0.33892823,-10.9062,0.0022553896,0.00265391,noisy,TestData/20251124_Testing/vib/Data/TestSetup_008.hdf5
008,2,3,10,10,14,cDAQ1Mod4/ai1,393A03,61596,g,311,1010,0,0,0,-1,1651.6129,29.999766,1,7,16,29.999766,9909,23122,1.48,0,1,0.0011018984,0.0011355503,1.03054,1.21418e-06,1.2894745e-06,0.26129674,-12.0752,0.0048838679,0.0065299716,noisy,TestData/20251124_Testing/vib/Data/TestSetup_008.hdf5
008,2,3,11,11,15,cDAQ1Mod4/ai2,393B31,61603,g,311,973,0,0,0,-1,1651.6129,29.999766,1,7,16,29.999766,9909,23122,1.48,0,1,0.00028410053,0.00034059175,1.1988424,8.0713109e-08,1.1600274e-07,1.5752419,-3.5929691,0.0020676529,0.0065357464,noisy,TestData/20251124_Testing/vib/Data/TestSetup_008.hdf5
008,2,3,12,12,16,cDAQ1Mod4/ai3,393B31,61605,g,141,905,0,0,0,-1,1651.6129,29.999766,1,7,16,29.999766,9909,23122,1.48,0,1,0.00030643187,0.00035107471,1.145686,9.3900491e-08,1.2325345e-07,1.1813124,-5.0501591,0.0022232236,0.0074119545,noisy,TestData/20251124_Testing/vib/Data/TestSetup_008.hdf5
008,2,3,13,13,17,cDAQ1Mod5/ai0,393B31,72955,g,167,733,0,0,0,-1,1651.6129,29.999766,1,7,16,29.999766,9909,23122,1.48,0,1,0.00033072402,0.00035557888,1.0751529,1.0937838e-07,1.2643634e-07,0.62940441,-8.070043,0.002215022,0.0071421667,noisy,TestData/20251124_Testing/vib/Data/TestSetup_008.hdf5
008,2,3,14,14,18,cDAQ1Mod5/ai1,393B31,72956,g,264,469,0,0,0,-1,1651.6129,29.999766,1,7,16,29.999766,9909,23122,1.48,0,1,0.00033995515,0.00037295374,1.0970675,1.155695e-07,1.3909449e-07,0.80466689,-6.9131381,0.0025360653,0.00486215,noisy,TestData/20251124_Testing/vib/Data/TestSetup_008.hdf5
008,2,3,15,15,19,cDAQ1Mod5/ai2,393B31,61462,g,192,267,0,0,0,-1,1651.6129,29.999766,1,7,16,29.999766,9909,23122,1.48,0,1,0.00031484319,0.00035120366,1.1154876,9.9126233e-08,1.2334401e-07,0.94929466,-6.120543,0.0018941855,0.007530171,noisy,TestData/20251124_Testing/vib/Data/TestSetup_008.hdf5
008,2,3,16,16,20,cDAQ1Mod5/ai3,393B31,61593,g,408,181,0,0,0,-1,1651.6129,29.999766,1,7,16,29.999766,9909,23122,1.48,0,1,0.00037973937,0.00039120472,1.0301927,1.4420199e-07,1.5304113e-07,0.25836937,-12.125608,0.002210509,0.0031626864,noisy,TestData/20251124_Testing/vib/Data/TestSetup_008.hdf5
008,3,4,1,1,1,cDAQ1Mod1/ai0,393B31,51815,g,83,991,0,0,0,-1,1651.6129,29.999766,1,7,16,30,9909,23122,1.455,0,1,0.00034218919,0.0004699016,1.3732216,1.1709344e-07,2.2080752e-07,2.7548127,-0.52694899,0.0022540519,0.0097468719,noisy,TestData/20251124_Testing/vib/Data/TestSetup_008.hdf5
008,3,4,2,2,2,cDAQ1Mod1/ai1,393B31,51819,g,0.3,886,0,0,0,-1,1651.6129,29.999766,1,7,16,30,9909,23122,1.455,0,1,0.00040784223,0.00090705718,2.2240394,1.6633529e-07,8.2275273e-07,6.9428494,5.9619572,0.0028552097,0.036700274,weak,TestData/20251124_Testing/vib/Data/TestSetup_008.hdf5
008,3,4,3,3,3,cDAQ1Mod1/ai2,393B31,72538,g,84,905,0,0,0,-1,1651.6129,29.999766,1,7,16,30,9909,23122,1.455,0,1,0.00035111024,0.00092414134,2.6320547,1.232784e-07,8.5403722e-07,8.4058982,7.7288708,0.0023824989,0.047056378,weak,TestData/20251124_Testing/vib/Data/TestSetup_008.hdf5
008,3,4,4,4,4,cDAQ1Mod1/ai3,393B31,51835,g,0.3,739,0,0,0,-1,1651.6129,29.999766,1,7,16,30,9909,23122,1.455,0,1,0.00022228029,0.00075261664,3.3858902,4.9408526e-08,5.6643181e-07,10.593457,10.197082,0.0015426944,0.043807859,good,TestData/20251124_Testing/vib/Data/TestSetup_008.hdf5
008,3,4,5,5,5,cDAQ1Mod2/ai0,393B31,51836,g,83,553,0,0,0,-1,1651.6129,29.999766,1,7,16,30,9909,23122,1.455,0,1,0.00026456413,0.0011091054,4.1921985,6.9994179e-08,1.2301147e-06,12.448837,12.194412,0.0017489276,0.055548684,good,TestData/20251124_Testing/vib/Data/TestSetup_008.hdf5
008,3,4,6,6,6,cDAQ1Mod2/ai1,393B31,61292,g,30,372,0,0,0,-1,1651.6129,29.999766,1,7,16,30,9909,23122,1.455,0,1,0.00023902565,0.00086070644,3.6008958,5.713326e-08,7.4081558e-07,11.128211,10.779653,0.0018180246,0.036517883,good,TestData/20251124_Testing/vib/Data/TestSetup_008.hdf5
008,3,4,7,7,7,cDAQ1Mod2/ai2,393B31,61321,g,84,234,0,0,0,-1,1651.6129,29.999766,1,7,16,30,9909,23122,1.455,0,1,0.000234388,0.00065601398,2.7988377,5.4937736e-08,4.3035434e-07,8.9395543,8.3464272,0.0015629452,0.032972808,weak,TestData/20251124_Testing/vib/Data/TestSetup_008.hdf5
008,3,4,8x,8x,8,cDAQ1Mod2/ai3,393A03,67865,g,0,103,0,-1,0,0,1651.6129,29.999766,1,7,16,30,9909,23122,1.455,0,1,0.00020341411,0.00034709179,1.7063309,4.1377301e-08,1.2047271e-07,4.6412653,2.8138913,0.0016682946,0.01810084,weak,TestData/20251124_Testing/vib/Data/TestSetup_008.hdf5
008,3,4,8y,8y,9,cDAQ1Mod3/ai0,393A03,67866,g,0,103,0,0,-1,0,1651.6129,29.999766,1,7,16,30,9909,23122,1.455,0,1,0.00025958613,0.00046194579,1.7795473,6.7384958e-08,2.1339391e-07,5.0061907,3.3581654,0.0022346279,0.017563057,weak,TestData/20251124_Testing/vib/Data/TestSetup_008.hdf5
008,3,4,8z,8z,10,cDAQ1Mod3/ai1,393A03,68542,g,0,103,0,0,0,-1,1651.6129,29.999766,1,7,16,30,9909,23122,1.455,0,1,0.00021984158,0.0005912402,2.689392,4.833032e-08,3.4956497e-07,8.5930823,7.9468525,0.0016651673,0.02937705,weak,TestData/20251124_Testing/vib/Data/TestSetup_008.hdf5
008,3,4,9x,9x,11,cDAQ1Mod3/ai2,393A03,68578,g,443,1105,0,-1,0,0,1651.6129,29.999766,1,7,16,30,9909,23122,1.455,0,1,0.00017415766,0.00018891432,1.0847316,3.0330892e-08,3.568862e-08,0.7064457,-7.5290453,0.0013817297,0.004192059,noisy,TestData/20251124_Testing/vib/Data/TestSetup_008.hdf5
008,3,4,9y,9y,12,cDAQ1Mod3/ai3,393A03,68588,g,443,1105,0,0,-1,0,1651.6129,29.999766,1,7,16,30,9909,23122,1.455,0,1,0.00029066639,0.00028364356,0.97583885,8.4486951e-08,8.0453668e-08,-0.21243787,,0.0019673305,0.0031324006,noisy,TestData/20251124_Testing/vib/Data/TestSetup_008.hdf5
008,3,4,9z,9z,13,cDAQ1Mod4/ai0,393A03,68595,g,443,1105,0,0,0,-1,1651.6129,29.999766,1,7,16,30,9909,23122,1.455,0,1,0.00043777432,0.00043604289,0.99604492,1.9164636e-07,1.901334e-07,-0.034421467,,0.002668165,0.0029458277,noisy,TestData/20251124_Testing/vib/Data/TestSetup_008.hdf5
008,3,4,10,10,14,cDAQ1Mod4/ai1,393A03,61596,g,311,1010,0,0,0,-1,1651.6129,29.999766,1,7,16,30,9909,23122,1.455,0,1,0.0011546455,0.0011510744,0.99690718,1.3332062e-06,1.3249722e-06,-0.026905562,,0.0056446806,0.0056925959,noisy,TestData/20251124_Testing/vib/Data/TestSetup_008.hdf5
008,3,4,11,11,15,cDAQ1Mod4/ai2,393B31,61603,g,311,973,0,0,0,-1,1651.6129,29.999766,1,7,16,30,9909,23122,1.455,0,1,0.0003469207,0.00036837223,1.0618341,1.2035397e-07,1.356981e-07,0.52113337,-8.9451824,0.0025585506,0.0048155258,noisy,TestData/20251124_Testing/vib/Data/TestSetup_008.hdf5
008,3,4,12,12,16,cDAQ1Mod4/ai3,393B31,61605,g,141,905,0,0,0,-1,1651.6129,29.999766,1,7,16,30,9909,23122,1.455,0,1,0.0003014426,0.00036161505,1.199615,9.0867639e-08,1.3076545e-07,1.5808375,-3.5746023,0.0021932445,0.007087277,noisy,TestData/20251124_Testing/vib/Data/TestSetup_008.hdf5
008,3,4,13,13,17,cDAQ1Mod5/ai0,393B31,72955,g,167,733,0,0,0,-1,1651.6129,29.999766,1,7,16,30,9909,23122,1.455,0,1,0.00032790822,0.00040699823,1.2411956,1.075238e-07,1.6564756e-07,1.8768044,-2.6715091,0.0021798312,0.0094055448,noisy,TestData/20251124_Testing/vib/Data/TestSetup_008.hdf5
008,3,4,14,14,18,cDAQ1Mod5/ai1,393B31,72956,g,264,469,0,0,0,-1,1651.6129,29.999766,1,7,16,30,9909,23122,1.455,0,1,0.0003458041,0.00039866926,1.152876,1.1958048e-07,1.5893718e-07,1.2356521,-4.8264161,0.0022980999,0.0048150876,noisy,TestData/20251124_Testing/vib/Data/TestSetup_008.hdf5
008,3,4,15,15,19,cDAQ1Mod5/ai2,393B31,61462,g,192,267,0,0,0,-1,1651.6129,29.999766,1,7,16,30,9909,23122,1.455,0,1,0.00033419467,0.00038518402,1.1525738,1.1168608e-07,1.4836673e-07,1.2333749,-4.8356198,0.0021419616,0.0091817619,noisy,TestData/20251124_Testing/vib/Data/TestSetup_008.hdf5
008,3,4,16,16,20,cDAQ1Mod5/ai3,393B31,61593,g,408,181,0,0,0,-1,1651.6129,29.999766,1,7,16,30,9909,23122,1.455,0,1,0.00038574194,0.00041720429,1.0815632,1.4879684e-07,1.7405942e-07,0.6810382,-7.7011603,0.0021605079,0.0035735327,noisy,TestData/20251124_Testing/vib/Data/TestSetup_008.hdf5
008,4,5,1,1,1,cDAQ1Mod1/ai0,393B31,51815,g,83,991,0,0,0,-1,1651.6129,29.999766,1,7,17,30,9909,21471,1.43,0,1,0.00033723668,0.00086769125,2.5729445,1.1372858e-07,7.528881e-07,8.2086083,7.4973966,0.0021426177,0.037736467,weak,TestData/20251124_Testing/vib/Data/TestSetup_008.hdf5
008,4,5,2,2,2,cDAQ1Mod1/ai1,393B31,51819,g,0.3,886,0,0,0,-1,1651.6129,29.999766,1,7,17,30,9909,21471,1.43,0,1,0.00040377114,0.001102946,2.7316118,1.6303113e-07,1.2164899e-06,8.7283797,8.1034701,0.002762729,0.043779924,weak,TestData/20251124_Testing/vib/Data/TestSetup_008.hdf5
008,4,5,3,3,3,cDAQ1Mod1/ai2,393B31,72538,g,84,905,0,0,0,-1,1651.6129,29.999766,1,7,17,30,9909,21471,1.43,0,1,0.0003554123,0.0010051614,2.8281559,1.2631791e-07,1.0103495e-06,9.030067,8.4500285,0.0023104247,0.043522903,weak,TestData/20251124_Testing/vib/Data/TestSetup_008.hdf5
008,4,5,4,4,4,cDAQ1Mod1/ai3,393B31,51835,g,0.3,739,0,0,0,-1,1651.6129,29.999766,1,7,17,30,9909,21471,1.43,0,1,0.00022147627,0.00072565594,3.2764501,4.9051736e-08,5.2657654e-07,10.308071,9.8834155,0.0016153168,0.036289255,good,TestData/20251124_Testing/vib/Data/TestSetup_008.hdf5
008,4,5,5,5,5,cDAQ1Mod2/ai0,393B31,51836,g,83,553,0,0,0,-1,1651.6129,29.999766,1,7,17,30,9909,21471,1.43,0,1,0.00027573115,0.001047759,3.7999299,7.6027666e-08,1.097799e-06,11.595512,11.283821,0.00187835,0.063965594,good,TestData/20251124_Testing/vib/Data/TestSetup_008.hdf5
008,4,5,6,6,6,cDAQ1Mod2/ai1,393B31,61292,g,30,372,0,0,0,-1,1651.6129,29.999766,1,7,17,30,9909,21471,1.43,0,1,0.00025058357,0.0007401728,2.9537962,6.2792124e-08,5.4785577e-07,9.4076106,8.8789355,0.0017331387,0.030405789,weak,TestData/20251124_Testing/vib/Data/TestSetup_008.hdf5
008,4,5,7,7,7,cDAQ1Mod2/ai2,393B31,61321,g,84,234,0,0,0,-1,1651.6129,29.999766,1,7,17,30,9909,21471,1.43,0,1,0.00022383831,0.00028832875,1.2881117,5.0103587e-08,8.3133467e-08,2.1990707,-1.8096182,0.0015929607,0.0071100857,noisy,TestData/20251124_Testing/vib/Data/TestSetup_008.hdf5
008,4,5,8x,8x,8,cDAQ1Mod2/ai3,393A03,67865,g,0,103,0,-1,0,0,1651.6129,29.999766,1,7,17,30,9909,21471,1.43,0,1,0.00013831884,0.00018293143,1.3225345,1.91321e-08,3.3463908e-08,2.4281401,-1.2546168,0.0010335289,0.0069279612,noisy,TestData/20251124_Testing/vib/Data/TestSetup_008.hdf5
008,4,5,8y,8y,9,cDAQ1Mod3/ai0,393A03,67866,g,0,103,0,0,-1,0,1651.6129,29.999766,1,7,17,30,9909,21471,1.43,0,1,0.00019769516,0.00025235555,1.2764882,3.9083378e-08,6.3683323e-08,2.1203362,-2.0105796,0.001872123,0.0097943918,noisy,TestData/20251124_Testing/vib/Data/TestSetup_008.hdf5
008,4,5,8z,8z,10,cDAQ1Mod3/ai1,393A03,68542,g,0,103,0,0,0,-1,1651.6129,29.999766,1,7,17,30,9909,21471,1.43,0,1,0.00020980042,0.00027789478,1.3245673,4.4016216e-08,7.7225507e-08,2.4414807,-1.2235309,0.0016110994,0.004856991,noisy,TestData/20251124_Testing/vib/Data/TestSetup_008.hdf5
008,4,5,9x,9x,11,cDAQ1Mod3/ai2,393A03,68578,g,443,1105,0,-1,0,0,1651.6129,29.999766,1,7,17,30,9909,21471,1.43,0,1,0.00016984133,0.00017720126,1.0433342,2.8846076e-08,3.1400287e-08,0.36846877,-10.528299,0.0013479832,0.0017660642,noisy,TestData/20251124_Testing/vib/Data/TestSetup_008.hdf5
008,4,5,9y,9y,12,cDAQ1Mod3/ai3,393A03,68588,g,443,1105,0,0,-1,0,1651.6129,29.999766,1,7,17,30,9909,21471,1.43,0,1,0.00027369406,0.0002815218,1.0286003,7.4908439e-08,7.9254521e-08,0.24493302,-12.364328,0.001738025,0.0019104677,noisy,TestData/20251124_Testing/vib/Data/TestSetup_008.hdf5
008,4,5,9z,9z,13,cDAQ1Mod4/ai0,393A03,68595,g,443,1105,0,0,0,-1,1651.6129,29.999766,1,7,17,30,9909,21471,1.43,0,1,0.00042645371,0.0004345918,1.0190832,1.8186277e-07,1.8887003e-07,0.16419256,-14.141954,0.0024803708,0.0031367208,noisy,TestData/20251124_Testing/vib/Data/TestSetup_008.hdf5
008,4,5,10,10,14,cDAQ1Mod4/ai1,393A03,61596,g,311,1010,0,0,0,-1,1651.6129,29.999766,1,7,17,30,9909,21471,1.43,0,1,0.0011496491,0.0011737363,1.0209518,1.3216932e-06,1.377657e-06,0.18010451,-13.732234,0.0057425392,0.0077647395,noisy,TestData/20251124_Testing/vib/Data/TestSetup_008.hdf5
008,4,5,11,11,15,cDAQ1Mod4/ai2,393B31,61603,g,311,973,0,0,0,-1,1651.6129,29.999766,1,7,17,30,9909,21471,1.43,0,1,0.00033143531,0.00042658716,1.2870903,1.0984936e-07,1.8197661e-07,2.1921801,-1.8269823,0.0025211329,0.0062338608,noisy,TestData/20251124_Testing/vib/Data/TestSetup_008.hdf5
008,4,5,12,12,16,cDAQ1Mod4/ai3,393B31,61605,g,141,905,0,0,0,-1,1651.6129,29.999766,1,7,17,30,9909,21471,1.43,0,1,0.00030282737,0.00040010634,1.3212357,9.1704415e-08,1.6008508e-07,2.4196061,-1.2745692,0.0020703368,0.010413042,noisy,TestData/20251124_Testing/vib/Data/TestSetup_008.hdf5
008,4,5,13,13,17,cDAQ1Mod5/ai0,393B31,72955,g,167,733,0,0,0,-1,1651.6129,29.999766,1,7,17,30,9909,21471,1.43,0,1,0.00031576177,0.00040438762,1.2806731,9.9705495e-08,1.6352935e-07,2.1487661,-1.9373609,0.0020981561,0.0080604961,noisy,TestData/20251124_Testing/vib/Data/TestSetup_008.hdf5
008,4,5,14,14,18,cDAQ1Mod5/ai1,393B31,72956,g,264,469,0,0,0,-1,1651.6129,29.999766,1,7,17,30,9909,21471,1.43,0,1,0.0003340343,0.00039223119,1.1742243,1.1157892e-07,1.538453e-07,1.3950211,-4.2158701,0.002898225,0.0043552023,noisy,TestData/20251124_Testing/vib/Data/TestSetup_008.hdf5
008,4,5,15,15,19,cDAQ1Mod5/ai2,393B31,61462,g,192,267,0,0,0,-1,1651.6129,29.999766,1,7,17,30,9909,21471,1.43,0,1,0.00031989254,0.00035385392,1.106165,1.0233124e-07,1.2521259e-07,0.8763979,-6.5052644,0.0021159292,0.0071138397,noisy,TestData/20251124_Testing/vib/Data/TestSetup_008.hdf5
008,4,5,16,16,20,cDAQ1Mod5/ai3,393B31,61593,g,408,181,0,0,0,-1,1651.6129,29.999766,1,7,17,30,9909,21471,1.43,0,1,0.00036880395,0.00039046873,1.0587433,1.3601635e-07,1.5246583e-07,0.49581387,-9.1743912,0.0022988508,0.0027851742,noisy,TestData/20251124_Testing/vib/Data/TestSetup_008.hdf5
008,5,6,1,1,1,cDAQ1Mod1/ai0,393B31,51815,g,83,991,0,0,0,-1,1651.6129,29.999766,1,7,16,30,9909,23122,1.44,0,1,0.00035111682,0.00045552367,1.2973564,1.2328302e-07,2.0750181e-07,2.2611861,-1.6549429,0.0024970292,0.011094168,noisy,TestData/20251124_Testing/vib/Data/TestSetup_008.hdf5
008,5,6,2,2,2,cDAQ1Mod1/ai1,393B31,51819,g,0.3,886,0,0,0,-1,1651.6129,29.999766,1,7,16,30,9909,23122,1.44,0,1,0.00037995973,0.0010156791,2.6731229,1.443694e-07,1.031604e-06,8.5403786,7.8856332,0.0025600383,0.055566474,weak,TestData/20251124_Testing/vib/Data/TestSetup_008.hdf5
008,5,6,3,3,3,cDAQ1Mod1/ai2,393B31,72538,g,84,905,0,0,0,-1,1651.6129,29.999766,1,7,16,30,9909,23122,1.44,0,1,0.00034609574,0.00099358073,2.8708263,1.1978226e-07,9.8720267e-07,9.1601382,8.5983713,0.0022249057,0.063349925,weak,TestData/20251124_Testing/vib/Data/TestSetup_008.hdf5
008,5,6,4,4,4,cDAQ1Mod1/ai3,393B31,51835,g,0.3,739,0,0,0,-1,1651.6129,29.999766,1,7,16,30,9909,23122,1.44,0,1,0.00020482739,0.00080782084,3.9439102,4.195426e-08,6.5257451e-07,11.91854,11.629951,0.0014000121,0.039609448,good,TestData/20251124_Testing/vib/Data/TestSetup_008.hdf5
008,5,6,5,5,5,cDAQ1Mod2/ai0,393B31,51836,g,83,553,0,0,0,-1,1651.6129,29.999766,1,7,16,30,9909,23122,1.44,0,1,0.00026866681,0.0011316309,4.2120236,7.2181855e-08,1.2805886e-06,12.489816,12.237851,0.0021611596,0.056212797,good,TestData/20251124_Testing/vib/Data/TestSetup_008.hdf5
008,5,6,6,6,6,cDAQ1Mod2/ai1,393B31,61292,g,30,372,0,0,0,-1,1651.6129,29.999766,1,7,16,30,9909,23122,1.44,0,1,0.00024205651,0.00082718345,3.4173155,5.8591354e-08,6.8423246e-07,10.673701,10.284917,0.0019606305,0.033217681,good,TestData/20251124_Testing/vib/Data/TestSetup_008.hdf5
008,5,6,7,7,7,cDAQ1Mod2/ai2,393B31,61321,g,84,234,0,0,0,-1,1651.6129,29.999766,1,7,16,30,9909,23122,1.44,0,1,0.00021126535,0.00070029068,3.3147446,4.4633049e-08,4.9040704e-07,10.409001,9.9945816,0.0014927203,0.033277557,good,TestData/20251124_Testing/vib/Data/TestSetup_008.hdf5
008,5,6,8x,8x,8,cDAQ1Mod2/ai3,393A03,67865,g,0,103,0,-1,0,0,1651.6129,29.999766,1,7,16,30,9909,23122,1.44,0,1,0.00011241609,0.00031246565,2.7795455,1.2637378e-08,9.763478e-08,8.8794759,8.2774869,0.00090394651,0.016445066,weak,TestData/20251124_Testing/vib/Data/TestSetup_008.hdf5
008,5,6,8y,8y,9,cDAQ1Mod3/ai0,393A03,67866,g,0,103,0,0,-1,0,1651.6129,29.999766,1,7,16,30,9909,23122,1.44,0,1,0.00013942865,0.00040675846,2.9173234,1.9440348e-08,1.6545245e-07,9.2996915,8.756848,0.0012060969,0.018335991,weak,TestData/20251124_Testing/vib/Data/TestSetup_008.hdf5
008,5,6,8z,8z,10,cDAQ1Mod3/ai1,393A03,68542,g,0,103,0,0,0,-1,1651.6129,29.999766,1,7,16,30,9909,23122,1.44,0,1,0.00019905649,0.00062710462,3.1503852,3.9623487e-08,3.932602e-07,9.9672731,9.5060466,0.001365668,0.029127973,weak,TestData/20251124_Testing/vib/Data/TestSetup_008.hdf5
008,5,6,9x,9x,11,cDAQ1Mod3/ai2,393A03,68578,g,443,1105,0,-1,0,0,1651.6129,29.999766,1,7,16,30,9909,23122,1.44,0,1,0.00016535522,0.0001703866,1.0304277,2.7342348e-08,2.9031594e-08,0.26035075,-12.091429,0.0013904787,0.0015917076,noisy,TestData/20251124_Testing/vib/Data/TestSetup_008.hdf5
008,5,6,9y,9y,12,cDAQ1Mod3/ai3,393A03,68588,g,443,1105,0,0,-1,0,1651.6129,29.999766,1,7,16,30,9909,23122,1.44,0,1,0.00027680338,0.00027583913,0.99651647,7.662011e-08,7.6087223e-08,-0.030310389,,0.0019988523,0.0019055231,noisy,TestData/20251124_Testing/vib/Data/TestSetup_008.hdf5
008,5,6,9z,9z,13,cDAQ1Mod4/ai0,393A03,68595,g,443,1105,0,0,0,-1,1651.6129,29.999766,1,7,16,30,9909,23122,1.44,0,1,0.00041780596,0.00042416323,1.0152159,1.7456182e-07,1.7991445e-07,0.13116781,-15.133821,0.0022938162,0.0024605377,noisy,TestData/20251124_Testing/vib/Data/TestSetup_008.hdf5
008,5,6,10,10,14,cDAQ1Mod4/ai1,393A03,61596,g,311,1010,0,0,0,-1,1651.6129,29.999766,1,7,16,30,9909,23122,1.44,0,1,0.0011240611,0.0011319498,1.007018,1.2635134e-06,1.2813104e-06,0.060744953,-18.512333,0.0051565917,0.0054946603,noisy,TestData/20251124_Testing/vib/Data/TestSetup_008.hdf5
008,5,6,11,11,15,cDAQ1Mod4/ai2,393B31,61603,g,311,973,0,0,0,-1,1651.6129,29.999766,1,7,16,30,9909,23122,1.44,0,1,0.00031400291,0.00030379995,0.9675068,9.8597828e-08,9.2294411e-08,-0.28691946,,0.0022428893,0.004654065,noisy,TestData/20251124_Testing/vib/Data/TestSetup_008.hdf5
008,5,6,12,12,16,cDAQ1Mod4/ai3,393B31,61605,g,141,905,0,0,0,-1,1651.6129,29.999766,1,7,16,30,9909,23122,1.44,0,1,0.00029697489,0.00035786556,1.2050364,8.8194084e-08,1.2806776e-07,1.6200035,-3.447532,0.0020893044,0.011021852,noisy,TestData/20251124_Testing/vib/Data/TestSetup_008.hdf5
008,5,6,13,13,17,cDAQ1Mod5/ai0,393B31,72955,g,167,733,0,0,0,-1,1651.6129,29.999766,1,7,16,30,9909,23122,1.44,0,1,0.00029933761,0.0003904975,1.3045387,8.9603007e-08,1.5248829e-07,2.3091392,-1.5377353,0.0022470306,0.012184992,noisy,TestData/20251124_Testing/vib/Data/TestSetup_008.hdf5
008,5,6,14,14,18,cDAQ1Mod5/ai1,393B31,72956,g,264,469,0,0,0,-1,1651.6129,29.999766,1,7,16,30,9909,23122,1.44,0,1,0.00033719614,0.00037680849,1.1174757,1.1370124e-07,1.4198464e-07,0.96476151,-6.0423365,0.0023593758,0.0067158415,noisy,TestData/20251124_Testing/vib/Data/TestSetup_008.hdf5
008,5,6,15,15,19,cDAQ1Mod5/ai2,393B31,61462,g,192,267,0,0,0,-1,1651.6129,29.999766,1,7,16,30,9909,23122,1.44,0,1,0.0003089074,0.00035468946,1.1482064,9.5423783e-08,1.2580461e-07,1.2003994,-4.97057,0.0019744053,0.0088487094,noisy,TestData/20251124_Testing/vib/Data/TestSetup_008.hdf5
008,5,6,16,16,20,cDAQ1Mod5/ai3,393B31,61593,g,408,181,0,0,0,-1,1651.6129,29.999766,1,7,16,30,9909,23122,1.44,0,1,0.00037259591,0.00039591042,1.0625732,1.3882771e-07,1.5674506e-07,0.52717705,-8.8920236,0.0021410524,0.0037621304,noisy,TestData/20251124_Testing/vib/Data/TestSetup_008.hdf5
008,6,7,1,1,1,cDAQ1Mod1/ai0,393B31,51815,g,83,991,0,0,0,-1,1651.6129,29.999766,1,7,17,30,9909,21471,1.43,1,0,0.00035672543,0.00089802602,2.5174152,1.2725304e-07,8.0645073e-07,8.0190969,7.2732805,0.0023300326,0.041018238,weak,TestData/20251124_Testing/vib/Data/TestSetup_008.hdf5
008,6,7,2,2,2,cDAQ1Mod1/ai1,393B31,51819,g,0.3,886,0,0,0,-1,1651.6129,29.999766,1,7,17,30,9909,21471,1.43,1,0,0.00045808676,0.0011642204,2.5414845,2.0984348e-07,1.3554091e-06,8.1017494,7.3712451,0.0027505952,0.046949669,weak,TestData/20251124_Testing/vib/Data/TestSetup_008.hdf5
008,6,7,3,3,3,cDAQ1Mod1/ai2,393B31,72538,g,84,905,0,0,0,-1,1651.6129,29.999766,1,7,17,30,9909,21471,1.43,1,0,0.00035877468,0.00097508796,2.7178283,1.2871927e-07,9.5079653e-07,8.6844402,8.0526907,0.0023332011,0.038220112,weak,TestData/20251124_Testing/vib/Data/TestSetup_008.hdf5
008,6,7,4,4,4,cDAQ1Mod1/ai3,393B31,51835,g,0.3,739,0,0,0,-1,1651.6129,29.999766,1,7,17,30,9909,21471,1.43,1,0,0.00023844028,0.00070519033,2.9575135,5.6853766e-08,4.972934e-07,9.4185346,8.8912716,0.001666565,0.033952964,weak,TestData/20251124_Testing/vib/Data/TestSetup_008.hdf5
008,6,7,5,5,5,cDAQ1Mod2/ai0,393B31,51836,g,83,553,0,0,0,-1,1651.6129,29.999766,1,7,17,30,9909,21471,1.43,1,0,0.00026338996,0.001119656,4.2509442,6.9374272e-08,1.2536297e-06,12.569708,12.322469,0.0017972336,0.071540788,good,TestData/20251124_Testing/vib/Data/TestSetup_008.hdf5
008,6,7,6,6,6,cDAQ1Mod2/ai1,393B31,61292,g,30,372,0,0,0,-1,1651.6129,29.999766,1,7,17,30,9909,21471,1.43,1,0,0.00024067462,0.00077878309,3.2358338,5.7924274e-08,6.065031e-07,10.199724,9.7637844,0.0017282722,0.03127436,good,TestData/20251124_Testing/vib/Data/TestSetup_008.hdf5
008,6,7,7,7,7,cDAQ1Mod2/ai2,393B31,61321,g,84,234,0,0,0,-1,1651.6129,29.999766,1,7,17,30,9909,21471,1.43,1,0,0.00022284947,0.00028368051,1.2729692,4.9661888e-08,8.0474632e-08,2.0963577,-2.0729285,0.001635813,0.0055249906,noisy,TestData/20251124_Testing/vib/Data/TestSetup_008.hdf5
008,6,7,8x,8x,8,cDAQ1Mod2/ai3,393A03,67865,g,0,103,0,-1,0,0,1651.6129,29.999766,1,7,17,30,9909,21471,1.43,1,0,0.00011022288,0.00016696568,1.5148006,1.2149082e-08,2.7877539e-08,3.6071096,1.1214264,0.00088829646,0.0072922942,weak,TestData/20251124_Testing/vib/Data/TestSetup_008.hdf5
008,6,7,8y,8y,9,cDAQ1Mod3/ai0,393A03,67866,g,0,103,0,0,-1,0,1651.6129,29.999766,1,7,17,30,9909,21471,1.43,1,0,0.00012943872,0.00021754546,1.680683,1.6754383e-08,4.7326027e-08,4.5097161,2.6119036,0.0010869004,0.0094662942,weak,TestData/20251124_Testing/vib/Data/TestSetup_008.hdf5
008,6,7,8z,8z,10,cDAQ1Mod3/ai1,393A03,68542,g,0,103,0,0,0,-1,1651.6129,29.999766,1,7,17,30,9909,21471,1.43,1,0,0.00021205816,0.00028305383,1.3347934,4.4968664e-08,8.0119471e-08,2.5082809,-1.0697469,0.0016341846,0.0048673185,noisy,TestData/20251124_Testing/vib/Data/TestSetup_008.hdf5
008,6,7,9x,9x,11,cDAQ1Mod3/ai2,393A03,68578,g,443,1105,0,-1,0,0,1651.6129,29.999766,1,7,17,30,9909,21471,1.43,1,0,0.00016786641,0.00017848235,1.0632404,2.8179133e-08,3.1855949e-08,0.53262928,-8.8445566,0.0012286208,0.0023285051,noisy,TestData/20251124_Testing/vib/Data/TestSetup_008.hdf5
008,6,7,9y,9y,12,cDAQ1Mod3/ai3,393A03,68588,g,443,1105,0,0,-1,0,1651.6129,29.999766,1,7,17,30,9909,21471,1.43,1,0,0.00027381264,0.00028000465,1.0226141,7.497336e-08,7.8402605e-08,0.19423518,-13.397085,0.0017726371,0.0018597856,noisy,TestData/20251124_Testing/vib/Data/TestSetup_008.hdf5
008,6,7,9z,9z,13,cDAQ1Mod4/ai0,393A03,68595,g,443,1105,0,0,0,-1,1651.6129,29.999766,1,7,17,30,9909,21471,1.43,1,0,0.0004217596,0.00043209237,1.0244992,1.7788116e-07,1.8670382e-07,0.2102324,-13.045306,0.0025789163,0.0030239203,noisy,TestData/20251124_Testing/vib/Data/TestSetup_008.hdf5
008,6,7,10,10,14,cDAQ1Mod4/ai1,393A03,61596,g,311,1010,0,0,0,-1,1651.6129,29.999766,1,7,17,30,9909,21471,1.43,1,0,0.0011678237,0.0011773302,1.0081403,1.3638123e-06,1.3861064e-06,0.070419659,-17.865647,0.0056506383,0.0074528469,noisy,TestData/20251124_Testing/vib/Data/TestSetup_008.hdf5
008,6,7,11,11,15,cDAQ1Mod4/ai2,393B31,61603,g,311,973,0,0,0,-1,1651.6129,29.999766,1,7,17,30,9909,21471,1.43,1,0,0.0003234811,0.00043484726,1.3442741,1.0464002e-07,1.8909214e-07,2.5697564,-0.93087312,0.0023991376,0.0065120424,noisy,TestData/20251124_Testing/vib/Data/TestSetup_008.hdf5
008,6,7,12,12,16,cDAQ1Mod4/ai3,393B31,61605,g,141,905,0,0,0,-1,1651.6129,29.999766,1,7,17,30,9909,21471,1.43,1,0,0.00031807851,0.00040059121,1.2594099,1.0117394e-07,1.6047332e-07,2.0033418,-2.3201848,0.0021247573,0.010140621,noisy,TestData/20251124_Testing/vib/Data/TestSetup_008.hdf5
008,6,7,13,13,17,cDAQ1Mod5/ai0,393B31,72955,g,167,733,0,0,0,-1,1651.6129,29.999766,1,7,17,30,9909,21471,1.43,1,0,0.00031087693,0.00037884614,1.218637,9.6644468e-08,1.4352439e-07,1.7174873,-3.1419007,0.0020866755,0.0068477248,noisy,TestData/20251124_Testing/vib/Data/TestSetup_008.hdf5
008,6,7,14,14,18,cDAQ1Mod5/ai1,393B31,72956,g,264,469,0,0,0,-1,1651.6129,29.999766,1,7,17,30,9909,21471,1.43,1,0,0.00037294821,0.00039406819,1.0566298,1.3909037e-07,1.5528974e-07,0.47845704,-9.337989,0.0029849588,0.0058379533,noisy,TestData/20251124_Testing/vib/Data/TestSetup_008.hdf5
008,6,7,15,15,19,cDAQ1Mod5/ai2,393B31,61462,g,192,267,0,0,0,-1,1651.6129,29.999766,1,7,17,30,9909,21471,1.43,1,0,0.00031444824,0.00037297582,1.1861279,9.8877693e-08,1.3911096e-07,1.4826304,-3.9051297,0.0019705972,0.0065887591,noisy,TestData/20251124_Testing/vib/Data/TestSetup_008.hdf5
008,6,7,16,16,20,cDAQ1Mod5/ai3,393B31,61593,g,408,181,0,0,0,-1,1651.6129,29.999766,1,7,17,30,9909,21471,1.43,1,0,0.00037694461,0.00037688355,0.999838,1.4208724e-07,1.4204121e-07,-0.0014072296,,0.0021032188,0.0027979122,noisy,TestData/20251124_Testing/vib/Data/TestSetup_008.hdf5
008,7,8,1,1,1,cDAQ1Mod1/ai0,393B31,51815,g,83,991,0,0,0,-1,1651.6129,29.999766,1,7,17,30,9909,21471,1.41,0,1,0.00033528057,0.00040811202,1.2172254,1.1241306e-07,1.6655542e-07,1.7074202,-3.1727953,0.0022392023,0.0076783787,noisy,TestData/20251124_Testing/vib/Data/TestSetup_008.hdf5
008,7,8,2,2,2,cDAQ1Mod1/ai1,393B31,51819,g,0.3,886,0,0,0,-1,1651.6129,29.999766,1,7,17,30,9909,21471,1.41,0,1,0.00039018954,0.00072606484,1.8608004,1.5224788e-07,5.2717015e-07,5.3939957,3.9139,0.0025011926,0.033178398,weak,TestData/20251124_Testing/vib/Data/TestSetup_008.hdf5
008,7,8,3,3,3,cDAQ1Mod1/ai2,393B31,72538,g,84,905,0,0,0,-1,1651.6129,29.999766,1,7,17,30,9909,21471,1.41,0,1,0.00034606776,0.00082575768,2.3861156,1.1976289e-07,6.8187574e-07,7.5538296,6.7150123,0.0025030113,0.04470212,weak,TestData/20251124_Testing/vib/Data/TestSetup_008.hdf5
008,7,8,4,4,4,cDAQ1Mod1/ai3,393B31,51835,g,0.3,739,0,0,0,-1,1651.6129,29.999766,1,7,17,30,9909,21471,1.41,0,1,0.00021837914,0.000617002,2.8253706,4.7689449e-08,3.8069147e-07,9.0215084,8.4402457,0.0014612599,0.027540883,weak,TestData/20251124_Testing/vib/Data/TestSetup_008.hdf5
008,7,8,5,5,5,cDAQ1Mod2/ai0,393B31,51836,g,83,553,0,0,0,-1,1651.6129,29.999766,1,7,17,30,9909,21471,1.41,0,1,0.00026306785,0.0010439248,3.9682719,6.9204695e-08,1.0897789e-06,11.972029,11.68709,0.0018498056,0.049712003,good,TestData/20251124_Testing/vib/Data/TestSetup_008.hdf5
008,7,8,6,6,6,cDAQ1Mod2/ai1,393B31,61292,g,30,372,0,0,0,-1,1651.6129,29.999766,1,7,17,30,9909,21471,1.41,0,1,0.00022978717,0.00078566302,3.41909,5.2802144e-08,6.1726639e-07,10.678211,10.289849,0.0014939428,0.030547902,good,TestData/20251124_Testing/vib/Data/TestSetup_008.hdf5
008,7,8,7,7,7,cDAQ1Mod2/ai2,393B31,61321,g,84,234,0,0,0,-1,1651.6129,29.999766,1,7,17,30,9909,21471,1.41,0,1,0.00021622653,0.00071942648,3.3271887,4.6753914e-08,5.1757446e-07,10.441549,10.030374,0.0016192636,0.036037535,good,TestData/20251124_Testing/vib/Data/TestSetup_008.hdf5
008,7,8,8x,8x,8,cDAQ1Mod2/ai3,393A03,67865,g,0,103,0,-1,0,0,1651.6129,29.999766,1,7,17,30,9909,21471,1.41,0,1,0.00011217374,0.00031907852,2.8445029,1.2582947e-08,1.018111e-07,9.0801277,8.5071954,0.00087389843,0.021318489,weak,TestData/20251124_Testing/vib/Data/TestSetup_008.hdf5
008,7,8,8y,8y,9,cDAQ1Mod3/ai0,393A03,67866,g,0,103,0,0,-1,0,1651.6129,29.999766,1,7,17,30,9909,21471,1.41,0,1,0.00013954271,0.00044282761,3.1734198,1.9472169e-08,1.9609629e-07,10.03055,9.5763569,0.001046349,0.023626106,good,TestData/20251124_Testing/vib/Data/TestSetup_008.hdf5
008,7,8,8z,8z,10,cDAQ1Mod3/ai1,393A03,68542,g,0,103,0,0,0,-1,1651.6129,29.999766,1,7,17,30,9909,21471,1.41,0,1,0.00020746627,0.00066500822,3.20538,4.3042251e-08,4.4223593e-07,10.11759,9.6728868,0.0014555785,0.03166673,good,TestData/20251124_Testing/vib/Data/TestSetup_008.hdf5
008,7,8,9x,9x,11,cDAQ1Mod3/ai2,393A03,68578,g,443,1105,0,-1,0,0,1651.6129,29.999766,1,7,17,30,9909,21471,1.41,0,1,0.00017634409,0.00016798462,0.95259571,3.1097237e-08,2.8218832e-08,-0.42182761,,0.001216747,0.0013186113,noisy,TestData/20251124_Testing/vib/Data/TestSetup_008.hdf5
008,7,8,9y,9y,12,cDAQ1Mod3/ai3,393A03,68588,g,443,1105,0,0,-1,0,1651.6129,29.999766,1,7,17,30,9909,21471,1.41,0,1,0.00029836382,0.00027410558,0.91869579,8.9020967e-08,7.5133871e-08,-0.73656544,,0.0024790961,0.001971657,noisy,TestData/20251124_Testing/vib/Data/TestSetup_008.hdf5
008,7,8,9z,9z,13,cDAQ1Mod4/ai0,393A03,68595,g,443,1105,0,0,0,-1,1651.6129,29.999766,1,7,17,30,9909,21471,1.41,0,1,0.00043797173,0.00041649583,0.9509651,1.9181923e-07,1.7346877e-07,-0.43670842,,0.0027034926,0.0023694297,noisy,TestData/20251124_Testing/vib/Data/TestSetup_008.hdf5
008,7,8,10,10,14,cDAQ1Mod4/ai1,393A03,61596,g,311,1010,0,0,0,-1,1651.6129,29.999766,1,7,17,30,9909,21471,1.41,0,1,0.0011386792,0.0011289717,0.99147486,1.2965902e-06,1.2745772e-06,-0.074365899,,0.0054399,0.0056951311,noisy,TestData/20251124_Testing/vib/Data/TestSetup_008.hdf5
008,7,8,11,11,15,cDAQ1Mod4/ai2,393B31,61603,g,311,973,0,0,0,-1,1651.6129,29.999766,1,7,17,30,9909,21471,1.41,0,1,0.0003375391,0.00033726426,0.99918576,1.1393265e-07,1.1374718e-07,-0.0070752939,,0.0025004073,0.0032601787,noisy,TestData/20251124_Testing/vib/Data/TestSetup_008.hdf5
008,7,8,12,12,16,cDAQ1Mod4/ai3,393B31,61605,g,141,905,0,0,0,-1,1651.6129,29.999766,1,7,17,30,9909,21471,1.41,0,1,0.00031700398,0.00033541092,1.0580653,1.0049152e-07,1.1250049e-07,0.49024978,-9.2262385,0.0023496957,0.0062933095,noisy,TestData/20251124_Testing/vib/Data/TestSetup_008.hdf5
008,7,8,13,13,17,cDAQ1Mod5/ai0,393B31,72955,g,167,733,0,0,0,-1,1651.6129,29.999766,1,7,17,30,9909,21471,1.41,0,1,0.00031740092,0.00036552541,1.1516205,1.0074335e-07,1.3360883e-07,1.2261878,-4.8647638,0.0023283936,0.0067455218,noisy,TestData/20251124_Testing/vib/Data/TestSetup_008.hdf5
008,7,8,14,14,18,cDAQ1Mod5/ai1,393B31,72956,g,264,469,0,0,0,-1,1651.6129,29.999766,1,7,17,30,9909,21471,1.41,0,1,0.00034922159,0.00037899592,1.0852591,1.2195572e-07,1.436379e-07,0.71066887,-7.5009913,0.0028693558,0.0059663801,noisy,TestData/20251124_Testing/vib/Data/TestSetup_008.hdf5
008,7,8,15,15,19,cDAQ1Mod5/ai2,393B31,61462,g,192,267,0,0,0,-1,1651.6129,29.999766,1,7,17,30,9909,21471,1.41,0,1,0.00032064064,0.00036574332,1.1406643,1.0281042e-07,1.3376817e-07,1.1431566,-5.212677,0.0022072612,0.0063774409,noisy,TestData/20251124_Testing/vib/Data/TestSetup_008.hdf5
008,7,8,16,16,20,cDAQ1Mod5/ai3,393B31,61593,g,408,181,0,0,0,-1,1651.6129,29.999766,1,7,17,30,9909,21471,1.41,0,1,0.00038854363,0.00038620156,0.99397217,1.5096615e-07,1.4915164e-07,-0.0525155,,0.00236159,0.0037040808,noisy,TestData/20251124_Testing/vib/Data/TestSetup_008.hdf5
008,8,9,1,1,1,cDAQ1Mod1/ai0,393B31,51815,g,83,991,0,0,0,-1,1651.6129,29.999766,1,7,16,30,9909,23122,1.38,0,1,0.00033655356,0.00093420661,2.7758037,1.132683e-07,8.7274198e-07,8.8677749,8.2640435,0.0023358487,0.045095393,weak,TestData/20251124_Testing/vib/Data/TestSetup_008.hdf5
008,8,9,2,2,2,cDAQ1Mod1/ai1,393B31,51819,g,0.3,886,0,0,0,-1,1651.6129,29.999766,1,7,16,30,9909,23122,1.38,0,1,0.00040982605,0.0011345064,2.7682633,1.6795739e-07,1.2871048e-06,8.844148,8.2368819,0.0026298861,0.048134944,weak,TestData/20251124_Testing/vib/Data/TestSetup_008.hdf5
008,8,9,3,3,3,cDAQ1Mod1/ai2,393B31,72538,g,84,905,0,0,0,-1,1651.6129,29.999766,1,7,16,30,9909,23122,1.38,0,1,0.00034670383,0.0010318208,2.9760871,1.2020354e-07,1.0646542e-06,9.4729129,8.9526199,0.0021280292,0.054775802,weak,TestData/20251124_Testing/vib/Data/TestSetup_008.hdf5
008,8,9,4,4,4,cDAQ1Mod1/ai3,393B31,51835,g,0.3,739,0,0,0,-1,1651.6129,29.999766,1,7,16,30,9909,23122,1.38,0,1,0.00021365073,0.00070542151,3.301751,4.5646633e-08,4.976195e-07,10.374886,9.9570362,0.0015720059,0.031348371,good,TestData/20251124_Testing/vib/Data/TestSetup_008.hdf5
008,8,9,5,5,5,cDAQ1Mod2/ai0,393B31,51836,g,83,553,0,0,0,-1,1651.6129,29.999766,1,7,16,30,9909,23122,1.38,0,1,0.000259092,0.001213029,4.6818465,6.7128663e-08,1.4714393e-06,13.408343,13.205552,0.0022583989,0.061126582,good,TestData/20251124_Testing/vib/Data/TestSetup_008.hdf5
008,8,9,6,6,6,cDAQ1Mod2/ai1,393B31,61292,g,30,372,0,0,0,-1,1651.6129,29.999766,1,7,16,30,9909,23122,1.38,0,1,0.00022812364,0.00087279145,3.8259579,5.2040394e-08,7.6176491e-07,11.654804,11.347492,0.0017199561,0.043274629,good,TestData/20251124_Testing/vib/Data/TestSetup_008.hdf5
008,8,9,7,7,7,cDAQ1Mod2/ai2,393B31,61321,g,84,234,0,0,0,-1,1651.6129,29.999766,1,7,16,30,9909,23122,1.38,0,1,0.00022006976,0.00036636793,1.6647809,4.8430699e-08,1.3422546e-07,4.4271417,2.4834005,0.001640092,0.020644494,weak,TestData/20251124_Testing/vib/Data/TestSetup_008.hdf5
008,8,9,8x,8x,8,cDAQ1Mod2/ai3,393A03,67865,g,0,103,0,-1,0,0,1651.6129,29.999766,1,7,16,30,9909,23122,1.38,0,1,0.0001394841,0.00022154196,1.5882954,1.9455815e-08,4.9080841e-08,4.0186257,1.8260932,0.0010016028,0.011220455,weak,TestData/20251124_Testing/vib/Data/TestSetup_008.hdf5
008,8,9,8y,8y,9,cDAQ1Mod3/ai0,393A03,67866,g,0,103,0,0,-1,0,1651.6129,29.999766,1,7,16,30,9909,23122,1.38,0,1,0.00019265164,0.0003056142,1.5863566,3.7114656e-08,9.3400038e-08,4.0080161,1.8085018,0.0015028594,0.013416984,weak,TestData/20251124_Testing/vib/Data/TestSetup_008.hdf5
008,8,9,8z,8z,10,cDAQ1Mod3/ai1,393A03,68542,g,0,103,0,0,0,-1,1651.6129,29.999766,1,7,16,30,9909,23122,1.38,0,1,0.0002002826,0.00030686815,1.5321758,4.011312e-08,9.416806e-08,3.7061718,1.2954895,0.001359593,0.0072183573,weak,TestData/20251124_Testing/vib/Data/TestSetup_008.hdf5
008,8,9,9x,9x,11,cDAQ1Mod3/ai2,393A03,68578,g,443,1105,0,-1,0,0,1651.6129,29.999766,1,7,16,30,9909,23122,1.38,0,1,0.00016587607,0.00017547481,1.0578669,2.7514871e-08,3.079141e-08,0.48862097,-9.2415212,0.0012723662,0.0017223188,noisy,TestData/20251124_Testing/vib/Data/TestSetup_008.hdf5
008,8,9,9y,9y,12,cDAQ1Mod3/ai3,393A03,68588,g,443,1105,0,0,-1,0,1651.6129,29.999766,1,7,16,30,9909,23122,1.38,0,1,0.00027663101,0.00027790263,1.0045968,7.6524718e-08,7.7229874e-08,0.039835926,-20.355161,0.001963004,0.0022497905,noisy,TestData/20251124_Testing/vib/Data/TestSetup_008.hdf5
008,8,9,9z,9z,13,cDAQ1Mod4/ai0,393A03,68595,g,443,1105,0,0,0,-1,1651.6129,29.999766,1,7,16,30,9909,23122,1.38,0,1,0.00042816537,0.00043313753,1.0116127,1.8332559e-07,1.8760812e-07,0.10028556,-16.31522,0.0022739831,0.0029024429,noisy,TestData/20251124_Testing/vib/Data/TestSetup_008.hdf5
008,8,9,10,10,14,cDAQ1Mod4/ai1,393A03,61596,g,311,1010,0,0,0,-1,1651.6129,29.999766,1,7,16,30,9909,23122,1.38,0,1,0.0011774382,0.0011649197,0.98936802,1.3863606e-06,1.3570378e-06,-0.092842618,,0.0051666691,0.0067454,noisy,TestData/20251124_Testing/vib/Data/TestSetup_008.hdf5
008,8,9,11,11,15,cDAQ1Mod4/ai2,393B31,61603,g,311,973,0,0,0,-1,1651.6129,29.999766,1,7,16,30,9909,23122,1.38,0,1,0.00029179448,0.00036197438,1.2405114,8.5144019e-08,1.3102545e-07,1.8720152,-2.6851717,0.0019988987,0.0058152543,noisy,TestData/20251124_Testing/vib/Data/TestSetup_008.hdf5
008,8,9,12,12,16,cDAQ1Mod4/ai3,393B31,61605,g,141,905,0,0,0,-1,1651.6129,29.999766,1,7,16,30,9909,23122,1.38,0,1,0.00029138006,0.00039006105,1.3386676,8.4902339e-08,1.5214762e-07,2.5334551,-1.0125785,0.0018332413,0.011328199,noisy,TestData/20251124_Testing/vib/Data/TestSetup_008.hdf5
008,8,9,13,13,17,cDAQ1Mod5/ai0,393B31,72955,g,167,733,0,0,0,-1,1651.6129,29.999766,1,7,16,30,9909,23122,1.38,0,1,0.00029559355,0.00037999054,1.285517,8.7375544e-08,1.4439281e-07,2.1815568,-1.853835,0.0019873427,0.010220111,noisy,TestData/20251124_Testing/vib/Data/TestSetup_008.hdf5
008,8,9,14,14,18,cDAQ1Mod5/ai1,393B31,72956,g,264,469,0,0,0,-1,1651.6129,29.999766,1,7,16,30,9909,23122,1.38,0,1,0.00031986861,0.00038568655,1.2057655,1.0231593e-07,1.4875411e-07,1.6252574,-3.4306799,0.0023828123,0.0060634108,noisy,TestData/20251124_Testing/vib/Data/TestSetup_008.hdf5
008,8,9,15,15,19,cDAQ1Mod5/ai2,393B31,61462,g,192,267,0,0,0,-1,1651.6129,29.999766,1,7,16,30,9909,23122,1.38,0,1,0.00030072749,0.00036772628,1.2227891,9.0437022e-08,1.3522262e-07,1.747031,-3.0520787,0.0019290203,0.0090561571,noisy,TestData/20251124_Testing/vib/Data/TestSetup_008.hdf5
008,8,9,16,16,20,cDAQ1Mod5/ai3,393B31,61593,g,408,181,0,0,0,-1,1651.6129,29.999766,1,7,16,30,9909,23122,1.38,0,1,0.00036460779,0.00038476277,1.0552785,1.3293884e-07,1.4804239e-07,0.46734215,-9.4457272,0.0020477041,0.0028145792,noisy,TestData/20251124_Testing/vib/Data/TestSetup_008.hdf5
008,9,10,1,1,1,cDAQ1Mod1/ai0,393B31,51815,g,83,991,0,0,0,-1,1651.6129,29.999766,1,7,16,30,9909,23122,1.35,0,1,0.0003350792,0.00046348953,1.3832238,1.1227807e-07,2.1482255e-07,2.8178493,-0.39382655,0.0023621449,0.012960891,noisy,TestData/20251124_Testing/vib/Data/TestSetup_008.hdf5
008,9,10,2,2,2,cDAQ1Mod1/ai1,393B31,51819,g,0.3,886,0,0,0,-1,1651.6129,29.999766,1,7,16,30,9909,23122,1.35,0,1,0.00039700727,0.00095826802,2.4137292,1.5761477e-07,9.182776e-07,7.6537708,6.8359529,0.0024375689,0.043297905,weak,TestData/20251124_Testing/vib/Data/TestSetup_008.hdf5
008,9,10,3,3,3,cDAQ1Mod1/ai2,393B31,72538,g,84,905,0,0,0,-1,1651.6129,29.999766,1,7,16,30,9909,23122,1.35,0,1,0.00034256437,0.0009965441,2.9090711,1.1735035e-07,9.9310014e-07,9.2750866,8.7289566,0.0021586024,0.062420206,weak,TestData/20251124_Testing/vib/Data/TestSetup_008.hdf5
008,9,10,4,4,4,cDAQ1Mod1/ai3,393B31,51835,g,0.3,739,0,0,0,-1,1651.6129,29.999766,1,7,16,30,9909,23122,1.35,0,1,0.00021777128,0.00071592251,3.2874973,4.7424331e-08,5.1254505e-07,10.337308,9.9156446,0.001637816,0.035270667,good,TestData/20251124_Testing/vib/Data/TestSetup_008.hdf5
008,9,10,5,5,5,cDAQ1Mod2/ai0,393B31,51836,g,83,553,0,0,0,-1,1651.6129,29.999766,1,7,16,30,9909,23122,1.35,0,1,0.00025749251,0.0010977791,4.2633436,6.6302395e-08,1.2051189e-06,12.595007,12.349245,0.0018634191,0.063409385,good,TestData/20251124_Testing/vib/Data/TestSetup_008.hdf5
008,9,10,6,6,6,cDAQ1Mod2/ai1,393B31,61292,g,30,372,0,0,0,-1,1651.6129,29.999766,1,7,16,30,9909,23122,1.35,0,1,0.00022445126,0.0010412229,4.6389711,5.0378367e-08,1.0841451e-06,13.328433,13.121785,0.0016068571,0.038371204,good,TestData/20251124_Testing/vib/Data/TestSetup_008.hdf5
008,9,10,7,7,7,cDAQ1Mod2/ai2,393B31,61321,g,84,234,0,0,0,-1,1651.6129,29.999766,1,7,16,30,9909,23122,1.35,0,1,0.00021857205,0.00077779317,3.5585208,4.7773739e-08,6.0496222e-07,11.02539,10.668129,0.0014016041,0.03949089,good,TestData/20251124_Testing/vib/Data/TestSetup_008.hdf5
008,9,10,8x,8x,8,cDAQ1Mod2/ai3,393A03,67865,g,0,103,0,-1,0,0,1651.6129,29.999766,1,7,16,30,9909,23122,1.35,0,1,0.00012385675,0.00035332713,2.852708,1.5340493e-08,1.2484006e-07,9.1051465,8.5357308,0.00093274259,0.020224238,weak,TestData/20251124_Testing/vib/Data/TestSetup_008.hdf5
008,9,10,8y,8y,9,cDAQ1Mod3/ai0,393A03,67866,g,0,103,0,0,-1,0,1651.6129,29.999766,1,7,16,30,9909,23122,1.35,0,1,0.00016738799,0.00050348936,3.0079181,2.8018738e-08,2.5350153e-07,9.5653202,9.0566483,0.0013597007,0.028749714,weak,TestData/20251124_Testing/vib/Data/TestSetup_008.hdf5
008,9,10,8z,8z,10,cDAQ1Mod3/ai1,393A03,68542,g,0,103,0,0,0,-1,1651.6129,29.999766,1,7,16,30,9909,23122,1.35,0,1,0.00021148265,0.00068732446,3.2500276,4.4724912e-08,4.7241492e-07,10.237741,9.8057961,0.0015290865,0.036609987,good,TestData/20251124_Testing/vib/Data/TestSetup_008.hdf5
008,9,10,9x,9x,11,cDAQ1Mod3/ai2,393A03,68578,g,443,1105,0,-1,0,0,1651.6129,29.999766,1,7,16,30,9909,23122,1.35,0,1,0.00016933684,0.00017151929,1.0128882,2.8674966e-08,2.9418866e-08,0.11123017,-15.859883,0.0012204966,0.0014360989,noisy,TestData/20251124_Testing/vib/Data/TestSetup_008.hdf5
008,9,10,9y,9y,12,cDAQ1Mod3/ai3,393A03,68588,g,443,1105,0,0,-1,0,1651.6129,29.999766,1,7,16,30,9909,23122,1.35,0,1,0.00027659669,0.00027769278,1.0039628,7.6505729e-08,7.7113282e-08,0.034352258,-21.001103,0.0018808001,0.0020804381,noisy,TestData/20251124_Testing/vib/Data/TestSetup_008.hdf5
008,9,10,9z,9z,13,cDAQ1Mod4/ai0,393A03,68595,g,443,1105,0,0,0,-1,1651.6129,29.999766,1,7,16,30,9909,23122,1.35,0,1,0.00042330607,0.00043006265,1.0159615,1.7918803e-07,1.8495388e-07,0.1375446,-14.924454,0.0023365812,0.0025156984,noisy,TestData/20251124_Testing/vib/Data/TestSetup_008.hdf5
008,9,10,10,10,14,cDAQ1Mod4/ai1,393A03,61596,g,311,1010,0,0,0,-1,1651.6129,29.999766,1,7,16,30,9909,23122,1.35,0,1,0.0011718895,0.0011890418,1.0146365,1.3733249e-06,1.4138204e-06,0.12620938,-15.303669,0.0051307961,0.0054666464,noisy,TestData/20251124_Testing/vib/Data/TestSetup_008.hdf5
008,9,10,11,11,15,cDAQ1Mod4/ai2,393B31,61603,g,311,973,0,0,0,-1,1651.6129,29.999766,1,7,16,30,9909,23122,1.35,0,1,0.00031889451,0.00032865271,1.0306001,1.0169371e-07,1.080126e-07,0.26180361,-12.066527,0.0022449991,0.0036518544,noisy,TestData/20251124_Testing/vib/Data/TestSetup_008.hdf5
008,9,10,12,12,16,cDAQ1Mod4/ai3,393B31,61605,g,141,905,0,0,0,-1,1651.6129,29.999766,1,7,16,30,9909,23122,1.35,0,1,0.00028849508,0.00034205588,1.1856558,8.3229413e-08,1.1700223e-07,1.479173,-3.9170959,0.0020159798,0.0085198428,noisy,TestData/20251124_Testing/vib/Data/TestSetup_008.hdf5
008,9,10,13,13,17,cDAQ1Mod5/ai0,393B31,72955,g,167,733,0,0,0,-1,1651.6129,29.999766,1,7,16,30,9909,23122,1.35,0,1,0.00029224424,0.00037055612,1.2679672,8.5406697e-08,1.3731184e-07,2.0621605,-2.1628157,0.0021589289,0.010883245,noisy,TestData/20251124_Testing/vib/Data/TestSetup_008.hdf5
008,9,10,14,14,18,cDAQ1Mod5/ai1,393B31,72956,g,264,469,0,0,0,-1,1651.6129,29.999766,1,7,16,30,9909,23122,1.35,0,1,0.00032531521,0.00039040695,1.2000882,1.0582998e-07,1.5241759e-07,1.5842636,-3.5633835,0.0026565957,0.0085815987,noisy,TestData/20251124_Testing/vib/Data/TestSetup_008.hdf5
008,9,10,15,15,19,cDAQ1Mod5/ai2,393B31,61462,g,192,267,0,0,0,-1,1651.6129,29.999766,1,7,16,30,9909,23122,1.35,0,1,0.00032151812,0.00039253003,1.2208644,1.033739e-07,1.5407982e-07,1.7333487,-3.0935222,0.0020837789,0.0097662738,noisy,TestData/20251124_Testing/vib/Data/TestSetup_008.hdf5
008,9,10,16,16,20,cDAQ1Mod5/ai3,393B31,61593,g,408,181,0,0,0,-1,1651.6129,29.999766,1,7,16,30,9909,23122,1.35,0,1,0.00036707433,0.0004051631,1.1037631,1.3474356e-07,1.6415714e-07,0.85751758,-6.6096014,0.0021908635,0.0044047313,noisy,TestData/20251124_Testing/vib/Data/TestSetup_008.hdf5
008,10,11,1,1,1,cDAQ1Mod1/ai0,393B31,51815,g,83,991,0,0,0,-1,1651.6129,29.999766,1,7,17,30,9909,21471,1.32,0,1,0.00035830456,0.0009378555,2.6174813,1.2838216e-07,8.7957293e-07,8.3576719,7.6724558,0.0023255777,0.045754779,weak,TestData/20251124_Testing/vib/Data/TestSetup_008.hdf5
008,10,11,2,2,2,cDAQ1Mod1/ai1,393B31,51819,g,0.3,886,0,0,0,-1,1651.6129,29.999766,1,7,17,30,9909,21471,1.32,0,1,0.00042423387,0.0014130552,3.3308402,1.7997437e-07,1.996725e-06,10.451076,10.040847,0.0027675699,0.061491781,good,TestData/20251124_Testing/vib/Data/TestSetup_008.hdf5
008,10,11,3,3,3,cDAQ1Mod1/ai2,393B31,72538,g,84,905,0,0,0,-1,1651.6129,29.999766,1,7,17,30,9909,21471,1.32,0,1,0.0003567608,0.0013169423,3.6913874,1.2727827e-07,1.7343371e-06,11.343792,11.012775,0.002274756,0.065610807,good,TestData/20251124_Testing/vib/Data/TestSetup_008.hdf5
008,10,11,4,4,4,cDAQ1Mod1/ai3,393B31,51835,g,0.3,739,0,0,0,-1,1651.6129,29.999766,1,7,17,30,9909,21471,1.32,0,1,0.00022195439,0.00084014157,3.7851992,4.9263751e-08,7.0583786e-07,11.561775,11.247563,0.00152582,0.037942195,good,TestData/20251124_Testing/vib/Data/TestSetup_008.hdf5
008,10,11,5,5,5,cDAQ1Mod2/ai0,393B31,51836,g,83,553,0,0,0,-1,1651.6129,29.999766,1,7,17,30,9909,21471,1.32,0,1,0.00026247227,0.0012143989,4.6267702,6.8891694e-08,1.4747647e-06,13.305559,13.097792,0.001962164,0.06291497,good,TestData/20251124_Testing/vib/Data/TestSetup_008.hdf5
008,10,11,6,6,6,cDAQ1Mod2/ai1,393B31,61292,g,30,372,0,0,0,-1,1651.6129,29.999766,1,7,17,30,9909,21471,1.32,0,1,0.00022005091,0.00074415779,3.3817528,4.8422405e-08,5.5377081e-07,10.582837,10.185445,0.0015574532,0.030244025,good,TestData/20251124_Testing/vib/Data/TestSetup_008.hdf5
008,10,11,7,7,7,cDAQ1Mod2/ai2,393B31,61321,g,84,234,0,0,0,-1,1651.6129,29.999766,1,7,17,30,9909,21471,1.32,0,1,0.00021007212,0.00029415544,1.4002593,4.4130294e-08,8.6527424e-08,2.9241695,-0.17400362,0.0014630194,0.0074519603,noisy,TestData/20251124_Testing/vib/Data/TestSetup_008.hdf5
008,10,11,8x,8x,8,cDAQ1Mod2/ai3,393A03,67865,g,0,103,0,-1,0,0,1651.6129,29.999766,1,7,17,30,9909,21471,1.32,0,1,0.00010779105,0.0001837625,1.7048029,1.1618911e-08,3.3768658e-08,4.6334836,2.8020332,0.00089706049,0.0073029363,weak,TestData/20251124_Testing/vib/Data/TestSetup_008.hdf5
008,10,11,8y,8y,9,cDAQ1Mod3/ai0,393A03,67866,g,0,103,0,0,-1,0,1651.6129,29.999766,1,7,17,30,9909,21471,1.32,0,1,0.00012545898,0.00024210898,1.929786,1.5739955e-08,5.8616758e-08,5.7101832,4.3521892,0.0010445057,0.0092383461,weak,TestData/20251124_Testing/vib/Data/TestSetup_008.hdf5
008,10,11,8z,8z,10,cDAQ1Mod3/ai1,393A03,68542,g,0,103,0,0,0,-1,1651.6129,29.999766,1,7,17,30,9909,21471,1.32,0,1,0.0002017097,0.00028723271,1.4239905,4.0686804e-08,8.2502628e-08,3.070142,0.11887075,0.0014810937,0.0051771453,weak,TestData/20251124_Testing/vib/Data/TestSetup_008.hdf5
008,10,11,9x,9x,11,cDAQ1Mod3/ai2,393A03,68578,g,443,1105,0,-1,0,0,1651.6129,29.999766,1,7,17,30,9909,21471,1.32,0,1,0.00017205603,0.00018521659,1.07649,2.9603278e-08,3.4305186e-08,0.64019969,-7.9906572,0.0012054982,0.0020310364,noisy,TestData/20251124_Testing/vib/Data/TestSetup_008.hdf5
008,10,11,9y,9y,12,cDAQ1Mod3/ai3,393A03,68588,g,443,1105,0,0,-1,0,1651.6129,29.999766,1,7,17,30,9909,21471,1.32,0,1,0.00027840743,0.0002819106,1.0125829,7.7510696e-08,7.9473589e-08,0.10861189,-15.96465,0.0019141761,0.0024333586,noisy,TestData/20251124_Testing/vib/Data/TestSetup_008.hdf5
008,10,11,9z,9z,13,cDAQ1Mod4/ai0,393A03,68595,g,443,1105,0,0,0,-1,1651.6129,29.999766,1,7,17,30,9909,21471,1.32,0,1,0.0004726761,0.00048479905,1.0256475,2.234227e-07,2.3503012e-07,0.21996231,-12.843915,0.0026470924,0.003584204,noisy,TestData/20251124_Testing/vib/Data/TestSetup_008.hdf5
008,10,11,10,10,14,cDAQ1Mod4/ai1,393A03,61596,g,311,1010,0,0,0,-1,1651.6129,29.999766,1,7,17,30,9909,21471,1.32,0,1,0.0012014696,0.0012127847,1.0094177,1.4435292e-06,1.4708468e-06,0.081418546,-17.229837,0.0054222804,0.0093347874,noisy,TestData/20251124_Testing/vib/Data/TestSetup_008.hdf5
008,10,11,11,11,15,cDAQ1Mod4/ai2,393B31,61603,g,311,973,0,0,0,-1,1651.6129,29.999766,1,7,17,30,9909,21471,1.32,0,1,0.00034147401,0.00039621161,1.160298,1.166045e-07,1.5698364e-07,1.291391,-4.605582,0.0024522546,0.0059239704,noisy,TestData/20251124_Testing/vib/Data/TestSetup_008.hdf5
008,10,11,12,12,16,cDAQ1Mod4/ai3,393B31,61605,g,141,905,0,0,0,-1,1651.6129,29.999766,1,7,17,30,9909,21471,1.32,0,1,0.00031504927,0.0004367789,1.3863828,9.9256042e-08,1.9077581e-07,2.8376635,-0.35242055,0.002068109,0.013461358,noisy,TestData/20251124_Testing/vib/Data/TestSetup_008.hdf5
008,10,11,13,13,17,cDAQ1Mod5/ai0,393B31,72955,g,167,733,0,0,0,-1,1651.6129,29.999766,1,7,17,30,9909,21471,1.32,0,1,0.00031514466,0.00041222391,1.3080466,9.9316159e-08,1.6992855e-07,2.3324643,-1.48139,0.0022357371,0.010794707,noisy,TestData/20251124_Testing/vib/Data/TestSetup_008.hdf5
008,10,11,14,14,18,cDAQ1Mod5/ai1,393B31,72956,g,264,469,0,0,0,-1,1651.6129,29.999766,1,7,17,30,9909,21471,1.32,0,1,0.00033223094,0.00038444841,1.1571722,1.1037739e-07,1.4780058e-07,1.2679599,-4.6973941,0.0026260841,0.0048322069,noisy,TestData/20251124_Testing/vib/Data/TestSetup_008.hdf5
008,10,11,15,15,19,cDAQ1Mod5/ai2,393B31,61462,g,192,267,0,0,0,-1,1651.6129,29.999766,1,7,17,30,9909,21471,1.32,0,1,0.0003150525,0.00034405022,1.0920409,9.9258078e-08,1.1837055e-07,0.76477812,-7.1544895,0.0020074296,0.0061618776,noisy,TestData/20251124_Testing/vib/Data/TestSetup_008.hdf5
008,10,11,16,16,20,cDAQ1Mod5/ai3,393B31,61593,g,408,181,0,0,0,-1,1651.6129,29.999766,1,7,17,30,9909,21471,1.32,0,1,0.00037915928,0.00037496153,0.98892881,1.4376176e-07,1.4059615e-07,-0.09669943,,0.002102585,0.0025154593,noisy,TestData/20251124_Testing/vib/Data/TestSetup_008.hdf5
008,11,12,1,1,1,cDAQ1Mod1/ai0,393B31,51815,g,83,991,0,0,0,-1,1651.6129,29.999766,1,7,16,30,9909,23122,1.27,1,0,0.00036437693,0.00046182903,1.2674486,1.3277055e-07,2.1328605e-07,2.0586071,-2.1722223,0.0023905449,0.012635189,noisy,TestData/20251124_Testing/vib/Data/TestSetup_008.hdf5
008,11,12,2,2,2,cDAQ1Mod1/ai1,393B31,51819,g,0.3,886,0,0,0,-1,1651.6129,29.999766,1,7,16,30,9909,23122,1.27,1,0,0.0004359135,0.00099997709,2.2939805,1.9002058e-07,9.9995418e-07,7.2117946,6.2964878,0.0027713421,0.049068553,weak,TestData/20251124_Testing/vib/Data/TestSetup_008.hdf5
008,11,12,3,3,3,cDAQ1Mod1/ai2,393B31,72538,g,84,905,0,0,0,-1,1651.6129,29.999766,1,7,16,30,9909,23122,1.27,1,0,0.00037425236,0.00095760968,2.5587271,1.4006483e-07,9.170163e-07,8.1604795,7.4406478,0.0023331397,0.046626205,weak,TestData/20251124_Testing/vib/Data/TestSetup_008.hdf5
008,11,12,4,4,4,cDAQ1Mod1/ai3,393B31,51835,g,0.3,739,0,0,0,-1,1651.6129,29.999766,1,7,16,30,9909,23122,1.27,1,0,0.00022915116,0.00066222116,2.8898879,5.2510253e-08,4.3853686e-07,9.2176199,8.6637313,0.0016061921,0.029556373,weak,TestData/20251124_Testing/vib/Data/TestSetup_008.hdf5
008,11,12,5,5,5,cDAQ1Mod2/ai0,393B31,51836,g,83,553,0,0,0,-1,1651.6129,29.999766,1,7,16,30,9909,23122,1.27,1,0,0.00027359229,0.001124103,4.1086794,7.4852739e-08,1.2636075e-06,12.274045,12.008846,0.0020903945,0.056386385,good,TestData/20251124_Testing/vib/Data/TestSetup_008.hdf5
008,11,12,6,6,6,cDAQ1Mod2/ai1,393B31,61292,g,30,372,0,0,0,-1,1651.6129,29.999766,1,7,16,30,9909,23122,1.27,1,0,0.00023824548,0.00074701549,3.1354865,5.6760909e-08,5.5803214e-07,9.9260987,9.4602343,0.0017292579,0.035788159,weak,TestData/20251124_Testing/vib/Data/TestSetup_008.hdf5
008,11,12,7,7,7,cDAQ1Mod2/ai2,393B31,61321,g,84,234,0,0,0,-1,1651.6129,29.999766,1,7,16,30,9909,23122,1.27,1,0,0.00022632639,0.00068340029,3.0195342,5.1223637e-08,4.6703596e-07,9.5987991,9.0942695,0.0015467104,0.037360923,weak,TestData/20251124_Testing/vib/Data/TestSetup_008.hdf5
008,11,12,8x,8x,8,cDAQ1Mod2/ai3,393A03,67865,g,0,103,0,-1,0,0,1651.6129,29.999766,1,7,16,30,9909,23122,1.27,1,0,0.00010886356,0.0002640818,2.4258054,1.1851274e-08,6.97392e-08,7.6971193,6.8882296,0.00093462059,0.015704506,weak,TestData/20251124_Testing/vib/Data/TestSetup_008.hdf5
008,11,12,8y,8y,9,cDAQ1Mod3/ai0,393A03,67866,g,0,103,0,0,-1,0,1651.6129,29.999766,1,7,16,30,9909,23122,1.27,1,0,0.00012501352,0.00039031325,3.1221683,1.5628381e-08,1.5234444e-07,9.8891262,9.4190554,0.00094988582,0.021207153,weak,TestData/20251124_Testing/vib/Data/TestSetup_008.hdf5
008,11,12,8z,8z,10,cDAQ1Mod3/ai1,393A03,68542,g,0,103,0,0,0,-1,1651.6129,29.999766,1,7,16,30,9909,23122,1.27,1,0,0.00021400846,0.00059745744,2.7917468,4.5799623e-08,3.5695539e-07,8.9175204,8.3211596,0.0015655367,0.02810676,weak,TestData/20251124_Testing/vib/Data/TestSetup_008.hdf5
008,11,12,9x,9x,11,cDAQ1Mod3/ai2,393A03,68578,g,443,1105,0,-1,0,0,1651.6129,29.999766,1,7,16,30,9909,23122,1.27,1,0,0.00017622505,0.00017410252,0.98795558,3.1055268e-08,3.0311687e-08,-0.10525166,,0.0012879895,0.0014192257,noisy,TestData/20251124_Testing/vib/Data/TestSetup_008.hdf5
008,11,12,9y,9y,12,cDAQ1Mod3/ai3,393A03,68588,g,443,1105,0,0,-1,0,1651.6129,29.999766,1,7,16,30,9909,23122,1.27,1,0,0.00027613338,0.00027461762,0.99451078,7.6249641e-08,7.5414837e-08,-0.047810105,,0.0016570572,0.0018066312,noisy,TestData/20251124_Testing/vib/Data/TestSetup_008.hdf5
008,11,12,9z,9z,13,cDAQ1Mod4/ai0,393A03,68595,g,443,1105,0,0,0,-1,1651.6129,29.999766,1,7,16,30,9909,23122,1.27,1,0,0.00047360824,0.00046969706,0.99174172,2.2430477e-07,2.2061533e-07,-0.072028306,,0.002554125,0.0027189872,noisy,TestData/20251124_Testing/vib/Data/TestSetup_008.hdf5
008,11,12,10,10,14,cDAQ1Mod4/ai1,393A03,61596,g,311,1010,0,0,0,-1,1651.6129,29.999766,1,7,16,30,9909,23122,1.27,1,0,0.0012020597,0.0011937913,0.99312154,1.4449474e-06,1.4251378e-06,-0.059951982,,0.0054758999,0.0061418329,noisy,TestData/20251124_Testing/vib/Data/TestSetup_008.hdf5
008,11,12,11,11,15,cDAQ1Mod4/ai2,393B31,61603,g,311,973,0,0,0,-1,1651.6129,29.999766,1,7,16,30,9909,23122,1.27,1,0,0.00035834559,0.00037301896,1.0409475,1.2841156e-07,1.3914314e-07,0.34857672,-10.779405,0.0028704267,0.0046743562,noisy,TestData/20251124_Testing/vib/Data/TestSetup_008.hdf5
008,11,12,12,12,16,cDAQ1Mod4/ai3,393B31,61605,g,141,905,0,0,0,-1,1651.6129,29.999766,1,7,16,30,9909,23122,1.27,1,0,0.00032146669,0.00036122807,1.1236874,1.0334083e-07,1.3048572e-07,1.0129104,-5.8058386,0.0023342288,0.0093385064,noisy,TestData/20251124_Testing/vib/Data/TestSetup_008.hdf5
008,11,12,13,13,17,cDAQ1Mod5/ai0,393B31,72955,g,167,733,0,0,0,-1,1651.6129,29.999766,1,7,16,30,9909,23122,1.27,1,0,0.00031140179,0.00038498174,1.2362862,9.6971076e-08,1.4821094e-07,1.8423804,-2.7703426,0.0024522477,0.010314016,noisy,TestData/20251124_Testing/vib/Data/TestSetup_008.hdf5
008,11,12,14,14,18,cDAQ1Mod5/ai1,393B31,72956,g,264,469,0,0,0,-1,1651.6129,29.999766,1,7,16,30,9909,23122,1.27,1,0,0.00035804219,0.00037328426,1.0425706,1.2819421e-07,1.3934114e-07,0.36210945,-10.607132,0.0027029632,0.0048064963,noisy,TestData/20251124_Testing/vib/Data/TestSetup_008.hdf5
008,11,12,15,15,19,cDAQ1Mod5/ai2,393B31,61462,g,192,267,0,0,0,-1,1651.6129,29.999766,1,7,16,30,9909,23122,1.27,1,0,0.00034047701,0.00038628146,1.1345302,1.1592459e-07,1.4921337e-07,1.0963214,-5.4187781,0.0022023918,0.0073028088,noisy,TestData/20251124_Testing/vib/Data/TestSetup_008.hdf5
008,11,12,16,16,20,cDAQ1Mod5/ai3,393B31,61593,g,408,181,0,0,0,-1,1651.6129,29.999766,1,7,16,30,9909,23122,1.27,1,0,0.00038197519,0.00039078551,1.0230652,1.4590504e-07,1.5271332e-07,0.19806611,-13.310332,0.002125019,0.0037917889,noisy,TestData/20251124_Testing/vib/Data/TestSetup_008.hdf5
008,12,13,1,1,1,cDAQ1Mod1/ai0,393B31,51815,g,83,991,0,0,0,-1,1651.6129,29.999766,1,7,18,30,9909,19819,1.29,1,0,0.00035145761,0.00098964513,2.8158308,1.2352245e-07,9.7939749e-07,8.992131,8.4066447,0.0026616746,0.050745311,weak,TestData/20251124_Testing/vib/Data/TestSetup_008.hdf5
008,12,13,2,2,2,cDAQ1Mod1/ai1,393B31,51819,g,0.3,886,0,0,0,-1,1651.6129,29.999766,1,7,18,30,9909,19819,1.29,1,0,0.00043610632,0.0012040672,2.7609486,1.9018872e-07,1.4497777e-06,8.8211666,8.2104409,0.0028960748,0.048376677,weak,TestData/20251124_Testing/vib/Data/TestSetup_008.hdf5
008,12,13,3,3,3,cDAQ1Mod1/ai2,393B31,72538,g,84,905,0,0,0,-1,1651.6129,29.999766,1,7,18,30,9909,19819,1.29,1,0,0.00037696345,0.0010350965,2.7458804,1.4210144e-07,1.0714249e-06,8.7736324,8.155684,0.0024216055,0.043395822,weak,TestData/20251124_Testing/vib/Data/TestSetup_008.hdf5
008,12,13,4,4,4,cDAQ1Mod1/ai3,393B31,51835,g,0.3,739,0,0,0,-1,1651.6129,29.999766,1,7,18,30,9909,19819,1.29,1,0,0.00021208822,0.00068768911,3.2424673,4.4981412e-08,4.7291631e-07,10.217512,9.7834462,0.0015355072,0.03137487,good,TestData/20251124_Testing/vib/Data/TestSetup_008.hdf5
008,12,13,5,5,5,cDAQ1Mod2/ai0,393B31,51836,g,83,553,0,0,0,-1,1651.6129,29.999766,1,7,18,30,9909,19819,1.29,1,0,0.00026406955,0.001112098,4.2113831,6.9732726e-08,1.236762e-06,12.488495,12.236451,0.0018821769,0.0513492,good,TestData/20251124_Testing/vib/Data/TestSetup_008.hdf5
008,12,13,6,6,6,cDAQ1Mod2/ai1,393B31,61292,g,30,372,0,0,0,-1,1651.6129,29.999766,1,7,18,30,9909,19819,1.29,1,0,0.00021536813,0.00070544726,3.2755416,4.6383429e-08,4.9765583e-07,10.305662,9.8807592,0.0015187679,0.027445932,good,TestData/20251124_Testing/vib/Data/TestSetup_008.hdf5
008,12,13,7,7,7,cDAQ1Mod2/ai2,393B31,61321,g,84,234,0,0,0,-1,1651.6129,29.999766,1,7,18,30,9909,19819,1.29,1,0,0.00023963244,0.00031300883,1.3062039,5.7423705e-08,9.7974528e-08,2.3202197,-1.5109153,0.0017137778,0.0077132272,noisy,TestData/20251124_Testing/vib/Data/TestSetup_008.hdf5
008,12,13,8x,8x,8,cDAQ1Mod2/ai3,393A03,67865,g,0,103,0,-1,0,0,1651.6129,29.999766,1,7,18,30,9909,19819,1.29,1,0,0.00011317863,0.00018178847,1.6062084,1.2809402e-08,3.3047047e-08,4.116038,1.9863112,0.00091834455,0.0096485648,weak,TestData/20251124_Testing/vib/Data/TestSetup_008.hdf5
008,12,13,8y,8y,9,cDAQ1Mod3/ai0,393A03,67866,g,0,103,0,0,-1,0,1651.6129,29.999766,1,7,18,30,9909,19819,1.29,1,0,0.00014896901,0.0002378893,1.5969047,2.2191765e-08,5.659132e-08,4.0655797,1.9036097,0.0011888933,0.015145333,weak,TestData/20251124_Testing/vib/Data/TestSetup_008.hdf5
008,12,13,8z,8z,10,cDAQ1Mod3/ai1,393A03,68542,g,0,103,0,0,0,-1,1651.6129,29.999766,1,7,18,30,9909,19819,1.29,1,0,0.00022320427,0.00028658176,1.2839439,4.9820146e-08,8.2129108e-08,2.1709211,-1.8808199,0.0015710042,0.0055708076,noisy,TestData/20251124_Testing/vib/Data/TestSetup_008.hdf5
008,12,13,9x,9x,11,cDAQ1Mod3/ai2,393A03,68578,g,443,1105,0,-1,0,0,1651.6129,29.999766,1,7,18,30,9909,19819,1.29,1,0,0.00017071933,0.00017887926,1.0477974,2.9145089e-08,3.199779e-08,0.405546,-10.093091,0.0012648669,0.0014729701,noisy,TestData/20251124_Testing/vib/Data/TestSetup_008.hdf5
008,12,13,9y,9y,12,cDAQ1Mod3/ai3,393A03,68588,g,443,1105,0,0,-1,0,1651.6129,29.999766,1,7,18,30,9909,19819,1.29,1,0,0.00027923191,0.00028290013,1.0131368,7.7970459e-08,8.0032485e-08,0.11336212,-15.776359,0.0017256635,0.0022188868,noisy,TestData/20251124_Testing/vib/Data/TestSetup_008.hdf5
008,12,13,9z,9z,13,cDAQ1Mod4/ai0,393A03,68595,g,443,1105,0,0,0,-1,1651.6129,29.999766,1,7,18,30,9909,19819,1.29,1,0,0.00047034467,0.00047938478,1.0192202,2.2122411e-07,2.2980977e-07,0.16536031,-14.110588,0.0024735532,0.0029154583,noisy,TestData/20251124_Testing/vib/Data/TestSetup_008.hdf5
008,12,13,10,10,14,cDAQ1Mod4/ai1,393A03,61596,g,311,1010,0,0,0,-1,1651.6129,29.999766,1,7,18,30,9909,19819,1.29,1,0,0.0011291908,0.0011415916,1.010982,1.2750719e-06,1.3032314e-06,0.094868779,-16.559089,0.0049049734,0.0065910699,noisy,TestData/20251124_Testing/vib/Data/TestSetup_008.hdf5
008,12,13,11,11,15,cDAQ1Mod4/ai2,393B31,61603,g,311,973,0,0,0,-1,1651.6129,29.999766,1,7,18,30,9909,19819,1.29,1,0,0.00030894362,0.00038178494,1.2357755,9.5446159e-08,1.4575974e-07,1.8387913,-2.7807321,0.0022759633,0.0058086147,noisy,TestData/20251124_Testing/vib/Data/TestSetup_008.hdf5
008,12,13,12,12,16,cDAQ1Mod4/ai3,393B31,61605,g,141,905,0,0,0,-1,1651.6129,29.999766,1,7,18,30,9909,19819,1.29,1,0,0.00027746323,0.00040477202,1.4588312,7.6985847e-08,1.6384039e-07,3.2801008,0.52381637,0.0020439857,0.010877877,weak,TestData/20251124_Testing/vib/Data/TestSetup_008.hdf5
008,12,13,13,13,17,cDAQ1Mod5/ai0,393B31,72955,g,167,733,0,0,0,-1,1651.6129,29.999766,1,7,18,30,9909,19819,1.29,1,0,0.00028831125,0.00037881086,1.3138955,8.3123378e-08,1.4349767e-07,2.3712167,-1.3887113,0.0019769227,0.0067015957,noisy,TestData/20251124_Testing/vib/Data/TestSetup_008.hdf5
008,12,13,14,14,18,cDAQ1Mod5/ai1,393B31,72956,g,264,469,0,0,0,-1,1651.6129,29.999766,1,7,18,30,9909,19819,1.29,1,0,0.00032745112,0.00038651455,1.1803733,1.0722423e-07,1.493935e-07,1.4403874,-4.0529696,0.0024771267,0.0054553894,noisy,TestData/20251124_Testing/vib/Data/TestSetup_008.hdf5
008,12,13,15,15,19,cDAQ1Mod5/ai2,393B31,61462,g,192,267,0,0,0,-1,1651.6129,29.999766,1,7,18,30,9909,19819,1.29,1,0,0.00031352453,0.00033128539,1.056649,9.8297628e-08,1.0975001e-07,0.47861531,-9.3364721,0.0019006156,0.0049948515,noisy,TestData/20251124_Testing/vib/Data/TestSetup_008.hdf5
008,12,13,16,16,20,cDAQ1Mod5/ai3,393B31,61593,g,408,181,0,0,0,-1,1651.6129,29.999766,1,7,18,30,9909,19819,1.29,1,0,0.00038952337,0.00040384543,1.0367682,1.5172846e-07,1.6309113e-07,0.31363307,-11.255864,0.0021279342,0.0026882771,noisy,TestData/20251124_Testing/vib/Data/TestSetup_008.hdf5
008,13,14,1,1,1,cDAQ1Mod1/ai0,393B31,51815,g,83,991,0,0,0,-1,1651.6129,29.999766,1,7,16.5,30,9909,22296,1.27,0,1,0.00045120813,0.00051120381,1.1329667,2.0358878e-07,2.6132933e-07,1.0843433,-5.4727287,0.0033695075,0.0077154409,noisy,TestData/20251124_Testing/vib/Data/TestSetup_008.hdf5
008,13,14,2,2,2,cDAQ1Mod1/ai1,393B31,51819,g,0.3,886,0,0,0,-1,1651.6129,29.999766,1,7,16.5,30,9909,22296,1.27,0,1,0.00048973975,0.00071807832,1.4662447,2.3984503e-07,5.1563647e-07,3.3241291,0.60650072,0.0036278107,0.018590015,weak,TestData/20251124_Testing/vib/Data/TestSetup_008.hdf5
008,13,14,3,3,3,cDAQ1Mod1/ai2,393B31,72538,g,84,905,0,0,0,-1,1651.6129,29.999766,1,7,16.5,30,9909,22296,1.27,0,1,0.00072946818,0.0010711989,1.4684656,5.3212382e-07,1.1474672e-06,3.3372757,0.63104809,0.0052153077,0.044349607,weak,TestData/20251124_Testing/vib/Data/TestSetup_008.hdf5
008,13,14,4,4,4,cDAQ1Mod1/ai3,393B31,51835,g,0.3,739,0,0,0,-1,1651.6129,29.999766,1,7,16.5,30,9909,22296,1.27,0,1,0.00029105419,0.0006818255,2.3426067,8.471254e-08,4.6488601e-07,7.3939877,6.520341,0.0020659256,0.034305951,weak,TestData/20251124_Testing/vib/Data/TestSetup_008.hdf5
008,13,14,5,5,5,cDAQ1Mod2/ai0,393B31,51836,g,83,553,0,0,0,-1,1651.6129,29.999766,1,7,16.5,30,9909,22296,1.27,0,1,0.00033069876,0.0010373868,3.1369539,1.0936167e-07,1.0761713e-06,9.9301626,9.4647582,0.0031021853,0.05352573,weak,TestData/20251124_Testing/vib/Data/TestSetup_008.hdf5
008,13,14,6,6,6,cDAQ1Mod2/ai1,393B31,61292,g,30,372,0,0,0,-1,1651.6129,29.999766,1,7,16.5,30,9909,22296,1.27,0,1,0.00032762842,0.00077408646,2.3626963,1.0734038e-07,5.9920985e-07,7.4681581,6.6108673,0.0028127545,0.030548703,weak,TestData/20251124_Testing/vib/Data/TestSetup_008.hdf5
008,13,14,7,7,7,cDAQ1Mod2/ai2,393B31,61321,g,84,234,0,0,0,-1,1651.6129,29.999766,1,7,16.5,30,9909,22296,1.27,0,1,0.00030259444,0.00066055449,2.1829697,9.1563393e-08,4.3633224e-07,6.7809542,5.7580614,0.0029632279,0.035173441,weak,TestData/20251124_Testing/vib/Data/TestSetup_008.hdf5
008,13,14,8x,8x,8,cDAQ1Mod2/ai3,393A03,67865,g,0,103,0,-1,0,0,1651.6129,29.999766,1,7,16.5,30,9909,22296,1.27,0,1,0.00013225092,0.00030273403,2.2890884,1.7490305e-08,9.1647895e-08,7.1932512,6.2735824,0.0010560649,0.018159684,weak,TestData/20251124_Testing/vib/Data/TestSetup_008.hdf5
008,13,14,8y,8y,9,cDAQ1Mod3/ai0,393A03,67866,g,0,103,0,0,-1,0,1651.6129,29.999766,1,7,16.5,30,9909,22296,1.27,0,1,0.0001877134,0.00044089695,2.3487772,3.5236321e-08,1.9439012e-07,7.4168363,6.5482645,0.0015163766,0.022353652,weak,TestData/20251124_Testing/vib/Data/TestSetup_008.hdf5
008,13,14,8z,8z,10,cDAQ1Mod3/ai1,393A03,68542,g,0,103,0,0,0,-1,1651.6129,29.999766,1,7,16.5,30,9909,22296,1.27,0,1,0.0003110357,0.00058508129,1.8810744,9.6743208e-08,3.4232012e-07,5.4881194,4.0456704,0.0031177083,0.026617768,weak,TestData/20251124_Testing/vib/Data/TestSetup_008.hdf5
008,13,14,9x,9x,11,cDAQ1Mod3/ai2,393A03,68578,g,443,1105,0,-1,0,0,1651.6129,29.999766,1,7,16.5,30,9909,22296,1.27,0,1,0.0001823497,0.00018503208,1.0147101,3.3251411e-08,3.4236872e-08,0.12683996,-15.281708,0.0012898643,0.0013573572,noisy,TestData/20251124_Testing/vib/Data/TestSetup_008.hdf5
008,13,14,9y,9y,12,cDAQ1Mod3/ai3,393A03,68588,g,443,1105,0,0,-1,0,1651.6129,29.999766,1,7,16.5,30,9909,22296,1.27,0,1,0.0002834195,0.00028482024,1.0049423,8.0326611e-08,8.1122569e-08,0.0428225,-20.039694,0.0019055231,0.0020921815,noisy,TestData/20251124_Testing/vib/Data/TestSetup_008.hdf5
008,13,14,9z,9z,13,cDAQ1Mod4/ai0,393A03,68595,g,443,1105,0,0,0,-1,1651.6129,29.999766,1,7,16.5,30,9909,22296,1.27,0,1,0.00048826323,0.00048047904,0.98405741,2.3840098e-07,2.3086011e-07,-0.13959132,,0.0025299534,0.0026334572,noisy,TestData/20251124_Testing/vib/Data/TestSetup_008.hdf5
008,13,14,10,10,14,cDAQ1Mod4/ai1,393A03,61596,g,311,1010,0,0,0,-1,1651.6129,29.999766,1,7,16.5,30,9909,22296,1.27,0,1,0.0012067176,0.0011954108,0.99063018,1.4561673e-06,1.4290071e-06,-0.081768862,,0.0055304066,0.0056665467,noisy,TestData/20251124_Testing/vib/Data/TestSetup_008.hdf5
008,13,14,11,11,15,cDAQ1Mod4/ai2,393B31,61603,g,311,973,0,0,0,-1,1651.6129,29.999766,1,7,16.5,30,9909,22296,1.27,0,1,0.00029586075,0.00031461259,1.0633806,8.7533586e-08,9.8981081e-08,0.53377475,-8.8346424,0.0022280587,0.0026037869,noisy,TestData/20251124_Testing/vib/Data/TestSetup_008.hdf5
008,13,14,12,12,16,cDAQ1Mod4/ai3,393B31,61605,g,141,905,0,0,0,-1,1651.6129,29.999766,1,7,16.5,30,9909,22296,1.27,0,1,0.00033247616,0.000360235,1.0834912,1.105404e-07,1.2976925e-07,0.69650787,-7.5956756,0.0024855243,0.0056220588,noisy,TestData/20251124_Testing/vib/Data/TestSetup_008.hdf5
008,13,14,13,13,17,cDAQ1Mod5/ai0,393B31,72955,g,167,733,0,0,0,-1,1651.6129,29.999766,1,7,16.5,30,9909,22296,1.27,0,1,0.00030730507,0.00036592524,1.1907556,9.4436404e-08,1.3390128e-07,1.5164528,-3.7892872,0.0021028358,0.0080110793,noisy,TestData/20251124_Testing/vib/Data/TestSetup_008.hdf5
008,13,14,14,14,18,cDAQ1Mod5/ai1,393B31,72956,g,264,469,0,0,0,-1,1651.6129,29.999766,1,7,16.5,30,9909,22296,1.27,0,1,0.00035275168,0.0003773815,1.069822,1.2443375e-07,1.4241679e-07,0.58623017,-8.4007497,0.0027440244,0.0057958814,noisy,TestData/20251124_Testing/vib/Data/TestSetup_008.hdf5
008,13,14,15,15,19,cDAQ1Mod5/ai2,393B31,61462,g,192,267,0,0,0,-1,1651.6129,29.999766,1,7,16.5,30,9909,22296,1.27,0,1,0.00034341203,0.00036996453,1.0773197,1.1793182e-07,1.3687376e-07,0.64689176,-7.942067,0.0025089749,0.0061686822,noisy,TestData/20251124_Testing/vib/Data/TestSetup_008.hdf5
008,13,14,16,16,20,cDAQ1Mod5/ai3,393B31,61593,g,408,181,0,0,0,-1,1651.6129,29.999766,1,7,16.5,30,9909,22296,1.27,0,1,0.00039973263,0.0003837123,0.95992239,1.5978617e-07,1.4723513e-07,-0.3552776,,0.0031912676,0.0037251206,noisy,TestData/20251124_Testing/vib/Data/TestSetup_008.hdf5
008,14,15,1,1,1,cDAQ1Mod1/ai0,393B31,51815,g,83,991,0,0,0,-1,1651.6129,29.999766,1,7,16.5,30,9909,22296,,0,1,0.00044026244,0.00085442828,1.9407249,1.9383101e-07,7.3004769e-07,5.7592797,4.4191705,0.0032271985,0.036377787,weak,TestData/20251124_Testing/vib/Data/TestSetup_008.hdf5
008,14,15,2,2,2,cDAQ1Mod1/ai1,393B31,51819,g,0.3,886,0,0,0,-1,1651.6129,29.999766,1,7,16.5,30,9909,22296,,0,1,0.00048889823,0.00098706636,2.0189608,2.3902148e-07,9.743e-07,6.1025578,4.8801496,0.0035865055,0.044792372,weak,TestData/20251124_Testing/vib/Data/TestSetup_008.hdf5
008,14,15,3,3,3,cDAQ1Mod1/ai2,393B31,72538,g,84,905,0,0,0,-1,1651.6129,29.999766,1,7,16.5,30,9909,22296,,0,1,0.00067078605,0.0011073004,1.6507505,4.4995393e-07,1.2261143e-06,4.3536289,2.3678339,0.0048882728,0.063223581,weak,TestData/20251124_Testing/vib/Data/TestSetup_008.hdf5
008,14,15,4,4,4,cDAQ1Mod1/ai3,393B31,51835,g,0.3,739,0,0,0,-1,1651.6129,29.999766,1,7,16.5,30,9909,22296,,0,1,0.00030241976,0.00065922975,2.1798501,9.1457714e-08,4.3458387e-07,6.7685326,5.7423348,0.0023972261,0.022856239,weak,TestData/20251124_Testing/vib/Data/TestSetup_008.hdf5
008,14,15,5,5,5,cDAQ1Mod2/ai0,393B31,51836,g,83,553,0,0,0,-1,1651.6129,29.999766,1,7,16.5,30,9909,22296,,0,1,0.00031868667,0.0010327292,3.2405787,1.0156119e-07,1.0665297e-06,10.212451,9.7778532,0.0024074574,0.054243419,good,TestData/20251124_Testing/vib/Data/TestSetup_008.hdf5
008,14,15,6,6,6,cDAQ1Mod2/ai1,393B31,61292,g,30,372,0,0,0,-1,1651.6129,29.999766,1,7,16.5,30,9909,22296,,0,1,0.00029806992,0.00074962623,2.5149342,8.8845676e-08,5.6193948e-07,8.0105325,7.2631097,0.002392945,0.037770165,weak,TestData/20251124_Testing/vib/Data/TestSetup_008.hdf5
008,14,15,7,7,7,cDAQ1Mod2/ai2,393B31,61321,g,84,234,0,0,0,-1,1651.6129,29.999766,1,7,16.5,30,9909,22296,,0,1,0.000254016,0.0003034425,1.1945803,6.452413e-08,9.2077353e-08,1.5443067,-3.6954974,0.0018620305,0.008169123,noisy,TestData/20251124_Testing/vib/Data/TestSetup_008.hdf5
008,14,15,8x,8x,8,cDAQ1Mod2/ai3,393A03,67865,g,0,103,0,-1,0,0,1651.6129,29.999766,1,7,16.5,30,9909,22296,,0,1,0.00013352261,0.00021978688,1.6460649,1.7828287e-08,4.8306271e-08,4.3289389,2.3287661,0.001067959,0.0080848124,weak,TestData/20251124_Testing/vib/Data/TestSetup_008.hdf5
008,14,15,8y,8y,9,cDAQ1Mod3/ai0,393A03,67866,g,0,103,0,0,-1,0,1651.6129,29.999766,1,7,16.5,30,9909,22296,,0,1,0.00018897815,0.00028053733,1.4844961,3.5712742e-08,7.8701191e-08,3.4315811,0.80528589,0.0017492399,0.010568555,weak,TestData/20251124_Testing/vib/Data/TestSetup_008.hdf5
008,14,15,8z,8z,10,cDAQ1Mod3/ai1,393A03,68542,g,0,103,0,0,0,-1,1651.6129,29.999766,1,7,16.5,30,9909,22296,,0,1,0.00025888192,0.0003201126,1.2365197,6.701985e-08,1.0247207e-07,1.8440208,-2.7655997,0.0019263938,0.0071983097,noisy,TestData/20251124_Testing/vib/Data/TestSetup_008.hdf5
008,14,15,9x,9x,11,cDAQ1Mod3/ai2,393A03,68578,g,443,1105,0,-1,0,0,1651.6129,29.999766,1,7,16.5,30,9909,22296,,0,1,0.00019731238,0.00019386003,0.98250313,3.8932174e-08,3.758171e-08,-0.15332113,,0.0015560863,0.0017098201,noisy,TestData/20251124_Testing/vib/Data/TestSetup_008.hdf5
008,14,15,9y,9y,12,cDAQ1Mod3/ai3,393A03,68588,g,443,1105,0,0,-1,0,1651.6129,29.999766,1,7,16.5,30,9909,22296,,0,1,0.00030784912,0.00029940907,0.97258382,9.4771081e-08,8.9645793e-08,-0.24145919,,0.0024420116,0.0022046711,noisy,TestData/20251124_Testing/vib/Data/TestSetup_008.hdf5
008,14,15,9z,9z,13,cDAQ1Mod4/ai0,393A03,68595,g,443,1105,0,0,0,-1,1651.6129,29.999766,1,7,16.5,30,9909,22296,,0,1,0.00049520368,0.00051005748,1.0299953,2.4522668e-07,2.6015863e-07,0.2567052,-12.154512,0.0030115247,0.0033914515,noisy,TestData/20251124_Testing/vib/Data/TestSetup_008.hdf5
008,14,15,10,10,14,cDAQ1Mod4/ai1,393A03,61596,g,311,1010,0,0,0,-1,1651.6129,29.999766,1,7,16.5,30,9909,22296,,0,1,0.0012064493,0.0012416902,1.0292104,1.4555199e-06,1.5417946e-06,0.25008359,-12.271349,0.0056314342,0.0072512987,noisy,TestData/20251124_Testing/vib/Data/TestSetup_008.hdf5
008,14,15,11,11,15,cDAQ1Mod4/ai2,393B31,61603,g,311,973,0,0,0,-1,1651.6129,29.999766,1,7,16.5,30,9909,22296,,0,1,0.00038841105,0.00039814335,1.0250567,1.5086315e-07,1.5851813e-07,0.21495781,-12.946389,0.0028510663,0.0061116173,noisy,TestData/20251124_Testing/vib/Data/TestSetup_008.hdf5
008,14,15,12,12,16,cDAQ1Mod4/ai3,393B31,61605,g,141,905,0,0,0,-1,1651.6129,29.999766,1,7,16.5,30,9909,22296,,0,1,0.00034883143,0.00039131261,1.1217814,1.2168337e-07,1.5312556e-07,0.99816464,-5.8771843,0.0026291183,0.010172828,noisy,TestData/20251124_Testing/vib/Data/TestSetup_008.hdf5
008,14,15,13,13,17,cDAQ1Mod5/ai0,393B31,72955,g,167,733,0,0,0,-1,1651.6129,29.999766,1,7,16.5,30,9909,22296,,0,1,0.00037432459,0.00039237164,1.0482123,1.401189e-07,1.5395551e-07,0.40898513,-10.054671,0.0033761926,0.01210444,noisy,TestData/20251124_Testing/vib/Data/TestSetup_008.hdf5
008,14,15,14,14,18,cDAQ1Mod5/ai1,393B31,72956,g,264,469,0,0,0,-1,1651.6129,29.999766,1,7,16.5,30,9909,22296,,0,1,0.00039469748,0.00039065723,0.98976368,1.557861e-07,1.5261307e-07,-0.089369695,,0.0031550153,0.0059062412,noisy,TestData/20251124_Testing/vib/Data/TestSetup_008.hdf5
008,14,15,15,15,19,cDAQ1Mod5/ai2,393B31,61462,g,192,267,0,0,0,-1,1651.6129,29.999766,1,7,16.5,30,9909,22296,,0,1,0.00035645301,0.0003616752,1.0146505,1.2705874e-07,1.3080895e-07,0.12632906,-15.299493,0.0023656406,0.0074502633,noisy,TestData/20251124_Testing/vib/Data/TestSetup_008.hdf5
008,14,15,16,16,20,cDAQ1Mod5/ai3,393B31,61593,g,408,181,0,0,0,-1,1651.6129,29.999766,1,7,16.5,30,9909,22296,,0,1,0.00042642136,0.00039160311,0.91834778,1.8183518e-07,1.53353e-07,-0.73985637,,0.0032612312,0.0026904318,noisy,TestData/20251124_Testing/vib/Data/TestSetup_008.hdf5
008,15,16,1,1,1,cDAQ1Mod1/ai0,393B31,51815,g,83,991,0,0,0,-1,1651.6129,29.999766,1,7,16,30,9909,23122,,0,1,0.00044346823,0.00048395136,1.0912876,1.9666407e-07,2.3420892e-07,0.75878408,-7.1917465,0.0030751753,0.0076225688,noisy,TestData/20251124_Testing/vib/Data/TestSetup_008.hdf5
008,15,16,2,2,2,cDAQ1Mod1/ai1,393B31,51819,g,0.3,886,0,0,0,-1,1651.6129,29.999766,1,7,16,30,9909,23122,,0,1,0.00052058143,0.00076465266,1.4688435,2.7100502e-07,5.846937e-07,3.3395107,0.63521496,0.00360939,0.029688649,weak,TestData/20251124_Testing/vib/Data/TestSetup_008.hdf5
008,15,16,3,3,3,cDAQ1Mod1/ai2,393B31,72538,g,84,905,0,0,0,-1,1651.6129,29.999766,1,7,16,30,9909,23122,,0,1,0.00067143685,0.0010161361,1.5133755,4.5082745e-07,1.0325325e-06,3.598934,1.1069252,0.0052501169,0.046049673,weak,TestData/20251124_Testing/vib/Data/TestSetup_008.hdf5
008,15,16,4,4,4,cDAQ1Mod1/ai3,393B31,51835,g,0.3,739,0,0,0,-1,1651.6129,29.999766,1,7,16,30,9909,23122,,0,1,0.00029743017,0.00074245072,2.4962186,8.8464707e-08,5.5123307e-07,7.9456522,7.1859362,0.0022854802,0.04016224,weak,TestData/20251124_Testing/vib/Data/TestSetup_008.hdf5
008,15,16,5,5,5,cDAQ1Mod2/ai0,393B31,51836,g,83,553,0,0,0,-1,1651.6129,29.999766,1,7,16,30,9909,23122,,0,1,0.00030375458,0.00098381751,3.2388565,9.2266846e-08,9.6789689e-07,10.207834,9.7727498,0.0023647976,0.043695273,good,TestData/20251124_Testing/vib/Data/TestSetup_008.hdf5
008,15,16,6,6,6,cDAQ1Mod2/ai1,393B31,61292,g,30,372,0,0,0,-1,1651.6129,29.999766,1,7,16,30,9909,23122,,0,1,0.00027911909,0.00082678771,2.9621325,7.7907464e-08,6.8357792e-07,9.4320896,8.9065732,0.0020625798,0.034710145,weak,TestData/20251124_Testing/vib/Data/TestSetup_008.hdf5
008,15,16,7,7,7,cDAQ1Mod2/ai2,393B31,61321,g,84,234,0,0,0,-1,1651.6129,29.999766,1,7,16,30,9909,23122,,0,1,0.00023060652,0.00078167264,3.3896381,5.3179366e-08,6.1101211e-07,10.603067,10.207609,0.0017137149,0.044770597,good,TestData/20251124_Testing/vib/Data/TestSetup_008.hdf5
008,15,16,8x,8x,8,cDAQ1Mod2/ai3,393A03,67865,g,0,103,0,-1,0,0,1651.6129,29.999766,1,7,16,30,9909,23122,,0,1,0.00012289243,0.00028952999,2.3559627,1.510255e-08,8.3827614e-08,7.4433683,6.5806488,0.00092585657,0.018180342,weak,TestData/20251124_Testing/vib/Data/TestSetup_008.hdf5
008,15,16,8y,8y,9,cDAQ1Mod3/ai0,393A03,67866,g,0,103,0,0,-1,0,1651.6129,29.999766,1,7,16,30,9909,23122,,0,1,0.0001687431,0.00042078324,2.4936322,2.8474235e-08,1.7705853e-07,7.936648,7.1752085,0.001404553,0.020064341,weak,TestData/20251124_Testing/vib/Data/TestSetup_008.hdf5
008,15,16,8z,8z,10,cDAQ1Mod3/ai1,393A03,68542,g,0,103,0,0,0,-1,1651.6129,29.999766,1,7,16,30,9909,23122,,0,1,0.00022404619,0.00061041065,2.7244857,5.0196696e-08,3.7260116e-07,8.7056907,8.0772592,0.0015874068,0.024915543,weak,TestData/20251124_Testing/vib/Data/TestSetup_008.hdf5
008,15,16,9x,9x,11,cDAQ1Mod3/ai2,393A03,68578,g,443,1105,0,-1,0,0,1651.6129,29.999766,1,7,16,30,9909,23122,,0,1,0.00018959557,0.00018794962,0.99131862,3.5946482e-08,3.532506e-08,-0.075734749,,0.0014285997,0.0014473478,noisy,TestData/20251124_Testing/vib/Data/TestSetup_008.hdf5
008,15,16,9y,9y,12,cDAQ1Mod3/ai3,393A03,68588,g,443,1105,0,0,-1,0,1651.6129,29.999766,1,7,16,30,9909,23122,,0,1,0.00030172758,0.00029010013,0.96146373,9.1039534e-08,8.4158084e-08,-0.34134188,,0.002312216,0.001988345,noisy,TestData/20251124_Testing/vib/Data/TestSetup_008.hdf5
008,15,16,9z,9z,13,cDAQ1Mod4/ai0,393A03,68595,g,443,1105,0,0,0,-1,1651.6129,29.999766,1,7,16,30,9909,23122,,0,1,0.00053013842,0.00050327826,0.94933369,2.8104674e-07,2.5328901e-07,-0.45162211,,0.0031825847,0.0028819901,noisy,TestData/20251124_Testing/vib/Data/TestSetup_008.hdf5
008,15,16,10,10,14,cDAQ1Mod4/ai1,393A03,61596,g,311,1010,0,0,0,-1,1651.6129,29.999766,1,7,16,30,9909,23122,,0,1,0.0012467546,0.0012381301,0.99308237,1.5543971e-06,1.532966e-06,-0.06029452,,0.0065431546,0.00559854,noisy,TestData/20251124_Testing/vib/Data/TestSetup_008.hdf5
008,15,16,11,11,15,cDAQ1Mod4/ai2,393B31,61603,g,311,973,0,0,0,-1,1651.6129,29.999766,1,7,16,30,9909,23122,,0,1,0.00035367922,0.00035320298,0.99865347,1.2508899e-07,1.2475234e-07,-0.011703719,,0.0024176292,0.0027977011,noisy,TestData/20251124_Testing/vib/Data/TestSetup_008.hdf5
008,15,16,12,12,16,cDAQ1Mod4/ai3,393B31,61605,g,141,905,0,0,0,-1,1651.6129,29.999766,1,7,16,30,9909,23122,,0,1,0.00035488721,0.00034815415,0.98102758,1.2594493e-07,1.2121131e-07,-0.16637563,,0.002602449,0.0064966705,noisy,TestData/20251124_Testing/vib/Data/TestSetup_008.hdf5
008,15,16,13,13,17,cDAQ1Mod5/ai0,393B31,72955,g,167,733,0,0,0,-1,1651.6129,29.999766,1,7,16,30,9909,23122,,0,1,0.00034866474,0.0003811228,1.0930925,1.215671e-07,1.4525459e-07,0.77313808,-7.1029701,0.0031092045,0.0099355902,noisy,TestData/20251124_Testing/vib/Data/TestSetup_008.hdf5
008,15,16,14,14,18,cDAQ1Mod5/ai1,393B31,72956,g,264,469,0,0,0,-1,1651.6129,29.999766,1,7,16,30,9909,23122,,0,1,0.00037768798,0.00037931124,1.0042979,1.4264821e-07,1.4387702e-07,0.037250953,-20.64783,0.0033169859,0.0049373867,noisy,TestData/20251124_Testing/vib/Data/TestSetup_008.hdf5
008,15,16,15,15,19,cDAQ1Mod5/ai2,393B31,61462,g,192,267,0,0,0,-1,1651.6129,29.999766,1,7,16,30,9909,23122,,0,1,0.00034292562,0.0003700961,1.0792314,1.1759798e-07,1.3697112e-07,0.66229155,-7.8319977,0.0024246973,0.0075140021,noisy,TestData/20251124_Testing/vib/Data/TestSetup_008.hdf5
008,15,16,16,16,20,cDAQ1Mod5/ai3,393B31,61593,g,408,181,0,0,0,-1,1651.6129,29.999766,1,7,16,30,9909,23122,,0,1,0.00040252716,0.00040876075,1.0154861,1.6202811e-07,1.6708535e-07,0.13347999,-15.056771,0.0023103847,0.0042815978,noisy,TestData/20251124_Testing/vib/Data/TestSetup_008.hdf5
008,16,17,1,1,1,cDAQ1Mod1/ai0,393B31,51815,g,83,991,0,0,0,-1,1651.6129,29.999766,1,7,17,30,9909,21471,,0,1,0.00043079461,0.00094343194,2.1899808,1.85584e-07,8.9006382e-07,6.8088062,5.7932803,0.0032867208,0.04562138,weak,TestData/20251124_Testing/vib/Data/TestSetup_008.hdf5
008,16,17,2,2,2,cDAQ1Mod1/ai1,393B31,51819,g,0.3,886,0,0,0,-1,1651.6129,29.999766,1,7,17,30,9909,21471,,0,1,0.00048560604,0.0010924546,2.2496726,2.3581323e-07,1.1934571e-06,7.0423864,6.0863586,0.0032773771,0.049562266,weak,TestData/20251124_Testing/vib/Data/TestSetup_008.hdf5
008,16,17,3,3,3,cDAQ1Mod1/ai2,393B31,72538,g,84,905,0,0,0,-1,1651.6129,29.999766,1,7,17,30,9909,21471,,0,1,0.00062834562,0.0011104309,1.7672294,3.9481822e-07,1.2330567e-06,4.9458586,3.2697041,0.00526172,0.056666613,weak,TestData/20251124_Testing/vib/Data/TestSetup_008.hdf5
008,16,17,4,4,4,cDAQ1Mod1/ai3,393B31,51835,g,0.3,739,0,0,0,-1,1651.6129,29.999766,1,7,17,30,9909,21471,,0,1,0.00028634016,0.00072199939,2.5214744,8.1990686e-08,5.2128311e-07,8.0330913,7.2898919,0.0024755983,0.026952779,weak,TestData/20251124_Testing/vib/Data/TestSetup_008.hdf5
008,16,17,5,5,5,cDAQ1Mod2/ai0,393B31,51836,g,83,553,0,0,0,-1,1651.6129,29.999766,1,7,17,30,9909,21471,,0,1,0.00031119363,0.0011279837,3.6247005,9.6841477e-08,1.2723473e-06,11.185443,10.841634,0.003168308,0.059369311,good,TestData/20251124_Testing/vib/Data/TestSetup_008.hdf5
008,16,17,6,6,6,cDAQ1Mod2/ai1,393B31,61292,g,30,372,0,0,0,-1,1651.6129,29.999766,1,7,17,30,9909,21471,,0,1,0.00028132478,0.00081664318,2.9028484,7.9143633e-08,6.6690608e-07,9.256487,8.7078586,0.0024193101,0.042648826,weak,TestData/20251124_Testing/vib/Data/TestSetup_008.hdf5
008,16,17,7,7,7,cDAQ1Mod2/ai2,393B31,61321,g,84,234,0,0,0,-1,1651.6129,29.999766,1,7,17,30,9909,21471,,0,1,0.00023052339,0.00028950321,1.2558518,5.3141031e-08,8.3812111e-08,1.978768,-2.3870092,0.0016859018,0.0086477348,noisy,TestData/20251124_Testing/vib/Data/TestSetup_008.hdf5
008,16,17,8x,8x,8,cDAQ1Mod2/ai3,393A03,67865,g,0,103,0,-1,0,0,1651.6129,29.999766,1,7,17,30,9909,21471,,0,1,0.00013771831,0.00019306103,1.4018544,1.8966334e-08,3.7272562e-08,2.9340584,-0.15384546,0.001458584,0.0081524206,noisy,TestData/20251124_Testing/vib/Data/TestSetup_008.hdf5
008,16,17,8y,8y,9,cDAQ1Mod3/ai0,393A03,67866,g,0,103,0,0,-1,0,1651.6129,29.999766,1,7,17,30,9909,21471,,0,1,0.00020308127,0.00029175377,1.4366356,4.1242001e-08,8.5120263e-08,3.1469323,0.26909692,0.0020945412,0.012072643,weak,TestData/20251124_Testing/vib/Data/TestSetup_008.hdf5
008,16,17,8z,8z,10,cDAQ1Mod3/ai1,393A03,68542,g,0,103,0,0,0,-1,1651.6129,29.999766,1,7,17,30,9909,21471,,0,1,0.00021640796,0.00028061895,1.2967127,4.6832406e-08,7.8746996e-08,2.2568752,-1.6655721,0.0016524097,0.0054517369,noisy,TestData/20251124_Testing/vib/Data/TestSetup_008.hdf5
008,16,17,9x,9x,11,cDAQ1Mod3/ai2,393A03,68578,g,443,1105,0,-1,0,0,1651.6129,29.999766,1,7,17,30,9909,21471,,0,1,0.00018267054,0.00018761059,1.0270435,3.3368526e-08,3.5197734e-08,0.23177685,-12.610739,0.0013129869,0.0015054666,noisy,TestData/20251124_Testing/vib/Data/TestSetup_008.hdf5
008,16,17,9y,9y,12,cDAQ1Mod3/ai3,393A03,68588,g,443,1105,0,0,-1,0,1651.6129,29.999766,1,7,17,30,9909,21471,,0,1,0.00028612988,0.00029037117,1.0148229,8.187031e-08,8.4315417e-08,0.12780554,-15.248287,0.001738643,0.0020785839,noisy,TestData/20251124_Testing/vib/Data/TestSetup_008.hdf5
008,16,17,9z,9z,13,cDAQ1Mod4/ai0,393A03,68595,g,443,1105,0,0,0,-1,1651.6129,29.999766,1,7,17,30,9909,21471,,0,1,0.00050551907,0.00050520495,0.99937862,2.5554953e-07,2.5523204e-07,-0.0053989405,,0.0026495715,0.0032265893,noisy,TestData/20251124_Testing/vib/Data/TestSetup_008.hdf5
008,16,17,10,10,14,cDAQ1Mod4/ai1,393A03,61596,g,311,1010,0,0,0,-1,1651.6129,29.999766,1,7,17,30,9909,21471,,0,1,0.0012408425,0.001243444,1.0020966,1.53969e-06,1.5461529e-06,0.018191549,-23.770047,0.0055473924,0.0076902681,noisy,TestData/20251124_Testing/vib/Data/TestSetup_008.hdf5
008,16,17,11,11,15,cDAQ1Mod4/ai2,393B31,61603,g,311,973,0,0,0,-1,1651.6129,29.999766,1,7,17,30,9909,21471,,0,1,0.00031773729,0.00033746805,1.0620977,1.0095699e-07,1.1388469e-07,0.52328953,-8.9261511,0.0025292618,0.0066998134,noisy,TestData/20251124_Testing/vib/Data/TestSetup_008.hdf5
008,16,17,12,12,16,cDAQ1Mod4/ai3,393B31,61605,g,141,905,0,0,0,-1,1651.6129,29.999766,1,7,17,30,9909,21471,,0,1,0.00034240448,0.00039755002,1.1610538,1.1724083e-07,1.5804602e-07,1.297047,-4.5836341,0.0025098386,0.01104273,noisy,TestData/20251124_Testing/vib/Data/TestSetup_008.hdf5
008,16,17,13,13,17,cDAQ1Mod5/ai0,393B31,72955,g,167,733,0,0,0,-1,1651.6129,29.999766,1,7,17,30,9909,21471,,0,1,0.00031777499,0.00038560769,1.2134614,1.0098094e-07,1.4869329e-07,1.6805194,-3.2560867,0.0026364377,0.010587056,noisy,TestData/20251124_Testing/vib/Data/TestSetup_008.hdf5
008,16,17,14,14,18,cDAQ1Mod5/ai1,393B31,72956,g,264,469,0,0,0,-1,1651.6129,29.999766,1,7,17,30,9909,21471,,0,1,0.00033580556,0.00036775248,1.0951352,1.1276538e-07,1.3524189e-07,0.78935444,-7.0044691,0.0023827491,0.0065174844,noisy,TestData/20251124_Testing/vib/Data/TestSetup_008.hdf5
008,16,17,15,15,19,cDAQ1Mod5/ai2,393B31,61462,g,192,267,0,0,0,-1,1651.6129,29.999766,1,7,17,30,9909,21471,,0,1,0.00032400048,0.00034123951,1.0532068,1.0497631e-07,1.164444e-07,0.45027294,-9.6160031,0.0021536356,0.0086719762,noisy,TestData/20251124_Testing/vib/Data/TestSetup_008.hdf5
008,16,17,16,16,20,cDAQ1Mod5/ai3,393B31,61593,g,408,181,0,0,0,-1,1651.6129,29.999766,1,7,17,30,9909,21471,,0,1,0.00037856152,0.00038749929,1.0236098,1.4330882e-07,1.501557e-07,0.20268895,-13.207804,0.0021727388,0.0027522203,noisy,TestData/20251124_Testing/vib/Data/TestSetup_008.hdf5
008,17,18,1,1,1,cDAQ1Mod1/ai0,393B31,51815,g,83,991,0,0,0,-1,1651.6129,29.999766,1,7,16.5,30,9909,22296,,0,1,0.00044255969,0.00050996265,1.1523025,1.9585908e-07,2.6006191e-07,1.2313304,-4.8438953,0.0030598306,0.007876807,noisy,TestData/20251124_Testing/vib/Data/TestSetup_008.hdf5
008,17,18,2,2,2,cDAQ1Mod1/ai1,393B31,51819,g,0.3,886,0,0,0,-1,1651.6129,29.999766,1,7,16.5,30,9909,22296,,0,1,0.00051321565,0.00080664038,1.5717377,2.6339031e-07,6.506687e-07,3.9276013,1.6742348,0.0036832614,0.035742963,weak,TestData/20251124_Testing/vib/Data/TestSetup_008.hdf5
008,17,18,3,3,3,cDAQ1Mod1/ai2,393B31,72538,g,84,905,0,0,0,-1,1651.6129,29.999766,1,7,16.5,30,9909,22296,,0,1,0.00061772386,0.0011665536,1.888471,3.8158277e-07,1.3608473e-06,5.5222063,4.0931125,0.0050369027,0.06625579,weak,TestData/20251124_Testing/vib/Data/TestSetup_008.hdf5
008,17,18,4,4,4,cDAQ1Mod1/ai3,393B31,51835,g,0.3,739,0,0,0,-1,1651.6129,29.999766,1,7,16.5,30,9909,22296,,0,1,0.00030003178,0.00071136751,2.3709738,9.0019071e-08,5.0604373e-07,7.4985352,6.6478455,0.0022754805,0.033568791,weak,TestData/20251124_Testing/vib/Data/TestSetup_008.hdf5
008,17,18,5,5,5,cDAQ1Mod2/ai0,393B31,51836,g,83,553,0,0,0,-1,1651.6129,29.999766,1,7,16.5,30,9909,22296,,0,1,0.00032208988,0.0010525487,3.2678727,1.0374189e-07,1.1078588e-06,10.285303,9.8583013,0.0023716984,0.049832894,good,TestData/20251124_Testing/vib/Data/TestSetup_008.hdf5
008,17,18,6,6,6,cDAQ1Mod2/ai1,393B31,61292,g,30,372,0,0,0,-1,1651.6129,29.999766,1,7,16.5,30,9909,22296,,0,1,0.00031439267,0.00082986807,2.639591,9.8842751e-08,6.8868102e-07,8.4307329,7.7578812,0.002136624,0.035854996,weak,TestData/20251124_Testing/vib/Data/TestSetup_008.hdf5
008,17,18,7,7,7,cDAQ1Mod2/ai2,393B31,61321,g,84,234,0,0,0,-1,1651.6129,29.999766,1,7,16.5,30,9909,22296,,0,1,0.00025731705,0.0007273979,2.8268547,6.6212063e-08,5.291077e-07,9.0260696,8.4454597,0.0018912279,0.03530225,weak,TestData/20251124_Testing/vib/Data/TestSetup_008.hdf5
008,17,18,8x,8x,8,cDAQ1Mod2/ai3,393A03,67865,g,0,103,0,-1,0,0,1651.6129,29.999766,1,7,16.5,30,9909,22296,,0,1,0.00014156585,0.00031329278,2.2130534,2.004089e-08,9.8152368e-08,6.8998378,5.9079786,0.0011117791,0.020202328,weak,TestData/20251124_Testing/vib/Data/TestSetup_008.hdf5
008,17,18,8y,8y,9,cDAQ1Mod3/ai0,393A03,67866,g,0,103,0,0,-1,0,1651.6129,29.999766,1,7,16.5,30,9909,22296,,0,1,0.00020470404,0.00045240776,2.2100578,4.1903745e-08,2.0467278e-07,6.8880726,5.8931896,0.0015655298,0.022517701,weak,TestData/20251124_Testing/vib/Data/TestSetup_008.hdf5
008,17,18,8z,8z,10,cDAQ1Mod3/ai1,393A03,68542,g,0,103,0,0,0,-1,1651.6129,29.999766,1,7,16.5,30,9909,22296,,0,1,0.00025838741,0.0006701643,2.5936414,6.6764056e-08,4.4912018e-07,8.2781986,7.5792534,0.0018717185,0.031587755,weak,TestData/20251124_Testing/vib/Data/TestSetup_008.hdf5
008,17,18,9x,9x,11,cDAQ1Mod3/ai2,393A03,68578,g,443,1105,0,-1,0,0,1651.6129,29.999766,1,7,16.5,30,9909,22296,,0,1,0.00018973489,0.00018812584,0.9915195,3.5999328e-08,3.5391333e-08,-0.073974807,,0.0014467228,0.0015885829,noisy,TestData/20251124_Testing/vib/Data/TestSetup_008.hdf5
008,17,18,9y,9y,12,cDAQ1Mod3/ai3,393A03,68588,g,443,1105,0,0,-1,0,1651.6129,29.999766,1,7,16.5,30,9909,22296,,0,1,0.00029229027,0.00028717429,0.98249693,8.5433602e-08,8.2469075e-08,-0.15337594,,0.0018066312,0.002228776,noisy,TestData/20251124_Testing/vib/Data/TestSetup_008.hdf5
008,17,18,9z,9z,13,cDAQ1Mod4/ai0,393A03,68595,g,443,1105,0,0,0,-1,1651.6129,29.999766,1,7,16.5,30,9909,22296,,0,1,0.00052175403,0.00050331585,0.96466116,2.7222727e-07,2.5332684e-07,-0.31250414,,0.0028894275,0.0029724783,noisy,TestData/20251124_Testing/vib/Data/TestSetup_008.hdf5
008,17,18,10,10,14,cDAQ1Mod4/ai1,393A03,61596,g,311,1010,0,0,0,-1,1651.6129,29.999766,1,7,16.5,30,9909,22296,,0,1,0.0012782571,0.0012497084,0.97766595,1.6339412e-06,1.5617712e-06,-0.19619023,,0.0062190296,0.0059128411,noisy,TestData/20251124_Testing/vib/Data/TestSetup_008.hdf5
008,17,18,11,11,15,cDAQ1Mod4/ai2,393B31,61603,g,311,973,0,0,0,-1,1651.6129,29.999766,1,7,16.5,30,9909,22296,,0,1,0.00047364758,0.00037656378,0.79502946,2.2434203e-07,1.4180028e-07,-1.9923355,,0.0037005656,0.0032742026,noisy,TestData/20251124_Testing/vib/Data/TestSetup_008.hdf5
008,17,18,12,12,16,cDAQ1Mod4/ai3,393B31,61605,g,141,905,0,0,0,-1,1651.6129,29.999766,1,7,16.5,30,9909,22296,,0,1,0.00035224777,0.00038782041,1.1009876,1.2407849e-07,1.5040467e-07,0.83564823,-6.7330864,0.0023373476,0.01031413,noisy,TestData/20251124_Testing/vib/Data/TestSetup_008.hdf5
008,17,18,13,13,17,cDAQ1Mod5/ai0,393B31,72955,g,167,733,0,0,0,-1,1651.6129,29.999766,1,7,16.5,30,9909,22296,,0,1,0.00034854785,0.00038855112,1.1147713,1.214856e-07,1.5097197e-07,0.94371523,-6.1490347,0.0024007094,0.010257236,noisy,TestData/20251124_Testing/vib/Data/TestSetup_008.hdf5
008,17,18,14,14,18,cDAQ1Mod5/ai1,393B31,72956,g,264,469,0,0,0,-1,1651.6129,29.999766,1,7,16.5,30,9909,22296,,0,1,0.00038346315,0.00038785562,1.0114547,1.4704399e-07,1.5043198e-07,0.09892903,-16.375047,0.0027679031,0.0045958208,noisy,TestData/20251124_Testing/vib/Data/TestSetup_008.hdf5
008,17,18,15,15,19,cDAQ1Mod5/ai2,393B31,61462,g,192,267,0,0,0,-1,1651.6129,29.999766,1,7,16.5,30,9909,22296,,0,1,0.00037087999,0.00038187862,1.0296555,1.3755196e-07,1.4583128e-07,0.25383899,-12.204722,0.0023367365,0.008413837,noisy,TestData/20251124_Testing/vib/Data/TestSetup_008.hdf5
008,17,18,16,16,20,cDAQ1Mod5/ai3,393B31,61593,g,408,181,0,0,0,-1,1651.6129,29.999766,1,7,16.5,30,9909,22296,,0,1,0.00040258211,0.00042046109,1.0444108,1.6207235e-07,1.7678752e-07,0.37742677,-10.419436,0.0027093169,0.0038248061,noisy,TestData/20251124_Testing/vib/Data/TestSetup_008.hdf5
